date	sha	tag	metric	value	subject
2024-08-07	99ef8b25bcb7		or_successive/census1881	786.7	Add `roaring64_bitmap_move_from_roaring32` function (#649)
2024-08-07	99ef8b25bcb7		and_successive/census1881	20.4	Add `roaring64_bitmap_move_from_roaring32` function (#649)
2024-08-07	99ef8b25bcb7		and_cardinality/census1881	18.2	Add `roaring64_bitmap_move_from_roaring32` function (#649)
2024-08-07	99ef8b25bcb7		contains/census1881	4953.8	Add `roaring64_bitmap_move_from_roaring32` function (#649)
2024-08-07	99ef8b25bcb7		iterate/census1881	2432.8	Add `roaring64_bitmap_move_from_roaring32` function (#649)
2024-08-07	99ef8b25bcb7		to_array/census1881	118.8	Add `roaring64_bitmap_move_from_roaring32` function (#649)
2024-08-07	99ef8b25bcb7		deserialize/census1881	348.4	Add `roaring64_bitmap_move_from_roaring32` function (#649)
2024-08-07	99ef8b25bcb7		cardinality64/census1881	15.5	Add `roaring64_bitmap_move_from_roaring32` function (#649)
2024-08-07	99ef8b25bcb7		iterate64/census1881	3427.0	Add `roaring64_bitmap_move_from_roaring32` function (#649)
2024-08-07	99ef8b25bcb7		or_successive64/census1881	585.2	Add `roaring64_bitmap_move_from_roaring32` function (#649)
2024-08-07	99ef8b25bcb7		or_successive/census-income	810.5	Add `roaring64_bitmap_move_from_roaring32` function (#649)
2024-08-07	99ef8b25bcb7		and_successive/census-income	667.5	Add `roaring64_bitmap_move_from_roaring32` function (#649)
2024-08-07	99ef8b25bcb7		and_cardinality/census-income	444.2	Add `roaring64_bitmap_move_from_roaring32` function (#649)
2024-08-07	99ef8b25bcb7		contains/census-income	14019.8	Add `roaring64_bitmap_move_from_roaring32` function (#649)
2024-08-07	99ef8b25bcb7		iterate/census-income	33885.9	Add `roaring64_bitmap_move_from_roaring32` function (#649)
2024-08-07	99ef8b25bcb7		to_array/census-income	1340.3	Add `roaring64_bitmap_move_from_roaring32` function (#649)
2024-08-07	99ef8b25bcb7		deserialize/census-income	119.8	Add `roaring64_bitmap_move_from_roaring32` function (#649)
2024-08-07	99ef8b25bcb7		cardinality64/census-income	10.3	Add `roaring64_bitmap_move_from_roaring32` function (#649)
2024-08-07	99ef8b25bcb7		iterate64/census-income	33757.9	Add `roaring64_bitmap_move_from_roaring32` function (#649)
2024-08-07	99ef8b25bcb7		or_successive64/census-income	371.1	Add `roaring64_bitmap_move_from_roaring32` function (#649)
2024-08-07	99ef8b25bcb7		or_successive/weather_sept_85	3313.4	Add `roaring64_bitmap_move_from_roaring32` function (#649)
2024-08-07	99ef8b25bcb7		and_successive/weather_sept_85	2036.5	Add `roaring64_bitmap_move_from_roaring32` function (#649)
2024-08-07	99ef8b25bcb7		and_cardinality/weather_sept_85	1592.9	Add `roaring64_bitmap_move_from_roaring32` function (#649)
2024-08-07	99ef8b25bcb7		contains/weather_sept_85	17888.9	Add `roaring64_bitmap_move_from_roaring32` function (#649)
2024-08-07	99ef8b25bcb7		iterate/weather_sept_85	62152.2	Add `roaring64_bitmap_move_from_roaring32` function (#649)
2024-08-07	99ef8b25bcb7		to_array/weather_sept_85	5213.2	Add `roaring64_bitmap_move_from_roaring32` function (#649)
2024-08-07	99ef8b25bcb7		deserialize/weather_sept_85	562.2	Add `roaring64_bitmap_move_from_roaring32` function (#649)
2024-08-07	99ef8b25bcb7		cardinality64/weather_sept_85	29.2	Add `roaring64_bitmap_move_from_roaring32` function (#649)
2024-08-07	99ef8b25bcb7		iterate64/weather_sept_85	64875.0	Add `roaring64_bitmap_move_from_roaring32` function (#649)
2024-08-07	99ef8b25bcb7		or_successive64/weather_sept_85	1449.5	Add `roaring64_bitmap_move_from_roaring32` function (#649)
2024-08-08	bd85b01a1fdb		or_successive/census1881	797.9	adding deprecation to MSC_VER (#650)
2024-08-08	bd85b01a1fdb		and_successive/census1881	20.9	adding deprecation to MSC_VER (#650)
2024-08-08	bd85b01a1fdb		and_cardinality/census1881	14.8	adding deprecation to MSC_VER (#650)
2024-08-08	bd85b01a1fdb		contains/census1881	4947.6	adding deprecation to MSC_VER (#650)
2024-08-08	bd85b01a1fdb		iterate/census1881	2438.2	adding deprecation to MSC_VER (#650)
2024-08-08	bd85b01a1fdb		to_array/census1881	118.5	adding deprecation to MSC_VER (#650)
2024-08-08	bd85b01a1fdb		deserialize/census1881	347.3	adding deprecation to MSC_VER (#650)
2024-08-08	bd85b01a1fdb		cardinality64/census1881	16.3	adding deprecation to MSC_VER (#650)
2024-08-08	bd85b01a1fdb		iterate64/census1881	3310.7	adding deprecation to MSC_VER (#650)
2024-08-08	bd85b01a1fdb		or_successive64/census1881	587.1	adding deprecation to MSC_VER (#650)
2024-08-08	bd85b01a1fdb		or_successive/census-income	815.5	adding deprecation to MSC_VER (#650)
2024-08-08	bd85b01a1fdb		and_successive/census-income	665.9	adding deprecation to MSC_VER (#650)
2024-08-08	bd85b01a1fdb		and_cardinality/census-income	443.2	adding deprecation to MSC_VER (#650)
2024-08-08	bd85b01a1fdb		contains/census-income	14008.6	adding deprecation to MSC_VER (#650)
2024-08-08	bd85b01a1fdb		iterate/census-income	34276.7	adding deprecation to MSC_VER (#650)
2024-08-08	bd85b01a1fdb		to_array/census-income	1348.1	adding deprecation to MSC_VER (#650)
2024-08-08	bd85b01a1fdb		deserialize/census-income	120.5	adding deprecation to MSC_VER (#650)
2024-08-08	bd85b01a1fdb		cardinality64/census-income	10.5	adding deprecation to MSC_VER (#650)
2024-08-08	bd85b01a1fdb		iterate64/census-income	33779.9	adding deprecation to MSC_VER (#650)
2024-08-08	bd85b01a1fdb		or_successive64/census-income	371.9	adding deprecation to MSC_VER (#650)
2024-08-08	bd85b01a1fdb		or_successive/weather_sept_85	3318.6	adding deprecation to MSC_VER (#650)
2024-08-08	bd85b01a1fdb		and_successive/weather_sept_85	2047.7	adding deprecation to MSC_VER (#650)
2024-08-08	bd85b01a1fdb		and_cardinality/weather_sept_85	1596.6	adding deprecation to MSC_VER (#650)
2024-08-08	bd85b01a1fdb		contains/weather_sept_85	17905.2	adding deprecation to MSC_VER (#650)
2024-08-08	bd85b01a1fdb		iterate/weather_sept_85	62716.4	adding deprecation to MSC_VER (#650)
2024-08-08	bd85b01a1fdb		to_array/weather_sept_85	5208.8	adding deprecation to MSC_VER (#650)
2024-08-08	bd85b01a1fdb		deserialize/weather_sept_85	562.4	adding deprecation to MSC_VER (#650)
2024-08-08	bd85b01a1fdb		cardinality64/weather_sept_85	29.1	adding deprecation to MSC_VER (#650)
2024-08-08	bd85b01a1fdb		iterate64/weather_sept_85	65038.7	adding deprecation to MSC_VER (#650)
2024-08-08	bd85b01a1fdb		or_successive64/weather_sept_85	1445.2	adding deprecation to MSC_VER (#650)
2024-08-08	44cb4896ae16		or_successive/census1881	782.1	Bump github/codeql-action from 3.25.3 to 3.25.15 (#648)
2024-08-08	44cb4896ae16		and_successive/census1881	20.4	Bump github/codeql-action from 3.25.3 to 3.25.15 (#648)
2024-08-08	44cb4896ae16		and_cardinality/census1881	17.9	Bump github/codeql-action from 3.25.3 to 3.25.15 (#648)
2024-08-08	44cb4896ae16		contains/census1881	4908.7	Bump github/codeql-action from 3.25.3 to 3.25.15 (#648)
2024-08-08	44cb4896ae16		iterate/census1881	2449.4	Bump github/codeql-action from 3.25.3 to 3.25.15 (#648)
2024-08-08	44cb4896ae16		to_array/census1881	119.9	Bump github/codeql-action from 3.25.3 to 3.25.15 (#648)
2024-08-08	44cb4896ae16		deserialize/census1881	371.6	Bump github/codeql-action from 3.25.3 to 3.25.15 (#648)
2024-08-08	44cb4896ae16		cardinality64/census1881	22.2	Bump github/codeql-action from 3.25.3 to 3.25.15 (#648)
2024-08-08	44cb4896ae16		iterate64/census1881	3561.4	Bump github/codeql-action from 3.25.3 to 3.25.15 (#648)
2024-08-08	44cb4896ae16		or_successive64/census1881	588.2	Bump github/codeql-action from 3.25.3 to 3.25.15 (#648)
2024-08-08	44cb4896ae16		or_successive/census-income	821.1	Bump github/codeql-action from 3.25.3 to 3.25.15 (#648)
2024-08-08	44cb4896ae16		and_successive/census-income	666.2	Bump github/codeql-action from 3.25.3 to 3.25.15 (#648)
2024-08-08	44cb4896ae16		and_cardinality/census-income	444.6	Bump github/codeql-action from 3.25.3 to 3.25.15 (#648)
2024-08-08	44cb4896ae16		contains/census-income	13993.9	Bump github/codeql-action from 3.25.3 to 3.25.15 (#648)
2024-08-08	44cb4896ae16		iterate/census-income	34114.5	Bump github/codeql-action from 3.25.3 to 3.25.15 (#648)
2024-08-08	44cb4896ae16		to_array/census-income	1344.0	Bump github/codeql-action from 3.25.3 to 3.25.15 (#648)
2024-08-08	44cb4896ae16		deserialize/census-income	121.6	Bump github/codeql-action from 3.25.3 to 3.25.15 (#648)
2024-08-08	44cb4896ae16		cardinality64/census-income	11.6	Bump github/codeql-action from 3.25.3 to 3.25.15 (#648)
2024-08-08	44cb4896ae16		iterate64/census-income	33871.7	Bump github/codeql-action from 3.25.3 to 3.25.15 (#648)
2024-08-08	44cb4896ae16		or_successive64/census-income	366.9	Bump github/codeql-action from 3.25.3 to 3.25.15 (#648)
2024-08-08	44cb4896ae16		or_successive/weather_sept_85	3311.6	Bump github/codeql-action from 3.25.3 to 3.25.15 (#648)
2024-08-08	44cb4896ae16		and_successive/weather_sept_85	2046.1	Bump github/codeql-action from 3.25.3 to 3.25.15 (#648)
2024-08-08	44cb4896ae16		and_cardinality/weather_sept_85	1587.7	Bump github/codeql-action from 3.25.3 to 3.25.15 (#648)
2024-08-08	44cb4896ae16		contains/weather_sept_85	17862.6	Bump github/codeql-action from 3.25.3 to 3.25.15 (#648)
2024-08-08	44cb4896ae16		iterate/weather_sept_85	62674.6	Bump github/codeql-action from 3.25.3 to 3.25.15 (#648)
2024-08-08	44cb4896ae16		to_array/weather_sept_85	5206.6	Bump github/codeql-action from 3.25.3 to 3.25.15 (#648)
2024-08-08	44cb4896ae16		deserialize/weather_sept_85	566.1	Bump github/codeql-action from 3.25.3 to 3.25.15 (#648)
2024-08-08	44cb4896ae16		cardinality64/weather_sept_85	29.6	Bump github/codeql-action from 3.25.3 to 3.25.15 (#648)
2024-08-08	44cb4896ae16		iterate64/weather_sept_85	65119.5	Bump github/codeql-action from 3.25.3 to 3.25.15 (#648)
2024-08-08	44cb4896ae16		or_successive64/weather_sept_85	1445.9	Bump github/codeql-action from 3.25.3 to 3.25.15 (#648)
2024-08-08	e95e2190a3bc		or_successive/census1881	790.0	Bump ossf/scorecard-action from 2.3.1 to 2.4.0 (#647)
2024-08-08	e95e2190a3bc		and_successive/census1881	21.0	Bump ossf/scorecard-action from 2.3.1 to 2.4.0 (#647)
2024-08-08	e95e2190a3bc		and_cardinality/census1881	14.8	Bump ossf/scorecard-action from 2.3.1 to 2.4.0 (#647)
2024-08-08	e95e2190a3bc		contains/census1881	4945.2	Bump ossf/scorecard-action from 2.3.1 to 2.4.0 (#647)
2024-08-08	e95e2190a3bc		iterate/census1881	2486.5	Bump ossf/scorecard-action from 2.3.1 to 2.4.0 (#647)
2024-08-08	e95e2190a3bc		to_array/census1881	123.1	Bump ossf/scorecard-action from 2.3.1 to 2.4.0 (#647)
2024-08-08	e95e2190a3bc		deserialize/census1881	373.2	Bump ossf/scorecard-action from 2.3.1 to 2.4.0 (#647)
2024-08-08	e95e2190a3bc		cardinality64/census1881	15.3	Bump ossf/scorecard-action from 2.3.1 to 2.4.0 (#647)
2024-08-08	e95e2190a3bc		iterate64/census1881	3645.5	Bump ossf/scorecard-action from 2.3.1 to 2.4.0 (#647)
2024-08-08	e95e2190a3bc		or_successive64/census1881	583.1	Bump ossf/scorecard-action from 2.3.1 to 2.4.0 (#647)
2024-08-08	e95e2190a3bc		or_successive/census-income	818.0	Bump ossf/scorecard-action from 2.3.1 to 2.4.0 (#647)
2024-08-08	e95e2190a3bc		and_successive/census-income	673.5	Bump ossf/scorecard-action from 2.3.1 to 2.4.0 (#647)
2024-08-08	e95e2190a3bc		and_cardinality/census-income	445.7	Bump ossf/scorecard-action from 2.3.1 to 2.4.0 (#647)
2024-08-08	e95e2190a3bc		contains/census-income	13974.4	Bump ossf/scorecard-action from 2.3.1 to 2.4.0 (#647)
2024-08-08	e95e2190a3bc		iterate/census-income	33618.5	Bump ossf/scorecard-action from 2.3.1 to 2.4.0 (#647)
2024-08-08	e95e2190a3bc		to_array/census-income	1351.5	Bump ossf/scorecard-action from 2.3.1 to 2.4.0 (#647)
2024-08-08	e95e2190a3bc		deserialize/census-income	120.9	Bump ossf/scorecard-action from 2.3.1 to 2.4.0 (#647)
2024-08-08	e95e2190a3bc		cardinality64/census-income	10.7	Bump ossf/scorecard-action from 2.3.1 to 2.4.0 (#647)
2024-08-08	e95e2190a3bc		iterate64/census-income	34057.8	Bump ossf/scorecard-action from 2.3.1 to 2.4.0 (#647)
2024-08-08	e95e2190a3bc		or_successive64/census-income	365.0	Bump ossf/scorecard-action from 2.3.1 to 2.4.0 (#647)
2024-08-08	e95e2190a3bc		or_successive/weather_sept_85	3316.4	Bump ossf/scorecard-action from 2.3.1 to 2.4.0 (#647)
2024-08-08	e95e2190a3bc		and_successive/weather_sept_85	2037.0	Bump ossf/scorecard-action from 2.3.1 to 2.4.0 (#647)
2024-08-08	e95e2190a3bc		and_cardinality/weather_sept_85	1597.3	Bump ossf/scorecard-action from 2.3.1 to 2.4.0 (#647)
2024-08-08	e95e2190a3bc		contains/weather_sept_85	17855.2	Bump ossf/scorecard-action from 2.3.1 to 2.4.0 (#647)
2024-08-08	e95e2190a3bc		iterate/weather_sept_85	61526.3	Bump ossf/scorecard-action from 2.3.1 to 2.4.0 (#647)
2024-08-08	e95e2190a3bc		to_array/weather_sept_85	5189.8	Bump ossf/scorecard-action from 2.3.1 to 2.4.0 (#647)
2024-08-08	e95e2190a3bc		deserialize/weather_sept_85	566.3	Bump ossf/scorecard-action from 2.3.1 to 2.4.0 (#647)
2024-08-08	e95e2190a3bc		cardinality64/weather_sept_85	29.2	Bump ossf/scorecard-action from 2.3.1 to 2.4.0 (#647)
2024-08-08	e95e2190a3bc		iterate64/weather_sept_85	64698.0	Bump ossf/scorecard-action from 2.3.1 to 2.4.0 (#647)
2024-08-08	e95e2190a3bc		or_successive64/weather_sept_85	1449.5	Bump ossf/scorecard-action from 2.3.1 to 2.4.0 (#647)
2024-08-08	60d0e97fa021		or_successive/census1881	787.4	Bump actions/upload-artifact from 4.3.3 to 4.3.4 (#646)
2024-08-08	60d0e97fa021		and_successive/census1881	21.0	Bump actions/upload-artifact from 4.3.3 to 4.3.4 (#646)
2024-08-08	60d0e97fa021		and_cardinality/census1881	14.2	Bump actions/upload-artifact from 4.3.3 to 4.3.4 (#646)
2024-08-08	60d0e97fa021		contains/census1881	4922.0	Bump actions/upload-artifact from 4.3.3 to 4.3.4 (#646)
2024-08-08	60d0e97fa021		iterate/census1881	2445.1	Bump actions/upload-artifact from 4.3.3 to 4.3.4 (#646)
2024-08-08	60d0e97fa021		to_array/census1881	119.8	Bump actions/upload-artifact from 4.3.3 to 4.3.4 (#646)
2024-08-08	60d0e97fa021		deserialize/census1881	347.8	Bump actions/upload-artifact from 4.3.3 to 4.3.4 (#646)
2024-08-08	60d0e97fa021		cardinality64/census1881	16.2	Bump actions/upload-artifact from 4.3.3 to 4.3.4 (#646)
2024-08-08	60d0e97fa021		iterate64/census1881	3547.8	Bump actions/upload-artifact from 4.3.3 to 4.3.4 (#646)
2024-08-08	60d0e97fa021		or_successive64/census1881	597.4	Bump actions/upload-artifact from 4.3.3 to 4.3.4 (#646)
2024-08-08	60d0e97fa021		or_successive/census-income	820.1	Bump actions/upload-artifact from 4.3.3 to 4.3.4 (#646)
2024-08-08	60d0e97fa021		and_successive/census-income	662.4	Bump actions/upload-artifact from 4.3.3 to 4.3.4 (#646)
2024-08-08	60d0e97fa021		and_cardinality/census-income	442.5	Bump actions/upload-artifact from 4.3.3 to 4.3.4 (#646)
2024-08-08	60d0e97fa021		contains/census-income	14027.7	Bump actions/upload-artifact from 4.3.3 to 4.3.4 (#646)
2024-08-08	60d0e97fa021		iterate/census-income	33416.0	Bump actions/upload-artifact from 4.3.3 to 4.3.4 (#646)
2024-08-08	60d0e97fa021		to_array/census-income	1352.6	Bump actions/upload-artifact from 4.3.3 to 4.3.4 (#646)
2024-08-08	60d0e97fa021		deserialize/census-income	120.9	Bump actions/upload-artifact from 4.3.3 to 4.3.4 (#646)
2024-08-08	60d0e97fa021		cardinality64/census-income	10.3	Bump actions/upload-artifact from 4.3.3 to 4.3.4 (#646)
2024-08-08	60d0e97fa021		iterate64/census-income	33889.8	Bump actions/upload-artifact from 4.3.3 to 4.3.4 (#646)
2024-08-08	60d0e97fa021		or_successive64/census-income	367.2	Bump actions/upload-artifact from 4.3.3 to 4.3.4 (#646)
2024-08-08	60d0e97fa021		or_successive/weather_sept_85	3323.0	Bump actions/upload-artifact from 4.3.3 to 4.3.4 (#646)
2024-08-08	60d0e97fa021		and_successive/weather_sept_85	2043.7	Bump actions/upload-artifact from 4.3.3 to 4.3.4 (#646)
2024-08-08	60d0e97fa021		and_cardinality/weather_sept_85	1592.6	Bump actions/upload-artifact from 4.3.3 to 4.3.4 (#646)
2024-08-08	60d0e97fa021		contains/weather_sept_85	17872.8	Bump actions/upload-artifact from 4.3.3 to 4.3.4 (#646)
2024-08-08	60d0e97fa021		iterate/weather_sept_85	63195.1	Bump actions/upload-artifact from 4.3.3 to 4.3.4 (#646)
2024-08-08	60d0e97fa021		to_array/weather_sept_85	5203.0	Bump actions/upload-artifact from 4.3.3 to 4.3.4 (#646)
2024-08-08	60d0e97fa021		deserialize/weather_sept_85	559.9	Bump actions/upload-artifact from 4.3.3 to 4.3.4 (#646)
2024-08-08	60d0e97fa021		cardinality64/weather_sept_85	29.5	Bump actions/upload-artifact from 4.3.3 to 4.3.4 (#646)
2024-08-08	60d0e97fa021		iterate64/weather_sept_85	65354.6	Bump actions/upload-artifact from 4.3.3 to 4.3.4 (#646)
2024-08-08	60d0e97fa021		or_successive64/weather_sept_85	1444.8	Bump actions/upload-artifact from 4.3.3 to 4.3.4 (#646)
2024-09-03	d2ee8e4328ed		or_successive/census1881	789.6	Remove `-Wmodule-import-in-extern-c` warnings (#654)
2024-09-03	d2ee8e4328ed		and_successive/census1881	20.5	Remove `-Wmodule-import-in-extern-c` warnings (#654)
2024-09-03	d2ee8e4328ed		and_cardinality/census1881	20.5	Remove `-Wmodule-import-in-extern-c` warnings (#654)
2024-09-03	d2ee8e4328ed		contains/census1881	4935.8	Remove `-Wmodule-import-in-extern-c` warnings (#654)
2024-09-03	d2ee8e4328ed		iterate/census1881	2474.9	Remove `-Wmodule-import-in-extern-c` warnings (#654)
2024-09-03	d2ee8e4328ed		to_array/census1881	118.9	Remove `-Wmodule-import-in-extern-c` warnings (#654)
2024-09-03	d2ee8e4328ed		deserialize/census1881	350.4	Remove `-Wmodule-import-in-extern-c` warnings (#654)
2024-09-03	d2ee8e4328ed		cardinality64/census1881	15.5	Remove `-Wmodule-import-in-extern-c` warnings (#654)
2024-09-03	d2ee8e4328ed		iterate64/census1881	3437.9	Remove `-Wmodule-import-in-extern-c` warnings (#654)
2024-09-03	d2ee8e4328ed		or_successive64/census1881	584.4	Remove `-Wmodule-import-in-extern-c` warnings (#654)
2024-09-03	d2ee8e4328ed		or_successive/census-income	811.9	Remove `-Wmodule-import-in-extern-c` warnings (#654)
2024-09-03	d2ee8e4328ed		and_successive/census-income	670.0	Remove `-Wmodule-import-in-extern-c` warnings (#654)
2024-09-03	d2ee8e4328ed		and_cardinality/census-income	458.8	Remove `-Wmodule-import-in-extern-c` warnings (#654)
2024-09-03	d2ee8e4328ed		contains/census-income	13959.8	Remove `-Wmodule-import-in-extern-c` warnings (#654)
2024-09-03	d2ee8e4328ed		iterate/census-income	33245.1	Remove `-Wmodule-import-in-extern-c` warnings (#654)
2024-09-03	d2ee8e4328ed		to_array/census-income	1353.1	Remove `-Wmodule-import-in-extern-c` warnings (#654)
2024-09-03	d2ee8e4328ed		deserialize/census-income	121.3	Remove `-Wmodule-import-in-extern-c` warnings (#654)
2024-09-03	d2ee8e4328ed		cardinality64/census-income	10.4	Remove `-Wmodule-import-in-extern-c` warnings (#654)
2024-09-03	d2ee8e4328ed		iterate64/census-income	34259.4	Remove `-Wmodule-import-in-extern-c` warnings (#654)
2024-09-03	d2ee8e4328ed		or_successive64/census-income	373.0	Remove `-Wmodule-import-in-extern-c` warnings (#654)
2024-09-03	d2ee8e4328ed		or_successive/weather_sept_85	3312.6	Remove `-Wmodule-import-in-extern-c` warnings (#654)
2024-09-03	d2ee8e4328ed		and_successive/weather_sept_85	2036.6	Remove `-Wmodule-import-in-extern-c` warnings (#654)
2024-09-03	d2ee8e4328ed		and_cardinality/weather_sept_85	1593.8	Remove `-Wmodule-import-in-extern-c` warnings (#654)
2024-09-03	d2ee8e4328ed		contains/weather_sept_85	17737.0	Remove `-Wmodule-import-in-extern-c` warnings (#654)
2024-09-03	d2ee8e4328ed		iterate/weather_sept_85	63110.1	Remove `-Wmodule-import-in-extern-c` warnings (#654)
2024-09-03	d2ee8e4328ed		to_array/weather_sept_85	5207.4	Remove `-Wmodule-import-in-extern-c` warnings (#654)
2024-09-03	d2ee8e4328ed		deserialize/weather_sept_85	563.3	Remove `-Wmodule-import-in-extern-c` warnings (#654)
2024-09-03	d2ee8e4328ed		cardinality64/weather_sept_85	29.8	Remove `-Wmodule-import-in-extern-c` warnings (#654)
2024-09-03	d2ee8e4328ed		iterate64/weather_sept_85	65127.5	Remove `-Wmodule-import-in-extern-c` warnings (#654)
2024-09-03	d2ee8e4328ed		or_successive64/weather_sept_85	1443.0	Remove `-Wmodule-import-in-extern-c` warnings (#654)
2024-09-03	d3b85c149b2d	v4.1.2	or_successive/census1881	788.1	version 4.1.2
2024-09-03	d3b85c149b2d	v4.1.2	and_successive/census1881	20.3	version 4.1.2
2024-09-03	d3b85c149b2d	v4.1.2	and_cardinality/census1881	15.7	version 4.1.2
2024-09-03	d3b85c149b2d	v4.1.2	contains/census1881	4936.3	version 4.1.2
2024-09-03	d3b85c149b2d	v4.1.2	iterate/census1881	2479.7	version 4.1.2
2024-09-03	d3b85c149b2d	v4.1.2	to_array/census1881	119.4	version 4.1.2
2024-09-03	d3b85c149b2d	v4.1.2	deserialize/census1881	348.3	version 4.1.2
2024-09-03	d3b85c149b2d	v4.1.2	cardinality64/census1881	16.5	version 4.1.2
2024-09-03	d3b85c149b2d	v4.1.2	iterate64/census1881	3430.4	version 4.1.2
2024-09-03	d3b85c149b2d	v4.1.2	or_successive64/census1881	592.4	version 4.1.2
2024-09-03	d3b85c149b2d	v4.1.2	or_successive/census-income	813.6	version 4.1.2
2024-09-03	d3b85c149b2d	v4.1.2	and_successive/census-income	670.1	version 4.1.2
2024-09-03	d3b85c149b2d	v4.1.2	and_cardinality/census-income	445.3	version 4.1.2
2024-09-03	d3b85c149b2d	v4.1.2	contains/census-income	14019.5	version 4.1.2
2024-09-03	d3b85c149b2d	v4.1.2	iterate/census-income	33944.9	version 4.1.2
2024-09-03	d3b85c149b2d	v4.1.2	to_array/census-income	1346.3	version 4.1.2
2024-09-03	d3b85c149b2d	v4.1.2	deserialize/census-income	120.1	version 4.1.2
2024-09-03	d3b85c149b2d	v4.1.2	cardinality64/census-income	12.2	version 4.1.2
2024-09-03	d3b85c149b2d	v4.1.2	iterate64/census-income	34255.3	version 4.1.2
2024-09-03	d3b85c149b2d	v4.1.2	or_successive64/census-income	374.0	version 4.1.2
2024-09-03	d3b85c149b2d	v4.1.2	or_successive/weather_sept_85	3311.7	version 4.1.2
2024-09-03	d3b85c149b2d	v4.1.2	and_successive/weather_sept_85	2038.5	version 4.1.2
2024-09-03	d3b85c149b2d	v4.1.2	and_cardinality/weather_sept_85	1596.5	version 4.1.2
2024-09-03	d3b85c149b2d	v4.1.2	contains/weather_sept_85	17865.5	version 4.1.2
2024-09-03	d3b85c149b2d	v4.1.2	iterate/weather_sept_85	63484.7	version 4.1.2
2024-09-03	d3b85c149b2d	v4.1.2	to_array/weather_sept_85	5214.0	version 4.1.2
2024-09-03	d3b85c149b2d	v4.1.2	deserialize/weather_sept_85	566.7	version 4.1.2
2024-09-03	d3b85c149b2d	v4.1.2	cardinality64/weather_sept_85	30.7	version 4.1.2
2024-09-03	d3b85c149b2d	v4.1.2	iterate64/weather_sept_85	64282.1	version 4.1.2
2024-09-03	d3b85c149b2d	v4.1.2	or_successive64/weather_sept_85	1453.9	version 4.1.2
2024-09-18	772f8461b476		or_successive/census1881	942.1	version bump
2024-09-18	772f8461b476		and_successive/census1881	24.1	version bump
2024-09-18	772f8461b476		and_cardinality/census1881	22.8	version bump
2024-09-18	772f8461b476		contains/census1881	4943.4	version bump
2024-09-18	772f8461b476		iterate/census1881	2444.0	version bump
2024-09-18	772f8461b476		to_array/census1881	117.6	version bump
2024-09-18	772f8461b476		deserialize/census1881	346.2	version bump
2024-09-18	772f8461b476		cardinality64/census1881	15.7	version bump
2024-09-18	772f8461b476		iterate64/census1881	3389.6	version bump
2024-09-18	772f8461b476		or_successive64/census1881	597.4	version bump
2024-09-18	772f8461b476		or_successive/census-income	817.2	version bump
2024-09-18	772f8461b476		and_successive/census-income	668.9	version bump
2024-09-18	772f8461b476		and_cardinality/census-income	445.7	version bump
2024-09-18	772f8461b476		contains/census-income	14010.6	version bump
2024-09-18	772f8461b476		iterate/census-income	33788.2	version bump
2024-09-18	772f8461b476		to_array/census-income	1347.5	version bump
2024-09-18	772f8461b476		deserialize/census-income	121.5	version bump
2024-09-18	772f8461b476		cardinality64/census-income	10.6	version bump
2024-09-18	772f8461b476		iterate64/census-income	34110.2	version bump
2024-09-18	772f8461b476		or_successive64/census-income	367.7	version bump
2024-09-18	772f8461b476		or_successive/weather_sept_85	3308.1	version bump
2024-09-18	772f8461b476		and_successive/weather_sept_85	2041.3	version bump
2024-09-18	772f8461b476		and_cardinality/weather_sept_85	1600.2	version bump
2024-09-18	772f8461b476		contains/weather_sept_85	17886.8	version bump
2024-09-18	772f8461b476		iterate/weather_sept_85	62786.5	version bump
2024-09-18	772f8461b476		to_array/weather_sept_85	5227.1	version bump
2024-09-18	772f8461b476		deserialize/weather_sept_85	568.2	version bump
2024-09-18	772f8461b476		cardinality64/weather_sept_85	28.5	version bump
2024-09-18	772f8461b476		iterate64/weather_sept_85	64793.1	version bump
2024-09-18	772f8461b476		or_successive64/weather_sept_85	1448.2	version bump
2024-09-18	cc4fc5b9f0d6	v4.1.3	or_successive/census1881	781.1	Merge branch 'master' of github.com:RoaringBitmap/CRoaring
2024-09-18	cc4fc5b9f0d6	v4.1.3	and_successive/census1881	20.8	Merge branch 'master' of github.com:RoaringBitmap/CRoaring
2024-09-18	cc4fc5b9f0d6	v4.1.3	and_cardinality/census1881	21.1	Merge branch 'master' of github.com:RoaringBitmap/CRoaring
2024-09-18	cc4fc5b9f0d6	v4.1.3	contains/census1881	4963.5	Merge branch 'master' of github.com:RoaringBitmap/CRoaring
2024-09-18	cc4fc5b9f0d6	v4.1.3	iterate/census1881	2435.0	Merge branch 'master' of github.com:RoaringBitmap/CRoaring
2024-09-18	cc4fc5b9f0d6	v4.1.3	to_array/census1881	117.2	Merge branch 'master' of github.com:RoaringBitmap/CRoaring
2024-09-18	cc4fc5b9f0d6	v4.1.3	deserialize/census1881	343.0	Merge branch 'master' of github.com:RoaringBitmap/CRoaring
2024-09-18	cc4fc5b9f0d6	v4.1.3	cardinality64/census1881	15.8	Merge branch 'master' of github.com:RoaringBitmap/CRoaring
2024-09-18	cc4fc5b9f0d6	v4.1.3	iterate64/census1881	3722.5	Merge branch 'master' of github.com:RoaringBitmap/CRoaring
2024-09-18	cc4fc5b9f0d6	v4.1.3	or_successive64/census1881	583.4	Merge branch 'master' of github.com:RoaringBitmap/CRoaring
2024-09-18	cc4fc5b9f0d6	v4.1.3	or_successive/census-income	818.1	Merge branch 'master' of github.com:RoaringBitmap/CRoaring
2024-09-18	cc4fc5b9f0d6	v4.1.3	and_successive/census-income	664.7	Merge branch 'master' of github.com:RoaringBitmap/CRoaring
2024-09-18	cc4fc5b9f0d6	v4.1.3	and_cardinality/census-income	444.1	Merge branch 'master' of github.com:RoaringBitmap/CRoaring
2024-09-18	cc4fc5b9f0d6	v4.1.3	contains/census-income	13990.1	Merge branch 'master' of github.com:RoaringBitmap/CRoaring
2024-09-18	cc4fc5b9f0d6	v4.1.3	iterate/census-income	33483.2	Merge branch 'master' of github.com:RoaringBitmap/CRoaring
2024-09-18	cc4fc5b9f0d6	v4.1.3	to_array/census-income	1355.0	Merge branch 'master' of github.com:RoaringBitmap/CRoaring
2024-09-18	cc4fc5b9f0d6	v4.1.3	deserialize/census-income	120.3	Merge branch 'master' of github.com:RoaringBitmap/CRoaring
2024-09-18	cc4fc5b9f0d6	v4.1.3	cardinality64/census-income	10.5	Merge branch 'master' of github.com:RoaringBitmap/CRoaring
2024-09-18	cc4fc5b9f0d6	v4.1.3	iterate64/census-income	33708.5	Merge branch 'master' of github.com:RoaringBitmap/CRoaring
2024-09-18	cc4fc5b9f0d6	v4.1.3	or_successive64/census-income	371.8	Merge branch 'master' of github.com:RoaringBitmap/CRoaring
2024-09-18	cc4fc5b9f0d6	v4.1.3	or_successive/weather_sept_85	3327.4	Merge branch 'master' of github.com:RoaringBitmap/CRoaring
2024-09-18	cc4fc5b9f0d6	v4.1.3	and_successive/weather_sept_85	2053.5	Merge branch 'master' of github.com:RoaringBitmap/CRoaring
2024-09-18	cc4fc5b9f0d6	v4.1.3	and_cardinality/weather_sept_85	1591.9	Merge branch 'master' of github.com:RoaringBitmap/CRoaring
2024-09-18	cc4fc5b9f0d6	v4.1.3	contains/weather_sept_85	17843.6	Merge branch 'master' of github.com:RoaringBitmap/CRoaring
2024-09-18	cc4fc5b9f0d6	v4.1.3	iterate/weather_sept_85	62145.0	Merge branch 'master' of github.com:RoaringBitmap/CRoaring
2024-09-18	cc4fc5b9f0d6	v4.1.3	to_array/weather_sept_85	5199.0	Merge branch 'master' of github.com:RoaringBitmap/CRoaring
2024-09-18	cc4fc5b9f0d6	v4.1.3	deserialize/weather_sept_85	568.5	Merge branch 'master' of github.com:RoaringBitmap/CRoaring
2024-09-18	cc4fc5b9f0d6	v4.1.3	cardinality64/weather_sept_85	29.0	Merge branch 'master' of github.com:RoaringBitmap/CRoaring
2024-09-18	cc4fc5b9f0d6	v4.1.3	iterate64/weather_sept_85	64523.5	Merge branch 'master' of github.com:RoaringBitmap/CRoaring
2024-09-18	cc4fc5b9f0d6	v4.1.3	or_successive64/weather_sept_85	1446.4	Merge branch 'master' of github.com:RoaringBitmap/CRoaring
2024-09-18	2c41a583fdad		or_successive/census1881	788.2	Bump actions/upload-artifact from 4.3.4 to 4.4.0 (#657)
2024-09-18	2c41a583fdad		and_successive/census1881	20.9	Bump actions/upload-artifact from 4.3.4 to 4.4.0 (#657)
2024-09-18	2c41a583fdad		and_cardinality/census1881	14.6	Bump actions/upload-artifact from 4.3.4 to 4.4.0 (#657)
2024-09-18	2c41a583fdad		contains/census1881	4932.5	Bump actions/upload-artifact from 4.3.4 to 4.4.0 (#657)
2024-09-18	2c41a583fdad		iterate/census1881	2430.4	Bump actions/upload-artifact from 4.3.4 to 4.4.0 (#657)
2024-09-18	2c41a583fdad		to_array/census1881	119.9	Bump actions/upload-artifact from 4.3.4 to 4.4.0 (#657)
2024-09-18	2c41a583fdad		deserialize/census1881	347.5	Bump actions/upload-artifact from 4.3.4 to 4.4.0 (#657)
2024-09-18	2c41a583fdad		cardinality64/census1881	16.0	Bump actions/upload-artifact from 4.3.4 to 4.4.0 (#657)
2024-09-18	2c41a583fdad		iterate64/census1881	3545.8	Bump actions/upload-artifact from 4.3.4 to 4.4.0 (#657)
2024-09-18	2c41a583fdad		or_successive64/census1881	590.1	Bump actions/upload-artifact from 4.3.4 to 4.4.0 (#657)
2024-09-18	2c41a583fdad		or_successive/census-income	807.5	Bump actions/upload-artifact from 4.3.4 to 4.4.0 (#657)
2024-09-18	2c41a583fdad		and_successive/census-income	674.6	Bump actions/upload-artifact from 4.3.4 to 4.4.0 (#657)
2024-09-18	2c41a583fdad		and_cardinality/census-income	454.0	Bump actions/upload-artifact from 4.3.4 to 4.4.0 (#657)
2024-09-18	2c41a583fdad		contains/census-income	13981.4	Bump actions/upload-artifact from 4.3.4 to 4.4.0 (#657)
2024-09-18	2c41a583fdad		iterate/census-income	33649.9	Bump actions/upload-artifact from 4.3.4 to 4.4.0 (#657)
2024-09-18	2c41a583fdad		to_array/census-income	1347.6	Bump actions/upload-artifact from 4.3.4 to 4.4.0 (#657)
2024-09-18	2c41a583fdad		deserialize/census-income	121.4	Bump actions/upload-artifact from 4.3.4 to 4.4.0 (#657)
2024-09-18	2c41a583fdad		cardinality64/census-income	10.4	Bump actions/upload-artifact from 4.3.4 to 4.4.0 (#657)
2024-09-18	2c41a583fdad		iterate64/census-income	34336.0	Bump actions/upload-artifact from 4.3.4 to 4.4.0 (#657)
2024-09-18	2c41a583fdad		or_successive64/census-income	367.7	Bump actions/upload-artifact from 4.3.4 to 4.4.0 (#657)
2024-09-18	2c41a583fdad		or_successive/weather_sept_85	3306.6	Bump actions/upload-artifact from 4.3.4 to 4.4.0 (#657)
2024-09-18	2c41a583fdad		and_successive/weather_sept_85	2045.2	Bump actions/upload-artifact from 4.3.4 to 4.4.0 (#657)
2024-09-18	2c41a583fdad		and_cardinality/weather_sept_85	1590.4	Bump actions/upload-artifact from 4.3.4 to 4.4.0 (#657)
2024-09-18	2c41a583fdad		contains/weather_sept_85	17770.1	Bump actions/upload-artifact from 4.3.4 to 4.4.0 (#657)
2024-09-18	2c41a583fdad		iterate/weather_sept_85	63095.8	Bump actions/upload-artifact from 4.3.4 to 4.4.0 (#657)
2024-09-18	2c41a583fdad		to_array/weather_sept_85	5198.7	Bump actions/upload-artifact from 4.3.4 to 4.4.0 (#657)
2024-09-18	2c41a583fdad		deserialize/weather_sept_85	560.4	Bump actions/upload-artifact from 4.3.4 to 4.4.0 (#657)
2024-09-18	2c41a583fdad		cardinality64/weather_sept_85	29.7	Bump actions/upload-artifact from 4.3.4 to 4.4.0 (#657)
2024-09-18	2c41a583fdad		iterate64/weather_sept_85	64709.6	Bump actions/upload-artifact from 4.3.4 to 4.4.0 (#657)
2024-09-18	2c41a583fdad		or_successive64/weather_sept_85	1448.6	Bump actions/upload-artifact from 4.3.4 to 4.4.0 (#657)
2024-09-18	1346d928daaf		or_successive/census1881	785.8	Bump github/codeql-action from 3.25.15 to 3.26.6 (#655)
2024-09-18	1346d928daaf		and_successive/census1881	20.2	Bump github/codeql-action from 3.25.15 to 3.26.6 (#655)
2024-09-18	1346d928daaf		and_cardinality/census1881	18.2	Bump github/codeql-action from 3.25.15 to 3.26.6 (#655)
2024-09-18	1346d928daaf		contains/census1881	4913.5	Bump github/codeql-action from 3.25.15 to 3.26.6 (#655)
2024-09-18	1346d928daaf		iterate/census1881	2454.3	Bump github/codeql-action from 3.25.15 to 3.26.6 (#655)
2024-09-18	1346d928daaf		to_array/census1881	117.4	Bump github/codeql-action from 3.25.15 to 3.26.6 (#655)
2024-09-18	1346d928daaf		deserialize/census1881	343.8	Bump github/codeql-action from 3.25.15 to 3.26.6 (#655)
2024-09-18	1346d928daaf		cardinality64/census1881	15.6	Bump github/codeql-action from 3.25.15 to 3.26.6 (#655)
2024-09-18	1346d928daaf		iterate64/census1881	3334.6	Bump github/codeql-action from 3.25.15 to 3.26.6 (#655)
2024-09-18	1346d928daaf		or_successive64/census1881	591.2	Bump github/codeql-action from 3.25.15 to 3.26.6 (#655)
2024-09-18	1346d928daaf		or_successive/census-income	810.9	Bump github/codeql-action from 3.25.15 to 3.26.6 (#655)
2024-09-18	1346d928daaf		and_successive/census-income	670.4	Bump github/codeql-action from 3.25.15 to 3.26.6 (#655)
2024-09-18	1346d928daaf		and_cardinality/census-income	444.2	Bump github/codeql-action from 3.25.15 to 3.26.6 (#655)
2024-09-18	1346d928daaf		contains/census-income	14012.5	Bump github/codeql-action from 3.25.15 to 3.26.6 (#655)
2024-09-18	1346d928daaf		iterate/census-income	33434.1	Bump github/codeql-action from 3.25.15 to 3.26.6 (#655)
2024-09-18	1346d928daaf		to_array/census-income	1353.0	Bump github/codeql-action from 3.25.15 to 3.26.6 (#655)
2024-09-18	1346d928daaf		deserialize/census-income	121.8	Bump github/codeql-action from 3.25.15 to 3.26.6 (#655)
2024-09-18	1346d928daaf		cardinality64/census-income	10.4	Bump github/codeql-action from 3.25.15 to 3.26.6 (#655)
2024-09-18	1346d928daaf		iterate64/census-income	34168.5	Bump github/codeql-action from 3.25.15 to 3.26.6 (#655)
2024-09-18	1346d928daaf		or_successive64/census-income	370.1	Bump github/codeql-action from 3.25.15 to 3.26.6 (#655)
2024-09-18	1346d928daaf		or_successive/weather_sept_85	3313.0	Bump github/codeql-action from 3.25.15 to 3.26.6 (#655)
2024-09-18	1346d928daaf		and_successive/weather_sept_85	2033.1	Bump github/codeql-action from 3.25.15 to 3.26.6 (#655)
2024-09-18	1346d928daaf		and_cardinality/weather_sept_85	1591.8	Bump github/codeql-action from 3.25.15 to 3.26.6 (#655)
2024-09-18	1346d928daaf		contains/weather_sept_85	17881.9	Bump github/codeql-action from 3.25.15 to 3.26.6 (#655)
2024-09-18	1346d928daaf		iterate/weather_sept_85	62374.4	Bump github/codeql-action from 3.25.15 to 3.26.6 (#655)
2024-09-18	1346d928daaf		to_array/weather_sept_85	5234.9	Bump github/codeql-action from 3.25.15 to 3.26.6 (#655)
2024-09-18	1346d928daaf		deserialize/weather_sept_85	565.5	Bump github/codeql-action from 3.25.15 to 3.26.6 (#655)
2024-09-18	1346d928daaf		cardinality64/weather_sept_85	30.4	Bump github/codeql-action from 3.25.15 to 3.26.6 (#655)
2024-09-18	1346d928daaf		iterate64/weather_sept_85	63874.0	Bump github/codeql-action from 3.25.15 to 3.26.6 (#655)
2024-09-18	1346d928daaf		or_successive64/weather_sept_85	1458.3	Bump github/codeql-action from 3.25.15 to 3.26.6 (#655)
2024-09-18	8a84adea4bb8		or_successive/census1881	787.9	Bump DoozyX/clang-format-lint-action from 0.17 to 0.18 (#656)
2024-09-18	8a84adea4bb8		and_successive/census1881	20.5	Bump DoozyX/clang-format-lint-action from 0.17 to 0.18 (#656)
2024-09-18	8a84adea4bb8		and_cardinality/census1881	16.0	Bump DoozyX/clang-format-lint-action from 0.17 to 0.18 (#656)
2024-09-18	8a84adea4bb8		contains/census1881	4930.7	Bump DoozyX/clang-format-lint-action from 0.17 to 0.18 (#656)
2024-09-18	8a84adea4bb8		iterate/census1881	2438.8	Bump DoozyX/clang-format-lint-action from 0.17 to 0.18 (#656)
2024-09-18	8a84adea4bb8		to_array/census1881	119.1	Bump DoozyX/clang-format-lint-action from 0.17 to 0.18 (#656)
2024-09-18	8a84adea4bb8		deserialize/census1881	344.5	Bump DoozyX/clang-format-lint-action from 0.17 to 0.18 (#656)
2024-09-18	8a84adea4bb8		cardinality64/census1881	15.6	Bump DoozyX/clang-format-lint-action from 0.17 to 0.18 (#656)
2024-09-18	8a84adea4bb8		iterate64/census1881	3961.8	Bump DoozyX/clang-format-lint-action from 0.17 to 0.18 (#656)
2024-09-18	8a84adea4bb8		or_successive64/census1881	587.8	Bump DoozyX/clang-format-lint-action from 0.17 to 0.18 (#656)
2024-09-18	8a84adea4bb8		or_successive/census-income	812.9	Bump DoozyX/clang-format-lint-action from 0.17 to 0.18 (#656)
2024-09-18	8a84adea4bb8		and_successive/census-income	665.0	Bump DoozyX/clang-format-lint-action from 0.17 to 0.18 (#656)
2024-09-18	8a84adea4bb8		and_cardinality/census-income	446.7	Bump DoozyX/clang-format-lint-action from 0.17 to 0.18 (#656)
2024-09-18	8a84adea4bb8		contains/census-income	14000.7	Bump DoozyX/clang-format-lint-action from 0.17 to 0.18 (#656)
2024-09-18	8a84adea4bb8		iterate/census-income	33442.9	Bump DoozyX/clang-format-lint-action from 0.17 to 0.18 (#656)
2024-09-18	8a84adea4bb8		to_array/census-income	1356.3	Bump DoozyX/clang-format-lint-action from 0.17 to 0.18 (#656)
2024-09-18	8a84adea4bb8		deserialize/census-income	124.2	Bump DoozyX/clang-format-lint-action from 0.17 to 0.18 (#656)
2024-09-18	8a84adea4bb8		cardinality64/census-income	10.3	Bump DoozyX/clang-format-lint-action from 0.17 to 0.18 (#656)
2024-09-18	8a84adea4bb8		iterate64/census-income	34392.1	Bump DoozyX/clang-format-lint-action from 0.17 to 0.18 (#656)
2024-09-18	8a84adea4bb8		or_successive64/census-income	375.1	Bump DoozyX/clang-format-lint-action from 0.17 to 0.18 (#656)
2024-09-18	8a84adea4bb8		or_successive/weather_sept_85	3311.7	Bump DoozyX/clang-format-lint-action from 0.17 to 0.18 (#656)
2024-09-18	8a84adea4bb8		and_successive/weather_sept_85	2044.3	Bump DoozyX/clang-format-lint-action from 0.17 to 0.18 (#656)
2024-09-18	8a84adea4bb8		and_cardinality/weather_sept_85	1587.9	Bump DoozyX/clang-format-lint-action from 0.17 to 0.18 (#656)
2024-09-18	8a84adea4bb8		contains/weather_sept_85	17813.6	Bump DoozyX/clang-format-lint-action from 0.17 to 0.18 (#656)
2024-09-18	8a84adea4bb8		iterate/weather_sept_85	62848.1	Bump DoozyX/clang-format-lint-action from 0.17 to 0.18 (#656)
2024-09-18	8a84adea4bb8		to_array/weather_sept_85	5209.8	Bump DoozyX/clang-format-lint-action from 0.17 to 0.18 (#656)
2024-09-18	8a84adea4bb8		deserialize/weather_sept_85	562.3	Bump DoozyX/clang-format-lint-action from 0.17 to 0.18 (#656)
2024-09-18	8a84adea4bb8		cardinality64/weather_sept_85	28.4	Bump DoozyX/clang-format-lint-action from 0.17 to 0.18 (#656)
2024-09-18	8a84adea4bb8		iterate64/weather_sept_85	64466.7	Bump DoozyX/clang-format-lint-action from 0.17 to 0.18 (#656)
2024-09-18	8a84adea4bb8		or_successive64/weather_sept_85	1449.3	Bump DoozyX/clang-format-lint-action from 0.17 to 0.18 (#656)
2024-09-18	f981521c0872		or_successive/census1881	794.2	update actions/checkout
2024-09-18	f981521c0872		and_successive/census1881	21.5	update actions/checkout
2024-09-18	f981521c0872		and_cardinality/census1881	14.2	update actions/checkout
2024-09-18	f981521c0872		contains/census1881	4930.7	update actions/checkout
2024-09-18	f981521c0872		iterate/census1881	2429.8	update actions/checkout
2024-09-18	f981521c0872		to_array/census1881	119.9	update actions/checkout
2024-09-18	f981521c0872		deserialize/census1881	369.8	update actions/checkout
2024-09-18	f981521c0872		cardinality64/census1881	15.6	update actions/checkout
2024-09-18	f981521c0872		iterate64/census1881	3554.6	update actions/checkout
2024-09-18	f981521c0872		or_successive64/census1881	596.3	update actions/checkout
2024-09-18	f981521c0872		or_successive/census-income	814.1	update actions/checkout
2024-09-18	f981521c0872		and_successive/census-income	663.5	update actions/checkout
2024-09-18	f981521c0872		and_cardinality/census-income	445.8	update actions/checkout
2024-09-18	f981521c0872		contains/census-income	14075.0	update actions/checkout
2024-09-18	f981521c0872		iterate/census-income	33735.4	update actions/checkout
2024-09-18	f981521c0872		to_array/census-income	1345.0	update actions/checkout
2024-09-18	f981521c0872		deserialize/census-income	120.9	update actions/checkout
2024-09-18	f981521c0872		cardinality64/census-income	10.4	update actions/checkout
2024-09-18	f981521c0872		iterate64/census-income	34314.5	update actions/checkout
2024-09-18	f981521c0872		or_successive64/census-income	529.4	update actions/checkout
2024-09-18	f981521c0872		or_successive/weather_sept_85	3326.2	update actions/checkout
2024-09-18	f981521c0872		and_successive/weather_sept_85	2045.3	update actions/checkout
2024-09-18	f981521c0872		and_cardinality/weather_sept_85	1591.0	update actions/checkout
2024-09-18	f981521c0872		contains/weather_sept_85	17834.5	update actions/checkout
2024-09-18	f981521c0872		iterate/weather_sept_85	63137.0	update actions/checkout
2024-09-18	f981521c0872		to_array/weather_sept_85	5203.7	update actions/checkout
2024-09-18	f981521c0872		deserialize/weather_sept_85	561.3	update actions/checkout
2024-09-18	f981521c0872		cardinality64/weather_sept_85	28.6	update actions/checkout
2024-09-18	f981521c0872		iterate64/weather_sept_85	64840.6	update actions/checkout
2024-09-18	f981521c0872		or_successive64/weather_sept_85	1450.2	update actions/checkout
2024-09-18	e42ec07db29d		or_successive/census1881	785.0	lint
2024-09-18	e42ec07db29d		and_successive/census1881	20.3	lint
2024-09-18	e42ec07db29d		and_cardinality/census1881	17.5	lint
2024-09-18	e42ec07db29d		contains/census1881	4904.9	lint
2024-09-18	e42ec07db29d		iterate/census1881	2482.4	lint
2024-09-18	e42ec07db29d		to_array/census1881	118.9	lint
2024-09-18	e42ec07db29d		deserialize/census1881	347.3	lint
2024-09-18	e42ec07db29d		cardinality64/census1881	15.4	lint
2024-09-18	e42ec07db29d		iterate64/census1881	3557.8	lint
2024-09-18	e42ec07db29d		or_successive64/census1881	597.8	lint
2024-09-18	e42ec07db29d		or_successive/census-income	821.0	lint
2024-09-18	e42ec07db29d		and_successive/census-income	665.7	lint
2024-09-18	e42ec07db29d		and_cardinality/census-income	445.0	lint
2024-09-18	e42ec07db29d		contains/census-income	14001.3	lint
2024-09-18	e42ec07db29d		iterate/census-income	34011.1	lint
2024-09-18	e42ec07db29d		to_array/census-income	1357.8	lint
2024-09-18	e42ec07db29d		deserialize/census-income	120.8	lint
2024-09-18	e42ec07db29d		cardinality64/census-income	10.3	lint
2024-09-18	e42ec07db29d		iterate64/census-income	33910.2	lint
2024-09-18	e42ec07db29d		or_successive64/census-income	370.9	lint
2024-09-18	e42ec07db29d		or_successive/weather_sept_85	3302.2	lint
2024-09-18	e42ec07db29d		and_successive/weather_sept_85	2055.4	lint
2024-09-18	e42ec07db29d		and_cardinality/weather_sept_85	1594.2	lint
2024-09-18	e42ec07db29d		contains/weather_sept_85	17888.5	lint
2024-09-18	e42ec07db29d		iterate/weather_sept_85	62057.0	lint
2024-09-18	e42ec07db29d		to_array/weather_sept_85	5203.3	lint
2024-09-18	e42ec07db29d		deserialize/weather_sept_85	566.8	lint
2024-09-18	e42ec07db29d		cardinality64/weather_sept_85	29.7	lint
2024-09-18	e42ec07db29d		iterate64/weather_sept_85	64663.4	lint
2024-09-18	e42ec07db29d		or_successive64/weather_sept_85	1447.8	lint
2024-09-19	51be4bd8cb4e		or_successive/census1881	787.4	fixing issue 660 (#661)
2024-09-19	51be4bd8cb4e		and_successive/census1881	21.6	fixing issue 660 (#661)
2024-09-19	51be4bd8cb4e		and_cardinality/census1881	14.8	fixing issue 660 (#661)
2024-09-19	51be4bd8cb4e		contains/census1881	4944.2	fixing issue 660 (#661)
2024-09-19	51be4bd8cb4e		iterate/census1881	2480.4	fixing issue 660 (#661)
2024-09-19	51be4bd8cb4e		to_array/census1881	119.6	fixing issue 660 (#661)
2024-09-19	51be4bd8cb4e		deserialize/census1881	346.0	fixing issue 660 (#661)
2024-09-19	51be4bd8cb4e		cardinality64/census1881	15.7	fixing issue 660 (#661)
2024-09-19	51be4bd8cb4e		iterate64/census1881	3579.5	fixing issue 660 (#661)
2024-09-19	51be4bd8cb4e		or_successive64/census1881	591.5	fixing issue 660 (#661)
2024-09-19	51be4bd8cb4e		or_successive/census-income	809.5	fixing issue 660 (#661)
2024-09-19	51be4bd8cb4e		and_successive/census-income	674.4	fixing issue 660 (#661)
2024-09-19	51be4bd8cb4e		and_cardinality/census-income	446.5	fixing issue 660 (#661)
2024-09-19	51be4bd8cb4e		contains/census-income	13981.5	fixing issue 660 (#661)
2024-09-19	51be4bd8cb4e		iterate/census-income	34242.9	fixing issue 660 (#661)
2024-09-19	51be4bd8cb4e		to_array/census-income	1349.5	fixing issue 660 (#661)
2024-09-19	51be4bd8cb4e		deserialize/census-income	119.6	fixing issue 660 (#661)
2024-09-19	51be4bd8cb4e		cardinality64/census-income	10.5	fixing issue 660 (#661)
2024-09-19	51be4bd8cb4e		iterate64/census-income	34396.7	fixing issue 660 (#661)
2024-09-19	51be4bd8cb4e		or_successive64/census-income	372.7	fixing issue 660 (#661)
2024-09-19	51be4bd8cb4e		or_successive/weather_sept_85	3309.6	fixing issue 660 (#661)
2024-09-19	51be4bd8cb4e		and_successive/weather_sept_85	2039.6	fixing issue 660 (#661)
2024-09-19	51be4bd8cb4e		and_cardinality/weather_sept_85	1591.0	fixing issue 660 (#661)
2024-09-19	51be4bd8cb4e		contains/weather_sept_85	17790.9	fixing issue 660 (#661)
2024-09-19	51be4bd8cb4e		iterate/weather_sept_85	62421.9	fixing issue 660 (#661)
2024-09-19	51be4bd8cb4e		to_array/weather_sept_85	5205.3	fixing issue 660 (#661)
2024-09-19	51be4bd8cb4e		deserialize/weather_sept_85	562.5	fixing issue 660 (#661)
2024-09-19	51be4bd8cb4e		cardinality64/weather_sept_85	28.6	fixing issue 660 (#661)
2024-09-19	51be4bd8cb4e		iterate64/weather_sept_85	64877.3	fixing issue 660 (#661)
2024-09-19	51be4bd8cb4e		or_successive64/weather_sept_85	1446.2	fixing issue 660 (#661)
2024-09-19	f664535ec378	v4.1.4	or_successive/census1881	787.3	version bump
2024-09-19	f664535ec378	v4.1.4	and_successive/census1881	20.6	version bump
2024-09-19	f664535ec378	v4.1.4	and_cardinality/census1881	14.6	version bump
2024-09-19	f664535ec378	v4.1.4	contains/census1881	4926.1	version bump
2024-09-19	f664535ec378	v4.1.4	iterate/census1881	3021.7	version bump
2024-09-19	f664535ec378	v4.1.4	to_array/census1881	135.0	version bump
2024-09-19	f664535ec378	v4.1.4	deserialize/census1881	366.1	version bump
2024-09-19	f664535ec378	v4.1.4	cardinality64/census1881	16.8	version bump
2024-09-19	f664535ec378	v4.1.4	iterate64/census1881	3318.1	version bump
2024-09-19	f664535ec378	v4.1.4	or_successive64/census1881	590.0	version bump
2024-09-19	f664535ec378	v4.1.4	or_successive/census-income	814.6	version bump
2024-09-19	f664535ec378	v4.1.4	and_successive/census-income	669.1	version bump
2024-09-19	f664535ec378	v4.1.4	and_cardinality/census-income	451.2	version bump
2024-09-19	f664535ec378	v4.1.4	contains/census-income	13948.6	version bump
2024-09-19	f664535ec378	v4.1.4	iterate/census-income	33416.4	version bump
2024-09-19	f664535ec378	v4.1.4	to_array/census-income	1337.2	version bump
2024-09-19	f664535ec378	v4.1.4	deserialize/census-income	120.9	version bump
2024-09-19	f664535ec378	v4.1.4	cardinality64/census-income	10.6	version bump
2024-09-19	f664535ec378	v4.1.4	iterate64/census-income	33996.4	version bump
2024-09-19	f664535ec378	v4.1.4	or_successive64/census-income	369.0	version bump
2024-09-19	f664535ec378	v4.1.4	or_successive/weather_sept_85	3309.8	version bump
2024-09-19	f664535ec378	v4.1.4	and_successive/weather_sept_85	2044.2	version bump
2024-09-19	f664535ec378	v4.1.4	and_cardinality/weather_sept_85	1587.0	version bump
2024-09-19	f664535ec378	v4.1.4	contains/weather_sept_85	17848.3	version bump
2024-09-19	f664535ec378	v4.1.4	iterate/weather_sept_85	62204.0	version bump
2024-09-19	f664535ec378	v4.1.4	to_array/weather_sept_85	5198.0	version bump
2024-09-19	f664535ec378	v4.1.4	deserialize/weather_sept_85	566.3	version bump
2024-09-19	f664535ec378	v4.1.4	cardinality64/weather_sept_85	29.0	version bump
2024-09-19	f664535ec378	v4.1.4	iterate64/weather_sept_85	64875.6	version bump
2024-09-19	f664535ec378	v4.1.4	or_successive64/weather_sept_85	1450.2	version bump
2024-09-19	032450edf6f1	v4.1.5	or_successive/census1881	791.7	fix: possible segfault in 64 bit deserialize_safe (#663)
2024-09-19	032450edf6f1	v4.1.5	and_successive/census1881	20.9	fix: possible segfault in 64 bit deserialize_safe (#663)
2024-09-19	032450edf6f1	v4.1.5	and_cardinality/census1881	18.3	fix: possible segfault in 64 bit deserialize_safe (#663)
2024-09-19	032450edf6f1	v4.1.5	contains/census1881	4921.9	fix: possible segfault in 64 bit deserialize_safe (#663)
2024-09-19	032450edf6f1	v4.1.5	iterate/census1881	2470.3	fix: possible segfault in 64 bit deserialize_safe (#663)
2024-09-19	032450edf6f1	v4.1.5	to_array/census1881	119.5	fix: possible segfault in 64 bit deserialize_safe (#663)
2024-09-19	032450edf6f1	v4.1.5	deserialize/census1881	344.5	fix: possible segfault in 64 bit deserialize_safe (#663)
2024-09-19	032450edf6f1	v4.1.5	cardinality64/census1881	15.9	fix: possible segfault in 64 bit deserialize_safe (#663)
2024-09-19	032450edf6f1	v4.1.5	iterate64/census1881	3652.2	fix: possible segfault in 64 bit deserialize_safe (#663)
2024-09-19	032450edf6f1	v4.1.5	or_successive64/census1881	596.2	fix: possible segfault in 64 bit deserialize_safe (#663)
2024-09-19	032450edf6f1	v4.1.5	or_successive/census-income	818.1	fix: possible segfault in 64 bit deserialize_safe (#663)
2024-09-19	032450edf6f1	v4.1.5	and_successive/census-income	668.1	fix: possible segfault in 64 bit deserialize_safe (#663)
2024-09-19	032450edf6f1	v4.1.5	and_cardinality/census-income	453.7	fix: possible segfault in 64 bit deserialize_safe (#663)
2024-09-19	032450edf6f1	v4.1.5	contains/census-income	14070.3	fix: possible segfault in 64 bit deserialize_safe (#663)
2024-09-19	032450edf6f1	v4.1.5	iterate/census-income	33775.9	fix: possible segfault in 64 bit deserialize_safe (#663)
2024-09-19	032450edf6f1	v4.1.5	to_array/census-income	1350.7	fix: possible segfault in 64 bit deserialize_safe (#663)
2024-09-19	032450edf6f1	v4.1.5	deserialize/census-income	121.5	fix: possible segfault in 64 bit deserialize_safe (#663)
2024-09-19	032450edf6f1	v4.1.5	cardinality64/census-income	10.4	fix: possible segfault in 64 bit deserialize_safe (#663)
2024-09-19	032450edf6f1	v4.1.5	iterate64/census-income	34182.3	fix: possible segfault in 64 bit deserialize_safe (#663)
2024-09-19	032450edf6f1	v4.1.5	or_successive64/census-income	375.0	fix: possible segfault in 64 bit deserialize_safe (#663)
2024-09-19	032450edf6f1	v4.1.5	or_successive/weather_sept_85	3324.2	fix: possible segfault in 64 bit deserialize_safe (#663)
2024-09-19	032450edf6f1	v4.1.5	and_successive/weather_sept_85	2031.2	fix: possible segfault in 64 bit deserialize_safe (#663)
2024-09-19	032450edf6f1	v4.1.5	and_cardinality/weather_sept_85	1600.2	fix: possible segfault in 64 bit deserialize_safe (#663)
2024-09-19	032450edf6f1	v4.1.5	contains/weather_sept_85	17848.6	fix: possible segfault in 64 bit deserialize_safe (#663)
2024-09-19	032450edf6f1	v4.1.5	iterate/weather_sept_85	63285.6	fix: possible segfault in 64 bit deserialize_safe (#663)
2024-09-19	032450edf6f1	v4.1.5	to_array/weather_sept_85	5208.4	fix: possible segfault in 64 bit deserialize_safe (#663)
2024-09-19	032450edf6f1	v4.1.5	deserialize/weather_sept_85	563.9	fix: possible segfault in 64 bit deserialize_safe (#663)
2024-09-19	032450edf6f1	v4.1.5	cardinality64/weather_sept_85	30.0	fix: possible segfault in 64 bit deserialize_safe (#663)
2024-09-19	032450edf6f1	v4.1.5	iterate64/weather_sept_85	64723.1	fix: possible segfault in 64 bit deserialize_safe (#663)
2024-09-19	032450edf6f1	v4.1.5	or_successive64/weather_sept_85	1446.4	fix: possible segfault in 64 bit deserialize_safe (#663)
2024-09-20	f0e8f32d0bad		or_successive/census1881	784.9	fix: another segfault in 64 bit deserialize_safe (#664)
2024-09-20	f0e8f32d0bad		and_successive/census1881	20.7	fix: another segfault in 64 bit deserialize_safe (#664)
2024-09-20	f0e8f32d0bad		and_cardinality/census1881	17.7	fix: another segfault in 64 bit deserialize_safe (#664)
2024-09-20	f0e8f32d0bad		contains/census1881	4985.2	fix: another segfault in 64 bit deserialize_safe (#664)
2024-09-20	f0e8f32d0bad		iterate/census1881	2452.4	fix: another segfault in 64 bit deserialize_safe (#664)
2024-09-20	f0e8f32d0bad		to_array/census1881	121.2	fix: another segfault in 64 bit deserialize_safe (#664)
2024-09-20	f0e8f32d0bad		deserialize/census1881	346.5	fix: another segfault in 64 bit deserialize_safe (#664)
2024-09-20	f0e8f32d0bad		cardinality64/census1881	15.2	fix: another segfault in 64 bit deserialize_safe (#664)
2024-09-20	f0e8f32d0bad		iterate64/census1881	3343.6	fix: another segfault in 64 bit deserialize_safe (#664)
2024-09-20	f0e8f32d0bad		or_successive64/census1881	592.5	fix: another segfault in 64 bit deserialize_safe (#664)
2024-09-20	f0e8f32d0bad		or_successive/census-income	816.4	fix: another segfault in 64 bit deserialize_safe (#664)
2024-09-20	f0e8f32d0bad		and_successive/census-income	661.9	fix: another segfault in 64 bit deserialize_safe (#664)
2024-09-20	f0e8f32d0bad		and_cardinality/census-income	449.4	fix: another segfault in 64 bit deserialize_safe (#664)
2024-09-20	f0e8f32d0bad		contains/census-income	14021.2	fix: another segfault in 64 bit deserialize_safe (#664)
2024-09-20	f0e8f32d0bad		iterate/census-income	34238.2	fix: another segfault in 64 bit deserialize_safe (#664)
2024-09-20	f0e8f32d0bad		to_array/census-income	1355.7	fix: another segfault in 64 bit deserialize_safe (#664)
2024-09-20	f0e8f32d0bad		deserialize/census-income	121.9	fix: another segfault in 64 bit deserialize_safe (#664)
2024-09-20	f0e8f32d0bad		cardinality64/census-income	10.3	fix: another segfault in 64 bit deserialize_safe (#664)
2024-09-20	f0e8f32d0bad		iterate64/census-income	33809.4	fix: another segfault in 64 bit deserialize_safe (#664)
2024-09-20	f0e8f32d0bad		or_successive64/census-income	372.8	fix: another segfault in 64 bit deserialize_safe (#664)
2024-09-20	f0e8f32d0bad		or_successive/weather_sept_85	3326.4	fix: another segfault in 64 bit deserialize_safe (#664)
2024-09-20	f0e8f32d0bad		and_successive/weather_sept_85	2051.9	fix: another segfault in 64 bit deserialize_safe (#664)
2024-09-20	f0e8f32d0bad		and_cardinality/weather_sept_85	1591.5	fix: another segfault in 64 bit deserialize_safe (#664)
2024-09-20	f0e8f32d0bad		contains/weather_sept_85	17893.8	fix: another segfault in 64 bit deserialize_safe (#664)
2024-09-20	f0e8f32d0bad		iterate/weather_sept_85	62771.1	fix: another segfault in 64 bit deserialize_safe (#664)
2024-09-20	f0e8f32d0bad		to_array/weather_sept_85	5205.2	fix: another segfault in 64 bit deserialize_safe (#664)
2024-09-20	f0e8f32d0bad		deserialize/weather_sept_85	570.6	fix: another segfault in 64 bit deserialize_safe (#664)
2024-09-20	f0e8f32d0bad		cardinality64/weather_sept_85	29.0	fix: another segfault in 64 bit deserialize_safe (#664)
2024-09-20	f0e8f32d0bad		iterate64/weather_sept_85	65199.8	fix: another segfault in 64 bit deserialize_safe (#664)
2024-09-20	f0e8f32d0bad		or_successive64/weather_sept_85	1449.0	fix: another segfault in 64 bit deserialize_safe (#664)
2024-09-20	22e7d57f599d	v4.1.6	or_successive/census1881	777.8	bump
2024-09-20	22e7d57f599d	v4.1.6	and_successive/census1881	20.4	bump
2024-09-20	22e7d57f599d	v4.1.6	and_cardinality/census1881	15.5	bump
2024-09-20	22e7d57f599d	v4.1.6	contains/census1881	4981.3	bump
2024-09-20	22e7d57f599d	v4.1.6	iterate/census1881	2453.4	bump
2024-09-20	22e7d57f599d	v4.1.6	to_array/census1881	120.6	bump
2024-09-20	22e7d57f599d	v4.1.6	deserialize/census1881	343.6	bump
2024-09-20	22e7d57f599d	v4.1.6	cardinality64/census1881	16.6	bump
2024-09-20	22e7d57f599d	v4.1.6	iterate64/census1881	3471.3	bump
2024-09-20	22e7d57f599d	v4.1.6	or_successive64/census1881	591.0	bump
2024-09-20	22e7d57f599d	v4.1.6	or_successive/census-income	813.5	bump
2024-09-20	22e7d57f599d	v4.1.6	and_successive/census-income	667.5	bump
2024-09-20	22e7d57f599d	v4.1.6	and_cardinality/census-income	446.9	bump
2024-09-20	22e7d57f599d	v4.1.6	contains/census-income	14072.0	bump
2024-09-20	22e7d57f599d	v4.1.6	iterate/census-income	34164.1	bump
2024-09-20	22e7d57f599d	v4.1.6	to_array/census-income	1352.3	bump
2024-09-20	22e7d57f599d	v4.1.6	deserialize/census-income	122.1	bump
2024-09-20	22e7d57f599d	v4.1.6	cardinality64/census-income	10.7	bump
2024-09-20	22e7d57f599d	v4.1.6	iterate64/census-income	34255.5	bump
2024-09-20	22e7d57f599d	v4.1.6	or_successive64/census-income	371.0	bump
2024-09-20	22e7d57f599d	v4.1.6	or_successive/weather_sept_85	3318.7	bump
2024-09-20	22e7d57f599d	v4.1.6	and_successive/weather_sept_85	2038.6	bump
2024-09-20	22e7d57f599d	v4.1.6	and_cardinality/weather_sept_85	1596.1	bump
2024-09-20	22e7d57f599d	v4.1.6	contains/weather_sept_85	17867.3	bump
2024-09-20	22e7d57f599d	v4.1.6	iterate/weather_sept_85	63005.5	bump
2024-09-20	22e7d57f599d	v4.1.6	to_array/weather_sept_85	5214.9	bump
2024-09-20	22e7d57f599d	v4.1.6	deserialize/weather_sept_85	566.5	bump
2024-09-20	22e7d57f599d	v4.1.6	cardinality64/weather_sept_85	29.3	bump
2024-09-20	22e7d57f599d	v4.1.6	iterate64/weather_sept_85	65072.6	bump
2024-09-20	22e7d57f599d	v4.1.6	or_successive64/weather_sept_85	1446.8	bump
2024-09-21	1d5eb998b036		or_successive/census1881	786.5	Deserialization/validation unit tests (#665)
2024-09-21	1d5eb998b036		and_successive/census1881	20.6	Deserialization/validation unit tests (#665)
2024-09-21	1d5eb998b036		and_cardinality/census1881	15.1	Deserialization/validation unit tests (#665)
2024-09-21	1d5eb998b036		contains/census1881	4943.9	Deserialization/validation unit tests (#665)
2024-09-21	1d5eb998b036		iterate/census1881	2473.3	Deserialization/validation unit tests (#665)
2024-09-21	1d5eb998b036		to_array/census1881	120.3	Deserialization/validation unit tests (#665)
2024-09-21	1d5eb998b036		deserialize/census1881	344.1	Deserialization/validation unit tests (#665)
2024-09-21	1d5eb998b036		cardinality64/census1881	16.1	Deserialization/validation unit tests (#665)
2024-09-21	1d5eb998b036		iterate64/census1881	3395.6	Deserialization/validation unit tests (#665)
2024-09-21	1d5eb998b036		or_successive64/census1881	591.5	Deserialization/validation unit tests (#665)
2024-09-21	1d5eb998b036		or_successive/census-income	815.8	Deserialization/validation unit tests (#665)
2024-09-21	1d5eb998b036		and_successive/census-income	667.3	Deserialization/validation unit tests (#665)
2024-09-21	1d5eb998b036		and_cardinality/census-income	445.7	Deserialization/validation unit tests (#665)
2024-09-21	1d5eb998b036		contains/census-income	14093.0	Deserialization/validation unit tests (#665)
2024-09-21	1d5eb998b036		iterate/census-income	35167.7	Deserialization/validation unit tests (#665)
2024-09-21	1d5eb998b036		to_array/census-income	1356.5	Deserialization/validation unit tests (#665)
2024-09-21	1d5eb998b036		deserialize/census-income	122.6	Deserialization/validation unit tests (#665)
2024-09-21	1d5eb998b036		cardinality64/census-income	10.6	Deserialization/validation unit tests (#665)
2024-09-21	1d5eb998b036		iterate64/census-income	34250.9	Deserialization/validation unit tests (#665)
2024-09-21	1d5eb998b036		or_successive64/census-income	369.7	Deserialization/validation unit tests (#665)
2024-09-21	1d5eb998b036		or_successive/weather_sept_85	3326.9	Deserialization/validation unit tests (#665)
2024-09-21	1d5eb998b036		and_successive/weather_sept_85	2042.1	Deserialization/validation unit tests (#665)
2024-09-21	1d5eb998b036		and_cardinality/weather_sept_85	1599.0	Deserialization/validation unit tests (#665)
2024-09-21	1d5eb998b036		contains/weather_sept_85	18028.9	Deserialization/validation unit tests (#665)
2024-09-21	1d5eb998b036		iterate/weather_sept_85	62894.6	Deserialization/validation unit tests (#665)
2024-09-21	1d5eb998b036		to_array/weather_sept_85	5202.4	Deserialization/validation unit tests (#665)
2024-09-21	1d5eb998b036		deserialize/weather_sept_85	567.4	Deserialization/validation unit tests (#665)
2024-09-21	1d5eb998b036		cardinality64/weather_sept_85	30.1	Deserialization/validation unit tests (#665)
2024-09-21	1d5eb998b036		iterate64/weather_sept_85	64211.6	Deserialization/validation unit tests (#665)
2024-09-21	1d5eb998b036		or_successive64/weather_sept_85	1451.7	Deserialization/validation unit tests (#665)
2024-09-21	c26049eec9e1	v4.1.7	or_successive/census1881	792.6	version bump
2024-09-21	c26049eec9e1	v4.1.7	and_successive/census1881	20.0	version bump
2024-09-21	c26049eec9e1	v4.1.7	and_cardinality/census1881	15.5	version bump
2024-09-21	c26049eec9e1	v4.1.7	contains/census1881	4921.2	version bump
2024-09-21	c26049eec9e1	v4.1.7	iterate/census1881	2529.1	version bump
2024-09-21	c26049eec9e1	v4.1.7	to_array/census1881	119.8	version bump
2024-09-21	c26049eec9e1	v4.1.7	deserialize/census1881	345.1	version bump
2024-09-21	c26049eec9e1	v4.1.7	cardinality64/census1881	16.7	version bump
2024-09-21	c26049eec9e1	v4.1.7	iterate64/census1881	3512.6	version bump
2024-09-21	c26049eec9e1	v4.1.7	or_successive64/census1881	598.1	version bump
2024-09-21	c26049eec9e1	v4.1.7	or_successive/census-income	816.2	version bump
2024-09-21	c26049eec9e1	v4.1.7	and_successive/census-income	670.2	version bump
2024-09-21	c26049eec9e1	v4.1.7	and_cardinality/census-income	442.4	version bump
2024-09-21	c26049eec9e1	v4.1.7	contains/census-income	14091.1	version bump
2024-09-21	c26049eec9e1	v4.1.7	iterate/census-income	34776.0	version bump
2024-09-21	c26049eec9e1	v4.1.7	to_array/census-income	1351.6	version bump
2024-09-21	c26049eec9e1	v4.1.7	deserialize/census-income	120.5	version bump
2024-09-21	c26049eec9e1	v4.1.7	cardinality64/census-income	10.5	version bump
2024-09-21	c26049eec9e1	v4.1.7	iterate64/census-income	34486.8	version bump
2024-09-21	c26049eec9e1	v4.1.7	or_successive64/census-income	372.6	version bump
2024-09-21	c26049eec9e1	v4.1.7	or_successive/weather_sept_85	3317.7	version bump
2024-09-21	c26049eec9e1	v4.1.7	and_successive/weather_sept_85	2040.1	version bump
2024-09-21	c26049eec9e1	v4.1.7	and_cardinality/weather_sept_85	1592.2	version bump
2024-09-21	c26049eec9e1	v4.1.7	contains/weather_sept_85	17879.5	version bump
2024-09-21	c26049eec9e1	v4.1.7	iterate/weather_sept_85	63066.6	version bump
2024-09-21	c26049eec9e1	v4.1.7	to_array/weather_sept_85	5188.0	version bump
2024-09-21	c26049eec9e1	v4.1.7	deserialize/weather_sept_85	565.5	version bump
2024-09-21	c26049eec9e1	v4.1.7	cardinality64/weather_sept_85	29.0	version bump
2024-09-21	c26049eec9e1	v4.1.7	iterate64/weather_sept_85	64322.0	version bump
2024-09-21	c26049eec9e1	v4.1.7	or_successive64/weather_sept_85	1447.3	version bump
2024-09-30	5f15802456ef		or_successive/census1881	798.1	Improve consistency in the C++ interface (#653)
2024-09-30	5f15802456ef		and_successive/census1881	20.7	Improve consistency in the C++ interface (#653)
2024-09-30	5f15802456ef		and_cardinality/census1881	17.7	Improve consistency in the C++ interface (#653)
2024-09-30	5f15802456ef		contains/census1881	4937.7	Improve consistency in the C++ interface (#653)
2024-09-30	5f15802456ef		iterate/census1881	2589.3	Improve consistency in the C++ interface (#653)
2024-09-30	5f15802456ef		to_array/census1881	118.3	Improve consistency in the C++ interface (#653)
2024-09-30	5f15802456ef		deserialize/census1881	352.0	Improve consistency in the C++ interface (#653)
2024-09-30	5f15802456ef		cardinality64/census1881	15.8	Improve consistency in the C++ interface (#653)
2024-09-30	5f15802456ef		iterate64/census1881	3448.6	Improve consistency in the C++ interface (#653)
2024-09-30	5f15802456ef		or_successive64/census1881	588.3	Improve consistency in the C++ interface (#653)
2024-09-30	5f15802456ef		or_successive/census-income	812.3	Improve consistency in the C++ interface (#653)
2024-09-30	5f15802456ef		and_successive/census-income	667.0	Improve consistency in the C++ interface (#653)
2024-09-30	5f15802456ef		and_cardinality/census-income	447.0	Improve consistency in the C++ interface (#653)
2024-09-30	5f15802456ef		contains/census-income	14058.5	Improve consistency in the C++ interface (#653)
2024-09-30	5f15802456ef		iterate/census-income	34100.1	Improve consistency in the C++ interface (#653)
2024-09-30	5f15802456ef		to_array/census-income	1355.1	Improve consistency in the C++ interface (#653)
2024-09-30	5f15802456ef		deserialize/census-income	122.3	Improve consistency in the C++ interface (#653)
2024-09-30	5f15802456ef		cardinality64/census-income	10.6	Improve consistency in the C++ interface (#653)
2024-09-30	5f15802456ef		iterate64/census-income	33803.3	Improve consistency in the C++ interface (#653)
2024-09-30	5f15802456ef		or_successive64/census-income	369.7	Improve consistency in the C++ interface (#653)
2024-09-30	5f15802456ef		or_successive/weather_sept_85	3321.8	Improve consistency in the C++ interface (#653)
2024-09-30	5f15802456ef		and_successive/weather_sept_85	2033.7	Improve consistency in the C++ interface (#653)
2024-09-30	5f15802456ef		and_cardinality/weather_sept_85	1597.0	Improve consistency in the C++ interface (#653)
2024-09-30	5f15802456ef		contains/weather_sept_85	17987.6	Improve consistency in the C++ interface (#653)
2024-09-30	5f15802456ef		iterate/weather_sept_85	62388.2	Improve consistency in the C++ interface (#653)
2024-09-30	5f15802456ef		to_array/weather_sept_85	5202.0	Improve consistency in the C++ interface (#653)
2024-09-30	5f15802456ef		deserialize/weather_sept_85	562.5	Improve consistency in the C++ interface (#653)
2024-09-30	5f15802456ef		cardinality64/weather_sept_85	29.6	Improve consistency in the C++ interface (#653)
2024-09-30	5f15802456ef		iterate64/weather_sept_85	65816.6	Improve consistency in the C++ interface (#653)
2024-09-30	5f15802456ef		or_successive64/weather_sept_85	1448.7	Improve consistency in the C++ interface (#653)
2024-09-30	26ca918c5e1b		or_successive/census1881	791.2	fix issue 666 (#667)
2024-09-30	26ca918c5e1b		and_successive/census1881	20.6	fix issue 666 (#667)
2024-09-30	26ca918c5e1b		and_cardinality/census1881	15.2	fix issue 666 (#667)
2024-09-30	26ca918c5e1b		contains/census1881	4915.6	fix issue 666 (#667)
2024-09-30	26ca918c5e1b		iterate/census1881	2692.5	fix issue 666 (#667)
2024-09-30	26ca918c5e1b		to_array/census1881	118.2	fix issue 666 (#667)
2024-09-30	26ca918c5e1b		deserialize/census1881	350.0	fix issue 666 (#667)
2024-09-30	26ca918c5e1b		cardinality64/census1881	16.2	fix issue 666 (#667)
2024-09-30	26ca918c5e1b		iterate64/census1881	3588.1	fix issue 666 (#667)
2024-09-30	26ca918c5e1b		or_successive64/census1881	585.4	fix issue 666 (#667)
2024-09-30	26ca918c5e1b		or_successive/census-income	813.6	fix issue 666 (#667)
2024-09-30	26ca918c5e1b		and_successive/census-income	664.8	fix issue 666 (#667)
2024-09-30	26ca918c5e1b		and_cardinality/census-income	447.7	fix issue 666 (#667)
2024-09-30	26ca918c5e1b		contains/census-income	14105.2	fix issue 666 (#667)
2024-09-30	26ca918c5e1b		iterate/census-income	33489.9	fix issue 666 (#667)
2024-09-30	26ca918c5e1b		to_array/census-income	1351.6	fix issue 666 (#667)
2024-09-30	26ca918c5e1b		deserialize/census-income	122.1	fix issue 666 (#667)
2024-09-30	26ca918c5e1b		cardinality64/census-income	10.6	fix issue 666 (#667)
2024-09-30	26ca918c5e1b		iterate64/census-income	34106.1	fix issue 666 (#667)
2024-09-30	26ca918c5e1b		or_successive64/census-income	374.1	fix issue 666 (#667)
2024-09-30	26ca918c5e1b		or_successive/weather_sept_85	3312.9	fix issue 666 (#667)
2024-09-30	26ca918c5e1b		and_successive/weather_sept_85	2044.5	fix issue 666 (#667)
2024-09-30	26ca918c5e1b		and_cardinality/weather_sept_85	1599.5	fix issue 666 (#667)
2024-09-30	26ca918c5e1b		contains/weather_sept_85	17873.2	fix issue 666 (#667)
2024-09-30	26ca918c5e1b		iterate/weather_sept_85	63200.9	fix issue 666 (#667)
2024-09-30	26ca918c5e1b		to_array/weather_sept_85	5215.5	fix issue 666 (#667)
2024-09-30	26ca918c5e1b		deserialize/weather_sept_85	566.0	fix issue 666 (#667)
2024-09-30	26ca918c5e1b		cardinality64/weather_sept_85	30.5	fix issue 666 (#667)
2024-09-30	26ca918c5e1b		iterate64/weather_sept_85	65180.1	fix issue 666 (#667)
2024-09-30	26ca918c5e1b		or_successive64/weather_sept_85	1457.4	fix issue 666 (#667)
2024-09-30	e00fe6b90700	v4.2.0	or_successive/census1881	781.9	release candidate 4.2.0 (#668)
2024-09-30	e00fe6b90700	v4.2.0	and_successive/census1881	20.6	release candidate 4.2.0 (#668)
2024-09-30	e00fe6b90700	v4.2.0	and_cardinality/census1881	18.7	release candidate 4.2.0 (#668)
2024-09-30	e00fe6b90700	v4.2.0	contains/census1881	4966.0	release candidate 4.2.0 (#668)
2024-09-30	e00fe6b90700	v4.2.0	iterate/census1881	2823.7	release candidate 4.2.0 (#668)
2024-09-30	e00fe6b90700	v4.2.0	to_array/census1881	119.6	release candidate 4.2.0 (#668)
2024-09-30	e00fe6b90700	v4.2.0	deserialize/census1881	347.3	release candidate 4.2.0 (#668)
2024-09-30	e00fe6b90700	v4.2.0	cardinality64/census1881	16.1	release candidate 4.2.0 (#668)
2024-09-30	e00fe6b90700	v4.2.0	iterate64/census1881	3641.4	release candidate 4.2.0 (#668)
2024-09-30	e00fe6b90700	v4.2.0	or_successive64/census1881	592.3	release candidate 4.2.0 (#668)
2024-09-30	e00fe6b90700	v4.2.0	or_successive/census-income	808.8	release candidate 4.2.0 (#668)
2024-09-30	e00fe6b90700	v4.2.0	and_successive/census-income	668.4	release candidate 4.2.0 (#668)
2024-09-30	e00fe6b90700	v4.2.0	and_cardinality/census-income	443.6	release candidate 4.2.0 (#668)
2024-09-30	e00fe6b90700	v4.2.0	contains/census-income	14053.6	release candidate 4.2.0 (#668)
2024-09-30	e00fe6b90700	v4.2.0	iterate/census-income	33842.3	release candidate 4.2.0 (#668)
2024-09-30	e00fe6b90700	v4.2.0	to_array/census-income	1345.9	release candidate 4.2.0 (#668)
2024-09-30	e00fe6b90700	v4.2.0	deserialize/census-income	119.9	release candidate 4.2.0 (#668)
2024-09-30	e00fe6b90700	v4.2.0	cardinality64/census-income	10.4	release candidate 4.2.0 (#668)
2024-09-30	e00fe6b90700	v4.2.0	iterate64/census-income	33847.0	release candidate 4.2.0 (#668)
2024-09-30	e00fe6b90700	v4.2.0	or_successive64/census-income	378.0	release candidate 4.2.0 (#668)
2024-09-30	e00fe6b90700	v4.2.0	or_successive/weather_sept_85	3307.8	release candidate 4.2.0 (#668)
2024-09-30	e00fe6b90700	v4.2.0	and_successive/weather_sept_85	2037.1	release candidate 4.2.0 (#668)
2024-09-30	e00fe6b90700	v4.2.0	and_cardinality/weather_sept_85	1596.3	release candidate 4.2.0 (#668)
2024-09-30	e00fe6b90700	v4.2.0	contains/weather_sept_85	17835.2	release candidate 4.2.0 (#668)
2024-09-30	e00fe6b90700	v4.2.0	iterate/weather_sept_85	61864.0	release candidate 4.2.0 (#668)
2024-09-30	e00fe6b90700	v4.2.0	to_array/weather_sept_85	5212.9	release candidate 4.2.0 (#668)
2024-09-30	e00fe6b90700	v4.2.0	deserialize/weather_sept_85	565.2	release candidate 4.2.0 (#668)
2024-09-30	e00fe6b90700	v4.2.0	cardinality64/weather_sept_85	30.6	release candidate 4.2.0 (#668)
2024-09-30	e00fe6b90700	v4.2.0	iterate64/weather_sept_85	65087.9	release candidate 4.2.0 (#668)
2024-09-30	e00fe6b90700	v4.2.0	or_successive64/weather_sept_85	1456.3	release candidate 4.2.0 (#668)
2024-10-01	71576fb0d74a		or_successive/census1881	786.7	adding roaring64 to fuzzer as a step toward solving issue 662 (#670)
2024-10-01	71576fb0d74a		and_successive/census1881	20.1	adding roaring64 to fuzzer as a step toward solving issue 662 (#670)
2024-10-01	71576fb0d74a		and_cardinality/census1881	15.3	adding roaring64 to fuzzer as a step toward solving issue 662 (#670)
2024-10-01	71576fb0d74a		contains/census1881	4979.4	adding roaring64 to fuzzer as a step toward solving issue 662 (#670)
2024-10-01	71576fb0d74a		iterate/census1881	2711.3	adding roaring64 to fuzzer as a step toward solving issue 662 (#670)
2024-10-01	71576fb0d74a		to_array/census1881	118.5	adding roaring64 to fuzzer as a step toward solving issue 662 (#670)
2024-10-01	71576fb0d74a		deserialize/census1881	346.9	adding roaring64 to fuzzer as a step toward solving issue 662 (#670)
2024-10-01	71576fb0d74a		cardinality64/census1881	16.4	adding roaring64 to fuzzer as a step toward solving issue 662 (#670)
2024-10-01	71576fb0d74a		iterate64/census1881	3397.6	adding roaring64 to fuzzer as a step toward solving issue 662 (#670)
2024-10-01	71576fb0d74a		or_successive64/census1881	596.2	adding roaring64 to fuzzer as a step toward solving issue 662 (#670)
2024-10-01	71576fb0d74a		or_successive/census-income	815.1	adding roaring64 to fuzzer as a step toward solving issue 662 (#670)
2024-10-01	71576fb0d74a		and_successive/census-income	665.5	adding roaring64 to fuzzer as a step toward solving issue 662 (#670)
2024-10-01	71576fb0d74a		and_cardinality/census-income	448.4	adding roaring64 to fuzzer as a step toward solving issue 662 (#670)
2024-10-01	71576fb0d74a		contains/census-income	14037.0	adding roaring64 to fuzzer as a step toward solving issue 662 (#670)
2024-10-01	71576fb0d74a		iterate/census-income	33554.0	adding roaring64 to fuzzer as a step toward solving issue 662 (#670)
2024-10-01	71576fb0d74a		to_array/census-income	1347.5	adding roaring64 to fuzzer as a step toward solving issue 662 (#670)
2024-10-01	71576fb0d74a		deserialize/census-income	120.6	adding roaring64 to fuzzer as a step toward solving issue 662 (#670)
2024-10-01	71576fb0d74a		cardinality64/census-income	10.3	adding roaring64 to fuzzer as a step toward solving issue 662 (#670)
2024-10-01	71576fb0d74a		iterate64/census-income	34411.3	adding roaring64 to fuzzer as a step toward solving issue 662 (#670)
2024-10-01	71576fb0d74a		or_successive64/census-income	375.7	adding roaring64 to fuzzer as a step toward solving issue 662 (#670)
2024-10-01	71576fb0d74a		or_successive/weather_sept_85	3290.2	adding roaring64 to fuzzer as a step toward solving issue 662 (#670)
2024-10-01	71576fb0d74a		and_successive/weather_sept_85	2051.7	adding roaring64 to fuzzer as a step toward solving issue 662 (#670)
2024-10-01	71576fb0d74a		and_cardinality/weather_sept_85	1588.7	adding roaring64 to fuzzer as a step toward solving issue 662 (#670)
2024-10-01	71576fb0d74a		contains/weather_sept_85	17870.9	adding roaring64 to fuzzer as a step toward solving issue 662 (#670)
2024-10-01	71576fb0d74a		iterate/weather_sept_85	63567.6	adding roaring64 to fuzzer as a step toward solving issue 662 (#670)
2024-10-01	71576fb0d74a		to_array/weather_sept_85	5208.6	adding roaring64 to fuzzer as a step toward solving issue 662 (#670)
2024-10-01	71576fb0d74a		deserialize/weather_sept_85	566.0	adding roaring64 to fuzzer as a step toward solving issue 662 (#670)
2024-10-01	71576fb0d74a		cardinality64/weather_sept_85	30.2	adding roaring64 to fuzzer as a step toward solving issue 662 (#670)
2024-10-01	71576fb0d74a		iterate64/weather_sept_85	64428.8	adding roaring64 to fuzzer as a step toward solving issue 662 (#670)
2024-10-01	71576fb0d74a		or_successive64/weather_sept_85	1453.2	adding roaring64 to fuzzer as a step toward solving issue 662 (#670)
2024-10-01	b8d62f9e25c4		or_successive/census1881	794.4	Bump github/codeql-action from 3.26.6 to 3.26.10 (#671)
2024-10-01	b8d62f9e25c4		and_successive/census1881	21.0	Bump github/codeql-action from 3.26.6 to 3.26.10 (#671)
2024-10-01	b8d62f9e25c4		and_cardinality/census1881	14.6	Bump github/codeql-action from 3.26.6 to 3.26.10 (#671)
2024-10-01	b8d62f9e25c4		contains/census1881	4974.0	Bump github/codeql-action from 3.26.6 to 3.26.10 (#671)
2024-10-01	b8d62f9e25c4		iterate/census1881	2841.5	Bump github/codeql-action from 3.26.6 to 3.26.10 (#671)
2024-10-01	b8d62f9e25c4		to_array/census1881	121.8	Bump github/codeql-action from 3.26.6 to 3.26.10 (#671)
2024-10-01	b8d62f9e25c4		deserialize/census1881	364.8	Bump github/codeql-action from 3.26.6 to 3.26.10 (#671)
2024-10-01	b8d62f9e25c4		cardinality64/census1881	16.0	Bump github/codeql-action from 3.26.6 to 3.26.10 (#671)
2024-10-01	b8d62f9e25c4		iterate64/census1881	3483.6	Bump github/codeql-action from 3.26.6 to 3.26.10 (#671)
2024-10-01	b8d62f9e25c4		or_successive64/census1881	594.3	Bump github/codeql-action from 3.26.6 to 3.26.10 (#671)
2024-10-01	b8d62f9e25c4		or_successive/census-income	810.5	Bump github/codeql-action from 3.26.6 to 3.26.10 (#671)
2024-10-01	b8d62f9e25c4		and_successive/census-income	667.5	Bump github/codeql-action from 3.26.6 to 3.26.10 (#671)
2024-10-01	b8d62f9e25c4		and_cardinality/census-income	445.2	Bump github/codeql-action from 3.26.6 to 3.26.10 (#671)
2024-10-01	b8d62f9e25c4		contains/census-income	14078.9	Bump github/codeql-action from 3.26.6 to 3.26.10 (#671)
2024-10-01	b8d62f9e25c4		iterate/census-income	33820.5	Bump github/codeql-action from 3.26.6 to 3.26.10 (#671)
2024-10-01	b8d62f9e25c4		to_array/census-income	1349.1	Bump github/codeql-action from 3.26.6 to 3.26.10 (#671)
2024-10-01	b8d62f9e25c4		deserialize/census-income	121.2	Bump github/codeql-action from 3.26.6 to 3.26.10 (#671)
2024-10-01	b8d62f9e25c4		cardinality64/census-income	10.5	Bump github/codeql-action from 3.26.6 to 3.26.10 (#671)
2024-10-01	b8d62f9e25c4		iterate64/census-income	33772.6	Bump github/codeql-action from 3.26.6 to 3.26.10 (#671)
2024-10-01	b8d62f9e25c4		or_successive64/census-income	374.3	Bump github/codeql-action from 3.26.6 to 3.26.10 (#671)
2024-10-01	b8d62f9e25c4		or_successive/weather_sept_85	3318.7	Bump github/codeql-action from 3.26.6 to 3.26.10 (#671)
2024-10-01	b8d62f9e25c4		and_successive/weather_sept_85	2044.3	Bump github/codeql-action from 3.26.6 to 3.26.10 (#671)
2024-10-01	b8d62f9e25c4		and_cardinality/weather_sept_85	1592.6	Bump github/codeql-action from 3.26.6 to 3.26.10 (#671)
2024-10-01	b8d62f9e25c4		contains/weather_sept_85	17806.2	Bump github/codeql-action from 3.26.6 to 3.26.10 (#671)
2024-10-01	b8d62f9e25c4		iterate/weather_sept_85	62154.6	Bump github/codeql-action from 3.26.6 to 3.26.10 (#671)
2024-10-01	b8d62f9e25c4		to_array/weather_sept_85	5228.6	Bump github/codeql-action from 3.26.6 to 3.26.10 (#671)
2024-10-01	b8d62f9e25c4		deserialize/weather_sept_85	567.3	Bump github/codeql-action from 3.26.6 to 3.26.10 (#671)
2024-10-01	b8d62f9e25c4		cardinality64/weather_sept_85	30.5	Bump github/codeql-action from 3.26.6 to 3.26.10 (#671)
2024-10-01	b8d62f9e25c4		iterate64/weather_sept_85	64404.1	Bump github/codeql-action from 3.26.6 to 3.26.10 (#671)
2024-10-01	b8d62f9e25c4		or_successive64/weather_sept_85	1446.6	Bump github/codeql-action from 3.26.6 to 3.26.10 (#671)
2024-10-02	ecc8e06f1dc4		or_successive/census1881	787.2	separating out the 32-bit and 64-bit fuzzers (#672)
2024-10-02	ecc8e06f1dc4		and_successive/census1881	20.3	separating out the 32-bit and 64-bit fuzzers (#672)
2024-10-02	ecc8e06f1dc4		and_cardinality/census1881	22.9	separating out the 32-bit and 64-bit fuzzers (#672)
2024-10-02	ecc8e06f1dc4		contains/census1881	4925.2	separating out the 32-bit and 64-bit fuzzers (#672)
2024-10-02	ecc8e06f1dc4		iterate/census1881	2783.0	separating out the 32-bit and 64-bit fuzzers (#672)
2024-10-02	ecc8e06f1dc4		to_array/census1881	121.4	separating out the 32-bit and 64-bit fuzzers (#672)
2024-10-02	ecc8e06f1dc4		deserialize/census1881	346.0	separating out the 32-bit and 64-bit fuzzers (#672)
2024-10-02	ecc8e06f1dc4		cardinality64/census1881	15.9	separating out the 32-bit and 64-bit fuzzers (#672)
2024-10-02	ecc8e06f1dc4		iterate64/census1881	3462.4	separating out the 32-bit and 64-bit fuzzers (#672)
2024-10-02	ecc8e06f1dc4		or_successive64/census1881	595.5	separating out the 32-bit and 64-bit fuzzers (#672)
2024-10-02	ecc8e06f1dc4		or_successive/census-income	819.7	separating out the 32-bit and 64-bit fuzzers (#672)
2024-10-02	ecc8e06f1dc4		and_successive/census-income	669.9	separating out the 32-bit and 64-bit fuzzers (#672)
2024-10-02	ecc8e06f1dc4		and_cardinality/census-income	453.5	separating out the 32-bit and 64-bit fuzzers (#672)
2024-10-02	ecc8e06f1dc4		contains/census-income	14092.9	separating out the 32-bit and 64-bit fuzzers (#672)
2024-10-02	ecc8e06f1dc4		iterate/census-income	33818.0	separating out the 32-bit and 64-bit fuzzers (#672)
2024-10-02	ecc8e06f1dc4		to_array/census-income	1352.0	separating out the 32-bit and 64-bit fuzzers (#672)
2024-10-02	ecc8e06f1dc4		deserialize/census-income	122.8	separating out the 32-bit and 64-bit fuzzers (#672)
2024-10-02	ecc8e06f1dc4		cardinality64/census-income	10.4	separating out the 32-bit and 64-bit fuzzers (#672)
2024-10-02	ecc8e06f1dc4		iterate64/census-income	34166.4	separating out the 32-bit and 64-bit fuzzers (#672)
2024-10-02	ecc8e06f1dc4		or_successive64/census-income	369.1	separating out the 32-bit and 64-bit fuzzers (#672)
2024-10-02	ecc8e06f1dc4		or_successive/weather_sept_85	3300.8	separating out the 32-bit and 64-bit fuzzers (#672)
2024-10-02	ecc8e06f1dc4		and_successive/weather_sept_85	2046.8	separating out the 32-bit and 64-bit fuzzers (#672)
2024-10-02	ecc8e06f1dc4		and_cardinality/weather_sept_85	1592.3	separating out the 32-bit and 64-bit fuzzers (#672)
2024-10-02	ecc8e06f1dc4		contains/weather_sept_85	17839.5	separating out the 32-bit and 64-bit fuzzers (#672)
2024-10-02	ecc8e06f1dc4		iterate/weather_sept_85	62588.0	separating out the 32-bit and 64-bit fuzzers (#672)
2024-10-02	ecc8e06f1dc4		to_array/weather_sept_85	5166.4	separating out the 32-bit and 64-bit fuzzers (#672)
2024-10-02	ecc8e06f1dc4		deserialize/weather_sept_85	566.1	separating out the 32-bit and 64-bit fuzzers (#672)
2024-10-02	ecc8e06f1dc4		cardinality64/weather_sept_85	30.2	separating out the 32-bit and 64-bit fuzzers (#672)
2024-10-02	ecc8e06f1dc4		iterate64/weather_sept_85	64638.9	separating out the 32-bit and 64-bit fuzzers (#672)
2024-10-02	ecc8e06f1dc4		or_successive64/weather_sept_85	1448.2	separating out the 32-bit and 64-bit fuzzers (#672)
2024-10-02	e65e4f448218		or_successive/census1881	783.3	Update README.md
2024-10-02	e65e4f448218		and_successive/census1881	20.3	Update README.md
2024-10-02	e65e4f448218		and_cardinality/census1881	16.5	Update README.md
2024-10-02	e65e4f448218		contains/census1881	4984.3	Update README.md
2024-10-02	e65e4f448218		iterate/census1881	2610.2	Update README.md
2024-10-02	e65e4f448218		to_array/census1881	119.0	Update README.md
2024-10-02	e65e4f448218		deserialize/census1881	345.5	Update README.md
2024-10-02	e65e4f448218		cardinality64/census1881	15.7	Update README.md
2024-10-02	e65e4f448218		iterate64/census1881	3499.0	Update README.md
2024-10-02	e65e4f448218		or_successive64/census1881	590.8	Update README.md
2024-10-02	e65e4f448218		or_successive/census-income	806.8	Update README.md
2024-10-02	e65e4f448218		and_successive/census-income	666.5	Update README.md
2024-10-02	e65e4f448218		and_cardinality/census-income	444.3	Update README.md
2024-10-02	e65e4f448218		contains/census-income	14046.9	Update README.md
2024-10-02	e65e4f448218		iterate/census-income	33439.5	Update README.md
2024-10-02	e65e4f448218		to_array/census-income	1348.1	Update README.md
2024-10-02	e65e4f448218		deserialize/census-income	120.7	Update README.md
2024-10-02	e65e4f448218		cardinality64/census-income	10.4	Update README.md
2024-10-02	e65e4f448218		iterate64/census-income	33702.9	Update README.md
2024-10-02	e65e4f448218		or_successive64/census-income	370.9	Update README.md
2024-10-02	e65e4f448218		or_successive/weather_sept_85	3307.3	Update README.md
2024-10-02	e65e4f448218		and_successive/weather_sept_85	2035.4	Update README.md
2024-10-02	e65e4f448218		and_cardinality/weather_sept_85	1589.6	Update README.md
2024-10-02	e65e4f448218		contains/weather_sept_85	17803.9	Update README.md
2024-10-02	e65e4f448218		iterate/weather_sept_85	62961.2	Update README.md
2024-10-02	e65e4f448218		to_array/weather_sept_85	5216.8	Update README.md
2024-10-02	e65e4f448218		deserialize/weather_sept_85	566.5	Update README.md
2024-10-02	e65e4f448218		cardinality64/weather_sept_85	29.9	Update README.md
2024-10-02	e65e4f448218		iterate64/weather_sept_85	64529.2	Update README.md
2024-10-02	e65e4f448218		or_successive64/weather_sept_85	1449.2	Update README.md
2024-10-04	3ef7b44a4f74	v4.2.1	or_successive/census1881	790.7	version 4.2.1
2024-10-04	3ef7b44a4f74	v4.2.1	and_successive/census1881	20.9	version 4.2.1
2024-10-04	3ef7b44a4f74	v4.2.1	and_cardinality/census1881	20.1	version 4.2.1
2024-10-04	3ef7b44a4f74	v4.2.1	contains/census1881	4992.2	version 4.2.1
2024-10-04	3ef7b44a4f74	v4.2.1	iterate/census1881	2775.9	version 4.2.1
2024-10-04	3ef7b44a4f74	v4.2.1	to_array/census1881	120.0	version 4.2.1
2024-10-04	3ef7b44a4f74	v4.2.1	deserialize/census1881	345.9	version 4.2.1
2024-10-04	3ef7b44a4f74	v4.2.1	cardinality64/census1881	15.3	version 4.2.1
2024-10-04	3ef7b44a4f74	v4.2.1	iterate64/census1881	3531.0	version 4.2.1
2024-10-04	3ef7b44a4f74	v4.2.1	or_successive64/census1881	594.3	version 4.2.1
2024-10-04	3ef7b44a4f74	v4.2.1	or_successive/census-income	814.7	version 4.2.1
2024-10-04	3ef7b44a4f74	v4.2.1	and_successive/census-income	669.9	version 4.2.1
2024-10-04	3ef7b44a4f74	v4.2.1	and_cardinality/census-income	449.3	version 4.2.1
2024-10-04	3ef7b44a4f74	v4.2.1	contains/census-income	14063.1	version 4.2.1
2024-10-04	3ef7b44a4f74	v4.2.1	iterate/census-income	33917.4	version 4.2.1
2024-10-04	3ef7b44a4f74	v4.2.1	to_array/census-income	1347.0	version 4.2.1
2024-10-04	3ef7b44a4f74	v4.2.1	deserialize/census-income	122.0	version 4.2.1
2024-10-04	3ef7b44a4f74	v4.2.1	cardinality64/census-income	10.4	version 4.2.1
2024-10-04	3ef7b44a4f74	v4.2.1	iterate64/census-income	33837.0	version 4.2.1
2024-10-04	3ef7b44a4f74	v4.2.1	or_successive64/census-income	366.4	version 4.2.1
2024-10-04	3ef7b44a4f74	v4.2.1	or_successive/weather_sept_85	3299.1	version 4.2.1
2024-10-04	3ef7b44a4f74	v4.2.1	and_successive/weather_sept_85	2044.6	version 4.2.1
2024-10-04	3ef7b44a4f74	v4.2.1	and_cardinality/weather_sept_85	1613.8	version 4.2.1
2024-10-04	3ef7b44a4f74	v4.2.1	contains/weather_sept_85	17939.3	version 4.2.1
2024-10-04	3ef7b44a4f74	v4.2.1	iterate/weather_sept_85	62470.4	version 4.2.1
2024-10-04	3ef7b44a4f74	v4.2.1	to_array/weather_sept_85	5219.8	version 4.2.1
2024-10-04	3ef7b44a4f74	v4.2.1	deserialize/weather_sept_85	568.9	version 4.2.1
2024-10-04	3ef7b44a4f74	v4.2.1	cardinality64/weather_sept_85	30.7	version 4.2.1
2024-10-04	3ef7b44a4f74	v4.2.1	iterate64/weather_sept_85	64223.3	version 4.2.1
2024-10-04	3ef7b44a4f74	v4.2.1	or_successive64/weather_sept_85	1449.0	version 4.2.1
2024-10-07	ad487efbb486		or_successive/census1881	790.9	safety guarantees about deserialize_safe & internal_validate functions (#675)
2024-10-07	ad487efbb486		and_successive/census1881	20.6	safety guarantees about deserialize_safe & internal_validate functions (#675)
2024-10-07	ad487efbb486		and_cardinality/census1881	22.1	safety guarantees about deserialize_safe & internal_validate functions (#675)
2024-10-07	ad487efbb486		contains/census1881	4945.2	safety guarantees about deserialize_safe & internal_validate functions (#675)
2024-10-07	ad487efbb486		iterate/census1881	2811.6	safety guarantees about deserialize_safe & internal_validate functions (#675)
2024-10-07	ad487efbb486		to_array/census1881	119.0	safety guarantees about deserialize_safe & internal_validate functions (#675)
2024-10-07	ad487efbb486		deserialize/census1881	346.0	safety guarantees about deserialize_safe & internal_validate functions (#675)
2024-10-07	ad487efbb486		cardinality64/census1881	15.3	safety guarantees about deserialize_safe & internal_validate functions (#675)
2024-10-07	ad487efbb486		iterate64/census1881	3580.7	safety guarantees about deserialize_safe & internal_validate functions (#675)
2024-10-07	ad487efbb486		or_successive64/census1881	594.4	safety guarantees about deserialize_safe & internal_validate functions (#675)
2024-10-07	ad487efbb486		or_successive/census-income	816.8	safety guarantees about deserialize_safe & internal_validate functions (#675)
2024-10-07	ad487efbb486		and_successive/census-income	666.6	safety guarantees about deserialize_safe & internal_validate functions (#675)
2024-10-07	ad487efbb486		and_cardinality/census-income	447.0	safety guarantees about deserialize_safe & internal_validate functions (#675)
2024-10-07	ad487efbb486		contains/census-income	14097.9	safety guarantees about deserialize_safe & internal_validate functions (#675)
2024-10-07	ad487efbb486		iterate/census-income	33870.8	safety guarantees about deserialize_safe & internal_validate functions (#675)
2024-10-07	ad487efbb486		to_array/census-income	1351.9	safety guarantees about deserialize_safe & internal_validate functions (#675)
2024-10-07	ad487efbb486		deserialize/census-income	120.5	safety guarantees about deserialize_safe & internal_validate functions (#675)
2024-10-07	ad487efbb486		cardinality64/census-income	10.6	safety guarantees about deserialize_safe & internal_validate functions (#675)
2024-10-07	ad487efbb486		iterate64/census-income	33794.5	safety guarantees about deserialize_safe & internal_validate functions (#675)
2024-10-07	ad487efbb486		or_successive64/census-income	393.1	safety guarantees about deserialize_safe & internal_validate functions (#675)
2024-10-07	ad487efbb486		or_successive/weather_sept_85	3301.2	safety guarantees about deserialize_safe & internal_validate functions (#675)
2024-10-07	ad487efbb486		and_successive/weather_sept_85	2042.0	safety guarantees about deserialize_safe & internal_validate functions (#675)
2024-10-07	ad487efbb486		and_cardinality/weather_sept_85	1600.1	safety guarantees about deserialize_safe & internal_validate functions (#675)
2024-10-07	ad487efbb486		contains/weather_sept_85	17860.3	safety guarantees about deserialize_safe & internal_validate functions (#675)
2024-10-07	ad487efbb486		iterate/weather_sept_85	62820.7	safety guarantees about deserialize_safe & internal_validate functions (#675)
2024-10-07	ad487efbb486		to_array/weather_sept_85	5205.3	safety guarantees about deserialize_safe & internal_validate functions (#675)
2024-10-07	ad487efbb486		deserialize/weather_sept_85	564.7	safety guarantees about deserialize_safe & internal_validate functions (#675)
2024-10-07	ad487efbb486		cardinality64/weather_sept_85	30.9	safety guarantees about deserialize_safe & internal_validate functions (#675)
2024-10-07	ad487efbb486		iterate64/weather_sept_85	63246.8	safety guarantees about deserialize_safe & internal_validate functions (#675)
2024-10-07	ad487efbb486		or_successive64/weather_sept_85	1454.6	safety guarantees about deserialize_safe & internal_validate functions (#675)
2024-11-11	cc9e07fc4d1a		or_successive/census1881	786.7	fix issue 680 (#681)
2024-11-11	cc9e07fc4d1a		and_successive/census1881	20.4	fix issue 680 (#681)
2024-11-11	cc9e07fc4d1a		and_cardinality/census1881	19.8	fix issue 680 (#681)
2024-11-11	cc9e07fc4d1a		contains/census1881	4922.4	fix issue 680 (#681)
2024-11-11	cc9e07fc4d1a		iterate/census1881	2475.7	fix issue 680 (#681)
2024-11-11	cc9e07fc4d1a		to_array/census1881	118.3	fix issue 680 (#681)
2024-11-11	cc9e07fc4d1a		deserialize/census1881	346.4	fix issue 680 (#681)
2024-11-11	cc9e07fc4d1a		cardinality64/census1881	16.0	fix issue 680 (#681)
2024-11-11	cc9e07fc4d1a		iterate64/census1881	3357.2	fix issue 680 (#681)
2024-11-11	cc9e07fc4d1a		or_successive64/census1881	594.5	fix issue 680 (#681)
2024-11-11	cc9e07fc4d1a		or_successive/census-income	809.4	fix issue 680 (#681)
2024-11-11	cc9e07fc4d1a		and_successive/census-income	667.9	fix issue 680 (#681)
2024-11-11	cc9e07fc4d1a		and_cardinality/census-income	444.1	fix issue 680 (#681)
2024-11-11	cc9e07fc4d1a		contains/census-income	13983.9	fix issue 680 (#681)
2024-11-11	cc9e07fc4d1a		iterate/census-income	33677.4	fix issue 680 (#681)
2024-11-11	cc9e07fc4d1a		to_array/census-income	1354.3	fix issue 680 (#681)
2024-11-11	cc9e07fc4d1a		deserialize/census-income	120.5	fix issue 680 (#681)
2024-11-11	cc9e07fc4d1a		cardinality64/census-income	10.5	fix issue 680 (#681)
2024-11-11	cc9e07fc4d1a		iterate64/census-income	34099.5	fix issue 680 (#681)
2024-11-11	cc9e07fc4d1a		or_successive64/census-income	371.7	fix issue 680 (#681)
2024-11-11	cc9e07fc4d1a		or_successive/weather_sept_85	3272.4	fix issue 680 (#681)
2024-11-11	cc9e07fc4d1a		and_successive/weather_sept_85	2021.0	fix issue 680 (#681)
2024-11-11	cc9e07fc4d1a		and_cardinality/weather_sept_85	1606.3	fix issue 680 (#681)
2024-11-11	cc9e07fc4d1a		contains/weather_sept_85	17724.0	fix issue 680 (#681)
2024-11-11	cc9e07fc4d1a		iterate/weather_sept_85	61793.3	fix issue 680 (#681)
2024-11-11	cc9e07fc4d1a		to_array/weather_sept_85	5191.9	fix issue 680 (#681)
2024-11-11	cc9e07fc4d1a		deserialize/weather_sept_85	564.3	fix issue 680 (#681)
2024-11-11	cc9e07fc4d1a		cardinality64/weather_sept_85	30.6	fix issue 680 (#681)
2024-11-11	cc9e07fc4d1a		iterate64/weather_sept_85	65480.5	fix issue 680 (#681)
2024-11-11	cc9e07fc4d1a		or_successive64/weather_sept_85	1443.1	fix issue 680 (#681)
2024-11-22	bfba0296178e		or_successive/census1881	790.0	including roaring64.h in roaring.h (#673)
2024-11-22	bfba0296178e		and_successive/census1881	20.3	including roaring64.h in roaring.h (#673)
2024-11-22	bfba0296178e		and_cardinality/census1881	20.0	including roaring64.h in roaring.h (#673)
2024-11-22	bfba0296178e		contains/census1881	4904.0	including roaring64.h in roaring.h (#673)
2024-11-22	bfba0296178e		iterate/census1881	2471.5	including roaring64.h in roaring.h (#673)
2024-11-22	bfba0296178e		to_array/census1881	123.4	including roaring64.h in roaring.h (#673)
2024-11-22	bfba0296178e		deserialize/census1881	370.6	including roaring64.h in roaring.h (#673)
2024-11-22	bfba0296178e		cardinality64/census1881	16.0	including roaring64.h in roaring.h (#673)
2024-11-22	bfba0296178e		iterate64/census1881	3306.0	including roaring64.h in roaring.h (#673)
2024-11-22	bfba0296178e		or_successive64/census1881	588.4	including roaring64.h in roaring.h (#673)
2024-11-22	bfba0296178e		or_successive/census-income	807.1	including roaring64.h in roaring.h (#673)
2024-11-22	bfba0296178e		and_successive/census-income	670.9	including roaring64.h in roaring.h (#673)
2024-11-22	bfba0296178e		and_cardinality/census-income	452.7	including roaring64.h in roaring.h (#673)
2024-11-22	bfba0296178e		contains/census-income	14017.2	including roaring64.h in roaring.h (#673)
2024-11-22	bfba0296178e		iterate/census-income	33189.4	including roaring64.h in roaring.h (#673)
2024-11-22	bfba0296178e		to_array/census-income	1348.6	including roaring64.h in roaring.h (#673)
2024-11-22	bfba0296178e		deserialize/census-income	121.0	including roaring64.h in roaring.h (#673)
2024-11-22	bfba0296178e		cardinality64/census-income	10.4	including roaring64.h in roaring.h (#673)
2024-11-22	bfba0296178e		iterate64/census-income	33548.3	including roaring64.h in roaring.h (#673)
2024-11-22	bfba0296178e		or_successive64/census-income	371.8	including roaring64.h in roaring.h (#673)
2024-11-22	bfba0296178e		or_successive/weather_sept_85	3295.4	including roaring64.h in roaring.h (#673)
2024-11-22	bfba0296178e		and_successive/weather_sept_85	2025.2	including roaring64.h in roaring.h (#673)
2024-11-22	bfba0296178e		and_cardinality/weather_sept_85	1602.1	including roaring64.h in roaring.h (#673)
2024-11-22	bfba0296178e		contains/weather_sept_85	17845.3	including roaring64.h in roaring.h (#673)
2024-11-22	bfba0296178e		iterate/weather_sept_85	62614.9	including roaring64.h in roaring.h (#673)
2024-11-22	bfba0296178e		to_array/weather_sept_85	5207.9	including roaring64.h in roaring.h (#673)
2024-11-22	bfba0296178e		deserialize/weather_sept_85	564.7	including roaring64.h in roaring.h (#673)
2024-11-22	bfba0296178e		cardinality64/weather_sept_85	30.3	including roaring64.h in roaring.h (#673)
2024-11-22	bfba0296178e		iterate64/weather_sept_85	65609.0	including roaring64.h in roaring.h (#673)
2024-11-22	bfba0296178e		or_successive64/weather_sept_85	1445.9	including roaring64.h in roaring.h (#673)
2025-02-24	793edb78f794		or_successive/census1881	786.3	fix bitset_next_set_bits when called with non-word-aligned starts (#692)
2025-02-24	793edb78f794		and_successive/census1881	21.0	fix bitset_next_set_bits when called with non-word-aligned starts (#692)
2025-02-24	793edb78f794		and_cardinality/census1881	15.9	fix bitset_next_set_bits when called with non-word-aligned starts (#692)
2025-02-24	793edb78f794		contains/census1881	4924.7	fix bitset_next_set_bits when called with non-word-aligned starts (#692)
2025-02-24	793edb78f794		iterate/census1881	2492.1	fix bitset_next_set_bits when called with non-word-aligned starts (#692)
2025-02-24	793edb78f794		to_array/census1881	121.3	fix bitset_next_set_bits when called with non-word-aligned starts (#692)
2025-02-24	793edb78f794		deserialize/census1881	345.3	fix bitset_next_set_bits when called with non-word-aligned starts (#692)
2025-02-24	793edb78f794		cardinality64/census1881	15.6	fix bitset_next_set_bits when called with non-word-aligned starts (#692)
2025-02-24	793edb78f794		iterate64/census1881	3475.4	fix bitset_next_set_bits when called with non-word-aligned starts (#692)
2025-02-24	793edb78f794		or_successive64/census1881	588.4	fix bitset_next_set_bits when called with non-word-aligned starts (#692)
2025-02-24	793edb78f794		or_successive/census-income	810.9	fix bitset_next_set_bits when called with non-word-aligned starts (#692)
2025-02-24	793edb78f794		and_successive/census-income	663.9	fix bitset_next_set_bits when called with non-word-aligned starts (#692)
2025-02-24	793edb78f794		and_cardinality/census-income	440.8	fix bitset_next_set_bits when called with non-word-aligned starts (#692)
2025-02-24	793edb78f794		contains/census-income	14041.5	fix bitset_next_set_bits when called with non-word-aligned starts (#692)
2025-02-24	793edb78f794		iterate/census-income	34106.4	fix bitset_next_set_bits when called with non-word-aligned starts (#692)
2025-02-24	793edb78f794		to_array/census-income	1356.7	fix bitset_next_set_bits when called with non-word-aligned starts (#692)
2025-02-24	793edb78f794		deserialize/census-income	121.1	fix bitset_next_set_bits when called with non-word-aligned starts (#692)
2025-02-24	793edb78f794		cardinality64/census-income	10.6	fix bitset_next_set_bits when called with non-word-aligned starts (#692)
2025-02-24	793edb78f794		iterate64/census-income	34253.1	fix bitset_next_set_bits when called with non-word-aligned starts (#692)
2025-02-24	793edb78f794		or_successive64/census-income	373.9	fix bitset_next_set_bits when called with non-word-aligned starts (#692)
2025-02-24	793edb78f794		or_successive/weather_sept_85	3289.8	fix bitset_next_set_bits when called with non-word-aligned starts (#692)
2025-02-24	793edb78f794		and_successive/weather_sept_85	2031.9	fix bitset_next_set_bits when called with non-word-aligned starts (#692)
2025-02-24	793edb78f794		and_cardinality/weather_sept_85	1602.7	fix bitset_next_set_bits when called with non-word-aligned starts (#692)
2025-02-24	793edb78f794		contains/weather_sept_85	17708.4	fix bitset_next_set_bits when called with non-word-aligned starts (#692)
2025-02-24	793edb78f794		iterate/weather_sept_85	62319.8	fix bitset_next_set_bits when called with non-word-aligned starts (#692)
2025-02-24	793edb78f794		to_array/weather_sept_85	5207.8	fix bitset_next_set_bits when called with non-word-aligned starts (#692)
2025-02-24	793edb78f794		deserialize/weather_sept_85	560.6	fix bitset_next_set_bits when called with non-word-aligned starts (#692)
2025-02-24	793edb78f794		cardinality64/weather_sept_85	29.5	fix bitset_next_set_bits when called with non-word-aligned starts (#692)
2025-02-24	793edb78f794		iterate64/weather_sept_85	65034.3	fix bitset_next_set_bits when called with non-word-aligned starts (#692)
2025-02-24	793edb78f794		or_successive64/weather_sept_85	1444.5	fix bitset_next_set_bits when called with non-word-aligned starts (#692)
2025-02-24	cf9765f21ff8		or_successive/census1881	782.3	release 4.2.2
2025-02-24	cf9765f21ff8		and_successive/census1881	20.9	release 4.2.2
2025-02-24	cf9765f21ff8		and_cardinality/census1881	16.9	release 4.2.2
2025-02-24	cf9765f21ff8		contains/census1881	4942.6	release 4.2.2
2025-02-24	cf9765f21ff8		iterate/census1881	2469.5	release 4.2.2
2025-02-24	cf9765f21ff8		to_array/census1881	121.3	release 4.2.2
2025-02-24	cf9765f21ff8		deserialize/census1881	344.5	release 4.2.2
2025-02-24	cf9765f21ff8		cardinality64/census1881	15.1	release 4.2.2
2025-02-24	cf9765f21ff8		iterate64/census1881	3333.5	release 4.2.2
2025-02-24	cf9765f21ff8		or_successive64/census1881	595.5	release 4.2.2
2025-02-24	cf9765f21ff8		or_successive/census-income	816.4	release 4.2.2
2025-02-24	cf9765f21ff8		and_successive/census-income	666.7	release 4.2.2
2025-02-24	cf9765f21ff8		and_cardinality/census-income	442.3	release 4.2.2
2025-02-24	cf9765f21ff8		contains/census-income	14030.5	release 4.2.2
2025-02-24	cf9765f21ff8		iterate/census-income	33957.6	release 4.2.2
2025-02-24	cf9765f21ff8		to_array/census-income	1350.6	release 4.2.2
2025-02-24	cf9765f21ff8		deserialize/census-income	121.9	release 4.2.2
2025-02-24	cf9765f21ff8		cardinality64/census-income	10.3	release 4.2.2
2025-02-24	cf9765f21ff8		iterate64/census-income	34322.3	release 4.2.2
2025-02-24	cf9765f21ff8		or_successive64/census-income	374.2	release 4.2.2
2025-02-24	cf9765f21ff8		or_successive/weather_sept_85	3287.9	release 4.2.2
2025-02-24	cf9765f21ff8		and_successive/weather_sept_85	2031.9	release 4.2.2
2025-02-24	cf9765f21ff8		and_cardinality/weather_sept_85	1600.2	release 4.2.2
2025-02-24	cf9765f21ff8		contains/weather_sept_85	17728.0	release 4.2.2
2025-02-24	cf9765f21ff8		iterate/weather_sept_85	63069.0	release 4.2.2
2025-02-24	cf9765f21ff8		to_array/weather_sept_85	5207.3	release 4.2.2
2025-02-24	cf9765f21ff8		deserialize/weather_sept_85	567.4	release 4.2.2
2025-02-24	cf9765f21ff8		cardinality64/weather_sept_85	29.2	release 4.2.2
2025-02-24	cf9765f21ff8		iterate64/weather_sept_85	65124.9	release 4.2.2
2025-02-24	cf9765f21ff8		or_successive64/weather_sept_85	1449.0	release 4.2.2
2025-02-24	2a6878bf6333	v4.2.2	or_successive/census1881	787.0	defining the macro _GNU_SOURCE appears to create troubles in some cases. (#693)
2025-02-24	2a6878bf6333	v4.2.2	and_successive/census1881	20.9	defining the macro _GNU_SOURCE appears to create troubles in some cases. (#693)
2025-02-24	2a6878bf6333	v4.2.2	and_cardinality/census1881	17.5	defining the macro _GNU_SOURCE appears to create troubles in some cases. (#693)
2025-02-24	2a6878bf6333	v4.2.2	contains/census1881	4893.4	defining the macro _GNU_SOURCE appears to create troubles in some cases. (#693)
2025-02-24	2a6878bf6333	v4.2.2	iterate/census1881	2438.2	defining the macro _GNU_SOURCE appears to create troubles in some cases. (#693)
2025-02-24	2a6878bf6333	v4.2.2	to_array/census1881	116.3	defining the macro _GNU_SOURCE appears to create troubles in some cases. (#693)
2025-02-24	2a6878bf6333	v4.2.2	deserialize/census1881	343.6	defining the macro _GNU_SOURCE appears to create troubles in some cases. (#693)
2025-02-24	2a6878bf6333	v4.2.2	cardinality64/census1881	15.8	defining the macro _GNU_SOURCE appears to create troubles in some cases. (#693)
2025-02-24	2a6878bf6333	v4.2.2	iterate64/census1881	3475.4	defining the macro _GNU_SOURCE appears to create troubles in some cases. (#693)
2025-02-24	2a6878bf6333	v4.2.2	or_successive64/census1881	589.0	defining the macro _GNU_SOURCE appears to create troubles in some cases. (#693)
2025-02-24	2a6878bf6333	v4.2.2	or_successive/census-income	811.8	defining the macro _GNU_SOURCE appears to create troubles in some cases. (#693)
2025-02-24	2a6878bf6333	v4.2.2	and_successive/census-income	671.3	defining the macro _GNU_SOURCE appears to create troubles in some cases. (#693)
2025-02-24	2a6878bf6333	v4.2.2	and_cardinality/census-income	444.6	defining the macro _GNU_SOURCE appears to create troubles in some cases. (#693)
2025-02-24	2a6878bf6333	v4.2.2	contains/census-income	14024.6	defining the macro _GNU_SOURCE appears to create troubles in some cases. (#693)
2025-02-24	2a6878bf6333	v4.2.2	iterate/census-income	32932.6	defining the macro _GNU_SOURCE appears to create troubles in some cases. (#693)
2025-02-24	2a6878bf6333	v4.2.2	to_array/census-income	1339.7	defining the macro _GNU_SOURCE appears to create troubles in some cases. (#693)
2025-02-24	2a6878bf6333	v4.2.2	deserialize/census-income	120.4	defining the macro _GNU_SOURCE appears to create troubles in some cases. (#693)
2025-02-24	2a6878bf6333	v4.2.2	cardinality64/census-income	10.7	defining the macro _GNU_SOURCE appears to create troubles in some cases. (#693)
2025-02-24	2a6878bf6333	v4.2.2	iterate64/census-income	34479.1	defining the macro _GNU_SOURCE appears to create troubles in some cases. (#693)
2025-02-24	2a6878bf6333	v4.2.2	or_successive64/census-income	374.6	defining the macro _GNU_SOURCE appears to create troubles in some cases. (#693)
2025-02-24	2a6878bf6333	v4.2.2	or_successive/weather_sept_85	3284.2	defining the macro _GNU_SOURCE appears to create troubles in some cases. (#693)
2025-02-24	2a6878bf6333	v4.2.2	and_successive/weather_sept_85	2038.3	defining the macro _GNU_SOURCE appears to create troubles in some cases. (#693)
2025-02-24	2a6878bf6333	v4.2.2	and_cardinality/weather_sept_85	1610.5	defining the macro _GNU_SOURCE appears to create troubles in some cases. (#693)
2025-02-24	2a6878bf6333	v4.2.2	contains/weather_sept_85	17702.8	defining the macro _GNU_SOURCE appears to create troubles in some cases. (#693)
2025-02-24	2a6878bf6333	v4.2.2	iterate/weather_sept_85	62599.6	defining the macro _GNU_SOURCE appears to create troubles in some cases. (#693)
2025-02-24	2a6878bf6333	v4.2.2	to_array/weather_sept_85	5210.1	defining the macro _GNU_SOURCE appears to create troubles in some cases. (#693)
2025-02-24	2a6878bf6333	v4.2.2	deserialize/weather_sept_85	565.6	defining the macro _GNU_SOURCE appears to create troubles in some cases. (#693)
2025-02-24	2a6878bf6333	v4.2.2	cardinality64/weather_sept_85	28.2	defining the macro _GNU_SOURCE appears to create troubles in some cases. (#693)
2025-02-24	2a6878bf6333	v4.2.2	iterate64/weather_sept_85	65274.4	defining the macro _GNU_SOURCE appears to create troubles in some cases. (#693)
2025-02-24	2a6878bf6333	v4.2.2	or_successive64/weather_sept_85	1447.2	defining the macro _GNU_SOURCE appears to create troubles in some cases. (#693)
2025-02-26	46fc34aeb9b0		or_successive/census1881	784.1	let us try removing _XOPEN_SOURCE (#695)
2025-02-26	46fc34aeb9b0		and_successive/census1881	21.0	let us try removing _XOPEN_SOURCE (#695)
2025-02-26	46fc34aeb9b0		and_cardinality/census1881	15.7	let us try removing _XOPEN_SOURCE (#695)
2025-02-26	46fc34aeb9b0		contains/census1881	4921.8	let us try removing _XOPEN_SOURCE (#695)
2025-02-26	46fc34aeb9b0		iterate/census1881	2438.7	let us try removing _XOPEN_SOURCE (#695)
2025-02-26	46fc34aeb9b0		to_array/census1881	119.2	let us try removing _XOPEN_SOURCE (#695)
2025-02-26	46fc34aeb9b0		deserialize/census1881	370.4	let us try removing _XOPEN_SOURCE (#695)
2025-02-26	46fc34aeb9b0		cardinality64/census1881	21.9	let us try removing _XOPEN_SOURCE (#695)
2025-02-26	46fc34aeb9b0		iterate64/census1881	3293.7	let us try removing _XOPEN_SOURCE (#695)
2025-02-26	46fc34aeb9b0		or_successive64/census1881	578.1	let us try removing _XOPEN_SOURCE (#695)
2025-02-26	46fc34aeb9b0		or_successive/census-income	807.9	let us try removing _XOPEN_SOURCE (#695)
2025-02-26	46fc34aeb9b0		and_successive/census-income	665.8	let us try removing _XOPEN_SOURCE (#695)
2025-02-26	46fc34aeb9b0		and_cardinality/census-income	439.7	let us try removing _XOPEN_SOURCE (#695)
2025-02-26	46fc34aeb9b0		contains/census-income	14069.7	let us try removing _XOPEN_SOURCE (#695)
2025-02-26	46fc34aeb9b0		iterate/census-income	33517.5	let us try removing _XOPEN_SOURCE (#695)
2025-02-26	46fc34aeb9b0		to_array/census-income	1349.4	let us try removing _XOPEN_SOURCE (#695)
2025-02-26	46fc34aeb9b0		deserialize/census-income	122.2	let us try removing _XOPEN_SOURCE (#695)
2025-02-26	46fc34aeb9b0		cardinality64/census-income	10.7	let us try removing _XOPEN_SOURCE (#695)
2025-02-26	46fc34aeb9b0		iterate64/census-income	34862.3	let us try removing _XOPEN_SOURCE (#695)
2025-02-26	46fc34aeb9b0		or_successive64/census-income	372.4	let us try removing _XOPEN_SOURCE (#695)
2025-02-26	46fc34aeb9b0		or_successive/weather_sept_85	3274.8	let us try removing _XOPEN_SOURCE (#695)
2025-02-26	46fc34aeb9b0		and_successive/weather_sept_85	2025.6	let us try removing _XOPEN_SOURCE (#695)
2025-02-26	46fc34aeb9b0		and_cardinality/weather_sept_85	1604.9	let us try removing _XOPEN_SOURCE (#695)
2025-02-26	46fc34aeb9b0		contains/weather_sept_85	17783.4	let us try removing _XOPEN_SOURCE (#695)
2025-02-26	46fc34aeb9b0		iterate/weather_sept_85	62569.9	let us try removing _XOPEN_SOURCE (#695)
2025-02-26	46fc34aeb9b0		to_array/weather_sept_85	5205.5	let us try removing _XOPEN_SOURCE (#695)
2025-02-26	46fc34aeb9b0		deserialize/weather_sept_85	563.8	let us try removing _XOPEN_SOURCE (#695)
2025-02-26	46fc34aeb9b0		cardinality64/weather_sept_85	28.3	let us try removing _XOPEN_SOURCE (#695)
2025-02-26	46fc34aeb9b0		iterate64/weather_sept_85	66494.4	let us try removing _XOPEN_SOURCE (#695)
2025-02-26	46fc34aeb9b0		or_successive64/weather_sept_85	1448.0	let us try removing _XOPEN_SOURCE (#695)
2025-02-26	cb167bf3b869	v4.2.3	or_successive/census1881	788.0	v4.2.3
2025-02-26	cb167bf3b869	v4.2.3	and_successive/census1881	20.8	v4.2.3
2025-02-26	cb167bf3b869	v4.2.3	and_cardinality/census1881	16.1	v4.2.3
2025-02-26	cb167bf3b869	v4.2.3	contains/census1881	4925.1	v4.2.3
2025-02-26	cb167bf3b869	v4.2.3	iterate/census1881	2527.0	v4.2.3
2025-02-26	cb167bf3b869	v4.2.3	to_array/census1881	119.2	v4.2.3
2025-02-26	cb167bf3b869	v4.2.3	deserialize/census1881	348.8	v4.2.3
2025-02-26	cb167bf3b869	v4.2.3	cardinality64/census1881	15.3	v4.2.3
2025-02-26	cb167bf3b869	v4.2.3	iterate64/census1881	3317.8	v4.2.3
2025-02-26	cb167bf3b869	v4.2.3	or_successive64/census1881	588.8	v4.2.3
2025-02-26	cb167bf3b869	v4.2.3	or_successive/census-income	809.0	v4.2.3
2025-02-26	cb167bf3b869	v4.2.3	and_successive/census-income	665.7	v4.2.3
2025-02-26	cb167bf3b869	v4.2.3	and_cardinality/census-income	446.5	v4.2.3
2025-02-26	cb167bf3b869	v4.2.3	contains/census-income	14029.4	v4.2.3
2025-02-26	cb167bf3b869	v4.2.3	iterate/census-income	34168.0	v4.2.3
2025-02-26	cb167bf3b869	v4.2.3	to_array/census-income	1353.7	v4.2.3
2025-02-26	cb167bf3b869	v4.2.3	deserialize/census-income	120.9	v4.2.3
2025-02-26	cb167bf3b869	v4.2.3	cardinality64/census-income	10.4	v4.2.3
2025-02-26	cb167bf3b869	v4.2.3	iterate64/census-income	34535.1	v4.2.3
2025-02-26	cb167bf3b869	v4.2.3	or_successive64/census-income	368.2	v4.2.3
2025-02-26	cb167bf3b869	v4.2.3	or_successive/weather_sept_85	3282.4	v4.2.3
2025-02-26	cb167bf3b869	v4.2.3	and_successive/weather_sept_85	2030.1	v4.2.3
2025-02-26	cb167bf3b869	v4.2.3	and_cardinality/weather_sept_85	1609.4	v4.2.3
2025-02-26	cb167bf3b869	v4.2.3	contains/weather_sept_85	17759.6	v4.2.3
2025-02-26	cb167bf3b869	v4.2.3	iterate/weather_sept_85	62044.2	v4.2.3
2025-02-26	cb167bf3b869	v4.2.3	to_array/weather_sept_85	5218.7	v4.2.3
2025-02-26	cb167bf3b869	v4.2.3	deserialize/weather_sept_85	566.0	v4.2.3
2025-02-26	cb167bf3b869	v4.2.3	cardinality64/weather_sept_85	29.7	v4.2.3
2025-02-26	cb167bf3b869	v4.2.3	iterate64/weather_sept_85	65898.8	v4.2.3
2025-02-26	cb167bf3b869	v4.2.3	or_successive64/weather_sept_85	1441.7	v4.2.3
2025-02-27	34b2271fd559		or_successive/census1881	781.7	trying to remove remaining mysterious defines (#696)
2025-02-27	34b2271fd559		and_successive/census1881	20.9	trying to remove remaining mysterious defines (#696)
2025-02-27	34b2271fd559		and_cardinality/census1881	17.2	trying to remove remaining mysterious defines (#696)
2025-02-27	34b2271fd559		contains/census1881	4918.4	trying to remove remaining mysterious defines (#696)
2025-02-27	34b2271fd559		iterate/census1881	2446.7	trying to remove remaining mysterious defines (#696)
2025-02-27	34b2271fd559		to_array/census1881	118.1	trying to remove remaining mysterious defines (#696)
2025-02-27	34b2271fd559		deserialize/census1881	346.2	trying to remove remaining mysterious defines (#696)
2025-02-27	34b2271fd559		cardinality64/census1881	15.3	trying to remove remaining mysterious defines (#696)
2025-02-27	34b2271fd559		iterate64/census1881	3309.8	trying to remove remaining mysterious defines (#696)
2025-02-27	34b2271fd559		or_successive64/census1881	595.9	trying to remove remaining mysterious defines (#696)
2025-02-27	34b2271fd559		or_successive/census-income	810.7	trying to remove remaining mysterious defines (#696)
2025-02-27	34b2271fd559		and_successive/census-income	668.8	trying to remove remaining mysterious defines (#696)
2025-02-27	34b2271fd559		and_cardinality/census-income	441.4	trying to remove remaining mysterious defines (#696)
2025-02-27	34b2271fd559		contains/census-income	14004.3	trying to remove remaining mysterious defines (#696)
2025-02-27	34b2271fd559		iterate/census-income	33318.1	trying to remove remaining mysterious defines (#696)
2025-02-27	34b2271fd559		to_array/census-income	1346.0	trying to remove remaining mysterious defines (#696)
2025-02-27	34b2271fd559		deserialize/census-income	122.3	trying to remove remaining mysterious defines (#696)
2025-02-27	34b2271fd559		cardinality64/census-income	10.5	trying to remove remaining mysterious defines (#696)
2025-02-27	34b2271fd559		iterate64/census-income	35355.9	trying to remove remaining mysterious defines (#696)
2025-02-27	34b2271fd559		or_successive64/census-income	371.7	trying to remove remaining mysterious defines (#696)
2025-02-27	34b2271fd559		or_successive/weather_sept_85	3291.8	trying to remove remaining mysterious defines (#696)
2025-02-27	34b2271fd559		and_successive/weather_sept_85	2030.8	trying to remove remaining mysterious defines (#696)
2025-02-27	34b2271fd559		and_cardinality/weather_sept_85	1611.8	trying to remove remaining mysterious defines (#696)
2025-02-27	34b2271fd559		contains/weather_sept_85	17792.4	trying to remove remaining mysterious defines (#696)
2025-02-27	34b2271fd559		iterate/weather_sept_85	62368.0	trying to remove remaining mysterious defines (#696)
2025-02-27	34b2271fd559		to_array/weather_sept_85	5203.0	trying to remove remaining mysterious defines (#696)
2025-02-27	34b2271fd559		deserialize/weather_sept_85	561.8	trying to remove remaining mysterious defines (#696)
2025-02-27	34b2271fd559		cardinality64/weather_sept_85	30.2	trying to remove remaining mysterious defines (#696)
2025-02-27	34b2271fd559		iterate64/weather_sept_85	65722.3	trying to remove remaining mysterious defines (#696)
2025-02-27	34b2271fd559		or_successive64/weather_sept_85	1451.5	trying to remove remaining mysterious defines (#696)
2025-02-28	f30bfa90848e		or_successive/census1881	831.7	Add frozen support to roaring64 (#688)
2025-02-28	f30bfa90848e		and_successive/census1881	20.2	Add frozen support to roaring64 (#688)
2025-02-28	f30bfa90848e		and_cardinality/census1881	15.9	Add frozen support to roaring64 (#688)
2025-02-28	f30bfa90848e		contains/census1881	4918.5	Add frozen support to roaring64 (#688)
2025-02-28	f30bfa90848e		iterate/census1881	2468.3	Add frozen support to roaring64 (#688)
2025-02-28	f30bfa90848e		to_array/census1881	122.2	Add frozen support to roaring64 (#688)
2025-02-28	f30bfa90848e		deserialize/census1881	345.4	Add frozen support to roaring64 (#688)
2025-02-28	f30bfa90848e		cardinality64/census1881	17.8	Add frozen support to roaring64 (#688)
2025-02-28	f30bfa90848e		iterate64/census1881	3576.0	Add frozen support to roaring64 (#688)
2025-02-28	f30bfa90848e		or_successive64/census1881	1002.5	Add frozen support to roaring64 (#688)
2025-02-28	f30bfa90848e		or_successive/census-income	824.1	Add frozen support to roaring64 (#688)
2025-02-28	f30bfa90848e		and_successive/census-income	669.9	Add frozen support to roaring64 (#688)
2025-02-28	f30bfa90848e		and_cardinality/census-income	446.1	Add frozen support to roaring64 (#688)
2025-02-28	f30bfa90848e		contains/census-income	14071.9	Add frozen support to roaring64 (#688)
2025-02-28	f30bfa90848e		iterate/census-income	33373.2	Add frozen support to roaring64 (#688)
2025-02-28	f30bfa90848e		to_array/census-income	1340.9	Add frozen support to roaring64 (#688)
2025-02-28	f30bfa90848e		deserialize/census-income	120.4	Add frozen support to roaring64 (#688)
2025-02-28	f30bfa90848e		cardinality64/census-income	12.2	Add frozen support to roaring64 (#688)
2025-02-28	f30bfa90848e		iterate64/census-income	34456.8	Add frozen support to roaring64 (#688)
2025-02-28	f30bfa90848e		or_successive64/census-income	396.2	Add frozen support to roaring64 (#688)
2025-02-28	f30bfa90848e		or_successive/weather_sept_85	3308.3	Add frozen support to roaring64 (#688)
2025-02-28	f30bfa90848e		and_successive/weather_sept_85	2039.1	Add frozen support to roaring64 (#688)
2025-02-28	f30bfa90848e		and_cardinality/weather_sept_85	1596.8	Add frozen support to roaring64 (#688)
2025-02-28	f30bfa90848e		contains/weather_sept_85	17788.1	Add frozen support to roaring64 (#688)
2025-02-28	f30bfa90848e		iterate/weather_sept_85	61974.4	Add frozen support to roaring64 (#688)
2025-02-28	f30bfa90848e		to_array/weather_sept_85	5215.0	Add frozen support to roaring64 (#688)
2025-02-28	f30bfa90848e		deserialize/weather_sept_85	571.1	Add frozen support to roaring64 (#688)
2025-02-28	f30bfa90848e		cardinality64/weather_sept_85	36.0	Add frozen support to roaring64 (#688)
2025-02-28	f30bfa90848e		iterate64/weather_sept_85	65923.3	Add frozen support to roaring64 (#688)
2025-02-28	f30bfa90848e		or_successive64/weather_sept_85	1447.7	Add frozen support to roaring64 (#688)
2025-02-28	4404dcedd1c6	v4.3.0	or_successive/census1881	820.3	v4.3.0
2025-02-28	4404dcedd1c6	v4.3.0	and_successive/census1881	19.8	v4.3.0
2025-02-28	4404dcedd1c6	v4.3.0	and_cardinality/census1881	16.0	v4.3.0
2025-02-28	4404dcedd1c6	v4.3.0	contains/census1881	4956.6	v4.3.0
2025-02-28	4404dcedd1c6	v4.3.0	iterate/census1881	2429.1	v4.3.0
2025-02-28	4404dcedd1c6	v4.3.0	to_array/census1881	120.7	v4.3.0
2025-02-28	4404dcedd1c6	v4.3.0	deserialize/census1881	350.0	v4.3.0
2025-02-28	4404dcedd1c6	v4.3.0	cardinality64/census1881	17.5	v4.3.0
2025-02-28	4404dcedd1c6	v4.3.0	iterate64/census1881	3581.5	v4.3.0
2025-02-28	4404dcedd1c6	v4.3.0	or_successive64/census1881	1010.2	v4.3.0
2025-02-28	4404dcedd1c6	v4.3.0	or_successive/census-income	824.6	v4.3.0
2025-02-28	4404dcedd1c6	v4.3.0	and_successive/census-income	666.3	v4.3.0
2025-02-28	4404dcedd1c6	v4.3.0	and_cardinality/census-income	454.1	v4.3.0
2025-02-28	4404dcedd1c6	v4.3.0	contains/census-income	13963.6	v4.3.0
2025-02-28	4404dcedd1c6	v4.3.0	iterate/census-income	33491.1	v4.3.0
2025-02-28	4404dcedd1c6	v4.3.0	to_array/census-income	1335.4	v4.3.0
2025-02-28	4404dcedd1c6	v4.3.0	deserialize/census-income	121.3	v4.3.0
2025-02-28	4404dcedd1c6	v4.3.0	cardinality64/census-income	12.2	v4.3.0
2025-02-28	4404dcedd1c6	v4.3.0	iterate64/census-income	34282.2	v4.3.0
2025-02-28	4404dcedd1c6	v4.3.0	or_successive64/census-income	395.1	v4.3.0
2025-02-28	4404dcedd1c6	v4.3.0	or_successive/weather_sept_85	3317.4	v4.3.0
2025-02-28	4404dcedd1c6	v4.3.0	and_successive/weather_sept_85	2046.8	v4.3.0
2025-02-28	4404dcedd1c6	v4.3.0	and_cardinality/weather_sept_85	1600.7	v4.3.0
2025-02-28	4404dcedd1c6	v4.3.0	contains/weather_sept_85	17819.2	v4.3.0
2025-02-28	4404dcedd1c6	v4.3.0	iterate/weather_sept_85	61286.2	v4.3.0
2025-02-28	4404dcedd1c6	v4.3.0	to_array/weather_sept_85	5216.4	v4.3.0
2025-02-28	4404dcedd1c6	v4.3.0	deserialize/weather_sept_85	568.0	v4.3.0
2025-02-28	4404dcedd1c6	v4.3.0	cardinality64/weather_sept_85	35.3	v4.3.0
2025-02-28	4404dcedd1c6	v4.3.0	iterate64/weather_sept_85	65711.7	v4.3.0
2025-02-28	4404dcedd1c6	v4.3.0	or_successive64/weather_sept_85	1470.2	v4.3.0
2025-03-14	acf85afa37ab		or_successive/census1881	812.7	fix: remove container from roaring64 when removing last item in container (#700)
2025-03-14	acf85afa37ab		and_successive/census1881	20.4	fix: remove container from roaring64 when removing last item in container (#700)
2025-03-14	acf85afa37ab		and_cardinality/census1881	21.3	fix: remove container from roaring64 when removing last item in container (#700)
2025-03-14	acf85afa37ab		contains/census1881	4857.7	fix: remove container from roaring64 when removing last item in container (#700)
2025-03-14	acf85afa37ab		iterate/census1881	2467.7	fix: remove container from roaring64 when removing last item in container (#700)
2025-03-14	acf85afa37ab		to_array/census1881	120.1	fix: remove container from roaring64 when removing last item in container (#700)
2025-03-14	acf85afa37ab		deserialize/census1881	350.0	fix: remove container from roaring64 when removing last item in container (#700)
2025-03-14	acf85afa37ab		cardinality64/census1881	17.6	fix: remove container from roaring64 when removing last item in container (#700)
2025-03-14	acf85afa37ab		iterate64/census1881	3682.0	fix: remove container from roaring64 when removing last item in container (#700)
2025-03-14	acf85afa37ab		or_successive64/census1881	1104.5	fix: remove container from roaring64 when removing last item in container (#700)
2025-03-14	acf85afa37ab		or_successive/census-income	807.8	fix: remove container from roaring64 when removing last item in container (#700)
2025-03-14	acf85afa37ab		and_successive/census-income	668.0	fix: remove container from roaring64 when removing last item in container (#700)
2025-03-14	acf85afa37ab		and_cardinality/census-income	442.4	fix: remove container from roaring64 when removing last item in container (#700)
2025-03-14	acf85afa37ab		contains/census-income	14135.9	fix: remove container from roaring64 when removing last item in container (#700)
2025-03-14	acf85afa37ab		iterate/census-income	34179.4	fix: remove container from roaring64 when removing last item in container (#700)
2025-03-14	acf85afa37ab		to_array/census-income	1344.4	fix: remove container from roaring64 when removing last item in container (#700)
2025-03-14	acf85afa37ab		deserialize/census-income	120.0	fix: remove container from roaring64 when removing last item in container (#700)
2025-03-14	acf85afa37ab		cardinality64/census-income	12.6	fix: remove container from roaring64 when removing last item in container (#700)
2025-03-14	acf85afa37ab		iterate64/census-income	33845.2	fix: remove container from roaring64 when removing last item in container (#700)
2025-03-14	acf85afa37ab		or_successive64/census-income	395.0	fix: remove container from roaring64 when removing last item in container (#700)
2025-03-14	acf85afa37ab		or_successive/weather_sept_85	3318.1	fix: remove container from roaring64 when removing last item in container (#700)
2025-03-14	acf85afa37ab		and_successive/weather_sept_85	2041.6	fix: remove container from roaring64 when removing last item in container (#700)
2025-03-14	acf85afa37ab		and_cardinality/weather_sept_85	1601.4	fix: remove container from roaring64 when removing last item in container (#700)
2025-03-14	acf85afa37ab		contains/weather_sept_85	17884.5	fix: remove container from roaring64 when removing last item in container (#700)
2025-03-14	acf85afa37ab		iterate/weather_sept_85	61805.9	fix: remove container from roaring64 when removing last item in container (#700)
2025-03-14	acf85afa37ab		to_array/weather_sept_85	5217.5	fix: remove container from roaring64 when removing last item in container (#700)
2025-03-14	acf85afa37ab		deserialize/weather_sept_85	566.0	fix: remove container from roaring64 when removing last item in container (#700)
2025-03-14	acf85afa37ab		cardinality64/weather_sept_85	34.8	fix: remove container from roaring64 when removing last item in container (#700)
2025-03-14	acf85afa37ab		iterate64/weather_sept_85	66978.4	fix: remove container from roaring64 when removing last item in container (#700)
2025-03-14	acf85afa37ab		or_successive64/weather_sept_85	1466.5	fix: remove container from roaring64 when removing last item in container (#700)
2025-03-14	fd520e1d60e3		or_successive/census1881	815.3	perf: speed up roaring_bitmap_remove (#699)
2025-03-14	fd520e1d60e3		and_successive/census1881	21.3	perf: speed up roaring_bitmap_remove (#699)
2025-03-14	fd520e1d60e3		and_cardinality/census1881	15.5	perf: speed up roaring_bitmap_remove (#699)
2025-03-14	fd520e1d60e3		contains/census1881	4925.6	perf: speed up roaring_bitmap_remove (#699)
2025-03-14	fd520e1d60e3		iterate/census1881	2437.0	perf: speed up roaring_bitmap_remove (#699)
2025-03-14	fd520e1d60e3		to_array/census1881	119.4	perf: speed up roaring_bitmap_remove (#699)
2025-03-14	fd520e1d60e3		deserialize/census1881	346.7	perf: speed up roaring_bitmap_remove (#699)
2025-03-14	fd520e1d60e3		cardinality64/census1881	18.0	perf: speed up roaring_bitmap_remove (#699)
2025-03-14	fd520e1d60e3		iterate64/census1881	3594.0	perf: speed up roaring_bitmap_remove (#699)
2025-03-14	fd520e1d60e3		or_successive64/census1881	1004.1	perf: speed up roaring_bitmap_remove (#699)
2025-03-14	fd520e1d60e3		or_successive/census-income	820.4	perf: speed up roaring_bitmap_remove (#699)
2025-03-14	fd520e1d60e3		and_successive/census-income	671.4	perf: speed up roaring_bitmap_remove (#699)
2025-03-14	fd520e1d60e3		and_cardinality/census-income	446.7	perf: speed up roaring_bitmap_remove (#699)
2025-03-14	fd520e1d60e3		contains/census-income	14061.5	perf: speed up roaring_bitmap_remove (#699)
2025-03-14	fd520e1d60e3		iterate/census-income	33450.5	perf: speed up roaring_bitmap_remove (#699)
2025-03-14	fd520e1d60e3		to_array/census-income	1354.4	perf: speed up roaring_bitmap_remove (#699)
2025-03-14	fd520e1d60e3		deserialize/census-income	119.9	perf: speed up roaring_bitmap_remove (#699)
2025-03-14	fd520e1d60e3		cardinality64/census-income	12.3	perf: speed up roaring_bitmap_remove (#699)
2025-03-14	fd520e1d60e3		iterate64/census-income	34345.9	perf: speed up roaring_bitmap_remove (#699)
2025-03-14	fd520e1d60e3		or_successive64/census-income	415.2	perf: speed up roaring_bitmap_remove (#699)
2025-03-14	fd520e1d60e3		or_successive/weather_sept_85	3335.7	perf: speed up roaring_bitmap_remove (#699)
2025-03-14	fd520e1d60e3		and_successive/weather_sept_85	2046.1	perf: speed up roaring_bitmap_remove (#699)
2025-03-14	fd520e1d60e3		and_cardinality/weather_sept_85	1604.0	perf: speed up roaring_bitmap_remove (#699)
2025-03-14	fd520e1d60e3		contains/weather_sept_85	17880.1	perf: speed up roaring_bitmap_remove (#699)
2025-03-14	fd520e1d60e3		iterate/weather_sept_85	62227.8	perf: speed up roaring_bitmap_remove (#699)
2025-03-14	fd520e1d60e3		to_array/weather_sept_85	5204.9	perf: speed up roaring_bitmap_remove (#699)
2025-03-14	fd520e1d60e3		deserialize/weather_sept_85	569.2	perf: speed up roaring_bitmap_remove (#699)
2025-03-14	fd520e1d60e3		cardinality64/weather_sept_85	35.6	perf: speed up roaring_bitmap_remove (#699)
2025-03-14	fd520e1d60e3		iterate64/weather_sept_85	66052.8	perf: speed up roaring_bitmap_remove (#699)
2025-03-14	fd520e1d60e3		or_successive64/weather_sept_85	1457.5	perf: speed up roaring_bitmap_remove (#699)
2025-03-14	2ee133df883c		or_successive/census1881	812.0	fix: check required alignment in roaring64_bitmap_frozen_view (#698)
2025-03-14	2ee133df883c		and_successive/census1881	20.8	fix: check required alignment in roaring64_bitmap_frozen_view (#698)
2025-03-14	2ee133df883c		and_cardinality/census1881	15.9	fix: check required alignment in roaring64_bitmap_frozen_view (#698)
2025-03-14	2ee133df883c		contains/census1881	4902.6	fix: check required alignment in roaring64_bitmap_frozen_view (#698)
2025-03-14	2ee133df883c		iterate/census1881	2428.5	fix: check required alignment in roaring64_bitmap_frozen_view (#698)
2025-03-14	2ee133df883c		to_array/census1881	120.2	fix: check required alignment in roaring64_bitmap_frozen_view (#698)
2025-03-14	2ee133df883c		deserialize/census1881	345.6	fix: check required alignment in roaring64_bitmap_frozen_view (#698)
2025-03-14	2ee133df883c		cardinality64/census1881	19.3	fix: check required alignment in roaring64_bitmap_frozen_view (#698)
2025-03-14	2ee133df883c		iterate64/census1881	3608.3	fix: check required alignment in roaring64_bitmap_frozen_view (#698)
2025-03-14	2ee133df883c		or_successive64/census1881	1011.0	fix: check required alignment in roaring64_bitmap_frozen_view (#698)
2025-03-14	2ee133df883c		or_successive/census-income	816.2	fix: check required alignment in roaring64_bitmap_frozen_view (#698)
2025-03-14	2ee133df883c		and_successive/census-income	672.8	fix: check required alignment in roaring64_bitmap_frozen_view (#698)
2025-03-14	2ee133df883c		and_cardinality/census-income	456.8	fix: check required alignment in roaring64_bitmap_frozen_view (#698)
2025-03-14	2ee133df883c		contains/census-income	14079.8	fix: check required alignment in roaring64_bitmap_frozen_view (#698)
2025-03-14	2ee133df883c		iterate/census-income	34195.0	fix: check required alignment in roaring64_bitmap_frozen_view (#698)
2025-03-14	2ee133df883c		to_array/census-income	1344.8	fix: check required alignment in roaring64_bitmap_frozen_view (#698)
2025-03-14	2ee133df883c		deserialize/census-income	120.3	fix: check required alignment in roaring64_bitmap_frozen_view (#698)
2025-03-14	2ee133df883c		cardinality64/census-income	13.8	fix: check required alignment in roaring64_bitmap_frozen_view (#698)
2025-03-14	2ee133df883c		iterate64/census-income	106118.2	fix: check required alignment in roaring64_bitmap_frozen_view (#698)
2025-03-14	2ee133df883c		or_successive64/census-income	397.5	fix: check required alignment in roaring64_bitmap_frozen_view (#698)
2025-03-14	2ee133df883c		or_successive/weather_sept_85	3322.8	fix: check required alignment in roaring64_bitmap_frozen_view (#698)
2025-03-14	2ee133df883c		and_successive/weather_sept_85	2037.9	fix: check required alignment in roaring64_bitmap_frozen_view (#698)
2025-03-14	2ee133df883c		and_cardinality/weather_sept_85	1597.1	fix: check required alignment in roaring64_bitmap_frozen_view (#698)
2025-03-14	2ee133df883c		contains/weather_sept_85	17858.8	fix: check required alignment in roaring64_bitmap_frozen_view (#698)
2025-03-14	2ee133df883c		iterate/weather_sept_85	61764.6	fix: check required alignment in roaring64_bitmap_frozen_view (#698)
2025-03-14	2ee133df883c		to_array/weather_sept_85	5224.6	fix: check required alignment in roaring64_bitmap_frozen_view (#698)
2025-03-14	2ee133df883c		deserialize/weather_sept_85	565.6	fix: check required alignment in roaring64_bitmap_frozen_view (#698)
2025-03-14	2ee133df883c		cardinality64/weather_sept_85	37.0	fix: check required alignment in roaring64_bitmap_frozen_view (#698)
2025-03-14	2ee133df883c		iterate64/weather_sept_85	65541.9	fix: check required alignment in roaring64_bitmap_frozen_view (#698)
2025-03-14	2ee133df883c		or_successive64/weather_sept_85	1457.1	fix: check required alignment in roaring64_bitmap_frozen_view (#698)
2025-03-14	50416d31339a	v4.3.1	or_successive/census1881	825.1	v4.3.1
2025-03-14	50416d31339a	v4.3.1	and_successive/census1881	21.2	v4.3.1
2025-03-14	50416d31339a	v4.3.1	and_cardinality/census1881	16.2	v4.3.1
2025-03-14	50416d31339a	v4.3.1	contains/census1881	4934.5	v4.3.1
2025-03-14	50416d31339a	v4.3.1	iterate/census1881	2415.2	v4.3.1
2025-03-14	50416d31339a	v4.3.1	to_array/census1881	121.2	v4.3.1
2025-03-14	50416d31339a	v4.3.1	deserialize/census1881	347.0	v4.3.1
2025-03-14	50416d31339a	v4.3.1	cardinality64/census1881	17.0	v4.3.1
2025-03-14	50416d31339a	v4.3.1	iterate64/census1881	3597.1	v4.3.1
2025-03-14	50416d31339a	v4.3.1	or_successive64/census1881	1009.6	v4.3.1
2025-03-14	50416d31339a	v4.3.1	or_successive/census-income	819.8	v4.3.1
2025-03-14	50416d31339a	v4.3.1	and_successive/census-income	669.0	v4.3.1
2025-03-14	50416d31339a	v4.3.1	and_cardinality/census-income	456.1	v4.3.1
2025-03-14	50416d31339a	v4.3.1	contains/census-income	14108.7	v4.3.1
2025-03-14	50416d31339a	v4.3.1	iterate/census-income	34018.8	v4.3.1
2025-03-14	50416d31339a	v4.3.1	to_array/census-income	1338.3	v4.3.1
2025-03-14	50416d31339a	v4.3.1	deserialize/census-income	120.0	v4.3.1
2025-03-14	50416d31339a	v4.3.1	cardinality64/census-income	12.3	v4.3.1
2025-03-14	50416d31339a	v4.3.1	iterate64/census-income	34160.6	v4.3.1
2025-03-14	50416d31339a	v4.3.1	or_successive64/census-income	395.1	v4.3.1
2025-03-14	50416d31339a	v4.3.1	or_successive/weather_sept_85	3333.9	v4.3.1
2025-03-14	50416d31339a	v4.3.1	and_successive/weather_sept_85	2042.2	v4.3.1
2025-03-14	50416d31339a	v4.3.1	and_cardinality/weather_sept_85	1599.2	v4.3.1
2025-03-14	50416d31339a	v4.3.1	contains/weather_sept_85	17796.7	v4.3.1
2025-03-14	50416d31339a	v4.3.1	iterate/weather_sept_85	62134.3	v4.3.1
2025-03-14	50416d31339a	v4.3.1	to_array/weather_sept_85	5207.7	v4.3.1
2025-03-14	50416d31339a	v4.3.1	deserialize/weather_sept_85	568.8	v4.3.1
2025-03-14	50416d31339a	v4.3.1	cardinality64/weather_sept_85	35.9	v4.3.1
2025-03-14	50416d31339a	v4.3.1	iterate64/weather_sept_85	65651.2	v4.3.1
2025-03-14	50416d31339a	v4.3.1	or_successive64/weather_sept_85	1459.5	v4.3.1
2025-03-14	b2fa92917178		or_successive/census1881	809.9	Update vs17-arm-ci.yml
2025-03-14	b2fa92917178		and_successive/census1881	20.7	Update vs17-arm-ci.yml
2025-03-14	b2fa92917178		and_cardinality/census1881	16.4	Update vs17-arm-ci.yml
2025-03-14	b2fa92917178		contains/census1881	4836.4	Update vs17-arm-ci.yml
2025-03-14	b2fa92917178		iterate/census1881	2431.8	Update vs17-arm-ci.yml
2025-03-14	b2fa92917178		to_array/census1881	119.7	Update vs17-arm-ci.yml
2025-03-14	b2fa92917178		deserialize/census1881	348.3	Update vs17-arm-ci.yml
2025-03-14	b2fa92917178		cardinality64/census1881	17.9	Update vs17-arm-ci.yml
2025-03-14	b2fa92917178		iterate64/census1881	3613.0	Update vs17-arm-ci.yml
2025-03-14	b2fa92917178		or_successive64/census1881	1004.6	Update vs17-arm-ci.yml
2025-03-14	b2fa92917178		or_successive/census-income	829.0	Update vs17-arm-ci.yml
2025-03-14	b2fa92917178		and_successive/census-income	671.3	Update vs17-arm-ci.yml
2025-03-14	b2fa92917178		and_cardinality/census-income	453.2	Update vs17-arm-ci.yml
2025-03-14	b2fa92917178		contains/census-income	14168.6	Update vs17-arm-ci.yml
2025-03-14	b2fa92917178		iterate/census-income	33550.5	Update vs17-arm-ci.yml
2025-03-14	b2fa92917178		to_array/census-income	1345.7	Update vs17-arm-ci.yml
2025-03-14	b2fa92917178		deserialize/census-income	122.1	Update vs17-arm-ci.yml
2025-03-14	b2fa92917178		cardinality64/census-income	12.1	Update vs17-arm-ci.yml
2025-03-14	b2fa92917178		iterate64/census-income	34049.9	Update vs17-arm-ci.yml
2025-03-14	b2fa92917178		or_successive64/census-income	395.8	Update vs17-arm-ci.yml
2025-03-14	b2fa92917178		or_successive/weather_sept_85	3328.5	Update vs17-arm-ci.yml
2025-03-14	b2fa92917178		and_successive/weather_sept_85	2044.8	Update vs17-arm-ci.yml
2025-03-14	b2fa92917178		and_cardinality/weather_sept_85	1600.9	Update vs17-arm-ci.yml
2025-03-14	b2fa92917178		contains/weather_sept_85	17820.4	Update vs17-arm-ci.yml
2025-03-14	b2fa92917178		iterate/weather_sept_85	62446.3	Update vs17-arm-ci.yml
2025-03-14	b2fa92917178		to_array/weather_sept_85	5180.9	Update vs17-arm-ci.yml
2025-03-14	b2fa92917178		deserialize/weather_sept_85	570.7	Update vs17-arm-ci.yml
2025-03-14	b2fa92917178		cardinality64/weather_sept_85	35.5	Update vs17-arm-ci.yml
2025-03-14	b2fa92917178		iterate64/weather_sept_85	66451.8	Update vs17-arm-ci.yml
2025-03-14	b2fa92917178		or_successive64/weather_sept_85	1461.4	Update vs17-arm-ci.yml
2025-04-08	2ebd8570634d		or_successive/census1881	813.3	adding a small test
2025-04-08	2ebd8570634d		and_successive/census1881	20.7	adding a small test
2025-04-08	2ebd8570634d		and_cardinality/census1881	15.8	adding a small test
2025-04-08	2ebd8570634d		contains/census1881	4938.3	adding a small test
2025-04-08	2ebd8570634d		iterate/census1881	2424.1	adding a small test
2025-04-08	2ebd8570634d		to_array/census1881	120.8	adding a small test
2025-04-08	2ebd8570634d		deserialize/census1881	349.8	adding a small test
2025-04-08	2ebd8570634d		cardinality64/census1881	17.8	adding a small test
2025-04-08	2ebd8570634d		iterate64/census1881	3592.0	adding a small test
2025-04-08	2ebd8570634d		or_successive64/census1881	1003.4	adding a small test
2025-04-08	2ebd8570634d		or_successive/census-income	815.2	adding a small test
2025-04-08	2ebd8570634d		and_successive/census-income	672.3	adding a small test
2025-04-08	2ebd8570634d		and_cardinality/census-income	453.4	adding a small test
2025-04-08	2ebd8570634d		contains/census-income	14179.1	adding a small test
2025-04-08	2ebd8570634d		iterate/census-income	33516.0	adding a small test
2025-04-08	2ebd8570634d		to_array/census-income	1331.1	adding a small test
2025-04-08	2ebd8570634d		deserialize/census-income	120.0	adding a small test
2025-04-08	2ebd8570634d		cardinality64/census-income	12.2	adding a small test
2025-04-08	2ebd8570634d		iterate64/census-income	34686.3	adding a small test
2025-04-08	2ebd8570634d		or_successive64/census-income	398.1	adding a small test
2025-04-08	2ebd8570634d		or_successive/weather_sept_85	3324.7	adding a small test
2025-04-08	2ebd8570634d		and_successive/weather_sept_85	2046.7	adding a small test
2025-04-08	2ebd8570634d		and_cardinality/weather_sept_85	1594.9	adding a small test
2025-04-08	2ebd8570634d		contains/weather_sept_85	17829.0	adding a small test
2025-04-08	2ebd8570634d		iterate/weather_sept_85	62276.9	adding a small test
2025-04-08	2ebd8570634d		to_array/weather_sept_85	5212.4	adding a small test
2025-04-08	2ebd8570634d		deserialize/weather_sept_85	568.9	adding a small test
2025-04-08	2ebd8570634d		cardinality64/weather_sept_85	35.3	adding a small test
2025-04-08	2ebd8570634d		iterate64/weather_sept_85	65877.8	adding a small test
2025-04-08	2ebd8570634d		or_successive64/weather_sept_85	1460.5	adding a small test
2025-04-08	1f1caaf7a33b		or_successive/census1881	827.9	explicit documentation
2025-04-08	1f1caaf7a33b		and_successive/census1881	21.3	explicit documentation
2025-04-08	1f1caaf7a33b		and_cardinality/census1881	15.2	explicit documentation
2025-04-08	1f1caaf7a33b		contains/census1881	4897.5	explicit documentation
2025-04-08	1f1caaf7a33b		iterate/census1881	2484.9	explicit documentation
2025-04-08	1f1caaf7a33b		to_array/census1881	121.4	explicit documentation
2025-04-08	1f1caaf7a33b		deserialize/census1881	347.6	explicit documentation
2025-04-08	1f1caaf7a33b		cardinality64/census1881	18.2	explicit documentation
2025-04-08	1f1caaf7a33b		iterate64/census1881	3586.6	explicit documentation
2025-04-08	1f1caaf7a33b		or_successive64/census1881	1008.1	explicit documentation
2025-04-08	1f1caaf7a33b		or_successive/census-income	812.0	explicit documentation
2025-04-08	1f1caaf7a33b		and_successive/census-income	677.5	explicit documentation
2025-04-08	1f1caaf7a33b		and_cardinality/census-income	444.4	explicit documentation
2025-04-08	1f1caaf7a33b		contains/census-income	14028.8	explicit documentation
2025-04-08	1f1caaf7a33b		iterate/census-income	34210.4	explicit documentation
2025-04-08	1f1caaf7a33b		to_array/census-income	1359.6	explicit documentation
2025-04-08	1f1caaf7a33b		deserialize/census-income	119.1	explicit documentation
2025-04-08	1f1caaf7a33b		cardinality64/census-income	12.2	explicit documentation
2025-04-08	1f1caaf7a33b		iterate64/census-income	34009.3	explicit documentation
2025-04-08	1f1caaf7a33b		or_successive64/census-income	389.0	explicit documentation
2025-04-08	1f1caaf7a33b		or_successive/weather_sept_85	3320.2	explicit documentation
2025-04-08	1f1caaf7a33b		and_successive/weather_sept_85	2038.3	explicit documentation
2025-04-08	1f1caaf7a33b		and_cardinality/weather_sept_85	1595.8	explicit documentation
2025-04-08	1f1caaf7a33b		contains/weather_sept_85	17814.0	explicit documentation
2025-04-08	1f1caaf7a33b		iterate/weather_sept_85	61808.5	explicit documentation
2025-04-08	1f1caaf7a33b		to_array/weather_sept_85	5209.0	explicit documentation
2025-04-08	1f1caaf7a33b		deserialize/weather_sept_85	565.0	explicit documentation
2025-04-08	1f1caaf7a33b		cardinality64/weather_sept_85	35.3	explicit documentation
2025-04-08	1f1caaf7a33b		iterate64/weather_sept_85	65596.1	explicit documentation
2025-04-08	1f1caaf7a33b		or_successive64/weather_sept_85	1462.1	explicit documentation
2025-05-19	e160be0761d4		or_successive/census1881	808.6	fix: avoid out of bounds index in PyRoaringBitMap124 test (#701)
2025-05-19	e160be0761d4		and_successive/census1881	21.1	fix: avoid out of bounds index in PyRoaringBitMap124 test (#701)
2025-05-19	e160be0761d4		and_cardinality/census1881	15.7	fix: avoid out of bounds index in PyRoaringBitMap124 test (#701)
2025-05-19	e160be0761d4		contains/census1881	4948.6	fix: avoid out of bounds index in PyRoaringBitMap124 test (#701)
2025-05-19	e160be0761d4		iterate/census1881	2448.6	fix: avoid out of bounds index in PyRoaringBitMap124 test (#701)
2025-05-19	e160be0761d4		to_array/census1881	120.6	fix: avoid out of bounds index in PyRoaringBitMap124 test (#701)
2025-05-19	e160be0761d4		deserialize/census1881	346.3	fix: avoid out of bounds index in PyRoaringBitMap124 test (#701)
2025-05-19	e160be0761d4		cardinality64/census1881	17.8	fix: avoid out of bounds index in PyRoaringBitMap124 test (#701)
2025-05-19	e160be0761d4		iterate64/census1881	3589.6	fix: avoid out of bounds index in PyRoaringBitMap124 test (#701)
2025-05-19	e160be0761d4		or_successive64/census1881	1000.9	fix: avoid out of bounds index in PyRoaringBitMap124 test (#701)
2025-05-19	e160be0761d4		or_successive/census-income	815.5	fix: avoid out of bounds index in PyRoaringBitMap124 test (#701)
2025-05-19	e160be0761d4		and_successive/census-income	673.5	fix: avoid out of bounds index in PyRoaringBitMap124 test (#701)
2025-05-19	e160be0761d4		and_cardinality/census-income	456.6	fix: avoid out of bounds index in PyRoaringBitMap124 test (#701)
2025-05-19	e160be0761d4		contains/census-income	14129.6	fix: avoid out of bounds index in PyRoaringBitMap124 test (#701)
2025-05-19	e160be0761d4		iterate/census-income	33423.8	fix: avoid out of bounds index in PyRoaringBitMap124 test (#701)
2025-05-19	e160be0761d4		to_array/census-income	1337.4	fix: avoid out of bounds index in PyRoaringBitMap124 test (#701)
2025-05-19	e160be0761d4		deserialize/census-income	119.8	fix: avoid out of bounds index in PyRoaringBitMap124 test (#701)
2025-05-19	e160be0761d4		cardinality64/census-income	12.5	fix: avoid out of bounds index in PyRoaringBitMap124 test (#701)
2025-05-19	e160be0761d4		iterate64/census-income	34820.8	fix: avoid out of bounds index in PyRoaringBitMap124 test (#701)
2025-05-19	e160be0761d4		or_successive64/census-income	395.8	fix: avoid out of bounds index in PyRoaringBitMap124 test (#701)
2025-05-19	e160be0761d4		or_successive/weather_sept_85	3330.1	fix: avoid out of bounds index in PyRoaringBitMap124 test (#701)
2025-05-19	e160be0761d4		and_successive/weather_sept_85	2047.3	fix: avoid out of bounds index in PyRoaringBitMap124 test (#701)
2025-05-19	e160be0761d4		and_cardinality/weather_sept_85	1607.4	fix: avoid out of bounds index in PyRoaringBitMap124 test (#701)
2025-05-19	e160be0761d4		contains/weather_sept_85	17842.3	fix: avoid out of bounds index in PyRoaringBitMap124 test (#701)
2025-05-19	e160be0761d4		iterate/weather_sept_85	62404.8	fix: avoid out of bounds index in PyRoaringBitMap124 test (#701)
2025-05-19	e160be0761d4		to_array/weather_sept_85	5212.5	fix: avoid out of bounds index in PyRoaringBitMap124 test (#701)
2025-05-19	e160be0761d4		deserialize/weather_sept_85	569.3	fix: avoid out of bounds index in PyRoaringBitMap124 test (#701)
2025-05-19	e160be0761d4		cardinality64/weather_sept_85	36.8	fix: avoid out of bounds index in PyRoaringBitMap124 test (#701)
2025-05-19	e160be0761d4		iterate64/weather_sept_85	65921.6	fix: avoid out of bounds index in PyRoaringBitMap124 test (#701)
2025-05-19	e160be0761d4		or_successive64/weather_sept_85	1464.6	fix: avoid out of bounds index in PyRoaringBitMap124 test (#701)
2025-05-19	b8f95b637833		or_successive/census1881	818.1	silencing unused warnings.
2025-05-19	b8f95b637833		and_successive/census1881	20.9	silencing unused warnings.
2025-05-19	b8f95b637833		and_cardinality/census1881	14.9	silencing unused warnings.
2025-05-19	b8f95b637833		contains/census1881	4892.7	silencing unused warnings.
2025-05-19	b8f95b637833		iterate/census1881	2459.5	silencing unused warnings.
2025-05-19	b8f95b637833		to_array/census1881	119.5	silencing unused warnings.
2025-05-19	b8f95b637833		deserialize/census1881	347.5	silencing unused warnings.
2025-05-19	b8f95b637833		cardinality64/census1881	18.0	silencing unused warnings.
2025-05-19	b8f95b637833		iterate64/census1881	3761.0	silencing unused warnings.
2025-05-19	b8f95b637833		or_successive64/census1881	1004.9	silencing unused warnings.
2025-05-19	b8f95b637833		or_successive/census-income	827.7	silencing unused warnings.
2025-05-19	b8f95b637833		and_successive/census-income	672.4	silencing unused warnings.
2025-05-19	b8f95b637833		and_cardinality/census-income	448.0	silencing unused warnings.
2025-05-19	b8f95b637833		contains/census-income	14057.0	silencing unused warnings.
2025-05-19	b8f95b637833		iterate/census-income	33582.4	silencing unused warnings.
2025-05-19	b8f95b637833		to_array/census-income	1339.9	silencing unused warnings.
2025-05-19	b8f95b637833		deserialize/census-income	119.3	silencing unused warnings.
2025-05-19	b8f95b637833		cardinality64/census-income	12.6	silencing unused warnings.
2025-05-19	b8f95b637833		iterate64/census-income	34478.1	silencing unused warnings.
2025-05-19	b8f95b637833		or_successive64/census-income	391.6	silencing unused warnings.
2025-05-19	b8f95b637833		or_successive/weather_sept_85	3304.0	silencing unused warnings.
2025-05-19	b8f95b637833		and_successive/weather_sept_85	2040.4	silencing unused warnings.
2025-05-19	b8f95b637833		and_cardinality/weather_sept_85	1596.5	silencing unused warnings.
2025-05-19	b8f95b637833		contains/weather_sept_85	17796.7	silencing unused warnings.
2025-05-19	b8f95b637833		iterate/weather_sept_85	61659.7	silencing unused warnings.
2025-05-19	b8f95b637833		to_array/weather_sept_85	5198.9	silencing unused warnings.
2025-05-19	b8f95b637833		deserialize/weather_sept_85	569.5	silencing unused warnings.
2025-05-19	b8f95b637833		cardinality64/weather_sept_85	36.3	silencing unused warnings.
2025-05-19	b8f95b637833		iterate64/weather_sept_85	64634.8	silencing unused warnings.
2025-05-19	b8f95b637833		or_successive64/weather_sept_85	1461.4	silencing unused warnings.
2025-05-19	7ce33c6eeed4		or_successive/census1881	819.3	trimming dead code
2025-05-19	7ce33c6eeed4		and_successive/census1881	20.1	trimming dead code
2025-05-19	7ce33c6eeed4		and_cardinality/census1881	16.0	trimming dead code
2025-05-19	7ce33c6eeed4		contains/census1881	4870.2	trimming dead code
2025-05-19	7ce33c6eeed4		iterate/census1881	2508.1	trimming dead code
2025-05-19	7ce33c6eeed4		to_array/census1881	120.1	trimming dead code
2025-05-19	7ce33c6eeed4		deserialize/census1881	347.5	trimming dead code
2025-05-19	7ce33c6eeed4		cardinality64/census1881	17.7	trimming dead code
2025-05-19	7ce33c6eeed4		iterate64/census1881	3622.9	trimming dead code
2025-05-19	7ce33c6eeed4		or_successive64/census1881	1003.6	trimming dead code
2025-05-19	7ce33c6eeed4		or_successive/census-income	815.7	trimming dead code
2025-05-19	7ce33c6eeed4		and_successive/census-income	683.9	trimming dead code
2025-05-19	7ce33c6eeed4		and_cardinality/census-income	892.2	trimming dead code
2025-05-19	7ce33c6eeed4		contains/census-income	14087.1	trimming dead code
2025-05-19	7ce33c6eeed4		iterate/census-income	33594.0	trimming dead code
2025-05-19	7ce33c6eeed4		to_array/census-income	1348.1	trimming dead code
2025-05-19	7ce33c6eeed4		deserialize/census-income	119.4	trimming dead code
2025-05-19	7ce33c6eeed4		cardinality64/census-income	12.5	trimming dead code
2025-05-19	7ce33c6eeed4		iterate64/census-income	34341.0	trimming dead code
2025-05-19	7ce33c6eeed4		or_successive64/census-income	394.8	trimming dead code
2025-05-19	7ce33c6eeed4		or_successive/weather_sept_85	3355.0	trimming dead code
2025-05-19	7ce33c6eeed4		and_successive/weather_sept_85	2053.3	trimming dead code
2025-05-19	7ce33c6eeed4		and_cardinality/weather_sept_85	1606.9	trimming dead code
2025-05-19	7ce33c6eeed4		contains/weather_sept_85	17804.3	trimming dead code
2025-05-19	7ce33c6eeed4		iterate/weather_sept_85	61764.7	trimming dead code
2025-05-19	7ce33c6eeed4		to_array/weather_sept_85	5207.1	trimming dead code
2025-05-19	7ce33c6eeed4		deserialize/weather_sept_85	563.4	trimming dead code
2025-05-19	7ce33c6eeed4		cardinality64/weather_sept_85	35.4	trimming dead code
2025-05-19	7ce33c6eeed4		iterate64/weather_sept_85	65162.8	trimming dead code
2025-05-19	7ce33c6eeed4		or_successive64/weather_sept_85	1451.0	trimming dead code
2025-05-19	ef05618c69af	v4.3.2	or_successive/census1881	814.0	updating test
2025-05-19	ef05618c69af	v4.3.2	and_successive/census1881	20.6	updating test
2025-05-19	ef05618c69af	v4.3.2	and_cardinality/census1881	15.7	updating test
2025-05-19	ef05618c69af	v4.3.2	contains/census1881	4902.6	updating test
2025-05-19	ef05618c69af	v4.3.2	iterate/census1881	2432.9	updating test
2025-05-19	ef05618c69af	v4.3.2	to_array/census1881	119.1	updating test
2025-05-19	ef05618c69af	v4.3.2	deserialize/census1881	348.5	updating test
2025-05-19	ef05618c69af	v4.3.2	cardinality64/census1881	18.1	updating test
2025-05-19	ef05618c69af	v4.3.2	iterate64/census1881	3586.6	updating test
2025-05-19	ef05618c69af	v4.3.2	or_successive64/census1881	1007.5	updating test
2025-05-19	ef05618c69af	v4.3.2	or_successive/census-income	824.1	updating test
2025-05-19	ef05618c69af	v4.3.2	and_successive/census-income	670.3	updating test
2025-05-19	ef05618c69af	v4.3.2	and_cardinality/census-income	444.5	updating test
2025-05-19	ef05618c69af	v4.3.2	contains/census-income	14074.7	updating test
2025-05-19	ef05618c69af	v4.3.2	iterate/census-income	33258.0	updating test
2025-05-19	ef05618c69af	v4.3.2	to_array/census-income	1351.5	updating test
2025-05-19	ef05618c69af	v4.3.2	deserialize/census-income	119.4	updating test
2025-05-19	ef05618c69af	v4.3.2	cardinality64/census-income	12.5	updating test
2025-05-19	ef05618c69af	v4.3.2	iterate64/census-income	34164.8	updating test
2025-05-19	ef05618c69af	v4.3.2	or_successive64/census-income	400.3	updating test
2025-05-19	ef05618c69af	v4.3.2	or_successive/weather_sept_85	3332.3	updating test
2025-05-19	ef05618c69af	v4.3.2	and_successive/weather_sept_85	2050.8	updating test
2025-05-19	ef05618c69af	v4.3.2	and_cardinality/weather_sept_85	1593.0	updating test
2025-05-19	ef05618c69af	v4.3.2	contains/weather_sept_85	17796.6	updating test
2025-05-19	ef05618c69af	v4.3.2	iterate/weather_sept_85	62555.4	updating test
2025-05-19	ef05618c69af	v4.3.2	to_array/weather_sept_85	5206.1	updating test
2025-05-19	ef05618c69af	v4.3.2	deserialize/weather_sept_85	568.6	updating test
2025-05-19	ef05618c69af	v4.3.2	cardinality64/weather_sept_85	36.2	updating test
2025-05-19	ef05618c69af	v4.3.2	iterate64/weather_sept_85	65351.6	updating test
2025-05-19	ef05618c69af	v4.3.2	or_successive64/weather_sept_85	1458.7	updating test
2025-05-19	d035735e2a69		or_successive/census1881	811.6	lint
2025-05-19	d035735e2a69		and_successive/census1881	20.0	lint
2025-05-19	d035735e2a69		and_cardinality/census1881	15.6	lint
2025-05-19	d035735e2a69		contains/census1881	4878.0	lint
2025-05-19	d035735e2a69		iterate/census1881	2449.7	lint
2025-05-19	d035735e2a69		to_array/census1881	121.7	lint
2025-05-19	d035735e2a69		deserialize/census1881	347.1	lint
2025-05-19	d035735e2a69		cardinality64/census1881	18.2	lint
2025-05-19	d035735e2a69		iterate64/census1881	3637.6	lint
2025-05-19	d035735e2a69		or_successive64/census1881	1012.7	lint
2025-05-19	d035735e2a69		or_successive/census-income	818.2	lint
2025-05-19	d035735e2a69		and_successive/census-income	669.4	lint
2025-05-19	d035735e2a69		and_cardinality/census-income	442.5	lint
2025-05-19	d035735e2a69		contains/census-income	14071.9	lint
2025-05-19	d035735e2a69		iterate/census-income	33617.7	lint
2025-05-19	d035735e2a69		to_array/census-income	1346.3	lint
2025-05-19	d035735e2a69		deserialize/census-income	119.8	lint
2025-05-19	d035735e2a69		cardinality64/census-income	12.5	lint
2025-05-19	d035735e2a69		iterate64/census-income	34000.3	lint
2025-05-19	d035735e2a69		or_successive64/census-income	397.2	lint
2025-05-19	d035735e2a69		or_successive/weather_sept_85	3326.3	lint
2025-05-19	d035735e2a69		and_successive/weather_sept_85	2054.8	lint
2025-05-19	d035735e2a69		and_cardinality/weather_sept_85	1599.1	lint
2025-05-19	d035735e2a69		contains/weather_sept_85	17920.0	lint
2025-05-19	d035735e2a69		iterate/weather_sept_85	62077.2	lint
2025-05-19	d035735e2a69		to_array/weather_sept_85	5206.4	lint
2025-05-19	d035735e2a69		deserialize/weather_sept_85	562.7	lint
2025-05-19	d035735e2a69		cardinality64/weather_sept_85	35.6	lint
2025-05-19	d035735e2a69		iterate64/weather_sept_85	65685.7	lint
2025-05-19	d035735e2a69		or_successive64/weather_sept_85	1447.7	lint
2025-05-19	0d6fcad7deae		or_successive/census1881	811.9	Update README.md
2025-05-19	0d6fcad7deae		and_successive/census1881	21.0	Update README.md
2025-05-19	0d6fcad7deae		and_cardinality/census1881	15.4	Update README.md
2025-05-19	0d6fcad7deae		contains/census1881	4945.1	Update README.md
2025-05-19	0d6fcad7deae		iterate/census1881	2431.5	Update README.md
2025-05-19	0d6fcad7deae		to_array/census1881	119.9	Update README.md
2025-05-19	0d6fcad7deae		deserialize/census1881	349.1	Update README.md
2025-05-19	0d6fcad7deae		cardinality64/census1881	17.7	Update README.md
2025-05-19	0d6fcad7deae		iterate64/census1881	3620.1	Update README.md
2025-05-19	0d6fcad7deae		or_successive64/census1881	1004.8	Update README.md
2025-05-19	0d6fcad7deae		or_successive/census-income	811.6	Update README.md
2025-05-19	0d6fcad7deae		and_successive/census-income	668.3	Update README.md
2025-05-19	0d6fcad7deae		and_cardinality/census-income	443.4	Update README.md
2025-05-19	0d6fcad7deae		contains/census-income	14075.4	Update README.md
2025-05-19	0d6fcad7deae		iterate/census-income	33973.8	Update README.md
2025-05-19	0d6fcad7deae		to_array/census-income	1347.2	Update README.md
2025-05-19	0d6fcad7deae		deserialize/census-income	121.2	Update README.md
2025-05-19	0d6fcad7deae		cardinality64/census-income	12.6	Update README.md
2025-05-19	0d6fcad7deae		iterate64/census-income	34046.2	Update README.md
2025-05-19	0d6fcad7deae		or_successive64/census-income	394.0	Update README.md
2025-05-19	0d6fcad7deae		or_successive/weather_sept_85	3325.0	Update README.md
2025-05-19	0d6fcad7deae		and_successive/weather_sept_85	2049.9	Update README.md
2025-05-19	0d6fcad7deae		and_cardinality/weather_sept_85	1593.8	Update README.md
2025-05-19	0d6fcad7deae		contains/weather_sept_85	17869.3	Update README.md
2025-05-19	0d6fcad7deae		iterate/weather_sept_85	61412.4	Update README.md
2025-05-19	0d6fcad7deae		to_array/weather_sept_85	5210.9	Update README.md
2025-05-19	0d6fcad7deae		deserialize/weather_sept_85	571.3	Update README.md
2025-05-19	0d6fcad7deae		cardinality64/weather_sept_85	36.3	Update README.md
2025-05-19	0d6fcad7deae		iterate64/weather_sept_85	65041.1	Update README.md
2025-05-19	0d6fcad7deae		or_successive64/weather_sept_85	1461.4	Update README.md
2025-05-19	8adc60570be3		or_successive/census1881	828.3	Update README.md
2025-05-19	8adc60570be3		and_successive/census1881	20.1	Update README.md
2025-05-19	8adc60570be3		and_cardinality/census1881	21.1	Update README.md
2025-05-19	8adc60570be3		contains/census1881	4914.5	Update README.md
2025-05-19	8adc60570be3		iterate/census1881	2438.2	Update README.md
2025-05-19	8adc60570be3		to_array/census1881	119.7	Update README.md
2025-05-19	8adc60570be3		deserialize/census1881	346.4	Update README.md
2025-05-19	8adc60570be3		cardinality64/census1881	18.1	Update README.md
2025-05-19	8adc60570be3		iterate64/census1881	3587.5	Update README.md
2025-05-19	8adc60570be3		or_successive64/census1881	1011.8	Update README.md
2025-05-19	8adc60570be3		or_successive/census-income	839.7	Update README.md
2025-05-19	8adc60570be3		and_successive/census-income	1170.1	Update README.md
2025-05-19	8adc60570be3		and_cardinality/census-income	672.4	Update README.md
2025-05-19	8adc60570be3		contains/census-income	14070.3	Update README.md
2025-05-19	8adc60570be3		iterate/census-income	33615.7	Update README.md
2025-05-19	8adc60570be3		to_array/census-income	1360.0	Update README.md
2025-05-19	8adc60570be3		deserialize/census-income	120.6	Update README.md
2025-05-19	8adc60570be3		cardinality64/census-income	12.9	Update README.md
2025-05-19	8adc60570be3		iterate64/census-income	34328.5	Update README.md
2025-05-19	8adc60570be3		or_successive64/census-income	397.7	Update README.md
2025-05-19	8adc60570be3		or_successive/weather_sept_85	3336.6	Update README.md
2025-05-19	8adc60570be3		and_successive/weather_sept_85	2047.5	Update README.md
2025-05-19	8adc60570be3		and_cardinality/weather_sept_85	1597.3	Update README.md
2025-05-19	8adc60570be3		contains/weather_sept_85	17837.7	Update README.md
2025-05-19	8adc60570be3		iterate/weather_sept_85	62234.3	Update README.md
2025-05-19	8adc60570be3		to_array/weather_sept_85	5221.1	Update README.md
2025-05-19	8adc60570be3		deserialize/weather_sept_85	564.6	Update README.md
2025-05-19	8adc60570be3		cardinality64/weather_sept_85	35.9	Update README.md
2025-05-19	8adc60570be3		iterate64/weather_sept_85	65334.5	Update README.md
2025-05-19	8adc60570be3		or_successive64/weather_sept_85	1452.2	Update README.md
2025-05-26	502970009469		or_successive/census1881	807.8	Update README.md
2025-05-26	502970009469		and_successive/census1881	20.5	Update README.md
2025-05-26	502970009469		and_cardinality/census1881	16.8	Update README.md
2025-05-26	502970009469		contains/census1881	4894.5	Update README.md
2025-05-26	502970009469		iterate/census1881	2425.9	Update README.md
2025-05-26	502970009469		to_array/census1881	119.4	Update README.md
2025-05-26	502970009469		deserialize/census1881	345.6	Update README.md
2025-05-26	502970009469		cardinality64/census1881	17.6	Update README.md
2025-05-26	502970009469		iterate64/census1881	3581.8	Update README.md
2025-05-26	502970009469		or_successive64/census1881	1003.4	Update README.md
2025-05-26	502970009469		or_successive/census-income	809.0	Update README.md
2025-05-26	502970009469		and_successive/census-income	671.0	Update README.md
2025-05-26	502970009469		and_cardinality/census-income	448.6	Update README.md
2025-05-26	502970009469		contains/census-income	14120.7	Update README.md
2025-05-26	502970009469		iterate/census-income	33503.4	Update README.md
2025-05-26	502970009469		to_array/census-income	1348.3	Update README.md
2025-05-26	502970009469		deserialize/census-income	121.7	Update README.md
2025-05-26	502970009469		cardinality64/census-income	12.3	Update README.md
2025-05-26	502970009469		iterate64/census-income	34556.6	Update README.md
2025-05-26	502970009469		or_successive64/census-income	390.0	Update README.md
2025-05-26	502970009469		or_successive/weather_sept_85	3331.9	Update README.md
2025-05-26	502970009469		and_successive/weather_sept_85	2046.3	Update README.md
2025-05-26	502970009469		and_cardinality/weather_sept_85	1599.7	Update README.md
2025-05-26	502970009469		contains/weather_sept_85	17816.1	Update README.md
2025-05-26	502970009469		iterate/weather_sept_85	62175.6	Update README.md
2025-05-26	502970009469		to_array/weather_sept_85	5203.4	Update README.md
2025-05-26	502970009469		deserialize/weather_sept_85	570.1	Update README.md
2025-05-26	502970009469		cardinality64/weather_sept_85	36.2	Update README.md
2025-05-26	502970009469		iterate64/weather_sept_85	65331.5	Update README.md
2025-05-26	502970009469		or_successive64/weather_sept_85	1457.4	Update README.md
2025-05-30	56ce4480110a		or_successive/census1881	680.9	fix: computation of array container serialized size was incorrect (#702)
2025-05-30	56ce4480110a		and_successive/census1881	21.5	fix: computation of array container serialized size was incorrect (#702)
2025-05-30	56ce4480110a		and_cardinality/census1881	14.6	fix: computation of array container serialized size was incorrect (#702)
2025-05-30	56ce4480110a		contains/census1881	4930.5	fix: computation of array container serialized size was incorrect (#702)
2025-05-30	56ce4480110a		iterate/census1881	2459.1	fix: computation of array container serialized size was incorrect (#702)
2025-05-30	56ce4480110a		to_array/census1881	119.2	fix: computation of array container serialized size was incorrect (#702)
2025-05-30	56ce4480110a		deserialize/census1881	338.3	fix: computation of array container serialized size was incorrect (#702)
2025-05-30	56ce4480110a		cardinality64/census1881	19.6	fix: computation of array container serialized size was incorrect (#702)
2025-05-30	56ce4480110a		iterate64/census1881	3603.0	fix: computation of array container serialized size was incorrect (#702)
2025-05-30	56ce4480110a		or_successive64/census1881	1010.2	fix: computation of array container serialized size was incorrect (#702)
2025-05-30	56ce4480110a		or_successive/census-income	816.5	fix: computation of array container serialized size was incorrect (#702)
2025-05-30	56ce4480110a		and_successive/census-income	670.1	fix: computation of array container serialized size was incorrect (#702)
2025-05-30	56ce4480110a		and_cardinality/census-income	445.9	fix: computation of array container serialized size was incorrect (#702)
2025-05-30	56ce4480110a		contains/census-income	14064.3	fix: computation of array container serialized size was incorrect (#702)
2025-05-30	56ce4480110a		iterate/census-income	33575.9	fix: computation of array container serialized size was incorrect (#702)
2025-05-30	56ce4480110a		to_array/census-income	1347.1	fix: computation of array container serialized size was incorrect (#702)
2025-05-30	56ce4480110a		deserialize/census-income	119.3	fix: computation of array container serialized size was incorrect (#702)
2025-05-30	56ce4480110a		cardinality64/census-income	13.7	fix: computation of array container serialized size was incorrect (#702)
2025-05-30	56ce4480110a		iterate64/census-income	33699.2	fix: computation of array container serialized size was incorrect (#702)
2025-05-30	56ce4480110a		or_successive64/census-income	412.3	fix: computation of array container serialized size was incorrect (#702)
2025-05-30	56ce4480110a		or_successive/weather_sept_85	3296.6	fix: computation of array container serialized size was incorrect (#702)
2025-05-30	56ce4480110a		and_successive/weather_sept_85	2030.0	fix: computation of array container serialized size was incorrect (#702)
2025-05-30	56ce4480110a		and_cardinality/weather_sept_85	1605.6	fix: computation of array container serialized size was incorrect (#702)
2025-05-30	56ce4480110a		contains/weather_sept_85	17896.9	fix: computation of array container serialized size was incorrect (#702)
2025-05-30	56ce4480110a		iterate/weather_sept_85	61570.9	fix: computation of array container serialized size was incorrect (#702)
2025-05-30	56ce4480110a		to_array/weather_sept_85	5208.8	fix: computation of array container serialized size was incorrect (#702)
2025-05-30	56ce4480110a		deserialize/weather_sept_85	561.8	fix: computation of array container serialized size was incorrect (#702)
2025-05-30	56ce4480110a		cardinality64/weather_sept_85	36.3	fix: computation of array container serialized size was incorrect (#702)
2025-05-30	56ce4480110a		iterate64/weather_sept_85	65587.6	fix: computation of array container serialized size was incorrect (#702)
2025-05-30	56ce4480110a		or_successive64/weather_sept_85	1503.3	fix: computation of array container serialized size was incorrect (#702)
2025-05-30	266f9942e2ca		or_successive/census1881	659.7	Bump github/codeql-action from 3.26.10 to 3.27.5 (#684)
2025-05-30	266f9942e2ca		and_successive/census1881	20.9	Bump github/codeql-action from 3.26.10 to 3.27.5 (#684)
2025-05-30	266f9942e2ca		and_cardinality/census1881	16.1	Bump github/codeql-action from 3.26.10 to 3.27.5 (#684)
2025-05-30	266f9942e2ca		contains/census1881	4931.2	Bump github/codeql-action from 3.26.10 to 3.27.5 (#684)
2025-05-30	266f9942e2ca		iterate/census1881	2437.3	Bump github/codeql-action from 3.26.10 to 3.27.5 (#684)
2025-05-30	266f9942e2ca		to_array/census1881	120.0	Bump github/codeql-action from 3.26.10 to 3.27.5 (#684)
2025-05-30	266f9942e2ca		deserialize/census1881	341.7	Bump github/codeql-action from 3.26.10 to 3.27.5 (#684)
2025-05-30	266f9942e2ca		cardinality64/census1881	17.8	Bump github/codeql-action from 3.26.10 to 3.27.5 (#684)
2025-05-30	266f9942e2ca		iterate64/census1881	3583.2	Bump github/codeql-action from 3.26.10 to 3.27.5 (#684)
2025-05-30	266f9942e2ca		or_successive64/census1881	1012.8	Bump github/codeql-action from 3.26.10 to 3.27.5 (#684)
2025-05-30	266f9942e2ca		or_successive/census-income	804.5	Bump github/codeql-action from 3.26.10 to 3.27.5 (#684)
2025-05-30	266f9942e2ca		and_successive/census-income	664.4	Bump github/codeql-action from 3.26.10 to 3.27.5 (#684)
2025-05-30	266f9942e2ca		and_cardinality/census-income	442.2	Bump github/codeql-action from 3.26.10 to 3.27.5 (#684)
2025-05-30	266f9942e2ca		contains/census-income	14066.6	Bump github/codeql-action from 3.26.10 to 3.27.5 (#684)
2025-05-30	266f9942e2ca		iterate/census-income	33907.2	Bump github/codeql-action from 3.26.10 to 3.27.5 (#684)
2025-05-30	266f9942e2ca		to_array/census-income	1338.8	Bump github/codeql-action from 3.26.10 to 3.27.5 (#684)
2025-05-30	266f9942e2ca		deserialize/census-income	239.2	Bump github/codeql-action from 3.26.10 to 3.27.5 (#684)
2025-05-30	266f9942e2ca		cardinality64/census-income	25.1	Bump github/codeql-action from 3.26.10 to 3.27.5 (#684)
2025-05-30	266f9942e2ca		iterate64/census-income	34379.7	Bump github/codeql-action from 3.26.10 to 3.27.5 (#684)
2025-05-30	266f9942e2ca		or_successive64/census-income	407.1	Bump github/codeql-action from 3.26.10 to 3.27.5 (#684)
2025-05-30	266f9942e2ca		or_successive/weather_sept_85	3296.6	Bump github/codeql-action from 3.26.10 to 3.27.5 (#684)
2025-05-30	266f9942e2ca		and_successive/weather_sept_85	2020.2	Bump github/codeql-action from 3.26.10 to 3.27.5 (#684)
2025-05-30	266f9942e2ca		and_cardinality/weather_sept_85	1597.9	Bump github/codeql-action from 3.26.10 to 3.27.5 (#684)
2025-05-30	266f9942e2ca		contains/weather_sept_85	17857.3	Bump github/codeql-action from 3.26.10 to 3.27.5 (#684)
2025-05-30	266f9942e2ca		iterate/weather_sept_85	60982.7	Bump github/codeql-action from 3.26.10 to 3.27.5 (#684)
2025-05-30	266f9942e2ca		to_array/weather_sept_85	5188.8	Bump github/codeql-action from 3.26.10 to 3.27.5 (#684)
2025-05-30	266f9942e2ca		deserialize/weather_sept_85	562.1	Bump github/codeql-action from 3.26.10 to 3.27.5 (#684)
2025-05-30	266f9942e2ca		cardinality64/weather_sept_85	34.9	Bump github/codeql-action from 3.26.10 to 3.27.5 (#684)
2025-05-30	266f9942e2ca		iterate64/weather_sept_85	64860.5	Bump github/codeql-action from 3.26.10 to 3.27.5 (#684)
2025-05-30	266f9942e2ca		or_successive64/weather_sept_85	1509.0	Bump github/codeql-action from 3.26.10 to 3.27.5 (#684)
2025-05-30	c8284e22820e		or_successive/census1881	701.6	Bump actions/upload-artifact from 4.4.0 to 4.4.3 (#678)
2025-05-30	c8284e22820e		and_successive/census1881	20.4	Bump actions/upload-artifact from 4.4.0 to 4.4.3 (#678)
2025-05-30	c8284e22820e		and_cardinality/census1881	16.5	Bump actions/upload-artifact from 4.4.0 to 4.4.3 (#678)
2025-05-30	c8284e22820e		contains/census1881	4921.5	Bump actions/upload-artifact from 4.4.0 to 4.4.3 (#678)
2025-05-30	c8284e22820e		iterate/census1881	2477.1	Bump actions/upload-artifact from 4.4.0 to 4.4.3 (#678)
2025-05-30	c8284e22820e		to_array/census1881	119.6	Bump actions/upload-artifact from 4.4.0 to 4.4.3 (#678)
2025-05-30	c8284e22820e		deserialize/census1881	342.4	Bump actions/upload-artifact from 4.4.0 to 4.4.3 (#678)
2025-05-30	c8284e22820e		cardinality64/census1881	17.6	Bump actions/upload-artifact from 4.4.0 to 4.4.3 (#678)
2025-05-30	c8284e22820e		iterate64/census1881	3599.4	Bump actions/upload-artifact from 4.4.0 to 4.4.3 (#678)
2025-05-30	c8284e22820e		or_successive64/census1881	996.4	Bump actions/upload-artifact from 4.4.0 to 4.4.3 (#678)
2025-05-30	c8284e22820e		or_successive/census-income	825.9	Bump actions/upload-artifact from 4.4.0 to 4.4.3 (#678)
2025-05-30	c8284e22820e		and_successive/census-income	675.3	Bump actions/upload-artifact from 4.4.0 to 4.4.3 (#678)
2025-05-30	c8284e22820e		and_cardinality/census-income	449.0	Bump actions/upload-artifact from 4.4.0 to 4.4.3 (#678)
2025-05-30	c8284e22820e		contains/census-income	14086.5	Bump actions/upload-artifact from 4.4.0 to 4.4.3 (#678)
2025-05-30	c8284e22820e		iterate/census-income	33741.5	Bump actions/upload-artifact from 4.4.0 to 4.4.3 (#678)
2025-05-30	c8284e22820e		to_array/census-income	1340.6	Bump actions/upload-artifact from 4.4.0 to 4.4.3 (#678)
2025-05-30	c8284e22820e		deserialize/census-income	118.7	Bump actions/upload-artifact from 4.4.0 to 4.4.3 (#678)
2025-05-30	c8284e22820e		cardinality64/census-income	12.3	Bump actions/upload-artifact from 4.4.0 to 4.4.3 (#678)
2025-05-30	c8284e22820e		iterate64/census-income	34081.7	Bump actions/upload-artifact from 4.4.0 to 4.4.3 (#678)
2025-05-30	c8284e22820e		or_successive64/census-income	402.0	Bump actions/upload-artifact from 4.4.0 to 4.4.3 (#678)
2025-05-30	c8284e22820e		or_successive/weather_sept_85	3313.1	Bump actions/upload-artifact from 4.4.0 to 4.4.3 (#678)
2025-05-30	c8284e22820e		and_successive/weather_sept_85	2031.6	Bump actions/upload-artifact from 4.4.0 to 4.4.3 (#678)
2025-05-30	c8284e22820e		and_cardinality/weather_sept_85	1597.2	Bump actions/upload-artifact from 4.4.0 to 4.4.3 (#678)
2025-05-30	c8284e22820e		contains/weather_sept_85	17903.9	Bump actions/upload-artifact from 4.4.0 to 4.4.3 (#678)
2025-05-30	c8284e22820e		iterate/weather_sept_85	60936.5	Bump actions/upload-artifact from 4.4.0 to 4.4.3 (#678)
2025-05-30	c8284e22820e		to_array/weather_sept_85	5203.5	Bump actions/upload-artifact from 4.4.0 to 4.4.3 (#678)
2025-05-30	c8284e22820e		deserialize/weather_sept_85	563.4	Bump actions/upload-artifact from 4.4.0 to 4.4.3 (#678)
2025-05-30	c8284e22820e		cardinality64/weather_sept_85	36.6	Bump actions/upload-artifact from 4.4.0 to 4.4.3 (#678)
2025-05-30	c8284e22820e		iterate64/weather_sept_85	66029.2	Bump actions/upload-artifact from 4.4.0 to 4.4.3 (#678)
2025-05-30	c8284e22820e		or_successive64/weather_sept_85	1488.7	Bump actions/upload-artifact from 4.4.0 to 4.4.3 (#678)
2025-05-30	b1515d58f0c3		or_successive/census1881	704.4	bump
2025-05-30	b1515d58f0c3		and_successive/census1881	20.6	bump
2025-05-30	b1515d58f0c3		and_cardinality/census1881	16.3	bump
2025-05-30	b1515d58f0c3		contains/census1881	4944.5	bump
2025-05-30	b1515d58f0c3		iterate/census1881	2471.6	bump
2025-05-30	b1515d58f0c3		to_array/census1881	120.8	bump
2025-05-30	b1515d58f0c3		deserialize/census1881	340.4	bump
2025-05-30	b1515d58f0c3		cardinality64/census1881	17.7	bump
2025-05-30	b1515d58f0c3		iterate64/census1881	3612.5	bump
2025-05-30	b1515d58f0c3		or_successive64/census1881	1004.0	bump
2025-05-30	b1515d58f0c3		or_successive/census-income	816.3	bump
2025-05-30	b1515d58f0c3		and_successive/census-income	667.7	bump
2025-05-30	b1515d58f0c3		and_cardinality/census-income	443.2	bump
2025-05-30	b1515d58f0c3		contains/census-income	14095.6	bump
2025-05-30	b1515d58f0c3		iterate/census-income	33811.0	bump
2025-05-30	b1515d58f0c3		to_array/census-income	1339.5	bump
2025-05-30	b1515d58f0c3		deserialize/census-income	119.2	bump
2025-05-30	b1515d58f0c3		cardinality64/census-income	12.4	bump
2025-05-30	b1515d58f0c3		iterate64/census-income	34083.0	bump
2025-05-30	b1515d58f0c3		or_successive64/census-income	412.4	bump
2025-05-30	b1515d58f0c3		or_successive/weather_sept_85	3313.9	bump
2025-05-30	b1515d58f0c3		and_successive/weather_sept_85	2042.3	bump
2025-05-30	b1515d58f0c3		and_cardinality/weather_sept_85	1594.8	bump
2025-05-30	b1515d58f0c3		contains/weather_sept_85	17903.8	bump
2025-05-30	b1515d58f0c3		iterate/weather_sept_85	61849.8	bump
2025-05-30	b1515d58f0c3		to_array/weather_sept_85	5203.9	bump
2025-05-30	b1515d58f0c3		deserialize/weather_sept_85	561.9	bump
2025-05-30	b1515d58f0c3		cardinality64/weather_sept_85	32.3	bump
2025-05-30	b1515d58f0c3		iterate64/weather_sept_85	65787.8	bump
2025-05-30	b1515d58f0c3		or_successive64/weather_sept_85	1521.9	bump
2025-05-31	f0a88b1c3b30	v4.3.3	or_successive/census1881	719.6	patch release
2025-05-31	f0a88b1c3b30	v4.3.3	and_successive/census1881	20.8	patch release
2025-05-31	f0a88b1c3b30	v4.3.3	and_cardinality/census1881	16.4	patch release
2025-05-31	f0a88b1c3b30	v4.3.3	contains/census1881	4927.7	patch release
2025-05-31	f0a88b1c3b30	v4.3.3	iterate/census1881	2438.3	patch release
2025-05-31	f0a88b1c3b30	v4.3.3	to_array/census1881	121.7	patch release
2025-05-31	f0a88b1c3b30	v4.3.3	deserialize/census1881	339.5	patch release
2025-05-31	f0a88b1c3b30	v4.3.3	cardinality64/census1881	17.3	patch release
2025-05-31	f0a88b1c3b30	v4.3.3	iterate64/census1881	3629.9	patch release
2025-05-31	f0a88b1c3b30	v4.3.3	or_successive64/census1881	1002.0	patch release
2025-05-31	f0a88b1c3b30	v4.3.3	or_successive/census-income	810.3	patch release
2025-05-31	f0a88b1c3b30	v4.3.3	and_successive/census-income	670.6	patch release
2025-05-31	f0a88b1c3b30	v4.3.3	and_cardinality/census-income	446.0	patch release
2025-05-31	f0a88b1c3b30	v4.3.3	contains/census-income	14052.6	patch release
2025-05-31	f0a88b1c3b30	v4.3.3	iterate/census-income	33438.3	patch release
2025-05-31	f0a88b1c3b30	v4.3.3	to_array/census-income	1341.5	patch release
2025-05-31	f0a88b1c3b30	v4.3.3	deserialize/census-income	119.9	patch release
2025-05-31	f0a88b1c3b30	v4.3.3	cardinality64/census-income	12.4	patch release
2025-05-31	f0a88b1c3b30	v4.3.3	iterate64/census-income	34968.9	patch release
2025-05-31	f0a88b1c3b30	v4.3.3	or_successive64/census-income	402.9	patch release
2025-05-31	f0a88b1c3b30	v4.3.3	or_successive/weather_sept_85	3297.8	patch release
2025-05-31	f0a88b1c3b30	v4.3.3	and_successive/weather_sept_85	2035.8	patch release
2025-05-31	f0a88b1c3b30	v4.3.3	and_cardinality/weather_sept_85	1608.6	patch release
2025-05-31	f0a88b1c3b30	v4.3.3	contains/weather_sept_85	17854.2	patch release
2025-05-31	f0a88b1c3b30	v4.3.3	iterate/weather_sept_85	61018.1	patch release
2025-05-31	f0a88b1c3b30	v4.3.3	to_array/weather_sept_85	5217.9	patch release
2025-05-31	f0a88b1c3b30	v4.3.3	deserialize/weather_sept_85	562.8	patch release
2025-05-31	f0a88b1c3b30	v4.3.3	cardinality64/weather_sept_85	36.7	patch release
2025-05-31	f0a88b1c3b30	v4.3.3	iterate64/weather_sept_85	65758.2	patch release
2025-05-31	f0a88b1c3b30	v4.3.3	or_successive64/weather_sept_85	1482.7	patch release
2025-06-01	fdf6c64c1212		or_successive/census1881	688.1	better doc (#705)
2025-06-01	fdf6c64c1212		and_successive/census1881	20.7	better doc (#705)
2025-06-01	fdf6c64c1212		and_cardinality/census1881	15.1	better doc (#705)
2025-06-01	fdf6c64c1212		contains/census1881	4911.0	better doc (#705)
2025-06-01	fdf6c64c1212		iterate/census1881	2488.4	better doc (#705)
2025-06-01	fdf6c64c1212		to_array/census1881	120.5	better doc (#705)
2025-06-01	fdf6c64c1212		deserialize/census1881	344.9	better doc (#705)
2025-06-01	fdf6c64c1212		cardinality64/census1881	20.1	better doc (#705)
2025-06-01	fdf6c64c1212		iterate64/census1881	3593.4	better doc (#705)
2025-06-01	fdf6c64c1212		or_successive64/census1881	1014.7	better doc (#705)
2025-06-01	fdf6c64c1212		or_successive/census-income	816.2	better doc (#705)
2025-06-01	fdf6c64c1212		and_successive/census-income	667.8	better doc (#705)
2025-06-01	fdf6c64c1212		and_cardinality/census-income	441.7	better doc (#705)
2025-06-01	fdf6c64c1212		contains/census-income	14109.9	better doc (#705)
2025-06-01	fdf6c64c1212		iterate/census-income	33921.7	better doc (#705)
2025-06-01	fdf6c64c1212		to_array/census-income	1440.4	better doc (#705)
2025-06-01	fdf6c64c1212		deserialize/census-income	122.2	better doc (#705)
2025-06-01	fdf6c64c1212		cardinality64/census-income	14.0	better doc (#705)
2025-06-01	fdf6c64c1212		iterate64/census-income	34143.5	better doc (#705)
2025-06-01	fdf6c64c1212		or_successive64/census-income	417.8	better doc (#705)
2025-06-01	fdf6c64c1212		or_successive/weather_sept_85	3322.2	better doc (#705)
2025-06-01	fdf6c64c1212		and_successive/weather_sept_85	2044.7	better doc (#705)
2025-06-01	fdf6c64c1212		and_cardinality/weather_sept_85	1597.9	better doc (#705)
2025-06-01	fdf6c64c1212		contains/weather_sept_85	17817.3	better doc (#705)
2025-06-01	fdf6c64c1212		iterate/weather_sept_85	61746.5	better doc (#705)
2025-06-01	fdf6c64c1212		to_array/weather_sept_85	5228.6	better doc (#705)
2025-06-01	fdf6c64c1212		deserialize/weather_sept_85	560.3	better doc (#705)
2025-06-01	fdf6c64c1212		cardinality64/weather_sept_85	36.9	better doc (#705)
2025-06-01	fdf6c64c1212		iterate64/weather_sept_85	65545.8	better doc (#705)
2025-06-01	fdf6c64c1212		or_successive64/weather_sept_85	1507.3	better doc (#705)
2025-06-04	db33cd3d916c		or_successive/census1881	679.8	portable static asserts (#712)
2025-06-04	db33cd3d916c		and_successive/census1881	20.6	portable static asserts (#712)
2025-06-04	db33cd3d916c		and_cardinality/census1881	15.9	portable static asserts (#712)
2025-06-04	db33cd3d916c		contains/census1881	4896.3	portable static asserts (#712)
2025-06-04	db33cd3d916c		iterate/census1881	2441.4	portable static asserts (#712)
2025-06-04	db33cd3d916c		to_array/census1881	120.1	portable static asserts (#712)
2025-06-04	db33cd3d916c		deserialize/census1881	339.6	portable static asserts (#712)
2025-06-04	db33cd3d916c		cardinality64/census1881	17.3	portable static asserts (#712)
2025-06-04	db33cd3d916c		iterate64/census1881	3604.3	portable static asserts (#712)
2025-06-04	db33cd3d916c		or_successive64/census1881	1001.4	portable static asserts (#712)
2025-06-04	db33cd3d916c		or_successive/census-income	816.8	portable static asserts (#712)
2025-06-04	db33cd3d916c		and_successive/census-income	665.5	portable static asserts (#712)
2025-06-04	db33cd3d916c		and_cardinality/census-income	462.9	portable static asserts (#712)
2025-06-04	db33cd3d916c		contains/census-income	13985.1	portable static asserts (#712)
2025-06-04	db33cd3d916c		iterate/census-income	33329.6	portable static asserts (#712)
2025-06-04	db33cd3d916c		to_array/census-income	1353.7	portable static asserts (#712)
2025-06-04	db33cd3d916c		deserialize/census-income	119.6	portable static asserts (#712)
2025-06-04	db33cd3d916c		cardinality64/census-income	12.3	portable static asserts (#712)
2025-06-04	db33cd3d916c		iterate64/census-income	33768.5	portable static asserts (#712)
2025-06-04	db33cd3d916c		or_successive64/census-income	404.5	portable static asserts (#712)
2025-06-04	db33cd3d916c		or_successive/weather_sept_85	3290.1	portable static asserts (#712)
2025-06-04	db33cd3d916c		and_successive/weather_sept_85	2043.3	portable static asserts (#712)
2025-06-04	db33cd3d916c		and_cardinality/weather_sept_85	1594.4	portable static asserts (#712)
2025-06-04	db33cd3d916c		contains/weather_sept_85	17799.1	portable static asserts (#712)
2025-06-04	db33cd3d916c		iterate/weather_sept_85	61320.0	portable static asserts (#712)
2025-06-04	db33cd3d916c		to_array/weather_sept_85	5207.8	portable static asserts (#712)
2025-06-04	db33cd3d916c		deserialize/weather_sept_85	560.9	portable static asserts (#712)
2025-06-04	db33cd3d916c		cardinality64/weather_sept_85	35.3	portable static asserts (#712)
2025-06-04	db33cd3d916c		iterate64/weather_sept_85	65712.0	portable static asserts (#712)
2025-06-04	db33cd3d916c		or_successive64/weather_sept_85	1493.5	portable static asserts (#712)
2025-06-04	1151b8dcadf8	v4.3.4	or_successive/census1881	709.0	patch
2025-06-04	1151b8dcadf8	v4.3.4	and_successive/census1881	21.0	patch
2025-06-04	1151b8dcadf8	v4.3.4	and_cardinality/census1881	14.7	patch
2025-06-04	1151b8dcadf8	v4.3.4	contains/census1881	4945.1	patch
2025-06-04	1151b8dcadf8	v4.3.4	iterate/census1881	2455.6	patch
2025-06-04	1151b8dcadf8	v4.3.4	to_array/census1881	119.8	patch
2025-06-04	1151b8dcadf8	v4.3.4	deserialize/census1881	344.0	patch
2025-06-04	1151b8dcadf8	v4.3.4	cardinality64/census1881	17.3	patch
2025-06-04	1151b8dcadf8	v4.3.4	iterate64/census1881	3587.8	patch
2025-06-04	1151b8dcadf8	v4.3.4	or_successive64/census1881	1001.4	patch
2025-06-04	1151b8dcadf8	v4.3.4	or_successive/census-income	814.3	patch
2025-06-04	1151b8dcadf8	v4.3.4	and_successive/census-income	670.6	patch
2025-06-04	1151b8dcadf8	v4.3.4	and_cardinality/census-income	442.6	patch
2025-06-04	1151b8dcadf8	v4.3.4	contains/census-income	14098.5	patch
2025-06-04	1151b8dcadf8	v4.3.4	iterate/census-income	33476.2	patch
2025-06-04	1151b8dcadf8	v4.3.4	to_array/census-income	1351.2	patch
2025-06-04	1151b8dcadf8	v4.3.4	deserialize/census-income	120.2	patch
2025-06-04	1151b8dcadf8	v4.3.4	cardinality64/census-income	12.4	patch
2025-06-04	1151b8dcadf8	v4.3.4	iterate64/census-income	34122.6	patch
2025-06-04	1151b8dcadf8	v4.3.4	or_successive64/census-income	408.8	patch
2025-06-04	1151b8dcadf8	v4.3.4	or_successive/weather_sept_85	3309.6	patch
2025-06-04	1151b8dcadf8	v4.3.4	and_successive/weather_sept_85	2031.9	patch
2025-06-04	1151b8dcadf8	v4.3.4	and_cardinality/weather_sept_85	1596.2	patch
2025-06-04	1151b8dcadf8	v4.3.4	contains/weather_sept_85	17893.5	patch
2025-06-04	1151b8dcadf8	v4.3.4	iterate/weather_sept_85	62027.7	patch
2025-06-04	1151b8dcadf8	v4.3.4	to_array/weather_sept_85	5210.4	patch
2025-06-04	1151b8dcadf8	v4.3.4	deserialize/weather_sept_85	570.1	patch
2025-06-04	1151b8dcadf8	v4.3.4	cardinality64/weather_sept_85	35.5	patch
2025-06-04	1151b8dcadf8	v4.3.4	iterate64/weather_sept_85	66044.7	patch
2025-06-04	1151b8dcadf8	v4.3.4	or_successive64/weather_sept_85	1502.4	patch
2025-06-04	21a80514aef5		or_successive/census1881	720.7	Update README.md
2025-06-04	21a80514aef5		and_successive/census1881	20.6	Update README.md
2025-06-04	21a80514aef5		and_cardinality/census1881	15.1	Update README.md
2025-06-04	21a80514aef5		contains/census1881	4915.0	Update README.md
2025-06-04	21a80514aef5		iterate/census1881	2430.5	Update README.md
2025-06-04	21a80514aef5		to_array/census1881	119.4	Update README.md
2025-06-04	21a80514aef5		deserialize/census1881	345.5	Update README.md
2025-06-04	21a80514aef5		cardinality64/census1881	18.0	Update README.md
2025-06-04	21a80514aef5		iterate64/census1881	3602.9	Update README.md
2025-06-04	21a80514aef5		or_successive64/census1881	1024.0	Update README.md
2025-06-04	21a80514aef5		or_successive/census-income	816.0	Update README.md
2025-06-04	21a80514aef5		and_successive/census-income	671.1	Update README.md
2025-06-04	21a80514aef5		and_cardinality/census-income	453.7	Update README.md
2025-06-04	21a80514aef5		contains/census-income	14055.3	Update README.md
2025-06-04	21a80514aef5		iterate/census-income	33704.4	Update README.md
2025-06-04	21a80514aef5		to_array/census-income	1339.8	Update README.md
2025-06-04	21a80514aef5		deserialize/census-income	119.1	Update README.md
2025-06-04	21a80514aef5		cardinality64/census-income	12.4	Update README.md
2025-06-04	21a80514aef5		iterate64/census-income	34067.6	Update README.md
2025-06-04	21a80514aef5		or_successive64/census-income	402.8	Update README.md
2025-06-04	21a80514aef5		or_successive/weather_sept_85	3295.3	Update README.md
2025-06-04	21a80514aef5		and_successive/weather_sept_85	2038.4	Update README.md
2025-06-04	21a80514aef5		and_cardinality/weather_sept_85	1595.6	Update README.md
2025-06-04	21a80514aef5		contains/weather_sept_85	17842.0	Update README.md
2025-06-04	21a80514aef5		iterate/weather_sept_85	60916.1	Update README.md
2025-06-04	21a80514aef5		to_array/weather_sept_85	5235.4	Update README.md
2025-06-04	21a80514aef5		deserialize/weather_sept_85	763.5	Update README.md
2025-06-04	21a80514aef5		cardinality64/weather_sept_85	54.5	Update README.md
2025-06-04	21a80514aef5		iterate64/weather_sept_85	65828.8	Update README.md
2025-06-04	21a80514aef5		or_successive64/weather_sept_85	1507.2	Update README.md
2025-06-04	60290de77322		or_successive/census1881	691.8	updating issue constraints
2025-06-04	60290de77322		and_successive/census1881	20.9	updating issue constraints
2025-06-04	60290de77322		and_cardinality/census1881	15.1	updating issue constraints
2025-06-04	60290de77322		contains/census1881	4893.7	updating issue constraints
2025-06-04	60290de77322		iterate/census1881	2463.7	updating issue constraints
2025-06-04	60290de77322		to_array/census1881	119.8	updating issue constraints
2025-06-04	60290de77322		deserialize/census1881	339.6	updating issue constraints
2025-06-04	60290de77322		cardinality64/census1881	18.0	updating issue constraints
2025-06-04	60290de77322		iterate64/census1881	3616.6	updating issue constraints
2025-06-04	60290de77322		or_successive64/census1881	999.5	updating issue constraints
2025-06-04	60290de77322		or_successive/census-income	816.9	updating issue constraints
2025-06-04	60290de77322		and_successive/census-income	665.2	updating issue constraints
2025-06-04	60290de77322		and_cardinality/census-income	441.8	updating issue constraints
2025-06-04	60290de77322		contains/census-income	14052.2	updating issue constraints
2025-06-04	60290de77322		iterate/census-income	33189.6	updating issue constraints
2025-06-04	60290de77322		to_array/census-income	1343.5	updating issue constraints
2025-06-04	60290de77322		deserialize/census-income	118.4	updating issue constraints
2025-06-04	60290de77322		cardinality64/census-income	12.1	updating issue constraints
2025-06-04	60290de77322		iterate64/census-income	34498.7	updating issue constraints
2025-06-04	60290de77322		or_successive64/census-income	406.7	updating issue constraints
2025-06-04	60290de77322		or_successive/weather_sept_85	3285.3	updating issue constraints
2025-06-04	60290de77322		and_successive/weather_sept_85	2033.9	updating issue constraints
2025-06-04	60290de77322		and_cardinality/weather_sept_85	1593.2	updating issue constraints
2025-06-04	60290de77322		contains/weather_sept_85	17799.7	updating issue constraints
2025-06-04	60290de77322		iterate/weather_sept_85	61252.6	updating issue constraints
2025-06-04	60290de77322		to_array/weather_sept_85	5207.7	updating issue constraints
2025-06-04	60290de77322		deserialize/weather_sept_85	562.3	updating issue constraints
2025-06-04	60290de77322		cardinality64/weather_sept_85	35.6	updating issue constraints
2025-06-04	60290de77322		iterate64/weather_sept_85	65763.2	updating issue constraints
2025-06-04	60290de77322		or_successive64/weather_sept_85	1487.4	updating issue constraints
2025-06-04	b4991e228b10		or_successive/census1881	696.9	fixes
2025-06-04	b4991e228b10		and_successive/census1881	20.9	fixes
2025-06-04	b4991e228b10		and_cardinality/census1881	15.7	fixes
2025-06-04	b4991e228b10		contains/census1881	4907.3	fixes
2025-06-04	b4991e228b10		iterate/census1881	2454.8	fixes
2025-06-04	b4991e228b10		to_array/census1881	121.1	fixes
2025-06-04	b4991e228b10		deserialize/census1881	347.8	fixes
2025-06-04	b4991e228b10		cardinality64/census1881	17.8	fixes
2025-06-04	b4991e228b10		iterate64/census1881	3576.3	fixes
2025-06-04	b4991e228b10		or_successive64/census1881	1017.8	fixes
2025-06-04	b4991e228b10		or_successive/census-income	810.3	fixes
2025-06-04	b4991e228b10		and_successive/census-income	662.2	fixes
2025-06-04	b4991e228b10		and_cardinality/census-income	453.4	fixes
2025-06-04	b4991e228b10		contains/census-income	14094.8	fixes
2025-06-04	b4991e228b10		iterate/census-income	33404.7	fixes
2025-06-04	b4991e228b10		to_array/census-income	1350.9	fixes
2025-06-04	b4991e228b10		deserialize/census-income	118.1	fixes
2025-06-04	b4991e228b10		cardinality64/census-income	12.2	fixes
2025-06-04	b4991e228b10		iterate64/census-income	33536.9	fixes
2025-06-04	b4991e228b10		or_successive64/census-income	407.3	fixes
2025-06-04	b4991e228b10		or_successive/weather_sept_85	3309.4	fixes
2025-06-04	b4991e228b10		and_successive/weather_sept_85	2026.9	fixes
2025-06-04	b4991e228b10		and_cardinality/weather_sept_85	1596.6	fixes
2025-06-04	b4991e228b10		contains/weather_sept_85	17828.4	fixes
2025-06-04	b4991e228b10		iterate/weather_sept_85	61997.6	fixes
2025-06-04	b4991e228b10		to_array/weather_sept_85	5196.9	fixes
2025-06-04	b4991e228b10		deserialize/weather_sept_85	564.8	fixes
2025-06-04	b4991e228b10		cardinality64/weather_sept_85	35.5	fixes
2025-06-04	b4991e228b10		iterate64/weather_sept_85	65823.0	fixes
2025-06-04	b4991e228b10		or_successive64/weather_sept_85	1491.1	fixes
2025-06-05	75e7374f40e0		or_successive/census1881	665.0	4.3.5
2025-06-05	75e7374f40e0		and_successive/census1881	20.7	4.3.5
2025-06-05	75e7374f40e0		and_cardinality/census1881	16.0	4.3.5
2025-06-05	75e7374f40e0		contains/census1881	4919.9	4.3.5
2025-06-05	75e7374f40e0		iterate/census1881	2445.3	4.3.5
2025-06-05	75e7374f40e0		to_array/census1881	120.7	4.3.5
2025-06-05	75e7374f40e0		deserialize/census1881	342.3	4.3.5
2025-06-05	75e7374f40e0		cardinality64/census1881	18.0	4.3.5
2025-06-05	75e7374f40e0		iterate64/census1881	3586.6	4.3.5
2025-06-05	75e7374f40e0		or_successive64/census1881	1002.7	4.3.5
2025-06-05	75e7374f40e0		or_successive/census-income	809.6	4.3.5
2025-06-05	75e7374f40e0		and_successive/census-income	665.0	4.3.5
2025-06-05	75e7374f40e0		and_cardinality/census-income	448.2	4.3.5
2025-06-05	75e7374f40e0		contains/census-income	14102.7	4.3.5
2025-06-05	75e7374f40e0		iterate/census-income	33254.3	4.3.5
2025-06-05	75e7374f40e0		to_array/census-income	1348.6	4.3.5
2025-06-05	75e7374f40e0		deserialize/census-income	118.3	4.3.5
2025-06-05	75e7374f40e0		cardinality64/census-income	12.5	4.3.5
2025-06-05	75e7374f40e0		iterate64/census-income	34152.3	4.3.5
2025-06-05	75e7374f40e0		or_successive64/census-income	416.2	4.3.5
2025-06-05	75e7374f40e0		or_successive/weather_sept_85	3292.0	4.3.5
2025-06-05	75e7374f40e0		and_successive/weather_sept_85	2034.2	4.3.5
2025-06-05	75e7374f40e0		and_cardinality/weather_sept_85	1595.9	4.3.5
2025-06-05	75e7374f40e0		contains/weather_sept_85	17865.9	4.3.5
2025-06-05	75e7374f40e0		iterate/weather_sept_85	61234.1	4.3.5
2025-06-05	75e7374f40e0		to_array/weather_sept_85	5221.3	4.3.5
2025-06-05	75e7374f40e0		deserialize/weather_sept_85	561.7	4.3.5
2025-06-05	75e7374f40e0		cardinality64/weather_sept_85	36.6	4.3.5
2025-06-05	75e7374f40e0		iterate64/weather_sept_85	65903.3	4.3.5
2025-06-05	75e7374f40e0		or_successive64/weather_sept_85	1508.6	4.3.5
2025-06-05	d97e2eb06a5b	v4.3.5	or_successive/census1881	726.3	Merge branch 'master' of github.com:RoaringBitmap/CRoaring
2025-06-05	d97e2eb06a5b	v4.3.5	and_successive/census1881	20.4	Merge branch 'master' of github.com:RoaringBitmap/CRoaring
2025-06-05	d97e2eb06a5b	v4.3.5	and_cardinality/census1881	17.6	Merge branch 'master' of github.com:RoaringBitmap/CRoaring
2025-06-05	d97e2eb06a5b	v4.3.5	contains/census1881	4935.9	Merge branch 'master' of github.com:RoaringBitmap/CRoaring
2025-06-05	d97e2eb06a5b	v4.3.5	iterate/census1881	2472.3	Merge branch 'master' of github.com:RoaringBitmap/CRoaring
2025-06-05	d97e2eb06a5b	v4.3.5	to_array/census1881	119.9	Merge branch 'master' of github.com:RoaringBitmap/CRoaring
2025-06-05	d97e2eb06a5b	v4.3.5	deserialize/census1881	343.0	Merge branch 'master' of github.com:RoaringBitmap/CRoaring
2025-06-05	d97e2eb06a5b	v4.3.5	cardinality64/census1881	17.7	Merge branch 'master' of github.com:RoaringBitmap/CRoaring
2025-06-05	d97e2eb06a5b	v4.3.5	iterate64/census1881	3669.8	Merge branch 'master' of github.com:RoaringBitmap/CRoaring
2025-06-05	d97e2eb06a5b	v4.3.5	or_successive64/census1881	1003.7	Merge branch 'master' of github.com:RoaringBitmap/CRoaring
2025-06-05	d97e2eb06a5b	v4.3.5	or_successive/census-income	817.6	Merge branch 'master' of github.com:RoaringBitmap/CRoaring
2025-06-05	d97e2eb06a5b	v4.3.5	and_successive/census-income	665.9	Merge branch 'master' of github.com:RoaringBitmap/CRoaring
2025-06-05	d97e2eb06a5b	v4.3.5	and_cardinality/census-income	453.7	Merge branch 'master' of github.com:RoaringBitmap/CRoaring
2025-06-05	d97e2eb06a5b	v4.3.5	contains/census-income	14083.4	Merge branch 'master' of github.com:RoaringBitmap/CRoaring
2025-06-05	d97e2eb06a5b	v4.3.5	iterate/census-income	33423.4	Merge branch 'master' of github.com:RoaringBitmap/CRoaring
2025-06-05	d97e2eb06a5b	v4.3.5	to_array/census-income	1348.5	Merge branch 'master' of github.com:RoaringBitmap/CRoaring
2025-06-05	d97e2eb06a5b	v4.3.5	deserialize/census-income	118.2	Merge branch 'master' of github.com:RoaringBitmap/CRoaring
2025-06-05	d97e2eb06a5b	v4.3.5	cardinality64/census-income	12.2	Merge branch 'master' of github.com:RoaringBitmap/CRoaring
2025-06-05	d97e2eb06a5b	v4.3.5	iterate64/census-income	33885.9	Merge branch 'master' of github.com:RoaringBitmap/CRoaring
2025-06-05	d97e2eb06a5b	v4.3.5	or_successive64/census-income	403.5	Merge branch 'master' of github.com:RoaringBitmap/CRoaring
2025-06-05	d97e2eb06a5b	v4.3.5	or_successive/weather_sept_85	3311.4	Merge branch 'master' of github.com:RoaringBitmap/CRoaring
2025-06-05	d97e2eb06a5b	v4.3.5	and_successive/weather_sept_85	2029.3	Merge branch 'master' of github.com:RoaringBitmap/CRoaring
2025-06-05	d97e2eb06a5b	v4.3.5	and_cardinality/weather_sept_85	1592.7	Merge branch 'master' of github.com:RoaringBitmap/CRoaring
2025-06-05	d97e2eb06a5b	v4.3.5	contains/weather_sept_85	17880.6	Merge branch 'master' of github.com:RoaringBitmap/CRoaring
2025-06-05	d97e2eb06a5b	v4.3.5	iterate/weather_sept_85	62183.1	Merge branch 'master' of github.com:RoaringBitmap/CRoaring
2025-06-05	d97e2eb06a5b	v4.3.5	to_array/weather_sept_85	5209.1	Merge branch 'master' of github.com:RoaringBitmap/CRoaring
2025-06-05	d97e2eb06a5b	v4.3.5	deserialize/weather_sept_85	566.3	Merge branch 'master' of github.com:RoaringBitmap/CRoaring
2025-06-05	d97e2eb06a5b	v4.3.5	cardinality64/weather_sept_85	32.5	Merge branch 'master' of github.com:RoaringBitmap/CRoaring
2025-06-05	d97e2eb06a5b	v4.3.5	iterate64/weather_sept_85	65204.5	Merge branch 'master' of github.com:RoaringBitmap/CRoaring
2025-06-05	d97e2eb06a5b	v4.3.5	or_successive64/weather_sept_85	1479.5	Merge branch 'master' of github.com:RoaringBitmap/CRoaring
2025-06-09	328d264eb77b		or_successive/census1881	706.4	replace some more `container_get_cardinality()` (#715)
2025-06-09	328d264eb77b		and_successive/census1881	19.9	replace some more `container_get_cardinality()` (#715)
2025-06-09	328d264eb77b		and_cardinality/census1881	16.5	replace some more `container_get_cardinality()` (#715)
2025-06-09	328d264eb77b		contains/census1881	4875.2	replace some more `container_get_cardinality()` (#715)
2025-06-09	328d264eb77b		iterate/census1881	2483.8	replace some more `container_get_cardinality()` (#715)
2025-06-09	328d264eb77b		to_array/census1881	120.1	replace some more `container_get_cardinality()` (#715)
2025-06-09	328d264eb77b		deserialize/census1881	344.6	replace some more `container_get_cardinality()` (#715)
2025-06-09	328d264eb77b		cardinality64/census1881	17.8	replace some more `container_get_cardinality()` (#715)
2025-06-09	328d264eb77b		iterate64/census1881	3573.2	replace some more `container_get_cardinality()` (#715)
2025-06-09	328d264eb77b		or_successive64/census1881	991.9	replace some more `container_get_cardinality()` (#715)
2025-06-09	328d264eb77b		or_successive/census-income	807.4	replace some more `container_get_cardinality()` (#715)
2025-06-09	328d264eb77b		and_successive/census-income	666.5	replace some more `container_get_cardinality()` (#715)
2025-06-09	328d264eb77b		and_cardinality/census-income	442.4	replace some more `container_get_cardinality()` (#715)
2025-06-09	328d264eb77b		contains/census-income	13971.8	replace some more `container_get_cardinality()` (#715)
2025-06-09	328d264eb77b		iterate/census-income	33693.5	replace some more `container_get_cardinality()` (#715)
2025-06-09	328d264eb77b		to_array/census-income	1344.1	replace some more `container_get_cardinality()` (#715)
2025-06-09	328d264eb77b		deserialize/census-income	118.8	replace some more `container_get_cardinality()` (#715)
2025-06-09	328d264eb77b		cardinality64/census-income	12.2	replace some more `container_get_cardinality()` (#715)
2025-06-09	328d264eb77b		iterate64/census-income	33964.0	replace some more `container_get_cardinality()` (#715)
2025-06-09	328d264eb77b		or_successive64/census-income	403.1	replace some more `container_get_cardinality()` (#715)
2025-06-09	328d264eb77b		or_successive/weather_sept_85	3307.0	replace some more `container_get_cardinality()` (#715)
2025-06-09	328d264eb77b		and_successive/weather_sept_85	2026.0	replace some more `container_get_cardinality()` (#715)
2025-06-09	328d264eb77b		and_cardinality/weather_sept_85	1595.6	replace some more `container_get_cardinality()` (#715)
2025-06-09	328d264eb77b		contains/weather_sept_85	17805.3	replace some more `container_get_cardinality()` (#715)
2025-06-09	328d264eb77b		iterate/weather_sept_85	62064.4	replace some more `container_get_cardinality()` (#715)
2025-06-09	328d264eb77b		to_array/weather_sept_85	5220.1	replace some more `container_get_cardinality()` (#715)
2025-06-09	328d264eb77b		deserialize/weather_sept_85	567.0	replace some more `container_get_cardinality()` (#715)
2025-06-09	328d264eb77b		cardinality64/weather_sept_85	34.2	replace some more `container_get_cardinality()` (#715)
2025-06-09	328d264eb77b		iterate64/weather_sept_85	65161.7	replace some more `container_get_cardinality()` (#715)
2025-06-09	328d264eb77b		or_successive64/weather_sept_85	1485.4	replace some more `container_get_cardinality()` (#715)
2025-06-10	835884b2939f		or_successive/census1881	704.5	Update README.md by adding OpenHarmony Cross-Compile method (#716)
2025-06-10	835884b2939f		and_successive/census1881	20.3	Update README.md by adding OpenHarmony Cross-Compile method (#716)
2025-06-10	835884b2939f		and_cardinality/census1881	19.2	Update README.md by adding OpenHarmony Cross-Compile method (#716)
2025-06-10	835884b2939f		contains/census1881	4887.0	Update README.md by adding OpenHarmony Cross-Compile method (#716)
2025-06-10	835884b2939f		iterate/census1881	2470.9	Update README.md by adding OpenHarmony Cross-Compile method (#716)
2025-06-10	835884b2939f		to_array/census1881	123.4	Update README.md by adding OpenHarmony Cross-Compile method (#716)
2025-06-10	835884b2939f		deserialize/census1881	342.3	Update README.md by adding OpenHarmony Cross-Compile method (#716)
2025-06-10	835884b2939f		cardinality64/census1881	18.1	Update README.md by adding OpenHarmony Cross-Compile method (#716)
2025-06-10	835884b2939f		iterate64/census1881	3583.4	Update README.md by adding OpenHarmony Cross-Compile method (#716)
2025-06-10	835884b2939f		or_successive64/census1881	993.7	Update README.md by adding OpenHarmony Cross-Compile method (#716)
2025-06-10	835884b2939f		or_successive/census-income	816.4	Update README.md by adding OpenHarmony Cross-Compile method (#716)
2025-06-10	835884b2939f		and_successive/census-income	667.9	Update README.md by adding OpenHarmony Cross-Compile method (#716)
2025-06-10	835884b2939f		and_cardinality/census-income	452.7	Update README.md by adding OpenHarmony Cross-Compile method (#716)
2025-06-10	835884b2939f		contains/census-income	13873.7	Update README.md by adding OpenHarmony Cross-Compile method (#716)
2025-06-10	835884b2939f		iterate/census-income	33831.2	Update README.md by adding OpenHarmony Cross-Compile method (#716)
2025-06-10	835884b2939f		to_array/census-income	1352.7	Update README.md by adding OpenHarmony Cross-Compile method (#716)
2025-06-10	835884b2939f		deserialize/census-income	119.4	Update README.md by adding OpenHarmony Cross-Compile method (#716)
2025-06-10	835884b2939f		cardinality64/census-income	12.4	Update README.md by adding OpenHarmony Cross-Compile method (#716)
2025-06-10	835884b2939f		iterate64/census-income	33540.1	Update README.md by adding OpenHarmony Cross-Compile method (#716)
2025-06-10	835884b2939f		or_successive64/census-income	405.3	Update README.md by adding OpenHarmony Cross-Compile method (#716)
2025-06-10	835884b2939f		or_successive/weather_sept_85	3303.3	Update README.md by adding OpenHarmony Cross-Compile method (#716)
2025-06-10	835884b2939f		and_successive/weather_sept_85	2029.5	Update README.md by adding OpenHarmony Cross-Compile method (#716)
2025-06-10	835884b2939f		and_cardinality/weather_sept_85	1601.0	Update README.md by adding OpenHarmony Cross-Compile method (#716)
2025-06-10	835884b2939f		contains/weather_sept_85	17690.4	Update README.md by adding OpenHarmony Cross-Compile method (#716)
2025-06-10	835884b2939f		iterate/weather_sept_85	61970.1	Update README.md by adding OpenHarmony Cross-Compile method (#716)
2025-06-10	835884b2939f		to_array/weather_sept_85	5229.7	Update README.md by adding OpenHarmony Cross-Compile method (#716)
2025-06-10	835884b2939f		deserialize/weather_sept_85	562.0	Update README.md by adding OpenHarmony Cross-Compile method (#716)
2025-06-10	835884b2939f		cardinality64/weather_sept_85	32.2	Update README.md by adding OpenHarmony Cross-Compile method (#716)
2025-06-10	835884b2939f		iterate64/weather_sept_85	65846.3	Update README.md by adding OpenHarmony Cross-Compile method (#716)
2025-06-10	835884b2939f		or_successive64/weather_sept_85	1501.0	Update README.md by adding OpenHarmony Cross-Compile method (#716)
2025-07-25	f509e2111a2c		or_successive/census1881	686.9	Fix C++ include paths for CMake FetchContent (#720)
2025-07-25	f509e2111a2c		and_successive/census1881	20.5	Fix C++ include paths for CMake FetchContent (#720)
2025-07-25	f509e2111a2c		and_cardinality/census1881	15.5	Fix C++ include paths for CMake FetchContent (#720)
2025-07-25	f509e2111a2c		contains/census1881	4840.5	Fix C++ include paths for CMake FetchContent (#720)
2025-07-25	f509e2111a2c		iterate/census1881	2541.3	Fix C++ include paths for CMake FetchContent (#720)
2025-07-25	f509e2111a2c		to_array/census1881	121.4	Fix C++ include paths for CMake FetchContent (#720)
2025-07-25	f509e2111a2c		deserialize/census1881	338.2	Fix C++ include paths for CMake FetchContent (#720)
2025-07-25	f509e2111a2c		cardinality64/census1881	17.6	Fix C++ include paths for CMake FetchContent (#720)
2025-07-25	f509e2111a2c		iterate64/census1881	3576.2	Fix C++ include paths for CMake FetchContent (#720)
2025-07-25	f509e2111a2c		or_successive64/census1881	993.6	Fix C++ include paths for CMake FetchContent (#720)
2025-07-25	f509e2111a2c		or_successive/census-income	816.6	Fix C++ include paths for CMake FetchContent (#720)
2025-07-25	f509e2111a2c		and_successive/census-income	665.4	Fix C++ include paths for CMake FetchContent (#720)
2025-07-25	f509e2111a2c		and_cardinality/census-income	452.4	Fix C++ include paths for CMake FetchContent (#720)
2025-07-25	f509e2111a2c		contains/census-income	13959.5	Fix C++ include paths for CMake FetchContent (#720)
2025-07-25	f509e2111a2c		iterate/census-income	33495.8	Fix C++ include paths for CMake FetchContent (#720)
2025-07-25	f509e2111a2c		to_array/census-income	1346.8	Fix C++ include paths for CMake FetchContent (#720)
2025-07-25	f509e2111a2c		deserialize/census-income	118.5	Fix C++ include paths for CMake FetchContent (#720)
2025-07-25	f509e2111a2c		cardinality64/census-income	12.2	Fix C++ include paths for CMake FetchContent (#720)
2025-07-25	f509e2111a2c		iterate64/census-income	34083.5	Fix C++ include paths for CMake FetchContent (#720)
2025-07-25	f509e2111a2c		or_successive64/census-income	398.8	Fix C++ include paths for CMake FetchContent (#720)
2025-07-25	f509e2111a2c		or_successive/weather_sept_85	3313.1	Fix C++ include paths for CMake FetchContent (#720)
2025-07-25	f509e2111a2c		and_successive/weather_sept_85	2034.2	Fix C++ include paths for CMake FetchContent (#720)
2025-07-25	f509e2111a2c		and_cardinality/weather_sept_85	1593.3	Fix C++ include paths for CMake FetchContent (#720)
2025-07-25	f509e2111a2c		contains/weather_sept_85	17670.8	Fix C++ include paths for CMake FetchContent (#720)
2025-07-25	f509e2111a2c		iterate/weather_sept_85	62136.9	Fix C++ include paths for CMake FetchContent (#720)
2025-07-25	f509e2111a2c		to_array/weather_sept_85	5196.7	Fix C++ include paths for CMake FetchContent (#720)
2025-07-25	f509e2111a2c		deserialize/weather_sept_85	561.2	Fix C++ include paths for CMake FetchContent (#720)
2025-07-25	f509e2111a2c		cardinality64/weather_sept_85	34.1	Fix C++ include paths for CMake FetchContent (#720)
2025-07-25	f509e2111a2c		iterate64/weather_sept_85	66660.2	Fix C++ include paths for CMake FetchContent (#720)
2025-07-25	f509e2111a2c		or_successive64/weather_sept_85	1494.2	Fix C++ include paths for CMake FetchContent (#720)
2025-07-28	e8d944f331f9	v4.3.6	or_successive/census1881	684.3	preparing patch release and fixing issue 722 (#723)
2025-07-28	e8d944f331f9	v4.3.6	and_successive/census1881	20.6	preparing patch release and fixing issue 722 (#723)
2025-07-28	e8d944f331f9	v4.3.6	and_cardinality/census1881	15.3	preparing patch release and fixing issue 722 (#723)
2025-07-28	e8d944f331f9	v4.3.6	contains/census1881	4907.9	preparing patch release and fixing issue 722 (#723)
2025-07-28	e8d944f331f9	v4.3.6	iterate/census1881	2501.8	preparing patch release and fixing issue 722 (#723)
2025-07-28	e8d944f331f9	v4.3.6	to_array/census1881	119.5	preparing patch release and fixing issue 722 (#723)
2025-07-28	e8d944f331f9	v4.3.6	deserialize/census1881	344.4	preparing patch release and fixing issue 722 (#723)
2025-07-28	e8d944f331f9	v4.3.6	cardinality64/census1881	17.1	preparing patch release and fixing issue 722 (#723)
2025-07-28	e8d944f331f9	v4.3.6	iterate64/census1881	3582.5	preparing patch release and fixing issue 722 (#723)
2025-07-28	e8d944f331f9	v4.3.6	or_successive64/census1881	999.2	preparing patch release and fixing issue 722 (#723)
2025-07-28	e8d944f331f9	v4.3.6	or_successive/census-income	821.0	preparing patch release and fixing issue 722 (#723)
2025-07-28	e8d944f331f9	v4.3.6	and_successive/census-income	660.5	preparing patch release and fixing issue 722 (#723)
2025-07-28	e8d944f331f9	v4.3.6	and_cardinality/census-income	444.7	preparing patch release and fixing issue 722 (#723)
2025-07-28	e8d944f331f9	v4.3.6	contains/census-income	14059.2	preparing patch release and fixing issue 722 (#723)
2025-07-28	e8d944f331f9	v4.3.6	iterate/census-income	33860.9	preparing patch release and fixing issue 722 (#723)
2025-07-28	e8d944f331f9	v4.3.6	to_array/census-income	1348.3	preparing patch release and fixing issue 722 (#723)
2025-07-28	e8d944f331f9	v4.3.6	deserialize/census-income	118.5	preparing patch release and fixing issue 722 (#723)
2025-07-28	e8d944f331f9	v4.3.6	cardinality64/census-income	12.3	preparing patch release and fixing issue 722 (#723)
2025-07-28	e8d944f331f9	v4.3.6	iterate64/census-income	34293.2	preparing patch release and fixing issue 722 (#723)
2025-07-28	e8d944f331f9	v4.3.6	or_successive64/census-income	402.9	preparing patch release and fixing issue 722 (#723)
2025-07-28	e8d944f331f9	v4.3.6	or_successive/weather_sept_85	3313.4	preparing patch release and fixing issue 722 (#723)
2025-07-28	e8d944f331f9	v4.3.6	and_successive/weather_sept_85	2037.1	preparing patch release and fixing issue 722 (#723)
2025-07-28	e8d944f331f9	v4.3.6	and_cardinality/weather_sept_85	1594.4	preparing patch release and fixing issue 722 (#723)
2025-07-28	e8d944f331f9	v4.3.6	contains/weather_sept_85	17750.0	preparing patch release and fixing issue 722 (#723)
2025-07-28	e8d944f331f9	v4.3.6	iterate/weather_sept_85	62206.6	preparing patch release and fixing issue 722 (#723)
2025-07-28	e8d944f331f9	v4.3.6	to_array/weather_sept_85	5190.3	preparing patch release and fixing issue 722 (#723)
2025-07-28	e8d944f331f9	v4.3.6	deserialize/weather_sept_85	564.1	preparing patch release and fixing issue 722 (#723)
2025-07-28	e8d944f331f9	v4.3.6	cardinality64/weather_sept_85	33.8	preparing patch release and fixing issue 722 (#723)
2025-07-28	e8d944f331f9	v4.3.6	iterate64/weather_sept_85	64886.1	preparing patch release and fixing issue 722 (#723)
2025-07-28	e8d944f331f9	v4.3.6	or_successive64/weather_sept_85	1491.9	preparing patch release and fixing issue 722 (#723)
2025-08-17	a43e5b642e3e		or_successive/census1881	708.6	ALLOW_UNALIGNED should be scoped (#724)
2025-08-17	a43e5b642e3e		and_successive/census1881	21.0	ALLOW_UNALIGNED should be scoped (#724)
2025-08-17	a43e5b642e3e		and_cardinality/census1881	15.3	ALLOW_UNALIGNED should be scoped (#724)
2025-08-17	a43e5b642e3e		contains/census1881	4901.8	ALLOW_UNALIGNED should be scoped (#724)
2025-08-17	a43e5b642e3e		iterate/census1881	2607.8	ALLOW_UNALIGNED should be scoped (#724)
2025-08-17	a43e5b642e3e		to_array/census1881	120.5	ALLOW_UNALIGNED should be scoped (#724)
2025-08-17	a43e5b642e3e		deserialize/census1881	341.5	ALLOW_UNALIGNED should be scoped (#724)
2025-08-17	a43e5b642e3e		cardinality64/census1881	17.5	ALLOW_UNALIGNED should be scoped (#724)
2025-08-17	a43e5b642e3e		iterate64/census1881	3634.5	ALLOW_UNALIGNED should be scoped (#724)
2025-08-17	a43e5b642e3e		or_successive64/census1881	995.5	ALLOW_UNALIGNED should be scoped (#724)
2025-08-17	a43e5b642e3e		or_successive/census-income	813.4	ALLOW_UNALIGNED should be scoped (#724)
2025-08-17	a43e5b642e3e		and_successive/census-income	665.1	ALLOW_UNALIGNED should be scoped (#724)
2025-08-17	a43e5b642e3e		and_cardinality/census-income	444.6	ALLOW_UNALIGNED should be scoped (#724)
2025-08-17	a43e5b642e3e		contains/census-income	13980.5	ALLOW_UNALIGNED should be scoped (#724)
2025-08-17	a43e5b642e3e		iterate/census-income	34183.9	ALLOW_UNALIGNED should be scoped (#724)
2025-08-17	a43e5b642e3e		to_array/census-income	2122.9	ALLOW_UNALIGNED should be scoped (#724)
2025-08-17	a43e5b642e3e		deserialize/census-income	172.1	ALLOW_UNALIGNED should be scoped (#724)
2025-08-17	a43e5b642e3e		cardinality64/census-income	18.2	ALLOW_UNALIGNED should be scoped (#724)
2025-08-17	a43e5b642e3e		iterate64/census-income	34150.4	ALLOW_UNALIGNED should be scoped (#724)
2025-08-17	a43e5b642e3e		or_successive64/census-income	406.4	ALLOW_UNALIGNED should be scoped (#724)
2025-08-17	a43e5b642e3e		or_successive/weather_sept_85	3312.1	ALLOW_UNALIGNED should be scoped (#724)
2025-08-17	a43e5b642e3e		and_successive/weather_sept_85	2029.7	ALLOW_UNALIGNED should be scoped (#724)
2025-08-17	a43e5b642e3e		and_cardinality/weather_sept_85	1594.1	ALLOW_UNALIGNED should be scoped (#724)
2025-08-17	a43e5b642e3e		contains/weather_sept_85	17662.2	ALLOW_UNALIGNED should be scoped (#724)
2025-08-17	a43e5b642e3e		iterate/weather_sept_85	62519.2	ALLOW_UNALIGNED should be scoped (#724)
2025-08-17	a43e5b642e3e		to_array/weather_sept_85	5201.2	ALLOW_UNALIGNED should be scoped (#724)
2025-08-17	a43e5b642e3e		deserialize/weather_sept_85	565.0	ALLOW_UNALIGNED should be scoped (#724)
2025-08-17	a43e5b642e3e		cardinality64/weather_sept_85	34.4	ALLOW_UNALIGNED should be scoped (#724)
2025-08-17	a43e5b642e3e		iterate64/weather_sept_85	65558.3	ALLOW_UNALIGNED should be scoped (#724)
2025-08-17	a43e5b642e3e		or_successive64/weather_sept_85	1510.7	ALLOW_UNALIGNED should be scoped (#724)
2025-08-22	5706358e142c		or_successive/census1881	723.7	minor fixes
2025-08-22	5706358e142c		and_successive/census1881	20.0	minor fixes
2025-08-22	5706358e142c		and_cardinality/census1881	16.2	minor fixes
2025-08-22	5706358e142c		contains/census1881	4914.1	minor fixes
2025-08-22	5706358e142c		iterate/census1881	2441.2	minor fixes
2025-08-22	5706358e142c		to_array/census1881	119.7	minor fixes
2025-08-22	5706358e142c		deserialize/census1881	339.6	minor fixes
2025-08-22	5706358e142c		cardinality64/census1881	17.4	minor fixes
2025-08-22	5706358e142c		iterate64/census1881	3596.8	minor fixes
2025-08-22	5706358e142c		or_successive64/census1881	992.3	minor fixes
2025-08-22	5706358e142c		or_successive/census-income	813.1	minor fixes
2025-08-22	5706358e142c		and_successive/census-income	667.7	minor fixes
2025-08-22	5706358e142c		and_cardinality/census-income	443.7	minor fixes
2025-08-22	5706358e142c		contains/census-income	14051.8	minor fixes
2025-08-22	5706358e142c		iterate/census-income	33410.8	minor fixes
2025-08-22	5706358e142c		to_array/census-income	1350.0	minor fixes
2025-08-22	5706358e142c		deserialize/census-income	118.3	minor fixes
2025-08-22	5706358e142c		cardinality64/census-income	12.2	minor fixes
2025-08-22	5706358e142c		iterate64/census-income	33987.7	minor fixes
2025-08-22	5706358e142c		or_successive64/census-income	398.2	minor fixes
2025-08-22	5706358e142c		or_successive/weather_sept_85	3295.9	minor fixes
2025-08-22	5706358e142c		and_successive/weather_sept_85	2028.9	minor fixes
2025-08-22	5706358e142c		and_cardinality/weather_sept_85	1594.9	minor fixes
2025-08-22	5706358e142c		contains/weather_sept_85	17844.3	minor fixes
2025-08-22	5706358e142c		iterate/weather_sept_85	61365.6	minor fixes
2025-08-22	5706358e142c		to_array/weather_sept_85	5200.9	minor fixes
2025-08-22	5706358e142c		deserialize/weather_sept_85	560.8	minor fixes
2025-08-22	5706358e142c		cardinality64/weather_sept_85	34.2	minor fixes
2025-08-22	5706358e142c		iterate64/weather_sept_85	65451.6	minor fixes
2025-08-22	5706358e142c		or_successive64/weather_sept_85	1489.2	minor fixes
2025-08-22	6f6e9b911c5d	v4.3.7	or_successive/census1881	701.5	patch release for minor alignment issue
2025-08-22	6f6e9b911c5d	v4.3.7	and_successive/census1881	20.1	patch release for minor alignment issue
2025-08-22	6f6e9b911c5d	v4.3.7	and_cardinality/census1881	16.1	patch release for minor alignment issue
2025-08-22	6f6e9b911c5d	v4.3.7	contains/census1881	4921.6	patch release for minor alignment issue
2025-08-22	6f6e9b911c5d	v4.3.7	iterate/census1881	2487.5	patch release for minor alignment issue
2025-08-22	6f6e9b911c5d	v4.3.7	to_array/census1881	120.0	patch release for minor alignment issue
2025-08-22	6f6e9b911c5d	v4.3.7	deserialize/census1881	344.3	patch release for minor alignment issue
2025-08-22	6f6e9b911c5d	v4.3.7	cardinality64/census1881	18.1	patch release for minor alignment issue
2025-08-22	6f6e9b911c5d	v4.3.7	iterate64/census1881	3576.9	patch release for minor alignment issue
2025-08-22	6f6e9b911c5d	v4.3.7	or_successive64/census1881	1000.4	patch release for minor alignment issue
2025-08-22	6f6e9b911c5d	v4.3.7	or_successive/census-income	817.6	patch release for minor alignment issue
2025-08-22	6f6e9b911c5d	v4.3.7	and_successive/census-income	660.4	patch release for minor alignment issue
2025-08-22	6f6e9b911c5d	v4.3.7	and_cardinality/census-income	451.4	patch release for minor alignment issue
2025-08-22	6f6e9b911c5d	v4.3.7	contains/census-income	14018.2	patch release for minor alignment issue
2025-08-22	6f6e9b911c5d	v4.3.7	iterate/census-income	33429.0	patch release for minor alignment issue
2025-08-22	6f6e9b911c5d	v4.3.7	to_array/census-income	1334.5	patch release for minor alignment issue
2025-08-22	6f6e9b911c5d	v4.3.7	deserialize/census-income	119.3	patch release for minor alignment issue
2025-08-22	6f6e9b911c5d	v4.3.7	cardinality64/census-income	12.5	patch release for minor alignment issue
2025-08-22	6f6e9b911c5d	v4.3.7	iterate64/census-income	34343.3	patch release for minor alignment issue
2025-08-22	6f6e9b911c5d	v4.3.7	or_successive64/census-income	401.6	patch release for minor alignment issue
2025-08-22	6f6e9b911c5d	v4.3.7	or_successive/weather_sept_85	3318.7	patch release for minor alignment issue
2025-08-22	6f6e9b911c5d	v4.3.7	and_successive/weather_sept_85	2033.8	patch release for minor alignment issue
2025-08-22	6f6e9b911c5d	v4.3.7	and_cardinality/weather_sept_85	1595.3	patch release for minor alignment issue
2025-08-22	6f6e9b911c5d	v4.3.7	contains/weather_sept_85	17862.8	patch release for minor alignment issue
2025-08-22	6f6e9b911c5d	v4.3.7	iterate/weather_sept_85	61682.8	patch release for minor alignment issue
2025-08-22	6f6e9b911c5d	v4.3.7	to_array/weather_sept_85	5207.0	patch release for minor alignment issue
2025-08-22	6f6e9b911c5d	v4.3.7	deserialize/weather_sept_85	561.5	patch release for minor alignment issue
2025-08-22	6f6e9b911c5d	v4.3.7	cardinality64/weather_sept_85	34.8	patch release for minor alignment issue
2025-08-22	6f6e9b911c5d	v4.3.7	iterate64/weather_sept_85	65648.9	patch release for minor alignment issue
2025-08-22	6f6e9b911c5d	v4.3.7	or_successive64/weather_sept_85	1483.6	patch release for minor alignment issue
2025-08-25	48a2c941615b	v4.3.8	or_successive/census1881	668.0	fix unaligned memcpy in frozen serialize (#727)
2025-08-25	48a2c941615b	v4.3.8	and_successive/census1881	20.0	fix unaligned memcpy in frozen serialize (#727)
2025-08-25	48a2c941615b	v4.3.8	and_cardinality/census1881	16.0	fix unaligned memcpy in frozen serialize (#727)
2025-08-25	48a2c941615b	v4.3.8	contains/census1881	4920.6	fix unaligned memcpy in frozen serialize (#727)
2025-08-25	48a2c941615b	v4.3.8	iterate/census1881	2443.3	fix unaligned memcpy in frozen serialize (#727)
2025-08-25	48a2c941615b	v4.3.8	to_array/census1881	123.0	fix unaligned memcpy in frozen serialize (#727)
2025-08-25	48a2c941615b	v4.3.8	deserialize/census1881	361.5	fix unaligned memcpy in frozen serialize (#727)
2025-08-25	48a2c941615b	v4.3.8	cardinality64/census1881	26.1	fix unaligned memcpy in frozen serialize (#727)
2025-08-25	48a2c941615b	v4.3.8	iterate64/census1881	3577.0	fix unaligned memcpy in frozen serialize (#727)
2025-08-25	48a2c941615b	v4.3.8	or_successive64/census1881	1000.5	fix unaligned memcpy in frozen serialize (#727)
2025-08-25	48a2c941615b	v4.3.8	or_successive/census-income	813.7	fix unaligned memcpy in frozen serialize (#727)
2025-08-25	48a2c941615b	v4.3.8	and_successive/census-income	668.4	fix unaligned memcpy in frozen serialize (#727)
2025-08-25	48a2c941615b	v4.3.8	and_cardinality/census-income	440.2	fix unaligned memcpy in frozen serialize (#727)
2025-08-25	48a2c941615b	v4.3.8	contains/census-income	13880.2	fix unaligned memcpy in frozen serialize (#727)
2025-08-25	48a2c941615b	v4.3.8	iterate/census-income	33282.5	fix unaligned memcpy in frozen serialize (#727)
2025-08-25	48a2c941615b	v4.3.8	to_array/census-income	1347.5	fix unaligned memcpy in frozen serialize (#727)
2025-08-25	48a2c941615b	v4.3.8	deserialize/census-income	119.0	fix unaligned memcpy in frozen serialize (#727)
2025-08-25	48a2c941615b	v4.3.8	cardinality64/census-income	13.6	fix unaligned memcpy in frozen serialize (#727)
2025-08-25	48a2c941615b	v4.3.8	iterate64/census-income	33881.8	fix unaligned memcpy in frozen serialize (#727)
2025-08-25	48a2c941615b	v4.3.8	or_successive64/census-income	411.1	fix unaligned memcpy in frozen serialize (#727)
2025-08-25	48a2c941615b	v4.3.8	or_successive/weather_sept_85	3302.9	fix unaligned memcpy in frozen serialize (#727)
2025-08-25	48a2c941615b	v4.3.8	and_successive/weather_sept_85	2031.9	fix unaligned memcpy in frozen serialize (#727)
2025-08-25	48a2c941615b	v4.3.8	and_cardinality/weather_sept_85	1602.7	fix unaligned memcpy in frozen serialize (#727)
2025-08-25	48a2c941615b	v4.3.8	contains/weather_sept_85	17901.2	fix unaligned memcpy in frozen serialize (#727)
2025-08-25	48a2c941615b	v4.3.8	iterate/weather_sept_85	62200.8	fix unaligned memcpy in frozen serialize (#727)
2025-08-25	48a2c941615b	v4.3.8	to_array/weather_sept_85	5224.6	fix unaligned memcpy in frozen serialize (#727)
2025-08-25	48a2c941615b	v4.3.8	deserialize/weather_sept_85	563.7	fix unaligned memcpy in frozen serialize (#727)
2025-08-25	48a2c941615b	v4.3.8	cardinality64/weather_sept_85	35.2	fix unaligned memcpy in frozen serialize (#727)
2025-08-25	48a2c941615b	v4.3.8	iterate64/weather_sept_85	65074.5	fix unaligned memcpy in frozen serialize (#727)
2025-08-25	48a2c941615b	v4.3.8	or_successive64/weather_sept_85	1514.0	fix unaligned memcpy in frozen serialize (#727)
2025-08-25	1d5ed452ac99	v4.3.9	or_successive/census1881	720.9	fix one more memcpy alignment (#728)
2025-08-25	1d5ed452ac99	v4.3.9	and_successive/census1881	20.1	fix one more memcpy alignment (#728)
2025-08-25	1d5ed452ac99	v4.3.9	and_cardinality/census1881	21.3	fix one more memcpy alignment (#728)
2025-08-25	1d5ed452ac99	v4.3.9	contains/census1881	4912.0	fix one more memcpy alignment (#728)
2025-08-25	1d5ed452ac99	v4.3.9	iterate/census1881	2442.6	fix one more memcpy alignment (#728)
2025-08-25	1d5ed452ac99	v4.3.9	to_array/census1881	121.6	fix one more memcpy alignment (#728)
2025-08-25	1d5ed452ac99	v4.3.9	deserialize/census1881	346.4	fix one more memcpy alignment (#728)
2025-08-25	1d5ed452ac99	v4.3.9	cardinality64/census1881	17.8	fix one more memcpy alignment (#728)
2025-08-25	1d5ed452ac99	v4.3.9	iterate64/census1881	3642.9	fix one more memcpy alignment (#728)
2025-08-25	1d5ed452ac99	v4.3.9	or_successive64/census1881	1023.5	fix one more memcpy alignment (#728)
2025-08-25	1d5ed452ac99	v4.3.9	or_successive/census-income	827.3	fix one more memcpy alignment (#728)
2025-08-25	1d5ed452ac99	v4.3.9	and_successive/census-income	667.6	fix one more memcpy alignment (#728)
2025-08-25	1d5ed452ac99	v4.3.9	and_cardinality/census-income	441.6	fix one more memcpy alignment (#728)
2025-08-25	1d5ed452ac99	v4.3.9	contains/census-income	13948.8	fix one more memcpy alignment (#728)
2025-08-25	1d5ed452ac99	v4.3.9	iterate/census-income	33273.3	fix one more memcpy alignment (#728)
2025-08-25	1d5ed452ac99	v4.3.9	to_array/census-income	1346.8	fix one more memcpy alignment (#728)
2025-08-25	1d5ed452ac99	v4.3.9	deserialize/census-income	123.5	fix one more memcpy alignment (#728)
2025-08-25	1d5ed452ac99	v4.3.9	cardinality64/census-income	12.4	fix one more memcpy alignment (#728)
2025-08-25	1d5ed452ac99	v4.3.9	iterate64/census-income	33708.3	fix one more memcpy alignment (#728)
2025-08-25	1d5ed452ac99	v4.3.9	or_successive64/census-income	414.3	fix one more memcpy alignment (#728)
2025-08-25	1d5ed452ac99	v4.3.9	or_successive/weather_sept_85	3331.6	fix one more memcpy alignment (#728)
2025-08-25	1d5ed452ac99	v4.3.9	and_successive/weather_sept_85	2044.3	fix one more memcpy alignment (#728)
2025-08-25	1d5ed452ac99	v4.3.9	and_cardinality/weather_sept_85	1597.2	fix one more memcpy alignment (#728)
2025-08-25	1d5ed452ac99	v4.3.9	contains/weather_sept_85	17868.4	fix one more memcpy alignment (#728)
2025-08-25	1d5ed452ac99	v4.3.9	iterate/weather_sept_85	61443.0	fix one more memcpy alignment (#728)
2025-08-25	1d5ed452ac99	v4.3.9	to_array/weather_sept_85	5203.5	fix one more memcpy alignment (#728)
2025-08-25	1d5ed452ac99	v4.3.9	deserialize/weather_sept_85	583.7	fix one more memcpy alignment (#728)
2025-08-25	1d5ed452ac99	v4.3.9	cardinality64/weather_sept_85	34.8	fix one more memcpy alignment (#728)
2025-08-25	1d5ed452ac99	v4.3.9	iterate64/weather_sept_85	65527.9	fix one more memcpy alignment (#728)
2025-08-25	1d5ed452ac99	v4.3.9	or_successive64/weather_sept_85	1541.9	fix one more memcpy alignment (#728)
2025-08-29	afdce150366f		or_successive/census1881	705.0	fix build error when microbenchmarking is enabled (#729)
2025-08-29	afdce150366f		and_successive/census1881	20.7	fix build error when microbenchmarking is enabled (#729)
2025-08-29	afdce150366f		and_cardinality/census1881	15.4	fix build error when microbenchmarking is enabled (#729)
2025-08-29	afdce150366f		contains/census1881	4941.8	fix build error when microbenchmarking is enabled (#729)
2025-08-29	afdce150366f		iterate/census1881	2452.7	fix build error when microbenchmarking is enabled (#729)
2025-08-29	afdce150366f		to_array/census1881	121.1	fix build error when microbenchmarking is enabled (#729)
2025-08-29	afdce150366f		deserialize/census1881	336.9	fix build error when microbenchmarking is enabled (#729)
2025-08-29	afdce150366f		cardinality64/census1881	18.0	fix build error when microbenchmarking is enabled (#729)
2025-08-29	afdce150366f		iterate64/census1881	3587.1	fix build error when microbenchmarking is enabled (#729)
2025-08-29	afdce150366f		or_successive64/census1881	992.5	fix build error when microbenchmarking is enabled (#729)
2025-08-29	afdce150366f		or_successive/census-income	824.1	fix build error when microbenchmarking is enabled (#729)
2025-08-29	afdce150366f		and_successive/census-income	662.8	fix build error when microbenchmarking is enabled (#729)
2025-08-29	afdce150366f		and_cardinality/census-income	449.0	fix build error when microbenchmarking is enabled (#729)
2025-08-29	afdce150366f		contains/census-income	14046.9	fix build error when microbenchmarking is enabled (#729)
2025-08-29	afdce150366f		iterate/census-income	33134.2	fix build error when microbenchmarking is enabled (#729)
2025-08-29	afdce150366f		to_array/census-income	1349.6	fix build error when microbenchmarking is enabled (#729)
2025-08-29	afdce150366f		deserialize/census-income	119.4	fix build error when microbenchmarking is enabled (#729)
2025-08-29	afdce150366f		cardinality64/census-income	12.4	fix build error when microbenchmarking is enabled (#729)
2025-08-29	afdce150366f		iterate64/census-income	33701.1	fix build error when microbenchmarking is enabled (#729)
2025-08-29	afdce150366f		or_successive64/census-income	401.8	fix build error when microbenchmarking is enabled (#729)
2025-08-29	afdce150366f		or_successive/weather_sept_85	3322.2	fix build error when microbenchmarking is enabled (#729)
2025-08-29	afdce150366f		and_successive/weather_sept_85	2020.8	fix build error when microbenchmarking is enabled (#729)
2025-08-29	afdce150366f		and_cardinality/weather_sept_85	1598.1	fix build error when microbenchmarking is enabled (#729)
2025-08-29	afdce150366f		contains/weather_sept_85	17792.8	fix build error when microbenchmarking is enabled (#729)
2025-08-29	afdce150366f		iterate/weather_sept_85	61278.7	fix build error when microbenchmarking is enabled (#729)
2025-08-29	afdce150366f		to_array/weather_sept_85	5228.0	fix build error when microbenchmarking is enabled (#729)
2025-08-29	afdce150366f		deserialize/weather_sept_85	563.4	fix build error when microbenchmarking is enabled (#729)
2025-08-29	afdce150366f		cardinality64/weather_sept_85	34.2	fix build error when microbenchmarking is enabled (#729)
2025-08-29	afdce150366f		iterate64/weather_sept_85	65726.0	fix build error when microbenchmarking is enabled (#729)
2025-08-29	afdce150366f		or_successive64/weather_sept_85	1495.9	fix build error when microbenchmarking is enabled (#729)
2025-09-03	9f671ed50f70		or_successive/census1881	707.8	fix roaring64 iterator state after reading past end (#731)
2025-09-03	9f671ed50f70		and_successive/census1881	20.4	fix roaring64 iterator state after reading past end (#731)
2025-09-03	9f671ed50f70		and_cardinality/census1881	17.3	fix roaring64 iterator state after reading past end (#731)
2025-09-03	9f671ed50f70		contains/census1881	4897.8	fix roaring64 iterator state after reading past end (#731)
2025-09-03	9f671ed50f70		iterate/census1881	2460.7	fix roaring64 iterator state after reading past end (#731)
2025-09-03	9f671ed50f70		to_array/census1881	121.2	fix roaring64 iterator state after reading past end (#731)
2025-09-03	9f671ed50f70		deserialize/census1881	339.8	fix roaring64 iterator state after reading past end (#731)
2025-09-03	9f671ed50f70		cardinality64/census1881	18.2	fix roaring64 iterator state after reading past end (#731)
2025-09-03	9f671ed50f70		iterate64/census1881	3578.1	fix roaring64 iterator state after reading past end (#731)
2025-09-03	9f671ed50f70		or_successive64/census1881	999.6	fix roaring64 iterator state after reading past end (#731)
2025-09-03	9f671ed50f70		or_successive/census-income	815.0	fix roaring64 iterator state after reading past end (#731)
2025-09-03	9f671ed50f70		and_successive/census-income	667.6	fix roaring64 iterator state after reading past end (#731)
2025-09-03	9f671ed50f70		and_cardinality/census-income	447.4	fix roaring64 iterator state after reading past end (#731)
2025-09-03	9f671ed50f70		contains/census-income	14037.8	fix roaring64 iterator state after reading past end (#731)
2025-09-03	9f671ed50f70		iterate/census-income	33598.5	fix roaring64 iterator state after reading past end (#731)
2025-09-03	9f671ed50f70		to_array/census-income	1343.7	fix roaring64 iterator state after reading past end (#731)
2025-09-03	9f671ed50f70		deserialize/census-income	119.7	fix roaring64 iterator state after reading past end (#731)
2025-09-03	9f671ed50f70		cardinality64/census-income	12.5	fix roaring64 iterator state after reading past end (#731)
2025-09-03	9f671ed50f70		iterate64/census-income	33989.0	fix roaring64 iterator state after reading past end (#731)
2025-09-03	9f671ed50f70		or_successive64/census-income	399.7	fix roaring64 iterator state after reading past end (#731)
2025-09-03	9f671ed50f70		or_successive/weather_sept_85	3318.9	fix roaring64 iterator state after reading past end (#731)
2025-09-03	9f671ed50f70		and_successive/weather_sept_85	2024.3	fix roaring64 iterator state after reading past end (#731)
2025-09-03	9f671ed50f70		and_cardinality/weather_sept_85	1603.0	fix roaring64 iterator state after reading past end (#731)
2025-09-03	9f671ed50f70		contains/weather_sept_85	17891.1	fix roaring64 iterator state after reading past end (#731)
2025-09-03	9f671ed50f70		iterate/weather_sept_85	61571.3	fix roaring64 iterator state after reading past end (#731)
2025-09-03	9f671ed50f70		to_array/weather_sept_85	5199.1	fix roaring64 iterator state after reading past end (#731)
2025-09-03	9f671ed50f70		deserialize/weather_sept_85	564.9	fix roaring64 iterator state after reading past end (#731)
2025-09-03	9f671ed50f70		cardinality64/weather_sept_85	35.1	fix roaring64 iterator state after reading past end (#731)
2025-09-03	9f671ed50f70		iterate64/weather_sept_85	65254.1	fix roaring64 iterator state after reading past end (#731)
2025-09-03	9f671ed50f70		or_successive64/weather_sept_85	1509.8	fix roaring64 iterator state after reading past end (#731)
2025-09-03	d44df85e8f0b		or_successive/census1881	707.1	Bump actions/upload-artifact from 4.4.3 to 4.6.2 (#708)
2025-09-03	d44df85e8f0b		and_successive/census1881	20.3	Bump actions/upload-artifact from 4.4.3 to 4.6.2 (#708)
2025-09-03	d44df85e8f0b		and_cardinality/census1881	15.7	Bump actions/upload-artifact from 4.4.3 to 4.6.2 (#708)
2025-09-03	d44df85e8f0b		contains/census1881	4925.0	Bump actions/upload-artifact from 4.4.3 to 4.6.2 (#708)
2025-09-03	d44df85e8f0b		iterate/census1881	2434.2	Bump actions/upload-artifact from 4.4.3 to 4.6.2 (#708)
2025-09-03	d44df85e8f0b		to_array/census1881	121.5	Bump actions/upload-artifact from 4.4.3 to 4.6.2 (#708)
2025-09-03	d44df85e8f0b		deserialize/census1881	337.9	Bump actions/upload-artifact from 4.4.3 to 4.6.2 (#708)
2025-09-03	d44df85e8f0b		cardinality64/census1881	17.5	Bump actions/upload-artifact from 4.4.3 to 4.6.2 (#708)
2025-09-03	d44df85e8f0b		iterate64/census1881	3603.4	Bump actions/upload-artifact from 4.4.3 to 4.6.2 (#708)
2025-09-03	d44df85e8f0b		or_successive64/census1881	1051.0	Bump actions/upload-artifact from 4.4.3 to 4.6.2 (#708)
2025-09-03	d44df85e8f0b		or_successive/census-income	821.8	Bump actions/upload-artifact from 4.4.3 to 4.6.2 (#708)
2025-09-03	d44df85e8f0b		and_successive/census-income	667.0	Bump actions/upload-artifact from 4.4.3 to 4.6.2 (#708)
2025-09-03	d44df85e8f0b		and_cardinality/census-income	440.5	Bump actions/upload-artifact from 4.4.3 to 4.6.2 (#708)
2025-09-03	d44df85e8f0b		contains/census-income	14050.9	Bump actions/upload-artifact from 4.4.3 to 4.6.2 (#708)
2025-09-03	d44df85e8f0b		iterate/census-income	33063.5	Bump actions/upload-artifact from 4.4.3 to 4.6.2 (#708)
2025-09-03	d44df85e8f0b		to_array/census-income	1345.6	Bump actions/upload-artifact from 4.4.3 to 4.6.2 (#708)
2025-09-03	d44df85e8f0b		deserialize/census-income	118.6	Bump actions/upload-artifact from 4.4.3 to 4.6.2 (#708)
2025-09-03	d44df85e8f0b		cardinality64/census-income	12.4	Bump actions/upload-artifact from 4.4.3 to 4.6.2 (#708)
2025-09-03	d44df85e8f0b		iterate64/census-income	33918.3	Bump actions/upload-artifact from 4.4.3 to 4.6.2 (#708)
2025-09-03	d44df85e8f0b		or_successive64/census-income	427.3	Bump actions/upload-artifact from 4.4.3 to 4.6.2 (#708)
2025-09-03	d44df85e8f0b		or_successive/weather_sept_85	3313.3	Bump actions/upload-artifact from 4.4.3 to 4.6.2 (#708)
2025-09-03	d44df85e8f0b		and_successive/weather_sept_85	2039.8	Bump actions/upload-artifact from 4.4.3 to 4.6.2 (#708)
2025-09-03	d44df85e8f0b		and_cardinality/weather_sept_85	1595.1	Bump actions/upload-artifact from 4.4.3 to 4.6.2 (#708)
2025-09-03	d44df85e8f0b		contains/weather_sept_85	17928.8	Bump actions/upload-artifact from 4.4.3 to 4.6.2 (#708)
2025-09-03	d44df85e8f0b		iterate/weather_sept_85	61649.0	Bump actions/upload-artifact from 4.4.3 to 4.6.2 (#708)
2025-09-03	d44df85e8f0b		to_array/weather_sept_85	5198.9	Bump actions/upload-artifact from 4.4.3 to 4.6.2 (#708)
2025-09-03	d44df85e8f0b		deserialize/weather_sept_85	559.9	Bump actions/upload-artifact from 4.4.3 to 4.6.2 (#708)
2025-09-03	d44df85e8f0b		cardinality64/weather_sept_85	34.3	Bump actions/upload-artifact from 4.4.3 to 4.6.2 (#708)
2025-09-03	d44df85e8f0b		iterate64/weather_sept_85	65893.4	Bump actions/upload-artifact from 4.4.3 to 4.6.2 (#708)
2025-09-03	d44df85e8f0b		or_successive64/weather_sept_85	1586.6	Bump actions/upload-artifact from 4.4.3 to 4.6.2 (#708)
2025-09-03	e050ebdb3391		or_successive/census1881	677.1	Bump ossf/scorecard-action from 2.4.0 to 2.4.2 (#707)
2025-09-03	e050ebdb3391		and_successive/census1881	20.8	Bump ossf/scorecard-action from 2.4.0 to 2.4.2 (#707)
2025-09-03	e050ebdb3391		and_cardinality/census1881	14.4	Bump ossf/scorecard-action from 2.4.0 to 2.4.2 (#707)
2025-09-03	e050ebdb3391		contains/census1881	4948.9	Bump ossf/scorecard-action from 2.4.0 to 2.4.2 (#707)
2025-09-03	e050ebdb3391		iterate/census1881	2437.4	Bump ossf/scorecard-action from 2.4.0 to 2.4.2 (#707)
2025-09-03	e050ebdb3391		to_array/census1881	120.0	Bump ossf/scorecard-action from 2.4.0 to 2.4.2 (#707)
2025-09-03	e050ebdb3391		deserialize/census1881	347.6	Bump ossf/scorecard-action from 2.4.0 to 2.4.2 (#707)
2025-09-03	e050ebdb3391		cardinality64/census1881	17.2	Bump ossf/scorecard-action from 2.4.0 to 2.4.2 (#707)
2025-09-03	e050ebdb3391		iterate64/census1881	3586.2	Bump ossf/scorecard-action from 2.4.0 to 2.4.2 (#707)
2025-09-03	e050ebdb3391		or_successive64/census1881	1002.5	Bump ossf/scorecard-action from 2.4.0 to 2.4.2 (#707)
2025-09-03	e050ebdb3391		or_successive/census-income	812.8	Bump ossf/scorecard-action from 2.4.0 to 2.4.2 (#707)
2025-09-03	e050ebdb3391		and_successive/census-income	666.3	Bump ossf/scorecard-action from 2.4.0 to 2.4.2 (#707)
2025-09-03	e050ebdb3391		and_cardinality/census-income	444.9	Bump ossf/scorecard-action from 2.4.0 to 2.4.2 (#707)
2025-09-03	e050ebdb3391		contains/census-income	13973.2	Bump ossf/scorecard-action from 2.4.0 to 2.4.2 (#707)
2025-09-03	e050ebdb3391		iterate/census-income	33172.9	Bump ossf/scorecard-action from 2.4.0 to 2.4.2 (#707)
2025-09-03	e050ebdb3391		to_array/census-income	1347.2	Bump ossf/scorecard-action from 2.4.0 to 2.4.2 (#707)
2025-09-03	e050ebdb3391		deserialize/census-income	119.1	Bump ossf/scorecard-action from 2.4.0 to 2.4.2 (#707)
2025-09-03	e050ebdb3391		cardinality64/census-income	12.3	Bump ossf/scorecard-action from 2.4.0 to 2.4.2 (#707)
2025-09-03	e050ebdb3391		iterate64/census-income	34061.6	Bump ossf/scorecard-action from 2.4.0 to 2.4.2 (#707)
2025-09-03	e050ebdb3391		or_successive64/census-income	404.0	Bump ossf/scorecard-action from 2.4.0 to 2.4.2 (#707)
2025-09-03	e050ebdb3391		or_successive/weather_sept_85	3308.7	Bump ossf/scorecard-action from 2.4.0 to 2.4.2 (#707)
2025-09-03	e050ebdb3391		and_successive/weather_sept_85	2021.9	Bump ossf/scorecard-action from 2.4.0 to 2.4.2 (#707)
2025-09-03	e050ebdb3391		and_cardinality/weather_sept_85	1598.0	Bump ossf/scorecard-action from 2.4.0 to 2.4.2 (#707)
2025-09-03	e050ebdb3391		contains/weather_sept_85	17852.4	Bump ossf/scorecard-action from 2.4.0 to 2.4.2 (#707)
2025-09-03	e050ebdb3391		iterate/weather_sept_85	61974.5	Bump ossf/scorecard-action from 2.4.0 to 2.4.2 (#707)
2025-09-03	e050ebdb3391		to_array/weather_sept_85	5210.2	Bump ossf/scorecard-action from 2.4.0 to 2.4.2 (#707)
2025-09-03	e050ebdb3391		deserialize/weather_sept_85	561.5	Bump ossf/scorecard-action from 2.4.0 to 2.4.2 (#707)
2025-09-03	e050ebdb3391		cardinality64/weather_sept_85	35.4	Bump ossf/scorecard-action from 2.4.0 to 2.4.2 (#707)
2025-09-03	e050ebdb3391		iterate64/weather_sept_85	65398.3	Bump ossf/scorecard-action from 2.4.0 to 2.4.2 (#707)
2025-09-03	e050ebdb3391		or_successive64/weather_sept_85	1501.4	Bump ossf/scorecard-action from 2.4.0 to 2.4.2 (#707)
2025-09-03	8bd41a897e75		or_successive/census1881	716.6	Bump DoozyX/clang-format-lint-action from 0.18 to 0.20 (#706)
2025-09-03	8bd41a897e75		and_successive/census1881	20.8	Bump DoozyX/clang-format-lint-action from 0.18 to 0.20 (#706)
2025-09-03	8bd41a897e75		and_cardinality/census1881	14.4	Bump DoozyX/clang-format-lint-action from 0.18 to 0.20 (#706)
2025-09-03	8bd41a897e75		contains/census1881	4889.6	Bump DoozyX/clang-format-lint-action from 0.18 to 0.20 (#706)
2025-09-03	8bd41a897e75		iterate/census1881	2465.1	Bump DoozyX/clang-format-lint-action from 0.18 to 0.20 (#706)
2025-09-03	8bd41a897e75		to_array/census1881	120.2	Bump DoozyX/clang-format-lint-action from 0.18 to 0.20 (#706)
2025-09-03	8bd41a897e75		deserialize/census1881	341.1	Bump DoozyX/clang-format-lint-action from 0.18 to 0.20 (#706)
2025-09-03	8bd41a897e75		cardinality64/census1881	17.6	Bump DoozyX/clang-format-lint-action from 0.18 to 0.20 (#706)
2025-09-03	8bd41a897e75		iterate64/census1881	3595.0	Bump DoozyX/clang-format-lint-action from 0.18 to 0.20 (#706)
2025-09-03	8bd41a897e75		or_successive64/census1881	1002.2	Bump DoozyX/clang-format-lint-action from 0.18 to 0.20 (#706)
2025-09-03	8bd41a897e75		or_successive/census-income	817.1	Bump DoozyX/clang-format-lint-action from 0.18 to 0.20 (#706)
2025-09-03	8bd41a897e75		and_successive/census-income	661.6	Bump DoozyX/clang-format-lint-action from 0.18 to 0.20 (#706)
2025-09-03	8bd41a897e75		and_cardinality/census-income	442.7	Bump DoozyX/clang-format-lint-action from 0.18 to 0.20 (#706)
2025-09-03	8bd41a897e75		contains/census-income	14039.4	Bump DoozyX/clang-format-lint-action from 0.18 to 0.20 (#706)
2025-09-03	8bd41a897e75		iterate/census-income	33533.6	Bump DoozyX/clang-format-lint-action from 0.18 to 0.20 (#706)
2025-09-03	8bd41a897e75		to_array/census-income	1341.3	Bump DoozyX/clang-format-lint-action from 0.18 to 0.20 (#706)
2025-09-03	8bd41a897e75		deserialize/census-income	118.7	Bump DoozyX/clang-format-lint-action from 0.18 to 0.20 (#706)
2025-09-03	8bd41a897e75		cardinality64/census-income	12.3	Bump DoozyX/clang-format-lint-action from 0.18 to 0.20 (#706)
2025-09-03	8bd41a897e75		iterate64/census-income	33374.6	Bump DoozyX/clang-format-lint-action from 0.18 to 0.20 (#706)
2025-09-03	8bd41a897e75		or_successive64/census-income	404.6	Bump DoozyX/clang-format-lint-action from 0.18 to 0.20 (#706)
2025-09-03	8bd41a897e75		or_successive/weather_sept_85	3320.0	Bump DoozyX/clang-format-lint-action from 0.18 to 0.20 (#706)
2025-09-03	8bd41a897e75		and_successive/weather_sept_85	2025.4	Bump DoozyX/clang-format-lint-action from 0.18 to 0.20 (#706)
2025-09-03	8bd41a897e75		and_cardinality/weather_sept_85	1605.9	Bump DoozyX/clang-format-lint-action from 0.18 to 0.20 (#706)
2025-09-03	8bd41a897e75		contains/weather_sept_85	17825.9	Bump DoozyX/clang-format-lint-action from 0.18 to 0.20 (#706)
2025-09-03	8bd41a897e75		iterate/weather_sept_85	60862.6	Bump DoozyX/clang-format-lint-action from 0.18 to 0.20 (#706)
2025-09-03	8bd41a897e75		to_array/weather_sept_85	5205.5	Bump DoozyX/clang-format-lint-action from 0.18 to 0.20 (#706)
2025-09-03	8bd41a897e75		deserialize/weather_sept_85	567.4	Bump DoozyX/clang-format-lint-action from 0.18 to 0.20 (#706)
2025-09-03	8bd41a897e75		cardinality64/weather_sept_85	34.6	Bump DoozyX/clang-format-lint-action from 0.18 to 0.20 (#706)
2025-09-03	8bd41a897e75		iterate64/weather_sept_85	66030.4	Bump DoozyX/clang-format-lint-action from 0.18 to 0.20 (#706)
2025-09-03	8bd41a897e75		or_successive64/weather_sept_85	1509.9	Bump DoozyX/clang-format-lint-action from 0.18 to 0.20 (#706)
2025-09-03	41b96b6c9c9e		or_successive/census1881	728.2	Bump github/codeql-action from 3.27.5 to 3.30.0 (#730)
2025-09-03	41b96b6c9c9e		and_successive/census1881	20.4	Bump github/codeql-action from 3.27.5 to 3.30.0 (#730)
2025-09-03	41b96b6c9c9e		and_cardinality/census1881	15.4	Bump github/codeql-action from 3.27.5 to 3.30.0 (#730)
2025-09-03	41b96b6c9c9e		contains/census1881	4911.0	Bump github/codeql-action from 3.27.5 to 3.30.0 (#730)
2025-09-03	41b96b6c9c9e		iterate/census1881	2447.0	Bump github/codeql-action from 3.27.5 to 3.30.0 (#730)
2025-09-03	41b96b6c9c9e		to_array/census1881	119.4	Bump github/codeql-action from 3.27.5 to 3.30.0 (#730)
2025-09-03	41b96b6c9c9e		deserialize/census1881	342.2	Bump github/codeql-action from 3.27.5 to 3.30.0 (#730)
2025-09-03	41b96b6c9c9e		cardinality64/census1881	17.8	Bump github/codeql-action from 3.27.5 to 3.30.0 (#730)
2025-09-03	41b96b6c9c9e		iterate64/census1881	3617.3	Bump github/codeql-action from 3.27.5 to 3.30.0 (#730)
2025-09-03	41b96b6c9c9e		or_successive64/census1881	1003.3	Bump github/codeql-action from 3.27.5 to 3.30.0 (#730)
2025-09-03	41b96b6c9c9e		or_successive/census-income	809.7	Bump github/codeql-action from 3.27.5 to 3.30.0 (#730)
2025-09-03	41b96b6c9c9e		and_successive/census-income	666.2	Bump github/codeql-action from 3.27.5 to 3.30.0 (#730)
2025-09-03	41b96b6c9c9e		and_cardinality/census-income	447.9	Bump github/codeql-action from 3.27.5 to 3.30.0 (#730)
2025-09-03	41b96b6c9c9e		contains/census-income	13947.4	Bump github/codeql-action from 3.27.5 to 3.30.0 (#730)
2025-09-03	41b96b6c9c9e		iterate/census-income	33608.3	Bump github/codeql-action from 3.27.5 to 3.30.0 (#730)
2025-09-03	41b96b6c9c9e		to_array/census-income	1349.7	Bump github/codeql-action from 3.27.5 to 3.30.0 (#730)
2025-09-03	41b96b6c9c9e		deserialize/census-income	118.9	Bump github/codeql-action from 3.27.5 to 3.30.0 (#730)
2025-09-03	41b96b6c9c9e		cardinality64/census-income	12.5	Bump github/codeql-action from 3.27.5 to 3.30.0 (#730)
2025-09-03	41b96b6c9c9e		iterate64/census-income	33712.3	Bump github/codeql-action from 3.27.5 to 3.30.0 (#730)
2025-09-03	41b96b6c9c9e		or_successive64/census-income	402.8	Bump github/codeql-action from 3.27.5 to 3.30.0 (#730)
2025-09-03	41b96b6c9c9e		or_successive/weather_sept_85	3310.6	Bump github/codeql-action from 3.27.5 to 3.30.0 (#730)
2025-09-03	41b96b6c9c9e		and_successive/weather_sept_85	2031.8	Bump github/codeql-action from 3.27.5 to 3.30.0 (#730)
2025-09-03	41b96b6c9c9e		and_cardinality/weather_sept_85	1595.1	Bump github/codeql-action from 3.27.5 to 3.30.0 (#730)
2025-09-03	41b96b6c9c9e		contains/weather_sept_85	17767.0	Bump github/codeql-action from 3.27.5 to 3.30.0 (#730)
2025-09-03	41b96b6c9c9e		iterate/weather_sept_85	61587.7	Bump github/codeql-action from 3.27.5 to 3.30.0 (#730)
2025-09-03	41b96b6c9c9e		to_array/weather_sept_85	5233.2	Bump github/codeql-action from 3.27.5 to 3.30.0 (#730)
2025-09-03	41b96b6c9c9e		deserialize/weather_sept_85	563.8	Bump github/codeql-action from 3.27.5 to 3.30.0 (#730)
2025-09-03	41b96b6c9c9e		cardinality64/weather_sept_85	34.5	Bump github/codeql-action from 3.27.5 to 3.30.0 (#730)
2025-09-03	41b96b6c9c9e		iterate64/weather_sept_85	66280.3	Bump github/codeql-action from 3.27.5 to 3.30.0 (#730)
2025-09-03	41b96b6c9c9e		or_successive64/weather_sept_85	1489.7	Bump github/codeql-action from 3.27.5 to 3.30.0 (#730)
2025-09-03	a16e5fd1eb7a		or_successive/census1881	933.1	Bump actions/checkout from 4 to 5 (#732)
2025-09-03	a16e5fd1eb7a		and_successive/census1881	24.4	Bump actions/checkout from 4 to 5 (#732)
2025-09-03	a16e5fd1eb7a		and_cardinality/census1881	25.6	Bump actions/checkout from 4 to 5 (#732)
2025-09-03	a16e5fd1eb7a		contains/census1881	4963.6	Bump actions/checkout from 4 to 5 (#732)
2025-09-03	a16e5fd1eb7a		iterate/census1881	2457.3	Bump actions/checkout from 4 to 5 (#732)
2025-09-03	a16e5fd1eb7a		to_array/census1881	119.8	Bump actions/checkout from 4 to 5 (#732)
2025-09-03	a16e5fd1eb7a		deserialize/census1881	340.4	Bump actions/checkout from 4 to 5 (#732)
2025-09-03	a16e5fd1eb7a		cardinality64/census1881	17.6	Bump actions/checkout from 4 to 5 (#732)
2025-09-03	a16e5fd1eb7a		iterate64/census1881	3854.8	Bump actions/checkout from 4 to 5 (#732)
2025-09-03	a16e5fd1eb7a		or_successive64/census1881	997.9	Bump actions/checkout from 4 to 5 (#732)
2025-09-03	a16e5fd1eb7a		or_successive/census-income	814.4	Bump actions/checkout from 4 to 5 (#732)
2025-09-03	a16e5fd1eb7a		and_successive/census-income	669.4	Bump actions/checkout from 4 to 5 (#732)
2025-09-03	a16e5fd1eb7a		and_cardinality/census-income	443.7	Bump actions/checkout from 4 to 5 (#732)
2025-09-03	a16e5fd1eb7a		contains/census-income	14119.5	Bump actions/checkout from 4 to 5 (#732)
2025-09-03	a16e5fd1eb7a		iterate/census-income	33423.9	Bump actions/checkout from 4 to 5 (#732)
2025-09-03	a16e5fd1eb7a		to_array/census-income	1344.8	Bump actions/checkout from 4 to 5 (#732)
2025-09-03	a16e5fd1eb7a		deserialize/census-income	119.5	Bump actions/checkout from 4 to 5 (#732)
2025-09-03	a16e5fd1eb7a		cardinality64/census-income	12.4	Bump actions/checkout from 4 to 5 (#732)
2025-09-03	a16e5fd1eb7a		iterate64/census-income	34266.4	Bump actions/checkout from 4 to 5 (#732)
2025-09-03	a16e5fd1eb7a		or_successive64/census-income	401.4	Bump actions/checkout from 4 to 5 (#732)
2025-09-03	a16e5fd1eb7a		or_successive/weather_sept_85	3309.0	Bump actions/checkout from 4 to 5 (#732)
2025-09-03	a16e5fd1eb7a		and_successive/weather_sept_85	2024.1	Bump actions/checkout from 4 to 5 (#732)
2025-09-03	a16e5fd1eb7a		and_cardinality/weather_sept_85	1594.4	Bump actions/checkout from 4 to 5 (#732)
2025-09-03	a16e5fd1eb7a		contains/weather_sept_85	17854.2	Bump actions/checkout from 4 to 5 (#732)
2025-09-03	a16e5fd1eb7a		iterate/weather_sept_85	62022.2	Bump actions/checkout from 4 to 5 (#732)
2025-09-03	a16e5fd1eb7a		to_array/weather_sept_85	5217.8	Bump actions/checkout from 4 to 5 (#732)
2025-09-03	a16e5fd1eb7a		deserialize/weather_sept_85	562.7	Bump actions/checkout from 4 to 5 (#732)
2025-09-03	a16e5fd1eb7a		cardinality64/weather_sept_85	34.4	Bump actions/checkout from 4 to 5 (#732)
2025-09-03	a16e5fd1eb7a		iterate64/weather_sept_85	65065.1	Bump actions/checkout from 4 to 5 (#732)
2025-09-03	a16e5fd1eb7a		or_successive64/weather_sept_85	1497.1	Bump actions/checkout from 4 to 5 (#732)
2025-09-03	baa32837f9f6	v4.3.10	or_successive/census1881	658.4	release candidate (#733)
2025-09-03	baa32837f9f6	v4.3.10	and_successive/census1881	20.2	release candidate (#733)
2025-09-03	baa32837f9f6	v4.3.10	and_cardinality/census1881	20.8	release candidate (#733)
2025-09-03	baa32837f9f6	v4.3.10	contains/census1881	4949.5	release candidate (#733)
2025-09-03	baa32837f9f6	v4.3.10	iterate/census1881	2441.9	release candidate (#733)
2025-09-03	baa32837f9f6	v4.3.10	to_array/census1881	120.1	release candidate (#733)
2025-09-03	baa32837f9f6	v4.3.10	deserialize/census1881	338.4	release candidate (#733)
2025-09-03	baa32837f9f6	v4.3.10	cardinality64/census1881	17.5	release candidate (#733)
2025-09-03	baa32837f9f6	v4.3.10	iterate64/census1881	3583.2	release candidate (#733)
2025-09-03	baa32837f9f6	v4.3.10	or_successive64/census1881	997.9	release candidate (#733)
2025-09-03	baa32837f9f6	v4.3.10	or_successive/census-income	824.5	release candidate (#733)
2025-09-03	baa32837f9f6	v4.3.10	and_successive/census-income	666.9	release candidate (#733)
2025-09-03	baa32837f9f6	v4.3.10	and_cardinality/census-income	447.1	release candidate (#733)
2025-09-03	baa32837f9f6	v4.3.10	contains/census-income	14068.5	release candidate (#733)
2025-09-03	baa32837f9f6	v4.3.10	iterate/census-income	33529.1	release candidate (#733)
2025-09-03	baa32837f9f6	v4.3.10	to_array/census-income	1348.1	release candidate (#733)
2025-09-03	baa32837f9f6	v4.3.10	deserialize/census-income	118.1	release candidate (#733)
2025-09-03	baa32837f9f6	v4.3.10	cardinality64/census-income	12.5	release candidate (#733)
2025-09-03	baa32837f9f6	v4.3.10	iterate64/census-income	34536.8	release candidate (#733)
2025-09-03	baa32837f9f6	v4.3.10	or_successive64/census-income	400.4	release candidate (#733)
2025-09-03	baa32837f9f6	v4.3.10	or_successive/weather_sept_85	3310.9	release candidate (#733)
2025-09-03	baa32837f9f6	v4.3.10	and_successive/weather_sept_85	2029.3	release candidate (#733)
2025-09-03	baa32837f9f6	v4.3.10	and_cardinality/weather_sept_85	1599.5	release candidate (#733)
2025-09-03	baa32837f9f6	v4.3.10	contains/weather_sept_85	17808.9	release candidate (#733)
2025-09-03	baa32837f9f6	v4.3.10	iterate/weather_sept_85	62384.3	release candidate (#733)
2025-09-03	baa32837f9f6	v4.3.10	to_array/weather_sept_85	5211.1	release candidate (#733)
2025-09-03	baa32837f9f6	v4.3.10	deserialize/weather_sept_85	563.2	release candidate (#733)
2025-09-03	baa32837f9f6	v4.3.10	cardinality64/weather_sept_85	35.0	release candidate (#733)
2025-09-03	baa32837f9f6	v4.3.10	iterate64/weather_sept_85	65260.7	release candidate (#733)
2025-09-03	baa32837f9f6	v4.3.10	or_successive64/weather_sept_85	1493.6	release candidate (#733)
2025-09-07	1b0e77a9d1f6		or_successive/census1881	691.6	Fixed an issue: missed replacing "free" with "roaring_free" (#734)
2025-09-07	1b0e77a9d1f6		and_successive/census1881	19.8	Fixed an issue: missed replacing "free" with "roaring_free" (#734)
2025-09-07	1b0e77a9d1f6		and_cardinality/census1881	15.6	Fixed an issue: missed replacing "free" with "roaring_free" (#734)
2025-09-07	1b0e77a9d1f6		contains/census1881	4928.4	Fixed an issue: missed replacing "free" with "roaring_free" (#734)
2025-09-07	1b0e77a9d1f6		iterate/census1881	2421.1	Fixed an issue: missed replacing "free" with "roaring_free" (#734)
2025-09-07	1b0e77a9d1f6		to_array/census1881	120.6	Fixed an issue: missed replacing "free" with "roaring_free" (#734)
2025-09-07	1b0e77a9d1f6		deserialize/census1881	339.5	Fixed an issue: missed replacing "free" with "roaring_free" (#734)
2025-09-07	1b0e77a9d1f6		cardinality64/census1881	17.5	Fixed an issue: missed replacing "free" with "roaring_free" (#734)
2025-09-07	1b0e77a9d1f6		iterate64/census1881	3586.3	Fixed an issue: missed replacing "free" with "roaring_free" (#734)
2025-09-07	1b0e77a9d1f6		or_successive64/census1881	997.3	Fixed an issue: missed replacing "free" with "roaring_free" (#734)
2025-09-07	1b0e77a9d1f6		or_successive/census-income	819.0	Fixed an issue: missed replacing "free" with "roaring_free" (#734)
2025-09-07	1b0e77a9d1f6		and_successive/census-income	668.6	Fixed an issue: missed replacing "free" with "roaring_free" (#734)
2025-09-07	1b0e77a9d1f6		and_cardinality/census-income	445.0	Fixed an issue: missed replacing "free" with "roaring_free" (#734)
2025-09-07	1b0e77a9d1f6		contains/census-income	13981.1	Fixed an issue: missed replacing "free" with "roaring_free" (#734)
2025-09-07	1b0e77a9d1f6		iterate/census-income	33268.0	Fixed an issue: missed replacing "free" with "roaring_free" (#734)
2025-09-07	1b0e77a9d1f6		to_array/census-income	1346.2	Fixed an issue: missed replacing "free" with "roaring_free" (#734)
2025-09-07	1b0e77a9d1f6		deserialize/census-income	118.4	Fixed an issue: missed replacing "free" with "roaring_free" (#734)
2025-09-07	1b0e77a9d1f6		cardinality64/census-income	12.3	Fixed an issue: missed replacing "free" with "roaring_free" (#734)
2025-09-07	1b0e77a9d1f6		iterate64/census-income	33842.5	Fixed an issue: missed replacing "free" with "roaring_free" (#734)
2025-09-07	1b0e77a9d1f6		or_successive64/census-income	400.8	Fixed an issue: missed replacing "free" with "roaring_free" (#734)
2025-09-07	1b0e77a9d1f6		or_successive/weather_sept_85	3297.4	Fixed an issue: missed replacing "free" with "roaring_free" (#734)
2025-09-07	1b0e77a9d1f6		and_successive/weather_sept_85	2024.7	Fixed an issue: missed replacing "free" with "roaring_free" (#734)
2025-09-07	1b0e77a9d1f6		and_cardinality/weather_sept_85	1599.1	Fixed an issue: missed replacing "free" with "roaring_free" (#734)
2025-09-07	1b0e77a9d1f6		contains/weather_sept_85	17913.3	Fixed an issue: missed replacing "free" with "roaring_free" (#734)
2025-09-07	1b0e77a9d1f6		iterate/weather_sept_85	61881.9	Fixed an issue: missed replacing "free" with "roaring_free" (#734)
2025-09-07	1b0e77a9d1f6		to_array/weather_sept_85	5275.9	Fixed an issue: missed replacing "free" with "roaring_free" (#734)
2025-09-07	1b0e77a9d1f6		deserialize/weather_sept_85	565.0	Fixed an issue: missed replacing "free" with "roaring_free" (#734)
2025-09-07	1b0e77a9d1f6		cardinality64/weather_sept_85	34.6	Fixed an issue: missed replacing "free" with "roaring_free" (#734)
2025-09-07	1b0e77a9d1f6		iterate64/weather_sept_85	66772.3	Fixed an issue: missed replacing "free" with "roaring_free" (#734)
2025-09-07	1b0e77a9d1f6		or_successive64/weather_sept_85	1493.6	Fixed an issue: missed replacing "free" with "roaring_free" (#734)
2025-09-08	07f8302f45d2		or_successive/census1881	705.5	remove an unneded allocation in roaring_bitmap_portable_serialize (#735)
2025-09-08	07f8302f45d2		and_successive/census1881	20.5	remove an unneded allocation in roaring_bitmap_portable_serialize (#735)
2025-09-08	07f8302f45d2		and_cardinality/census1881	16.2	remove an unneded allocation in roaring_bitmap_portable_serialize (#735)
2025-09-08	07f8302f45d2		contains/census1881	4919.1	remove an unneded allocation in roaring_bitmap_portable_serialize (#735)
2025-09-08	07f8302f45d2		iterate/census1881	2468.9	remove an unneded allocation in roaring_bitmap_portable_serialize (#735)
2025-09-08	07f8302f45d2		to_array/census1881	124.8	remove an unneded allocation in roaring_bitmap_portable_serialize (#735)
2025-09-08	07f8302f45d2		deserialize/census1881	364.9	remove an unneded allocation in roaring_bitmap_portable_serialize (#735)
2025-09-08	07f8302f45d2		cardinality64/census1881	23.5	remove an unneded allocation in roaring_bitmap_portable_serialize (#735)
2025-09-08	07f8302f45d2		iterate64/census1881	3627.6	remove an unneded allocation in roaring_bitmap_portable_serialize (#735)
2025-09-08	07f8302f45d2		or_successive64/census1881	1007.0	remove an unneded allocation in roaring_bitmap_portable_serialize (#735)
2025-09-08	07f8302f45d2		or_successive/census-income	824.9	remove an unneded allocation in roaring_bitmap_portable_serialize (#735)
2025-09-08	07f8302f45d2		and_successive/census-income	672.2	remove an unneded allocation in roaring_bitmap_portable_serialize (#735)
2025-09-08	07f8302f45d2		and_cardinality/census-income	445.6	remove an unneded allocation in roaring_bitmap_portable_serialize (#735)
2025-09-08	07f8302f45d2		contains/census-income	14199.8	remove an unneded allocation in roaring_bitmap_portable_serialize (#735)
2025-09-08	07f8302f45d2		iterate/census-income	33460.7	remove an unneded allocation in roaring_bitmap_portable_serialize (#735)
2025-09-08	07f8302f45d2		to_array/census-income	1342.9	remove an unneded allocation in roaring_bitmap_portable_serialize (#735)
2025-09-08	07f8302f45d2		deserialize/census-income	122.1	remove an unneded allocation in roaring_bitmap_portable_serialize (#735)
2025-09-08	07f8302f45d2		cardinality64/census-income	12.9	remove an unneded allocation in roaring_bitmap_portable_serialize (#735)
2025-09-08	07f8302f45d2		iterate64/census-income	33666.8	remove an unneded allocation in roaring_bitmap_portable_serialize (#735)
2025-09-08	07f8302f45d2		or_successive64/census-income	398.7	remove an unneded allocation in roaring_bitmap_portable_serialize (#735)
2025-09-08	07f8302f45d2		or_successive/weather_sept_85	3318.9	remove an unneded allocation in roaring_bitmap_portable_serialize (#735)
2025-09-08	07f8302f45d2		and_successive/weather_sept_85	2026.8	remove an unneded allocation in roaring_bitmap_portable_serialize (#735)
2025-09-08	07f8302f45d2		and_cardinality/weather_sept_85	1592.6	remove an unneded allocation in roaring_bitmap_portable_serialize (#735)
2025-09-08	07f8302f45d2		contains/weather_sept_85	17996.9	remove an unneded allocation in roaring_bitmap_portable_serialize (#735)
2025-09-08	07f8302f45d2		iterate/weather_sept_85	61896.2	remove an unneded allocation in roaring_bitmap_portable_serialize (#735)
2025-09-08	07f8302f45d2		to_array/weather_sept_85	5202.1	remove an unneded allocation in roaring_bitmap_portable_serialize (#735)
2025-09-08	07f8302f45d2		deserialize/weather_sept_85	563.7	remove an unneded allocation in roaring_bitmap_portable_serialize (#735)
2025-09-08	07f8302f45d2		cardinality64/weather_sept_85	35.1	remove an unneded allocation in roaring_bitmap_portable_serialize (#735)
2025-09-08	07f8302f45d2		iterate64/weather_sept_85	66594.9	remove an unneded allocation in roaring_bitmap_portable_serialize (#735)
2025-09-08	07f8302f45d2		or_successive64/weather_sept_85	1522.9	remove an unneded allocation in roaring_bitmap_portable_serialize (#735)
2025-09-08	1a2c980f90e5	v4.3.11	or_successive/census1881	672.6	patch release
2025-09-08	1a2c980f90e5	v4.3.11	and_successive/census1881	20.3	patch release
2025-09-08	1a2c980f90e5	v4.3.11	and_cardinality/census1881	16.6	patch release
2025-09-08	1a2c980f90e5	v4.3.11	contains/census1881	5028.9	patch release
2025-09-08	1a2c980f90e5	v4.3.11	iterate/census1881	2456.3	patch release
2025-09-08	1a2c980f90e5	v4.3.11	to_array/census1881	120.0	patch release
2025-09-08	1a2c980f90e5	v4.3.11	deserialize/census1881	342.6	patch release
2025-09-08	1a2c980f90e5	v4.3.11	cardinality64/census1881	17.6	patch release
2025-09-08	1a2c980f90e5	v4.3.11	iterate64/census1881	3589.0	patch release
2025-09-08	1a2c980f90e5	v4.3.11	or_successive64/census1881	997.0	patch release
2025-09-08	1a2c980f90e5	v4.3.11	or_successive/census-income	816.0	patch release
2025-09-08	1a2c980f90e5	v4.3.11	and_successive/census-income	672.1	patch release
2025-09-08	1a2c980f90e5	v4.3.11	and_cardinality/census-income	450.0	patch release
2025-09-08	1a2c980f90e5	v4.3.11	contains/census-income	14208.6	patch release
2025-09-08	1a2c980f90e5	v4.3.11	iterate/census-income	33954.1	patch release
2025-09-08	1a2c980f90e5	v4.3.11	to_array/census-income	1342.9	patch release
2025-09-08	1a2c980f90e5	v4.3.11	deserialize/census-income	123.4	patch release
2025-09-08	1a2c980f90e5	v4.3.11	cardinality64/census-income	12.5	patch release
2025-09-08	1a2c980f90e5	v4.3.11	iterate64/census-income	33918.6	patch release
2025-09-08	1a2c980f90e5	v4.3.11	or_successive64/census-income	399.5	patch release
2025-09-08	1a2c980f90e5	v4.3.11	or_successive/weather_sept_85	3326.5	patch release
2025-09-08	1a2c980f90e5	v4.3.11	and_successive/weather_sept_85	2036.3	patch release
2025-09-08	1a2c980f90e5	v4.3.11	and_cardinality/weather_sept_85	1596.8	patch release
2025-09-08	1a2c980f90e5	v4.3.11	contains/weather_sept_85	17947.9	patch release
2025-09-08	1a2c980f90e5	v4.3.11	iterate/weather_sept_85	61909.1	patch release
2025-09-08	1a2c980f90e5	v4.3.11	to_array/weather_sept_85	5208.7	patch release
2025-09-08	1a2c980f90e5	v4.3.11	deserialize/weather_sept_85	560.9	patch release
2025-09-08	1a2c980f90e5	v4.3.11	cardinality64/weather_sept_85	34.7	patch release
2025-09-08	1a2c980f90e5	v4.3.11	iterate64/weather_sept_85	65590.5	patch release
2025-09-08	1a2c980f90e5	v4.3.11	or_successive64/weather_sept_85	1522.3	patch release
2025-09-17	8ee3e7b9afb5		or_successive/census1881	644.4	Support version constraints when finding CRoaring with CMake (#739)
2025-09-17	8ee3e7b9afb5		and_successive/census1881	20.6	Support version constraints when finding CRoaring with CMake (#739)
2025-09-17	8ee3e7b9afb5		and_cardinality/census1881	15.0	Support version constraints when finding CRoaring with CMake (#739)
2025-09-17	8ee3e7b9afb5		contains/census1881	4927.6	Support version constraints when finding CRoaring with CMake (#739)
2025-09-17	8ee3e7b9afb5		iterate/census1881	2573.8	Support version constraints when finding CRoaring with CMake (#739)
2025-09-17	8ee3e7b9afb5		to_array/census1881	118.5	Support version constraints when finding CRoaring with CMake (#739)
2025-09-17	8ee3e7b9afb5		deserialize/census1881	338.2	Support version constraints when finding CRoaring with CMake (#739)
2025-09-17	8ee3e7b9afb5		cardinality64/census1881	17.6	Support version constraints when finding CRoaring with CMake (#739)
2025-09-17	8ee3e7b9afb5		iterate64/census1881	3597.9	Support version constraints when finding CRoaring with CMake (#739)
2025-09-17	8ee3e7b9afb5		or_successive64/census1881	1005.5	Support version constraints when finding CRoaring with CMake (#739)
2025-09-17	8ee3e7b9afb5		or_successive/census-income	822.6	Support version constraints when finding CRoaring with CMake (#739)
2025-09-17	8ee3e7b9afb5		and_successive/census-income	672.7	Support version constraints when finding CRoaring with CMake (#739)
2025-09-17	8ee3e7b9afb5		and_cardinality/census-income	440.3	Support version constraints when finding CRoaring with CMake (#739)
2025-09-17	8ee3e7b9afb5		contains/census-income	14201.7	Support version constraints when finding CRoaring with CMake (#739)
2025-09-17	8ee3e7b9afb5		iterate/census-income	33603.0	Support version constraints when finding CRoaring with CMake (#739)
2025-09-17	8ee3e7b9afb5		to_array/census-income	1356.9	Support version constraints when finding CRoaring with CMake (#739)
2025-09-17	8ee3e7b9afb5		deserialize/census-income	124.5	Support version constraints when finding CRoaring with CMake (#739)
2025-09-17	8ee3e7b9afb5		cardinality64/census-income	12.6	Support version constraints when finding CRoaring with CMake (#739)
2025-09-17	8ee3e7b9afb5		iterate64/census-income	34088.6	Support version constraints when finding CRoaring with CMake (#739)
2025-09-17	8ee3e7b9afb5		or_successive64/census-income	404.5	Support version constraints when finding CRoaring with CMake (#739)
2025-09-17	8ee3e7b9afb5		or_successive/weather_sept_85	3330.0	Support version constraints when finding CRoaring with CMake (#739)
2025-09-17	8ee3e7b9afb5		and_successive/weather_sept_85	2035.4	Support version constraints when finding CRoaring with CMake (#739)
2025-09-17	8ee3e7b9afb5		and_cardinality/weather_sept_85	1602.8	Support version constraints when finding CRoaring with CMake (#739)
2025-09-17	8ee3e7b9afb5		contains/weather_sept_85	17862.6	Support version constraints when finding CRoaring with CMake (#739)
2025-09-17	8ee3e7b9afb5		iterate/weather_sept_85	61669.3	Support version constraints when finding CRoaring with CMake (#739)
2025-09-17	8ee3e7b9afb5		to_array/weather_sept_85	5208.6	Support version constraints when finding CRoaring with CMake (#739)
2025-09-17	8ee3e7b9afb5		deserialize/weather_sept_85	561.6	Support version constraints when finding CRoaring with CMake (#739)
2025-09-17	8ee3e7b9afb5		cardinality64/weather_sept_85	34.7	Support version constraints when finding CRoaring with CMake (#739)
2025-09-17	8ee3e7b9afb5		iterate64/weather_sept_85	65313.9	Support version constraints when finding CRoaring with CMake (#739)
2025-09-17	8ee3e7b9afb5		or_successive64/weather_sept_85	1505.6	Support version constraints when finding CRoaring with CMake (#739)
2025-09-17	ed3d63349e76	v4.3.12	or_successive/census1881	648.7	patch release
2025-09-17	ed3d63349e76	v4.3.12	and_successive/census1881	20.3	patch release
2025-09-17	ed3d63349e76	v4.3.12	and_cardinality/census1881	15.2	patch release
2025-09-17	ed3d63349e76	v4.3.12	contains/census1881	4957.7	patch release
2025-09-17	ed3d63349e76	v4.3.12	iterate/census1881	2469.0	patch release
2025-09-17	ed3d63349e76	v4.3.12	to_array/census1881	120.6	patch release
2025-09-17	ed3d63349e76	v4.3.12	deserialize/census1881	346.4	patch release
2025-09-17	ed3d63349e76	v4.3.12	cardinality64/census1881	17.3	patch release
2025-09-17	ed3d63349e76	v4.3.12	iterate64/census1881	3576.8	patch release
2025-09-17	ed3d63349e76	v4.3.12	or_successive64/census1881	1019.0	patch release
2025-09-17	ed3d63349e76	v4.3.12	or_successive/census-income	820.7	patch release
2025-09-17	ed3d63349e76	v4.3.12	and_successive/census-income	669.3	patch release
2025-09-17	ed3d63349e76	v4.3.12	and_cardinality/census-income	444.6	patch release
2025-09-17	ed3d63349e76	v4.3.12	contains/census-income	14165.7	patch release
2025-09-17	ed3d63349e76	v4.3.12	iterate/census-income	33304.0	patch release
2025-09-17	ed3d63349e76	v4.3.12	to_array/census-income	1352.8	patch release
2025-09-17	ed3d63349e76	v4.3.12	deserialize/census-income	122.2	patch release
2025-09-17	ed3d63349e76	v4.3.12	cardinality64/census-income	12.7	patch release
2025-09-17	ed3d63349e76	v4.3.12	iterate64/census-income	34461.7	patch release
2025-09-17	ed3d63349e76	v4.3.12	or_successive64/census-income	404.2	patch release
2025-09-17	ed3d63349e76	v4.3.12	or_successive/weather_sept_85	3332.2	patch release
2025-09-17	ed3d63349e76	v4.3.12	and_successive/weather_sept_85	2030.9	patch release
2025-09-17	ed3d63349e76	v4.3.12	and_cardinality/weather_sept_85	1591.6	patch release
2025-09-17	ed3d63349e76	v4.3.12	contains/weather_sept_85	17953.4	patch release
2025-09-17	ed3d63349e76	v4.3.12	iterate/weather_sept_85	61759.8	patch release
2025-09-17	ed3d63349e76	v4.3.12	to_array/weather_sept_85	5194.7	patch release
2025-09-17	ed3d63349e76	v4.3.12	deserialize/weather_sept_85	558.0	patch release
2025-09-17	ed3d63349e76	v4.3.12	cardinality64/weather_sept_85	36.2	patch release
2025-09-17	ed3d63349e76	v4.3.12	iterate64/weather_sept_85	65755.7	patch release
2025-09-17	ed3d63349e76	v4.3.12	or_successive64/weather_sept_85	1516.7	patch release
2025-09-17	eecaabc13606		or_successive/census1881	647.2	Update README with new system references
2025-09-17	eecaabc13606		and_successive/census1881	20.7	Update README with new system references
2025-09-17	eecaabc13606		and_cardinality/census1881	15.3	Update README with new system references
2025-09-17	eecaabc13606		contains/census1881	4948.6	Update README with new system references
2025-09-17	eecaabc13606		iterate/census1881	2492.9	Update README with new system references
2025-09-17	eecaabc13606		to_array/census1881	120.5	Update README with new system references
2025-09-17	eecaabc13606		deserialize/census1881	341.4	Update README with new system references
2025-09-17	eecaabc13606		cardinality64/census1881	17.8	Update README with new system references
2025-09-17	eecaabc13606		iterate64/census1881	3576.6	Update README with new system references
2025-09-17	eecaabc13606		or_successive64/census1881	997.5	Update README with new system references
2025-09-17	eecaabc13606		or_successive/census-income	821.9	Update README with new system references
2025-09-17	eecaabc13606		and_successive/census-income	661.1	Update README with new system references
2025-09-17	eecaabc13606		and_cardinality/census-income	445.2	Update README with new system references
2025-09-17	eecaabc13606		contains/census-income	14222.3	Update README with new system references
2025-09-17	eecaabc13606		iterate/census-income	33412.9	Update README with new system references
2025-09-17	eecaabc13606		to_array/census-income	1340.2	Update README with new system references
2025-09-17	eecaabc13606		deserialize/census-income	121.7	Update README with new system references
2025-09-17	eecaabc13606		cardinality64/census-income	12.8	Update README with new system references
2025-09-17	eecaabc13606		iterate64/census-income	34156.1	Update README with new system references
2025-09-17	eecaabc13606		or_successive64/census-income	396.5	Update README with new system references
2025-09-17	eecaabc13606		or_successive/weather_sept_85	3323.4	Update README with new system references
2025-09-17	eecaabc13606		and_successive/weather_sept_85	2038.4	Update README with new system references
2025-09-17	eecaabc13606		and_cardinality/weather_sept_85	1598.6	Update README with new system references
2025-09-17	eecaabc13606		contains/weather_sept_85	17884.5	Update README with new system references
2025-09-17	eecaabc13606		iterate/weather_sept_85	61723.8	Update README with new system references
2025-09-17	eecaabc13606		to_array/weather_sept_85	5191.6	Update README with new system references
2025-09-17	eecaabc13606		deserialize/weather_sept_85	560.1	Update README with new system references
2025-09-17	eecaabc13606		cardinality64/weather_sept_85	34.3	Update README with new system references
2025-09-17	eecaabc13606		iterate64/weather_sept_85	65865.7	Update README with new system references
2025-09-17	eecaabc13606		or_successive64/weather_sept_85	1509.0	Update README with new system references
2025-09-23	302f7baacc7f		or_successive/census1881	645.2	Change BUILD_TESTING in the build example to ENABLE_ROARING_TESTS (#740)
2025-09-23	302f7baacc7f		and_successive/census1881	20.0	Change BUILD_TESTING in the build example to ENABLE_ROARING_TESTS (#740)
2025-09-23	302f7baacc7f		and_cardinality/census1881	19.0	Change BUILD_TESTING in the build example to ENABLE_ROARING_TESTS (#740)
2025-09-23	302f7baacc7f		contains/census1881	5041.0	Change BUILD_TESTING in the build example to ENABLE_ROARING_TESTS (#740)
2025-09-23	302f7baacc7f		iterate/census1881	2461.9	Change BUILD_TESTING in the build example to ENABLE_ROARING_TESTS (#740)
2025-09-23	302f7baacc7f		to_array/census1881	119.4	Change BUILD_TESTING in the build example to ENABLE_ROARING_TESTS (#740)
2025-09-23	302f7baacc7f		deserialize/census1881	340.9	Change BUILD_TESTING in the build example to ENABLE_ROARING_TESTS (#740)
2025-09-23	302f7baacc7f		cardinality64/census1881	17.7	Change BUILD_TESTING in the build example to ENABLE_ROARING_TESTS (#740)
2025-09-23	302f7baacc7f		iterate64/census1881	3579.4	Change BUILD_TESTING in the build example to ENABLE_ROARING_TESTS (#740)
2025-09-23	302f7baacc7f		or_successive64/census1881	997.7	Change BUILD_TESTING in the build example to ENABLE_ROARING_TESTS (#740)
2025-09-23	302f7baacc7f		or_successive/census-income	820.4	Change BUILD_TESTING in the build example to ENABLE_ROARING_TESTS (#740)
2025-09-23	302f7baacc7f		and_successive/census-income	670.0	Change BUILD_TESTING in the build example to ENABLE_ROARING_TESTS (#740)
2025-09-23	302f7baacc7f		and_cardinality/census-income	444.3	Change BUILD_TESTING in the build example to ENABLE_ROARING_TESTS (#740)
2025-09-23	302f7baacc7f		contains/census-income	14185.3	Change BUILD_TESTING in the build example to ENABLE_ROARING_TESTS (#740)
2025-09-23	302f7baacc7f		iterate/census-income	33542.1	Change BUILD_TESTING in the build example to ENABLE_ROARING_TESTS (#740)
2025-09-23	302f7baacc7f		to_array/census-income	1338.8	Change BUILD_TESTING in the build example to ENABLE_ROARING_TESTS (#740)
2025-09-23	302f7baacc7f		deserialize/census-income	123.8	Change BUILD_TESTING in the build example to ENABLE_ROARING_TESTS (#740)
2025-09-23	302f7baacc7f		cardinality64/census-income	12.6	Change BUILD_TESTING in the build example to ENABLE_ROARING_TESTS (#740)
2025-09-23	302f7baacc7f		iterate64/census-income	34156.6	Change BUILD_TESTING in the build example to ENABLE_ROARING_TESTS (#740)
2025-09-23	302f7baacc7f		or_successive64/census-income	403.9	Change BUILD_TESTING in the build example to ENABLE_ROARING_TESTS (#740)
2025-09-23	302f7baacc7f		or_successive/weather_sept_85	3318.5	Change BUILD_TESTING in the build example to ENABLE_ROARING_TESTS (#740)
2025-09-23	302f7baacc7f		and_successive/weather_sept_85	2033.4	Change BUILD_TESTING in the build example to ENABLE_ROARING_TESTS (#740)
2025-09-23	302f7baacc7f		and_cardinality/weather_sept_85	1608.9	Change BUILD_TESTING in the build example to ENABLE_ROARING_TESTS (#740)
2025-09-23	302f7baacc7f		contains/weather_sept_85	17971.9	Change BUILD_TESTING in the build example to ENABLE_ROARING_TESTS (#740)
2025-09-23	302f7baacc7f		iterate/weather_sept_85	61874.8	Change BUILD_TESTING in the build example to ENABLE_ROARING_TESTS (#740)
2025-09-23	302f7baacc7f		to_array/weather_sept_85	5190.4	Change BUILD_TESTING in the build example to ENABLE_ROARING_TESTS (#740)
2025-09-23	302f7baacc7f		deserialize/weather_sept_85	560.0	Change BUILD_TESTING in the build example to ENABLE_ROARING_TESTS (#740)
2025-09-23	302f7baacc7f		cardinality64/weather_sept_85	35.0	Change BUILD_TESTING in the build example to ENABLE_ROARING_TESTS (#740)
2025-09-23	302f7baacc7f		iterate64/weather_sept_85	65324.4	Change BUILD_TESTING in the build example to ENABLE_ROARING_TESTS (#740)
2025-09-23	302f7baacc7f		or_successive64/weather_sept_85	1512.0	Change BUILD_TESTING in the build example to ENABLE_ROARING_TESTS (#740)
2025-09-30	a4e0d476acd0		or_successive/census1881	646.2	allowing reversal of cow in some cases
2025-09-30	a4e0d476acd0		and_successive/census1881	21.2	allowing reversal of cow in some cases
2025-09-30	a4e0d476acd0		and_cardinality/census1881	16.4	allowing reversal of cow in some cases
2025-09-30	a4e0d476acd0		contains/census1881	4949.6	allowing reversal of cow in some cases
2025-09-30	a4e0d476acd0		iterate/census1881	2428.2	allowing reversal of cow in some cases
2025-09-30	a4e0d476acd0		to_array/census1881	119.2	allowing reversal of cow in some cases
2025-09-30	a4e0d476acd0		deserialize/census1881	340.6	allowing reversal of cow in some cases
2025-09-30	a4e0d476acd0		cardinality64/census1881	17.3	allowing reversal of cow in some cases
2025-09-30	a4e0d476acd0		iterate64/census1881	3621.2	allowing reversal of cow in some cases
2025-09-30	a4e0d476acd0		or_successive64/census1881	996.1	allowing reversal of cow in some cases
2025-09-30	a4e0d476acd0		or_successive/census-income	818.5	allowing reversal of cow in some cases
2025-09-30	a4e0d476acd0		and_successive/census-income	667.3	allowing reversal of cow in some cases
2025-09-30	a4e0d476acd0		and_cardinality/census-income	446.7	allowing reversal of cow in some cases
2025-09-30	a4e0d476acd0		contains/census-income	13944.4	allowing reversal of cow in some cases
2025-09-30	a4e0d476acd0		iterate/census-income	33549.9	allowing reversal of cow in some cases
2025-09-30	a4e0d476acd0		to_array/census-income	1341.1	allowing reversal of cow in some cases
2025-09-30	a4e0d476acd0		deserialize/census-income	124.6	allowing reversal of cow in some cases
2025-09-30	a4e0d476acd0		cardinality64/census-income	12.2	allowing reversal of cow in some cases
2025-09-30	a4e0d476acd0		iterate64/census-income	33721.9	allowing reversal of cow in some cases
2025-09-30	a4e0d476acd0		or_successive64/census-income	398.8	allowing reversal of cow in some cases
2025-09-30	a4e0d476acd0		or_successive/weather_sept_85	3310.9	allowing reversal of cow in some cases
2025-09-30	a4e0d476acd0		and_successive/weather_sept_85	2024.7	allowing reversal of cow in some cases
2025-09-30	a4e0d476acd0		and_cardinality/weather_sept_85	1606.3	allowing reversal of cow in some cases
2025-09-30	a4e0d476acd0		contains/weather_sept_85	17720.5	allowing reversal of cow in some cases
2025-09-30	a4e0d476acd0		iterate/weather_sept_85	64156.7	allowing reversal of cow in some cases
2025-09-30	a4e0d476acd0		to_array/weather_sept_85	5212.1	allowing reversal of cow in some cases
2025-09-30	a4e0d476acd0		deserialize/weather_sept_85	560.6	allowing reversal of cow in some cases
2025-09-30	a4e0d476acd0		cardinality64/weather_sept_85	34.4	allowing reversal of cow in some cases
2025-09-30	a4e0d476acd0		iterate64/weather_sept_85	65501.3	allowing reversal of cow in some cases
2025-09-30	a4e0d476acd0		or_successive64/weather_sept_85	1515.6	allowing reversal of cow in some cases
2025-09-30	f20292ef2f2e		or_successive/census1881	643.5	lint
2025-09-30	f20292ef2f2e		and_successive/census1881	21.0	lint
2025-09-30	f20292ef2f2e		and_cardinality/census1881	16.5	lint
2025-09-30	f20292ef2f2e		contains/census1881	4939.7	lint
2025-09-30	f20292ef2f2e		iterate/census1881	2439.0	lint
2025-09-30	f20292ef2f2e		to_array/census1881	121.4	lint
2025-09-30	f20292ef2f2e		deserialize/census1881	338.1	lint
2025-09-30	f20292ef2f2e		cardinality64/census1881	17.7	lint
2025-09-30	f20292ef2f2e		iterate64/census1881	3569.4	lint
2025-09-30	f20292ef2f2e		or_successive64/census1881	998.0	lint
2025-09-30	f20292ef2f2e		or_successive/census-income	820.4	lint
2025-09-30	f20292ef2f2e		and_successive/census-income	668.5	lint
2025-09-30	f20292ef2f2e		and_cardinality/census-income	439.6	lint
2025-09-30	f20292ef2f2e		contains/census-income	14054.4	lint
2025-09-30	f20292ef2f2e		iterate/census-income	34926.2	lint
2025-09-30	f20292ef2f2e		to_array/census-income	1350.6	lint
2025-09-30	f20292ef2f2e		deserialize/census-income	123.8	lint
2025-09-30	f20292ef2f2e		cardinality64/census-income	12.4	lint
2025-09-30	f20292ef2f2e		iterate64/census-income	34380.3	lint
2025-09-30	f20292ef2f2e		or_successive64/census-income	397.7	lint
2025-09-30	f20292ef2f2e		or_successive/weather_sept_85	3325.4	lint
2025-09-30	f20292ef2f2e		and_successive/weather_sept_85	2028.5	lint
2025-09-30	f20292ef2f2e		and_cardinality/weather_sept_85	1615.3	lint
2025-09-30	f20292ef2f2e		contains/weather_sept_85	17787.6	lint
2025-09-30	f20292ef2f2e		iterate/weather_sept_85	62338.7	lint
2025-09-30	f20292ef2f2e		to_array/weather_sept_85	5201.7	lint
2025-09-30	f20292ef2f2e		deserialize/weather_sept_85	561.3	lint
2025-09-30	f20292ef2f2e		cardinality64/weather_sept_85	34.7	lint
2025-09-30	f20292ef2f2e		iterate64/weather_sept_85	65487.5	lint
2025-09-30	f20292ef2f2e		or_successive64/weather_sept_85	1505.0	lint
2025-09-30	d9b4c8672b47		or_successive/census1881	646.3	missing array include (#745)
2025-09-30	d9b4c8672b47		and_successive/census1881	20.5	missing array include (#745)
2025-09-30	d9b4c8672b47		and_cardinality/census1881	21.1	missing array include (#745)
2025-09-30	d9b4c8672b47		contains/census1881	4952.9	missing array include (#745)
2025-09-30	d9b4c8672b47		iterate/census1881	2425.2	missing array include (#745)
2025-09-30	d9b4c8672b47		to_array/census1881	122.3	missing array include (#745)
2025-09-30	d9b4c8672b47		deserialize/census1881	345.6	missing array include (#745)
2025-09-30	d9b4c8672b47		cardinality64/census1881	17.2	missing array include (#745)
2025-09-30	d9b4c8672b47		iterate64/census1881	3603.8	missing array include (#745)
2025-09-30	d9b4c8672b47		or_successive64/census1881	1013.9	missing array include (#745)
2025-09-30	d9b4c8672b47		or_successive/census-income	813.6	missing array include (#745)
2025-09-30	d9b4c8672b47		and_successive/census-income	667.3	missing array include (#745)
2025-09-30	d9b4c8672b47		and_cardinality/census-income	446.5	missing array include (#745)
2025-09-30	d9b4c8672b47		contains/census-income	14081.8	missing array include (#745)
2025-09-30	d9b4c8672b47		iterate/census-income	33958.5	missing array include (#745)
2025-09-30	d9b4c8672b47		to_array/census-income	1346.4	missing array include (#745)
2025-09-30	d9b4c8672b47		deserialize/census-income	124.0	missing array include (#745)
2025-09-30	d9b4c8672b47		cardinality64/census-income	12.2	missing array include (#745)
2025-09-30	d9b4c8672b47		iterate64/census-income	33561.4	missing array include (#745)
2025-09-30	d9b4c8672b47		or_successive64/census-income	397.3	missing array include (#745)
2025-09-30	d9b4c8672b47		or_successive/weather_sept_85	3313.1	missing array include (#745)
2025-09-30	d9b4c8672b47		and_successive/weather_sept_85	2023.9	missing array include (#745)
2025-09-30	d9b4c8672b47		and_cardinality/weather_sept_85	1595.9	missing array include (#745)
2025-09-30	d9b4c8672b47		contains/weather_sept_85	17805.8	missing array include (#745)
2025-09-30	d9b4c8672b47		iterate/weather_sept_85	62135.8	missing array include (#745)
2025-09-30	d9b4c8672b47		to_array/weather_sept_85	5203.7	missing array include (#745)
2025-09-30	d9b4c8672b47		deserialize/weather_sept_85	560.2	missing array include (#745)
2025-09-30	d9b4c8672b47		cardinality64/weather_sept_85	34.5	missing array include (#745)
2025-09-30	d9b4c8672b47		iterate64/weather_sept_85	65161.8	missing array include (#745)
2025-09-30	d9b4c8672b47		or_successive64/weather_sept_85	1509.0	missing array include (#745)
2025-10-01	bcb744030a39		or_successive/census1881	651.8	Add functions to skip forward/backward with an iterator, and use it to simplify roaring_bitmap_range_uint32_array (#741)
2025-10-01	bcb744030a39		and_successive/census1881	20.6	Add functions to skip forward/backward with an iterator, and use it to simplify roaring_bitmap_range_uint32_array (#741)
2025-10-01	bcb744030a39		and_cardinality/census1881	20.0	Add functions to skip forward/backward with an iterator, and use it to simplify roaring_bitmap_range_uint32_array (#741)
2025-10-01	bcb744030a39		contains/census1881	4958.4	Add functions to skip forward/backward with an iterator, and use it to simplify roaring_bitmap_range_uint32_array (#741)
2025-10-01	bcb744030a39		iterate/census1881	2437.6	Add functions to skip forward/backward with an iterator, and use it to simplify roaring_bitmap_range_uint32_array (#741)
2025-10-01	bcb744030a39		to_array/census1881	119.5	Add functions to skip forward/backward with an iterator, and use it to simplify roaring_bitmap_range_uint32_array (#741)
2025-10-01	bcb744030a39		deserialize/census1881	338.2	Add functions to skip forward/backward with an iterator, and use it to simplify roaring_bitmap_range_uint32_array (#741)
2025-10-01	bcb744030a39		cardinality64/census1881	17.3	Add functions to skip forward/backward with an iterator, and use it to simplify roaring_bitmap_range_uint32_array (#741)
2025-10-01	bcb744030a39		iterate64/census1881	3620.1	Add functions to skip forward/backward with an iterator, and use it to simplify roaring_bitmap_range_uint32_array (#741)
2025-10-01	bcb744030a39		or_successive64/census1881	996.8	Add functions to skip forward/backward with an iterator, and use it to simplify roaring_bitmap_range_uint32_array (#741)
2025-10-01	bcb744030a39		or_successive/census-income	827.7	Add functions to skip forward/backward with an iterator, and use it to simplify roaring_bitmap_range_uint32_array (#741)
2025-10-01	bcb744030a39		and_successive/census-income	669.5	Add functions to skip forward/backward with an iterator, and use it to simplify roaring_bitmap_range_uint32_array (#741)
2025-10-01	bcb744030a39		and_cardinality/census-income	442.8	Add functions to skip forward/backward with an iterator, and use it to simplify roaring_bitmap_range_uint32_array (#741)
2025-10-01	bcb744030a39		contains/census-income	13989.3	Add functions to skip forward/backward with an iterator, and use it to simplify roaring_bitmap_range_uint32_array (#741)
2025-10-01	bcb744030a39		iterate/census-income	33458.7	Add functions to skip forward/backward with an iterator, and use it to simplify roaring_bitmap_range_uint32_array (#741)
2025-10-01	bcb744030a39		to_array/census-income	1341.4	Add functions to skip forward/backward with an iterator, and use it to simplify roaring_bitmap_range_uint32_array (#741)
2025-10-01	bcb744030a39		deserialize/census-income	123.4	Add functions to skip forward/backward with an iterator, and use it to simplify roaring_bitmap_range_uint32_array (#741)
2025-10-01	bcb744030a39		cardinality64/census-income	12.4	Add functions to skip forward/backward with an iterator, and use it to simplify roaring_bitmap_range_uint32_array (#741)
2025-10-01	bcb744030a39		iterate64/census-income	33943.3	Add functions to skip forward/backward with an iterator, and use it to simplify roaring_bitmap_range_uint32_array (#741)
2025-10-01	bcb744030a39		or_successive64/census-income	402.9	Add functions to skip forward/backward with an iterator, and use it to simplify roaring_bitmap_range_uint32_array (#741)
2025-10-01	bcb744030a39		or_successive/weather_sept_85	3319.8	Add functions to skip forward/backward with an iterator, and use it to simplify roaring_bitmap_range_uint32_array (#741)
2025-10-01	bcb744030a39		and_successive/weather_sept_85	2018.6	Add functions to skip forward/backward with an iterator, and use it to simplify roaring_bitmap_range_uint32_array (#741)
2025-10-01	bcb744030a39		and_cardinality/weather_sept_85	1606.8	Add functions to skip forward/backward with an iterator, and use it to simplify roaring_bitmap_range_uint32_array (#741)
2025-10-01	bcb744030a39		contains/weather_sept_85	17771.4	Add functions to skip forward/backward with an iterator, and use it to simplify roaring_bitmap_range_uint32_array (#741)
2025-10-01	bcb744030a39		iterate/weather_sept_85	62552.1	Add functions to skip forward/backward with an iterator, and use it to simplify roaring_bitmap_range_uint32_array (#741)
2025-10-01	bcb744030a39		to_array/weather_sept_85	5213.5	Add functions to skip forward/backward with an iterator, and use it to simplify roaring_bitmap_range_uint32_array (#741)
2025-10-01	bcb744030a39		deserialize/weather_sept_85	561.2	Add functions to skip forward/backward with an iterator, and use it to simplify roaring_bitmap_range_uint32_array (#741)
2025-10-01	bcb744030a39		cardinality64/weather_sept_85	34.9	Add functions to skip forward/backward with an iterator, and use it to simplify roaring_bitmap_range_uint32_array (#741)
2025-10-01	bcb744030a39		iterate64/weather_sept_85	65694.5	Add functions to skip forward/backward with an iterator, and use it to simplify roaring_bitmap_range_uint32_array (#741)
2025-10-01	bcb744030a39		or_successive64/weather_sept_85	1515.9	Add functions to skip forward/backward with an iterator, and use it to simplify roaring_bitmap_range_uint32_array (#741)
2025-10-01	f1ed8cf8dfaa	v4.4.0	or_successive/census1881	642.4	4.4.0
2025-10-01	f1ed8cf8dfaa	v4.4.0	and_successive/census1881	20.9	4.4.0
2025-10-01	f1ed8cf8dfaa	v4.4.0	and_cardinality/census1881	16.0	4.4.0
2025-10-01	f1ed8cf8dfaa	v4.4.0	contains/census1881	4890.1	4.4.0
2025-10-01	f1ed8cf8dfaa	v4.4.0	iterate/census1881	2452.0	4.4.0
2025-10-01	f1ed8cf8dfaa	v4.4.0	to_array/census1881	118.6	4.4.0
2025-10-01	f1ed8cf8dfaa	v4.4.0	deserialize/census1881	342.9	4.4.0
2025-10-01	f1ed8cf8dfaa	v4.4.0	cardinality64/census1881	17.6	4.4.0
2025-10-01	f1ed8cf8dfaa	v4.4.0	iterate64/census1881	3632.9	4.4.0
2025-10-01	f1ed8cf8dfaa	v4.4.0	or_successive64/census1881	1003.1	4.4.0
2025-10-01	f1ed8cf8dfaa	v4.4.0	or_successive/census-income	815.4	4.4.0
2025-10-01	f1ed8cf8dfaa	v4.4.0	and_successive/census-income	666.8	4.4.0
2025-10-01	f1ed8cf8dfaa	v4.4.0	and_cardinality/census-income	443.9	4.4.0
2025-10-01	f1ed8cf8dfaa	v4.4.0	contains/census-income	14071.7	4.4.0
2025-10-01	f1ed8cf8dfaa	v4.4.0	iterate/census-income	33610.5	4.4.0
2025-10-01	f1ed8cf8dfaa	v4.4.0	to_array/census-income	1345.6	4.4.0
2025-10-01	f1ed8cf8dfaa	v4.4.0	deserialize/census-income	121.0	4.4.0
2025-10-01	f1ed8cf8dfaa	v4.4.0	cardinality64/census-income	12.5	4.4.0
2025-10-01	f1ed8cf8dfaa	v4.4.0	iterate64/census-income	34670.1	4.4.0
2025-10-01	f1ed8cf8dfaa	v4.4.0	or_successive64/census-income	402.1	4.4.0
2025-10-01	f1ed8cf8dfaa	v4.4.0	or_successive/weather_sept_85	3315.8	4.4.0
2025-10-01	f1ed8cf8dfaa	v4.4.0	and_successive/weather_sept_85	2028.3	4.4.0
2025-10-01	f1ed8cf8dfaa	v4.4.0	and_cardinality/weather_sept_85	1604.6	4.4.0
2025-10-01	f1ed8cf8dfaa	v4.4.0	contains/weather_sept_85	17827.0	4.4.0
2025-10-01	f1ed8cf8dfaa	v4.4.0	iterate/weather_sept_85	61911.6	4.4.0
2025-10-01	f1ed8cf8dfaa	v4.4.0	to_array/weather_sept_85	5203.0	4.4.0
2025-10-01	f1ed8cf8dfaa	v4.4.0	deserialize/weather_sept_85	560.0	4.4.0
2025-10-01	f1ed8cf8dfaa	v4.4.0	cardinality64/weather_sept_85	34.7	4.4.0
2025-10-01	f1ed8cf8dfaa	v4.4.0	iterate64/weather_sept_85	65736.8	4.4.0
2025-10-01	f1ed8cf8dfaa	v4.4.0	or_successive64/weather_sept_85	1523.0	4.4.0
2025-10-01	efcdd8736e20		or_successive/census1881	644.9	lint
2025-10-01	efcdd8736e20		and_successive/census1881	20.5	lint
2025-10-01	efcdd8736e20		and_cardinality/census1881	20.9	lint
2025-10-01	efcdd8736e20		contains/census1881	4872.4	lint
2025-10-01	efcdd8736e20		iterate/census1881	2432.8	lint
2025-10-01	efcdd8736e20		to_array/census1881	120.6	lint
2025-10-01	efcdd8736e20		deserialize/census1881	337.3	lint
2025-10-01	efcdd8736e20		cardinality64/census1881	17.4	lint
2025-10-01	efcdd8736e20		iterate64/census1881	3621.0	lint
2025-10-01	efcdd8736e20		or_successive64/census1881	999.6	lint
2025-10-01	efcdd8736e20		or_successive/census-income	816.4	lint
2025-10-01	efcdd8736e20		and_successive/census-income	667.1	lint
2025-10-01	efcdd8736e20		and_cardinality/census-income	449.5	lint
2025-10-01	efcdd8736e20		contains/census-income	13983.3	lint
2025-10-01	efcdd8736e20		iterate/census-income	34142.6	lint
2025-10-01	efcdd8736e20		to_array/census-income	1352.1	lint
2025-10-01	efcdd8736e20		deserialize/census-income	124.5	lint
2025-10-01	efcdd8736e20		cardinality64/census-income	12.3	lint
2025-10-01	efcdd8736e20		iterate64/census-income	34555.2	lint
2025-10-01	efcdd8736e20		or_successive64/census-income	401.1	lint
2025-10-01	efcdd8736e20		or_successive/weather_sept_85	3311.6	lint
2025-10-01	efcdd8736e20		and_successive/weather_sept_85	2029.7	lint
2025-10-01	efcdd8736e20		and_cardinality/weather_sept_85	1609.8	lint
2025-10-01	efcdd8736e20		contains/weather_sept_85	17890.3	lint
2025-10-01	efcdd8736e20		iterate/weather_sept_85	61913.3	lint
2025-10-01	efcdd8736e20		to_array/weather_sept_85	5204.9	lint
2025-10-01	efcdd8736e20		deserialize/weather_sept_85	564.8	lint
2025-10-01	efcdd8736e20		cardinality64/weather_sept_85	34.5	lint
2025-10-01	efcdd8736e20		iterate64/weather_sept_85	65495.9	lint
2025-10-01	efcdd8736e20		or_successive64/weather_sept_85	1527.5	lint
2025-10-01	8ef0eb3976ae		or_successive/census1881	643.7	run_container_cardinality + AVX-512 does not seem useful. (#746)
2025-10-01	8ef0eb3976ae		and_successive/census1881	20.3	run_container_cardinality + AVX-512 does not seem useful. (#746)
2025-10-01	8ef0eb3976ae		and_cardinality/census1881	16.3	run_container_cardinality + AVX-512 does not seem useful. (#746)
2025-10-01	8ef0eb3976ae		contains/census1881	4911.8	run_container_cardinality + AVX-512 does not seem useful. (#746)
2025-10-01	8ef0eb3976ae		iterate/census1881	2429.6	run_container_cardinality + AVX-512 does not seem useful. (#746)
2025-10-01	8ef0eb3976ae		to_array/census1881	120.1	run_container_cardinality + AVX-512 does not seem useful. (#746)
2025-10-01	8ef0eb3976ae		deserialize/census1881	343.7	run_container_cardinality + AVX-512 does not seem useful. (#746)
2025-10-01	8ef0eb3976ae		cardinality64/census1881	17.7	run_container_cardinality + AVX-512 does not seem useful. (#746)
2025-10-01	8ef0eb3976ae		iterate64/census1881	3597.7	run_container_cardinality + AVX-512 does not seem useful. (#746)
2025-10-01	8ef0eb3976ae		or_successive64/census1881	999.1	run_container_cardinality + AVX-512 does not seem useful. (#746)
2025-10-01	8ef0eb3976ae		or_successive/census-income	810.3	run_container_cardinality + AVX-512 does not seem useful. (#746)
2025-10-01	8ef0eb3976ae		and_successive/census-income	653.3	run_container_cardinality + AVX-512 does not seem useful. (#746)
2025-10-01	8ef0eb3976ae		and_cardinality/census-income	444.7	run_container_cardinality + AVX-512 does not seem useful. (#746)
2025-10-01	8ef0eb3976ae		contains/census-income	14129.0	run_container_cardinality + AVX-512 does not seem useful. (#746)
2025-10-01	8ef0eb3976ae		iterate/census-income	33398.5	run_container_cardinality + AVX-512 does not seem useful. (#746)
2025-10-01	8ef0eb3976ae		to_array/census-income	1339.5	run_container_cardinality + AVX-512 does not seem useful. (#746)
2025-10-01	8ef0eb3976ae		deserialize/census-income	123.9	run_container_cardinality + AVX-512 does not seem useful. (#746)
2025-10-01	8ef0eb3976ae		cardinality64/census-income	12.7	run_container_cardinality + AVX-512 does not seem useful. (#746)
2025-10-01	8ef0eb3976ae		iterate64/census-income	34494.5	run_container_cardinality + AVX-512 does not seem useful. (#746)
2025-10-01	8ef0eb3976ae		or_successive64/census-income	394.1	run_container_cardinality + AVX-512 does not seem useful. (#746)
2025-10-01	8ef0eb3976ae		or_successive/weather_sept_85	3283.9	run_container_cardinality + AVX-512 does not seem useful. (#746)
2025-10-01	8ef0eb3976ae		and_successive/weather_sept_85	2022.2	run_container_cardinality + AVX-512 does not seem useful. (#746)
2025-10-01	8ef0eb3976ae		and_cardinality/weather_sept_85	1614.3	run_container_cardinality + AVX-512 does not seem useful. (#746)
2025-10-01	8ef0eb3976ae		contains/weather_sept_85	17980.6	run_container_cardinality + AVX-512 does not seem useful. (#746)
2025-10-01	8ef0eb3976ae		iterate/weather_sept_85	61402.7	run_container_cardinality + AVX-512 does not seem useful. (#746)
2025-10-01	8ef0eb3976ae		to_array/weather_sept_85	5202.1	run_container_cardinality + AVX-512 does not seem useful. (#746)
2025-10-01	8ef0eb3976ae		deserialize/weather_sept_85	558.4	run_container_cardinality + AVX-512 does not seem useful. (#746)
2025-10-01	8ef0eb3976ae		cardinality64/weather_sept_85	34.0	run_container_cardinality + AVX-512 does not seem useful. (#746)
2025-10-01	8ef0eb3976ae		iterate64/weather_sept_85	66038.9	run_container_cardinality + AVX-512 does not seem useful. (#746)
2025-10-01	8ef0eb3976ae		or_successive64/weather_sept_85	1507.4	run_container_cardinality + AVX-512 does not seem useful. (#746)
2025-10-01	4b15d674bb2a		or_successive/census1881	649.2	Update vs17-clang-ci.yml
2025-10-01	4b15d674bb2a		and_successive/census1881	21.0	Update vs17-clang-ci.yml
2025-10-01	4b15d674bb2a		and_cardinality/census1881	15.4	Update vs17-clang-ci.yml
2025-10-01	4b15d674bb2a		contains/census1881	4938.9	Update vs17-clang-ci.yml
2025-10-01	4b15d674bb2a		iterate/census1881	2434.8	Update vs17-clang-ci.yml
2025-10-01	4b15d674bb2a		to_array/census1881	119.3	Update vs17-clang-ci.yml
2025-10-01	4b15d674bb2a		deserialize/census1881	338.3	Update vs17-clang-ci.yml
2025-10-01	4b15d674bb2a		cardinality64/census1881	17.4	Update vs17-clang-ci.yml
2025-10-01	4b15d674bb2a		iterate64/census1881	3685.3	Update vs17-clang-ci.yml
2025-10-01	4b15d674bb2a		or_successive64/census1881	1000.3	Update vs17-clang-ci.yml
2025-10-01	4b15d674bb2a		or_successive/census-income	816.5	Update vs17-clang-ci.yml
2025-10-01	4b15d674bb2a		and_successive/census-income	657.8	Update vs17-clang-ci.yml
2025-10-01	4b15d674bb2a		and_cardinality/census-income	441.9	Update vs17-clang-ci.yml
2025-10-01	4b15d674bb2a		contains/census-income	14148.5	Update vs17-clang-ci.yml
2025-10-01	4b15d674bb2a		iterate/census-income	33360.7	Update vs17-clang-ci.yml
2025-10-01	4b15d674bb2a		to_array/census-income	1348.8	Update vs17-clang-ci.yml
2025-10-01	4b15d674bb2a		deserialize/census-income	124.4	Update vs17-clang-ci.yml
2025-10-01	4b15d674bb2a		cardinality64/census-income	12.6	Update vs17-clang-ci.yml
2025-10-01	4b15d674bb2a		iterate64/census-income	34229.1	Update vs17-clang-ci.yml
2025-10-01	4b15d674bb2a		or_successive64/census-income	396.3	Update vs17-clang-ci.yml
2025-10-01	4b15d674bb2a		or_successive/weather_sept_85	3301.6	Update vs17-clang-ci.yml
2025-10-01	4b15d674bb2a		and_successive/weather_sept_85	2024.8	Update vs17-clang-ci.yml
2025-10-01	4b15d674bb2a		and_cardinality/weather_sept_85	1604.5	Update vs17-clang-ci.yml
2025-10-01	4b15d674bb2a		contains/weather_sept_85	17859.7	Update vs17-clang-ci.yml
2025-10-01	4b15d674bb2a		iterate/weather_sept_85	61050.0	Update vs17-clang-ci.yml
2025-10-01	4b15d674bb2a		to_array/weather_sept_85	5202.0	Update vs17-clang-ci.yml
2025-10-01	4b15d674bb2a		deserialize/weather_sept_85	558.8	Update vs17-clang-ci.yml
2025-10-01	4b15d674bb2a		cardinality64/weather_sept_85	34.2	Update vs17-clang-ci.yml
2025-10-01	4b15d674bb2a		iterate64/weather_sept_85	65866.7	Update vs17-clang-ci.yml
2025-10-01	4b15d674bb2a		or_successive64/weather_sept_85	1514.4	Update vs17-clang-ci.yml
2025-10-05	45c56a19dfed		or_successive/census1881	646.0	This verifies issue 742 (#744)
2025-10-05	45c56a19dfed		and_successive/census1881	20.3	This verifies issue 742 (#744)
2025-10-05	45c56a19dfed		and_cardinality/census1881	19.6	This verifies issue 742 (#744)
2025-10-05	45c56a19dfed		contains/census1881	4896.5	This verifies issue 742 (#744)
2025-10-05	45c56a19dfed		iterate/census1881	2425.3	This verifies issue 742 (#744)
2025-10-05	45c56a19dfed		to_array/census1881	119.5	This verifies issue 742 (#744)
2025-10-05	45c56a19dfed		deserialize/census1881	343.7	This verifies issue 742 (#744)
2025-10-05	45c56a19dfed		cardinality64/census1881	16.9	This verifies issue 742 (#744)
2025-10-05	45c56a19dfed		iterate64/census1881	3596.8	This verifies issue 742 (#744)
2025-10-05	45c56a19dfed		or_successive64/census1881	1007.8	This verifies issue 742 (#744)
2025-10-05	45c56a19dfed		or_successive/census-income	815.6	This verifies issue 742 (#744)
2025-10-05	45c56a19dfed		and_successive/census-income	659.3	This verifies issue 742 (#744)
2025-10-05	45c56a19dfed		and_cardinality/census-income	443.0	This verifies issue 742 (#744)
2025-10-05	45c56a19dfed		contains/census-income	14149.9	This verifies issue 742 (#744)
2025-10-05	45c56a19dfed		iterate/census-income	33502.4	This verifies issue 742 (#744)
2025-10-05	45c56a19dfed		to_array/census-income	1350.4	This verifies issue 742 (#744)
2025-10-05	45c56a19dfed		deserialize/census-income	121.6	This verifies issue 742 (#744)
2025-10-05	45c56a19dfed		cardinality64/census-income	12.4	This verifies issue 742 (#744)
2025-10-05	45c56a19dfed		iterate64/census-income	34645.3	This verifies issue 742 (#744)
2025-10-05	45c56a19dfed		or_successive64/census-income	394.6	This verifies issue 742 (#744)
2025-10-05	45c56a19dfed		or_successive/weather_sept_85	3331.6	This verifies issue 742 (#744)
2025-10-05	45c56a19dfed		and_successive/weather_sept_85	2020.7	This verifies issue 742 (#744)
2025-10-05	45c56a19dfed		and_cardinality/weather_sept_85	1611.0	This verifies issue 742 (#744)
2025-10-05	45c56a19dfed		contains/weather_sept_85	17890.3	This verifies issue 742 (#744)
2025-10-05	45c56a19dfed		iterate/weather_sept_85	61737.6	This verifies issue 742 (#744)
2025-10-05	45c56a19dfed		to_array/weather_sept_85	5200.1	This verifies issue 742 (#744)
2025-10-05	45c56a19dfed		deserialize/weather_sept_85	558.6	This verifies issue 742 (#744)
2025-10-05	45c56a19dfed		cardinality64/weather_sept_85	33.6	This verifies issue 742 (#744)
2025-10-05	45c56a19dfed		iterate64/weather_sept_85	65874.5	This verifies issue 742 (#744)
2025-10-05	45c56a19dfed		or_successive64/weather_sept_85	1510.5	This verifies issue 742 (#744)
2025-10-05	d425bcdd81f5		or_successive/census1881	644.5	Fix roaring64_bitmap_remove_many when removing a container (#751)
2025-10-05	d425bcdd81f5		and_successive/census1881	19.9	Fix roaring64_bitmap_remove_many when removing a container (#751)
2025-10-05	d425bcdd81f5		and_cardinality/census1881	16.2	Fix roaring64_bitmap_remove_many when removing a container (#751)
2025-10-05	d425bcdd81f5		contains/census1881	4893.3	Fix roaring64_bitmap_remove_many when removing a container (#751)
2025-10-05	d425bcdd81f5		iterate/census1881	2419.4	Fix roaring64_bitmap_remove_many when removing a container (#751)
2025-10-05	d425bcdd81f5		to_array/census1881	120.2	Fix roaring64_bitmap_remove_many when removing a container (#751)
2025-10-05	d425bcdd81f5		deserialize/census1881	341.6	Fix roaring64_bitmap_remove_many when removing a container (#751)
2025-10-05	d425bcdd81f5		cardinality64/census1881	16.9	Fix roaring64_bitmap_remove_many when removing a container (#751)
2025-10-05	d425bcdd81f5		iterate64/census1881	3654.8	Fix roaring64_bitmap_remove_many when removing a container (#751)
2025-10-05	d425bcdd81f5		or_successive64/census1881	1008.0	Fix roaring64_bitmap_remove_many when removing a container (#751)
2025-10-05	d425bcdd81f5		or_successive/census-income	807.3	Fix roaring64_bitmap_remove_many when removing a container (#751)
2025-10-05	d425bcdd81f5		and_successive/census-income	658.8	Fix roaring64_bitmap_remove_many when removing a container (#751)
2025-10-05	d425bcdd81f5		and_cardinality/census-income	446.2	Fix roaring64_bitmap_remove_many when removing a container (#751)
2025-10-05	d425bcdd81f5		contains/census-income	13933.7	Fix roaring64_bitmap_remove_many when removing a container (#751)
2025-10-05	d425bcdd81f5		iterate/census-income	33338.0	Fix roaring64_bitmap_remove_many when removing a container (#751)
2025-10-05	d425bcdd81f5		to_array/census-income	1338.8	Fix roaring64_bitmap_remove_many when removing a container (#751)
2025-10-05	d425bcdd81f5		deserialize/census-income	121.9	Fix roaring64_bitmap_remove_many when removing a container (#751)
2025-10-05	d425bcdd81f5		cardinality64/census-income	12.7	Fix roaring64_bitmap_remove_many when removing a container (#751)
2025-10-05	d425bcdd81f5		iterate64/census-income	33987.5	Fix roaring64_bitmap_remove_many when removing a container (#751)
2025-10-05	d425bcdd81f5		or_successive64/census-income	400.1	Fix roaring64_bitmap_remove_many when removing a container (#751)
2025-10-05	d425bcdd81f5		or_successive/weather_sept_85	3302.2	Fix roaring64_bitmap_remove_many when removing a container (#751)
2025-10-05	d425bcdd81f5		and_successive/weather_sept_85	2025.2	Fix roaring64_bitmap_remove_many when removing a container (#751)
2025-10-05	d425bcdd81f5		and_cardinality/weather_sept_85	1614.1	Fix roaring64_bitmap_remove_many when removing a container (#751)
2025-10-05	d425bcdd81f5		contains/weather_sept_85	17803.2	Fix roaring64_bitmap_remove_many when removing a container (#751)
2025-10-05	d425bcdd81f5		iterate/weather_sept_85	62591.8	Fix roaring64_bitmap_remove_many when removing a container (#751)
2025-10-05	d425bcdd81f5		to_array/weather_sept_85	5214.1	Fix roaring64_bitmap_remove_many when removing a container (#751)
2025-10-05	d425bcdd81f5		deserialize/weather_sept_85	562.2	Fix roaring64_bitmap_remove_many when removing a container (#751)
2025-10-05	d425bcdd81f5		cardinality64/weather_sept_85	33.3	Fix roaring64_bitmap_remove_many when removing a container (#751)
2025-10-05	d425bcdd81f5		iterate64/weather_sept_85	65521.4	Fix roaring64_bitmap_remove_many when removing a container (#751)
2025-10-05	d425bcdd81f5		or_successive64/weather_sept_85	1517.0	Fix roaring64_bitmap_remove_many when removing a container (#751)
2025-10-05	7f718e06f812		or_successive/census1881	647.6	Bump actions/setup-node from 4.4.0 to 5.0.0 (#749)
2025-10-05	7f718e06f812		and_successive/census1881	20.0	Bump actions/setup-node from 4.4.0 to 5.0.0 (#749)
2025-10-05	7f718e06f812		and_cardinality/census1881	17.7	Bump actions/setup-node from 4.4.0 to 5.0.0 (#749)
2025-10-05	7f718e06f812		contains/census1881	4906.6	Bump actions/setup-node from 4.4.0 to 5.0.0 (#749)
2025-10-05	7f718e06f812		iterate/census1881	2471.7	Bump actions/setup-node from 4.4.0 to 5.0.0 (#749)
2025-10-05	7f718e06f812		to_array/census1881	122.5	Bump actions/setup-node from 4.4.0 to 5.0.0 (#749)
2025-10-05	7f718e06f812		deserialize/census1881	340.5	Bump actions/setup-node from 4.4.0 to 5.0.0 (#749)
2025-10-05	7f718e06f812		cardinality64/census1881	17.7	Bump actions/setup-node from 4.4.0 to 5.0.0 (#749)
2025-10-05	7f718e06f812		iterate64/census1881	3679.2	Bump actions/setup-node from 4.4.0 to 5.0.0 (#749)
2025-10-05	7f718e06f812		or_successive64/census1881	998.8	Bump actions/setup-node from 4.4.0 to 5.0.0 (#749)
2025-10-05	7f718e06f812		or_successive/census-income	805.5	Bump actions/setup-node from 4.4.0 to 5.0.0 (#749)
2025-10-05	7f718e06f812		and_successive/census-income	656.2	Bump actions/setup-node from 4.4.0 to 5.0.0 (#749)
2025-10-05	7f718e06f812		and_cardinality/census-income	449.2	Bump actions/setup-node from 4.4.0 to 5.0.0 (#749)
2025-10-05	7f718e06f812		contains/census-income	13972.1	Bump actions/setup-node from 4.4.0 to 5.0.0 (#749)
2025-10-05	7f718e06f812		iterate/census-income	33380.2	Bump actions/setup-node from 4.4.0 to 5.0.0 (#749)
2025-10-05	7f718e06f812		to_array/census-income	1341.0	Bump actions/setup-node from 4.4.0 to 5.0.0 (#749)
2025-10-05	7f718e06f812		deserialize/census-income	121.6	Bump actions/setup-node from 4.4.0 to 5.0.0 (#749)
2025-10-05	7f718e06f812		cardinality64/census-income	12.3	Bump actions/setup-node from 4.4.0 to 5.0.0 (#749)
2025-10-05	7f718e06f812		iterate64/census-income	33571.9	Bump actions/setup-node from 4.4.0 to 5.0.0 (#749)
2025-10-05	7f718e06f812		or_successive64/census-income	399.9	Bump actions/setup-node from 4.4.0 to 5.0.0 (#749)
2025-10-05	7f718e06f812		or_successive/weather_sept_85	3292.0	Bump actions/setup-node from 4.4.0 to 5.0.0 (#749)
2025-10-05	7f718e06f812		and_successive/weather_sept_85	2028.5	Bump actions/setup-node from 4.4.0 to 5.0.0 (#749)
2025-10-05	7f718e06f812		and_cardinality/weather_sept_85	1610.6	Bump actions/setup-node from 4.4.0 to 5.0.0 (#749)
2025-10-05	7f718e06f812		contains/weather_sept_85	17765.8	Bump actions/setup-node from 4.4.0 to 5.0.0 (#749)
2025-10-05	7f718e06f812		iterate/weather_sept_85	62521.8	Bump actions/setup-node from 4.4.0 to 5.0.0 (#749)
2025-10-05	7f718e06f812		to_array/weather_sept_85	5217.6	Bump actions/setup-node from 4.4.0 to 5.0.0 (#749)
2025-10-05	7f718e06f812		deserialize/weather_sept_85	560.9	Bump actions/setup-node from 4.4.0 to 5.0.0 (#749)
2025-10-05	7f718e06f812		cardinality64/weather_sept_85	34.5	Bump actions/setup-node from 4.4.0 to 5.0.0 (#749)
2025-10-05	7f718e06f812		iterate64/weather_sept_85	65112.5	Bump actions/setup-node from 4.4.0 to 5.0.0 (#749)
2025-10-05	7f718e06f812		or_successive64/weather_sept_85	1510.8	Bump actions/setup-node from 4.4.0 to 5.0.0 (#749)
2025-10-05	e7a7ca435cec		or_successive/census1881	648.1	Bump ossf/scorecard-action from 2.4.2 to 2.4.3 (#748)
2025-10-05	e7a7ca435cec		and_successive/census1881	21.0	Bump ossf/scorecard-action from 2.4.2 to 2.4.3 (#748)
2025-10-05	e7a7ca435cec		and_cardinality/census1881	15.1	Bump ossf/scorecard-action from 2.4.2 to 2.4.3 (#748)
2025-10-05	e7a7ca435cec		contains/census1881	4913.2	Bump ossf/scorecard-action from 2.4.2 to 2.4.3 (#748)
2025-10-05	e7a7ca435cec		iterate/census1881	2534.3	Bump ossf/scorecard-action from 2.4.2 to 2.4.3 (#748)
2025-10-05	e7a7ca435cec		to_array/census1881	122.8	Bump ossf/scorecard-action from 2.4.2 to 2.4.3 (#748)
2025-10-05	e7a7ca435cec		deserialize/census1881	338.8	Bump ossf/scorecard-action from 2.4.2 to 2.4.3 (#748)
2025-10-05	e7a7ca435cec		cardinality64/census1881	16.7	Bump ossf/scorecard-action from 2.4.2 to 2.4.3 (#748)
2025-10-05	e7a7ca435cec		iterate64/census1881	3835.2	Bump ossf/scorecard-action from 2.4.2 to 2.4.3 (#748)
2025-10-05	e7a7ca435cec		or_successive64/census1881	1091.1	Bump ossf/scorecard-action from 2.4.2 to 2.4.3 (#748)
2025-10-05	e7a7ca435cec		or_successive/census-income	811.0	Bump ossf/scorecard-action from 2.4.2 to 2.4.3 (#748)
2025-10-05	e7a7ca435cec		and_successive/census-income	654.0	Bump ossf/scorecard-action from 2.4.2 to 2.4.3 (#748)
2025-10-05	e7a7ca435cec		and_cardinality/census-income	443.1	Bump ossf/scorecard-action from 2.4.2 to 2.4.3 (#748)
2025-10-05	e7a7ca435cec		contains/census-income	14102.2	Bump ossf/scorecard-action from 2.4.2 to 2.4.3 (#748)
2025-10-05	e7a7ca435cec		iterate/census-income	34122.9	Bump ossf/scorecard-action from 2.4.2 to 2.4.3 (#748)
2025-10-05	e7a7ca435cec		to_array/census-income	1339.0	Bump ossf/scorecard-action from 2.4.2 to 2.4.3 (#748)
2025-10-05	e7a7ca435cec		deserialize/census-income	125.2	Bump ossf/scorecard-action from 2.4.2 to 2.4.3 (#748)
2025-10-05	e7a7ca435cec		cardinality64/census-income	12.4	Bump ossf/scorecard-action from 2.4.2 to 2.4.3 (#748)
2025-10-05	e7a7ca435cec		iterate64/census-income	33729.6	Bump ossf/scorecard-action from 2.4.2 to 2.4.3 (#748)
2025-10-05	e7a7ca435cec		or_successive64/census-income	399.7	Bump ossf/scorecard-action from 2.4.2 to 2.4.3 (#748)
2025-10-05	e7a7ca435cec		or_successive/weather_sept_85	3302.1	Bump ossf/scorecard-action from 2.4.2 to 2.4.3 (#748)
2025-10-05	e7a7ca435cec		and_successive/weather_sept_85	2018.6	Bump ossf/scorecard-action from 2.4.2 to 2.4.3 (#748)
2025-10-05	e7a7ca435cec		and_cardinality/weather_sept_85	1602.6	Bump ossf/scorecard-action from 2.4.2 to 2.4.3 (#748)
2025-10-05	e7a7ca435cec		contains/weather_sept_85	17811.4	Bump ossf/scorecard-action from 2.4.2 to 2.4.3 (#748)
2025-10-05	e7a7ca435cec		iterate/weather_sept_85	61162.1	Bump ossf/scorecard-action from 2.4.2 to 2.4.3 (#748)
2025-10-05	e7a7ca435cec		to_array/weather_sept_85	5217.4	Bump ossf/scorecard-action from 2.4.2 to 2.4.3 (#748)
2025-10-05	e7a7ca435cec		deserialize/weather_sept_85	558.1	Bump ossf/scorecard-action from 2.4.2 to 2.4.3 (#748)
2025-10-05	e7a7ca435cec		cardinality64/weather_sept_85	34.1	Bump ossf/scorecard-action from 2.4.2 to 2.4.3 (#748)
2025-10-05	e7a7ca435cec		iterate64/weather_sept_85	64713.7	Bump ossf/scorecard-action from 2.4.2 to 2.4.3 (#748)
2025-10-05	e7a7ca435cec		or_successive64/weather_sept_85	1512.5	Bump ossf/scorecard-action from 2.4.2 to 2.4.3 (#748)
2025-10-05	6ffafc40d2ed		or_successive/census1881	648.2	Bump github/codeql-action from 3.30.0 to 3.30.5 (#747)
2025-10-05	6ffafc40d2ed		and_successive/census1881	20.8	Bump github/codeql-action from 3.30.0 to 3.30.5 (#747)
2025-10-05	6ffafc40d2ed		and_cardinality/census1881	19.1	Bump github/codeql-action from 3.30.0 to 3.30.5 (#747)
2025-10-05	6ffafc40d2ed		contains/census1881	4888.4	Bump github/codeql-action from 3.30.0 to 3.30.5 (#747)
2025-10-05	6ffafc40d2ed		iterate/census1881	2435.4	Bump github/codeql-action from 3.30.0 to 3.30.5 (#747)
2025-10-05	6ffafc40d2ed		to_array/census1881	120.2	Bump github/codeql-action from 3.30.0 to 3.30.5 (#747)
2025-10-05	6ffafc40d2ed		deserialize/census1881	341.8	Bump github/codeql-action from 3.30.0 to 3.30.5 (#747)
2025-10-05	6ffafc40d2ed		cardinality64/census1881	18.6	Bump github/codeql-action from 3.30.0 to 3.30.5 (#747)
2025-10-05	6ffafc40d2ed		iterate64/census1881	3676.4	Bump github/codeql-action from 3.30.0 to 3.30.5 (#747)
2025-10-05	6ffafc40d2ed		or_successive64/census1881	995.9	Bump github/codeql-action from 3.30.0 to 3.30.5 (#747)
2025-10-05	6ffafc40d2ed		or_successive/census-income	807.8	Bump github/codeql-action from 3.30.0 to 3.30.5 (#747)
2025-10-05	6ffafc40d2ed		and_successive/census-income	657.3	Bump github/codeql-action from 3.30.0 to 3.30.5 (#747)
2025-10-05	6ffafc40d2ed		and_cardinality/census-income	452.9	Bump github/codeql-action from 3.30.0 to 3.30.5 (#747)
2025-10-05	6ffafc40d2ed		contains/census-income	13982.3	Bump github/codeql-action from 3.30.0 to 3.30.5 (#747)
2025-10-05	6ffafc40d2ed		iterate/census-income	33405.1	Bump github/codeql-action from 3.30.0 to 3.30.5 (#747)
2025-10-05	6ffafc40d2ed		to_array/census-income	1342.5	Bump github/codeql-action from 3.30.0 to 3.30.5 (#747)
2025-10-05	6ffafc40d2ed		deserialize/census-income	124.1	Bump github/codeql-action from 3.30.0 to 3.30.5 (#747)
2025-10-05	6ffafc40d2ed		cardinality64/census-income	12.9	Bump github/codeql-action from 3.30.0 to 3.30.5 (#747)
2025-10-05	6ffafc40d2ed		iterate64/census-income	33436.2	Bump github/codeql-action from 3.30.0 to 3.30.5 (#747)
2025-10-05	6ffafc40d2ed		or_successive64/census-income	400.6	Bump github/codeql-action from 3.30.0 to 3.30.5 (#747)
2025-10-05	6ffafc40d2ed		or_successive/weather_sept_85	3274.2	Bump github/codeql-action from 3.30.0 to 3.30.5 (#747)
2025-10-05	6ffafc40d2ed		and_successive/weather_sept_85	2018.4	Bump github/codeql-action from 3.30.0 to 3.30.5 (#747)
2025-10-05	6ffafc40d2ed		and_cardinality/weather_sept_85	1608.8	Bump github/codeql-action from 3.30.0 to 3.30.5 (#747)
2025-10-05	6ffafc40d2ed		contains/weather_sept_85	17754.1	Bump github/codeql-action from 3.30.0 to 3.30.5 (#747)
2025-10-05	6ffafc40d2ed		iterate/weather_sept_85	62477.4	Bump github/codeql-action from 3.30.0 to 3.30.5 (#747)
2025-10-05	6ffafc40d2ed		to_array/weather_sept_85	5205.0	Bump github/codeql-action from 3.30.0 to 3.30.5 (#747)
2025-10-05	6ffafc40d2ed		deserialize/weather_sept_85	562.0	Bump github/codeql-action from 3.30.0 to 3.30.5 (#747)
2025-10-05	6ffafc40d2ed		cardinality64/weather_sept_85	34.1	Bump github/codeql-action from 3.30.0 to 3.30.5 (#747)
2025-10-05	6ffafc40d2ed		iterate64/weather_sept_85	65279.4	Bump github/codeql-action from 3.30.0 to 3.30.5 (#747)
2025-10-05	6ffafc40d2ed		or_successive64/weather_sept_85	1502.6	Bump github/codeql-action from 3.30.0 to 3.30.5 (#747)
2025-10-05	058adc78d0c8		or_successive/census1881	652.1	fix: use BUILD_INTERFACE to prevent header target dependency propagation (#738)
2025-10-05	058adc78d0c8		and_successive/census1881	20.9	fix: use BUILD_INTERFACE to prevent header target dependency propagation (#738)
2025-10-05	058adc78d0c8		and_cardinality/census1881	16.2	fix: use BUILD_INTERFACE to prevent header target dependency propagation (#738)
2025-10-05	058adc78d0c8		contains/census1881	4907.6	fix: use BUILD_INTERFACE to prevent header target dependency propagation (#738)
2025-10-05	058adc78d0c8		iterate/census1881	2444.4	fix: use BUILD_INTERFACE to prevent header target dependency propagation (#738)
2025-10-05	058adc78d0c8		to_array/census1881	121.3	fix: use BUILD_INTERFACE to prevent header target dependency propagation (#738)
2025-10-05	058adc78d0c8		deserialize/census1881	340.4	fix: use BUILD_INTERFACE to prevent header target dependency propagation (#738)
2025-10-05	058adc78d0c8		cardinality64/census1881	17.0	fix: use BUILD_INTERFACE to prevent header target dependency propagation (#738)
2025-10-05	058adc78d0c8		iterate64/census1881	3767.4	fix: use BUILD_INTERFACE to prevent header target dependency propagation (#738)
2025-10-05	058adc78d0c8		or_successive64/census1881	998.4	fix: use BUILD_INTERFACE to prevent header target dependency propagation (#738)
2025-10-05	058adc78d0c8		or_successive/census-income	812.3	fix: use BUILD_INTERFACE to prevent header target dependency propagation (#738)
2025-10-05	058adc78d0c8		and_successive/census-income	655.6	fix: use BUILD_INTERFACE to prevent header target dependency propagation (#738)
2025-10-05	058adc78d0c8		and_cardinality/census-income	444.4	fix: use BUILD_INTERFACE to prevent header target dependency propagation (#738)
2025-10-05	058adc78d0c8		contains/census-income	14084.6	fix: use BUILD_INTERFACE to prevent header target dependency propagation (#738)
2025-10-05	058adc78d0c8		iterate/census-income	33989.6	fix: use BUILD_INTERFACE to prevent header target dependency propagation (#738)
2025-10-05	058adc78d0c8		to_array/census-income	1346.4	fix: use BUILD_INTERFACE to prevent header target dependency propagation (#738)
2025-10-05	058adc78d0c8		deserialize/census-income	124.8	fix: use BUILD_INTERFACE to prevent header target dependency propagation (#738)
2025-10-05	058adc78d0c8		cardinality64/census-income	12.4	fix: use BUILD_INTERFACE to prevent header target dependency propagation (#738)
2025-10-05	058adc78d0c8		iterate64/census-income	33782.5	fix: use BUILD_INTERFACE to prevent header target dependency propagation (#738)
2025-10-05	058adc78d0c8		or_successive64/census-income	395.1	fix: use BUILD_INTERFACE to prevent header target dependency propagation (#738)
2025-10-05	058adc78d0c8		or_successive/weather_sept_85	3295.8	fix: use BUILD_INTERFACE to prevent header target dependency propagation (#738)
2025-10-05	058adc78d0c8		and_successive/weather_sept_85	2017.6	fix: use BUILD_INTERFACE to prevent header target dependency propagation (#738)
2025-10-05	058adc78d0c8		and_cardinality/weather_sept_85	1604.4	fix: use BUILD_INTERFACE to prevent header target dependency propagation (#738)
2025-10-05	058adc78d0c8		contains/weather_sept_85	17811.6	fix: use BUILD_INTERFACE to prevent header target dependency propagation (#738)
2025-10-05	058adc78d0c8		iterate/weather_sept_85	61691.8	fix: use BUILD_INTERFACE to prevent header target dependency propagation (#738)
2025-10-05	058adc78d0c8		to_array/weather_sept_85	5200.3	fix: use BUILD_INTERFACE to prevent header target dependency propagation (#738)
2025-10-05	058adc78d0c8		deserialize/weather_sept_85	557.9	fix: use BUILD_INTERFACE to prevent header target dependency propagation (#738)
2025-10-05	058adc78d0c8		cardinality64/weather_sept_85	34.0	fix: use BUILD_INTERFACE to prevent header target dependency propagation (#738)
2025-10-05	058adc78d0c8		iterate64/weather_sept_85	64544.7	fix: use BUILD_INTERFACE to prevent header target dependency propagation (#738)
2025-10-05	058adc78d0c8		or_successive64/weather_sept_85	1514.0	fix: use BUILD_INTERFACE to prevent header target dependency propagation (#738)
2025-10-05	7759a1620de5		or_successive/census1881	646.8	Fix build on windows (#750)
2025-10-05	7759a1620de5		and_successive/census1881	19.9	Fix build on windows (#750)
2025-10-05	7759a1620de5		and_cardinality/census1881	16.4	Fix build on windows (#750)
2025-10-05	7759a1620de5		contains/census1881	4887.2	Fix build on windows (#750)
2025-10-05	7759a1620de5		iterate/census1881	2443.8	Fix build on windows (#750)
2025-10-05	7759a1620de5		to_array/census1881	120.9	Fix build on windows (#750)
2025-10-05	7759a1620de5		deserialize/census1881	343.4	Fix build on windows (#750)
2025-10-05	7759a1620de5		cardinality64/census1881	17.5	Fix build on windows (#750)
2025-10-05	7759a1620de5		iterate64/census1881	3704.3	Fix build on windows (#750)
2025-10-05	7759a1620de5		or_successive64/census1881	1001.6	Fix build on windows (#750)
2025-10-05	7759a1620de5		or_successive/census-income	807.0	Fix build on windows (#750)
2025-10-05	7759a1620de5		and_successive/census-income	662.5	Fix build on windows (#750)
2025-10-05	7759a1620de5		and_cardinality/census-income	442.1	Fix build on windows (#750)
2025-10-05	7759a1620de5		contains/census-income	14026.1	Fix build on windows (#750)
2025-10-05	7759a1620de5		iterate/census-income	34065.5	Fix build on windows (#750)
2025-10-05	7759a1620de5		to_array/census-income	1333.4	Fix build on windows (#750)
2025-10-05	7759a1620de5		deserialize/census-income	121.3	Fix build on windows (#750)
2025-10-05	7759a1620de5		cardinality64/census-income	12.3	Fix build on windows (#750)
2025-10-05	7759a1620de5		iterate64/census-income	33170.0	Fix build on windows (#750)
2025-10-05	7759a1620de5		or_successive64/census-income	397.5	Fix build on windows (#750)
2025-10-05	7759a1620de5		or_successive/weather_sept_85	3271.8	Fix build on windows (#750)
2025-10-05	7759a1620de5		and_successive/weather_sept_85	2019.1	Fix build on windows (#750)
2025-10-05	7759a1620de5		and_cardinality/weather_sept_85	1610.9	Fix build on windows (#750)
2025-10-05	7759a1620de5		contains/weather_sept_85	17829.8	Fix build on windows (#750)
2025-10-05	7759a1620de5		iterate/weather_sept_85	62507.6	Fix build on windows (#750)
2025-10-05	7759a1620de5		to_array/weather_sept_85	5199.8	Fix build on windows (#750)
2025-10-05	7759a1620de5		deserialize/weather_sept_85	559.4	Fix build on windows (#750)
2025-10-05	7759a1620de5		cardinality64/weather_sept_85	33.4	Fix build on windows (#750)
2025-10-05	7759a1620de5		iterate64/weather_sept_85	64841.8	Fix build on windows (#750)
2025-10-05	7759a1620de5		or_successive64/weather_sept_85	1581.3	Fix build on windows (#750)
2025-10-05	108fa7457003	v4.4.1	or_successive/census1881	644.7	4.4.1
2025-10-05	108fa7457003	v4.4.1	and_successive/census1881	20.2	4.4.1
2025-10-05	108fa7457003	v4.4.1	and_cardinality/census1881	16.3	4.4.1
2025-10-05	108fa7457003	v4.4.1	contains/census1881	4867.6	4.4.1
2025-10-05	108fa7457003	v4.4.1	iterate/census1881	2438.2	4.4.1
2025-10-05	108fa7457003	v4.4.1	to_array/census1881	123.3	4.4.1
2025-10-05	108fa7457003	v4.4.1	deserialize/census1881	356.4	4.4.1
2025-10-05	108fa7457003	v4.4.1	cardinality64/census1881	18.4	4.4.1
2025-10-05	108fa7457003	v4.4.1	iterate64/census1881	3801.2	4.4.1
2025-10-05	108fa7457003	v4.4.1	or_successive64/census1881	1001.5	4.4.1
2025-10-05	108fa7457003	v4.4.1	or_successive/census-income	811.0	4.4.1
2025-10-05	108fa7457003	v4.4.1	and_successive/census-income	662.4	4.4.1
2025-10-05	108fa7457003	v4.4.1	and_cardinality/census-income	453.1	4.4.1
2025-10-05	108fa7457003	v4.4.1	contains/census-income	14054.3	4.4.1
2025-10-05	108fa7457003	v4.4.1	iterate/census-income	34099.7	4.4.1
2025-10-05	108fa7457003	v4.4.1	to_array/census-income	1344.0	4.4.1
2025-10-05	108fa7457003	v4.4.1	deserialize/census-income	125.9	4.4.1
2025-10-05	108fa7457003	v4.4.1	cardinality64/census-income	12.3	4.4.1
2025-10-05	108fa7457003	v4.4.1	iterate64/census-income	33775.8	4.4.1
2025-10-05	108fa7457003	v4.4.1	or_successive64/census-income	400.6	4.4.1
2025-10-05	108fa7457003	v4.4.1	or_successive/weather_sept_85	3309.3	4.4.1
2025-10-05	108fa7457003	v4.4.1	and_successive/weather_sept_85	2028.7	4.4.1
2025-10-05	108fa7457003	v4.4.1	and_cardinality/weather_sept_85	1608.6	4.4.1
2025-10-05	108fa7457003	v4.4.1	contains/weather_sept_85	17796.6	4.4.1
2025-10-05	108fa7457003	v4.4.1	iterate/weather_sept_85	62371.2	4.4.1
2025-10-05	108fa7457003	v4.4.1	to_array/weather_sept_85	5222.0	4.4.1
2025-10-05	108fa7457003	v4.4.1	deserialize/weather_sept_85	558.9	4.4.1
2025-10-05	108fa7457003	v4.4.1	cardinality64/weather_sept_85	34.2	4.4.1
2025-10-05	108fa7457003	v4.4.1	iterate64/weather_sept_85	64770.1	4.4.1
2025-10-05	108fa7457003	v4.4.1	or_successive64/weather_sept_85	1502.9	4.4.1
2025-10-05	65839e99263b		or_successive/census1881	642.0	adding a user
2025-10-05	65839e99263b		and_successive/census1881	20.0	adding a user
2025-10-05	65839e99263b		and_cardinality/census1881	16.3	adding a user
2025-10-05	65839e99263b		contains/census1881	4891.8	adding a user
2025-10-05	65839e99263b		iterate/census1881	2456.0	adding a user
2025-10-05	65839e99263b		to_array/census1881	119.4	adding a user
2025-10-05	65839e99263b		deserialize/census1881	346.4	adding a user
2025-10-05	65839e99263b		cardinality64/census1881	17.1	adding a user
2025-10-05	65839e99263b		iterate64/census1881	3713.4	adding a user
2025-10-05	65839e99263b		or_successive64/census1881	1001.2	adding a user
2025-10-05	65839e99263b		or_successive/census-income	806.6	adding a user
2025-10-05	65839e99263b		and_successive/census-income	661.2	adding a user
2025-10-05	65839e99263b		and_cardinality/census-income	440.3	adding a user
2025-10-05	65839e99263b		contains/census-income	14031.1	adding a user
2025-10-05	65839e99263b		iterate/census-income	33374.2	adding a user
2025-10-05	65839e99263b		to_array/census-income	1338.2	adding a user
2025-10-05	65839e99263b		deserialize/census-income	122.7	adding a user
2025-10-05	65839e99263b		cardinality64/census-income	12.8	adding a user
2025-10-05	65839e99263b		iterate64/census-income	33743.0	adding a user
2025-10-05	65839e99263b		or_successive64/census-income	397.1	adding a user
2025-10-05	65839e99263b		or_successive/weather_sept_85	3296.1	adding a user
2025-10-05	65839e99263b		and_successive/weather_sept_85	2027.3	adding a user
2025-10-05	65839e99263b		and_cardinality/weather_sept_85	1606.5	adding a user
2025-10-05	65839e99263b		contains/weather_sept_85	17796.2	adding a user
2025-10-05	65839e99263b		iterate/weather_sept_85	62522.8	adding a user
2025-10-05	65839e99263b		to_array/weather_sept_85	5206.7	adding a user
2025-10-05	65839e99263b		deserialize/weather_sept_85	561.9	adding a user
2025-10-05	65839e99263b		cardinality64/weather_sept_85	33.6	adding a user
2025-10-05	65839e99263b		iterate64/weather_sept_85	65721.9	adding a user
2025-10-05	65839e99263b		or_successive64/weather_sept_85	1513.2	adding a user
2025-10-06	47d30ee8637b		or_successive/census1881	649.0	Replacing CMAKE_SOURCE_DIR with PROJECT_SOURCE_DIR (#752)
2025-10-06	47d30ee8637b		and_successive/census1881	20.4	Replacing CMAKE_SOURCE_DIR with PROJECT_SOURCE_DIR (#752)
2025-10-06	47d30ee8637b		and_cardinality/census1881	16.3	Replacing CMAKE_SOURCE_DIR with PROJECT_SOURCE_DIR (#752)
2025-10-06	47d30ee8637b		contains/census1881	4950.4	Replacing CMAKE_SOURCE_DIR with PROJECT_SOURCE_DIR (#752)
2025-10-06	47d30ee8637b		iterate/census1881	2432.7	Replacing CMAKE_SOURCE_DIR with PROJECT_SOURCE_DIR (#752)
2025-10-06	47d30ee8637b		to_array/census1881	119.7	Replacing CMAKE_SOURCE_DIR with PROJECT_SOURCE_DIR (#752)
2025-10-06	47d30ee8637b		deserialize/census1881	340.0	Replacing CMAKE_SOURCE_DIR with PROJECT_SOURCE_DIR (#752)
2025-10-06	47d30ee8637b		cardinality64/census1881	17.8	Replacing CMAKE_SOURCE_DIR with PROJECT_SOURCE_DIR (#752)
2025-10-06	47d30ee8637b		iterate64/census1881	3667.9	Replacing CMAKE_SOURCE_DIR with PROJECT_SOURCE_DIR (#752)
2025-10-06	47d30ee8637b		or_successive64/census1881	1008.3	Replacing CMAKE_SOURCE_DIR with PROJECT_SOURCE_DIR (#752)
2025-10-06	47d30ee8637b		or_successive/census-income	809.1	Replacing CMAKE_SOURCE_DIR with PROJECT_SOURCE_DIR (#752)
2025-10-06	47d30ee8637b		and_successive/census-income	658.4	Replacing CMAKE_SOURCE_DIR with PROJECT_SOURCE_DIR (#752)
2025-10-06	47d30ee8637b		and_cardinality/census-income	444.1	Replacing CMAKE_SOURCE_DIR with PROJECT_SOURCE_DIR (#752)
2025-10-06	47d30ee8637b		contains/census-income	13959.8	Replacing CMAKE_SOURCE_DIR with PROJECT_SOURCE_DIR (#752)
2025-10-06	47d30ee8637b		iterate/census-income	33908.7	Replacing CMAKE_SOURCE_DIR with PROJECT_SOURCE_DIR (#752)
2025-10-06	47d30ee8637b		to_array/census-income	1347.0	Replacing CMAKE_SOURCE_DIR with PROJECT_SOURCE_DIR (#752)
2025-10-06	47d30ee8637b		deserialize/census-income	123.6	Replacing CMAKE_SOURCE_DIR with PROJECT_SOURCE_DIR (#752)
2025-10-06	47d30ee8637b		cardinality64/census-income	12.8	Replacing CMAKE_SOURCE_DIR with PROJECT_SOURCE_DIR (#752)
2025-10-06	47d30ee8637b		iterate64/census-income	33905.8	Replacing CMAKE_SOURCE_DIR with PROJECT_SOURCE_DIR (#752)
2025-10-06	47d30ee8637b		or_successive64/census-income	393.1	Replacing CMAKE_SOURCE_DIR with PROJECT_SOURCE_DIR (#752)
2025-10-06	47d30ee8637b		or_successive/weather_sept_85	3289.8	Replacing CMAKE_SOURCE_DIR with PROJECT_SOURCE_DIR (#752)
2025-10-06	47d30ee8637b		and_successive/weather_sept_85	2016.2	Replacing CMAKE_SOURCE_DIR with PROJECT_SOURCE_DIR (#752)
2025-10-06	47d30ee8637b		and_cardinality/weather_sept_85	1606.7	Replacing CMAKE_SOURCE_DIR with PROJECT_SOURCE_DIR (#752)
2025-10-06	47d30ee8637b		contains/weather_sept_85	17869.9	Replacing CMAKE_SOURCE_DIR with PROJECT_SOURCE_DIR (#752)
2025-10-06	47d30ee8637b		iterate/weather_sept_85	62219.4	Replacing CMAKE_SOURCE_DIR with PROJECT_SOURCE_DIR (#752)
2025-10-06	47d30ee8637b		to_array/weather_sept_85	5210.0	Replacing CMAKE_SOURCE_DIR with PROJECT_SOURCE_DIR (#752)
2025-10-06	47d30ee8637b		deserialize/weather_sept_85	567.8	Replacing CMAKE_SOURCE_DIR with PROJECT_SOURCE_DIR (#752)
2025-10-06	47d30ee8637b		cardinality64/weather_sept_85	34.5	Replacing CMAKE_SOURCE_DIR with PROJECT_SOURCE_DIR (#752)
2025-10-06	47d30ee8637b		iterate64/weather_sept_85	65760.3	Replacing CMAKE_SOURCE_DIR with PROJECT_SOURCE_DIR (#752)
2025-10-06	47d30ee8637b		or_successive64/weather_sept_85	1517.1	Replacing CMAKE_SOURCE_DIR with PROJECT_SOURCE_DIR (#752)
2025-10-06	24835ad92064	v4.4.2	or_successive/census1881	652.3	4.4.2
2025-10-06	24835ad92064	v4.4.2	and_successive/census1881	20.7	4.4.2
2025-10-06	24835ad92064	v4.4.2	and_cardinality/census1881	25.2	4.4.2
2025-10-06	24835ad92064	v4.4.2	contains/census1881	4889.0	4.4.2
2025-10-06	24835ad92064	v4.4.2	iterate/census1881	2489.8	4.4.2
2025-10-06	24835ad92064	v4.4.2	to_array/census1881	119.7	4.4.2
2025-10-06	24835ad92064	v4.4.2	deserialize/census1881	344.2	4.4.2
2025-10-06	24835ad92064	v4.4.2	cardinality64/census1881	17.1	4.4.2
2025-10-06	24835ad92064	v4.4.2	iterate64/census1881	3617.1	4.4.2
2025-10-06	24835ad92064	v4.4.2	or_successive64/census1881	1001.3	4.4.2
2025-10-06	24835ad92064	v4.4.2	or_successive/census-income	804.9	4.4.2
2025-10-06	24835ad92064	v4.4.2	and_successive/census-income	656.2	4.4.2
2025-10-06	24835ad92064	v4.4.2	and_cardinality/census-income	441.8	4.4.2
2025-10-06	24835ad92064	v4.4.2	contains/census-income	14045.4	4.4.2
2025-10-06	24835ad92064	v4.4.2	iterate/census-income	33786.3	4.4.2
2025-10-06	24835ad92064	v4.4.2	to_array/census-income	1337.4	4.4.2
2025-10-06	24835ad92064	v4.4.2	deserialize/census-income	123.8	4.4.2
2025-10-06	24835ad92064	v4.4.2	cardinality64/census-income	12.3	4.4.2
2025-10-06	24835ad92064	v4.4.2	iterate64/census-income	34048.1	4.4.2
2025-10-06	24835ad92064	v4.4.2	or_successive64/census-income	401.1	4.4.2
2025-10-06	24835ad92064	v4.4.2	or_successive/weather_sept_85	3294.1	4.4.2
2025-10-06	24835ad92064	v4.4.2	and_successive/weather_sept_85	2031.4	4.4.2
2025-10-06	24835ad92064	v4.4.2	and_cardinality/weather_sept_85	1605.3	4.4.2
2025-10-06	24835ad92064	v4.4.2	contains/weather_sept_85	17862.3	4.4.2
2025-10-06	24835ad92064	v4.4.2	iterate/weather_sept_85	61907.2	4.4.2
2025-10-06	24835ad92064	v4.4.2	to_array/weather_sept_85	5198.9	4.4.2
2025-10-06	24835ad92064	v4.4.2	deserialize/weather_sept_85	559.4	4.4.2
2025-10-06	24835ad92064	v4.4.2	cardinality64/weather_sept_85	33.3	4.4.2
2025-10-06	24835ad92064	v4.4.2	iterate64/weather_sept_85	65155.3	4.4.2
2025-10-06	24835ad92064	v4.4.2	or_successive64/weather_sept_85	1511.4	4.4.2
2025-10-08	2eb73c050a3b		or_successive/census1881	650.0	art_node_printf: Use unsigned counter values (#753)
2025-10-08	2eb73c050a3b		and_successive/census1881	20.6	art_node_printf: Use unsigned counter values (#753)
2025-10-08	2eb73c050a3b		and_cardinality/census1881	16.1	art_node_printf: Use unsigned counter values (#753)
2025-10-08	2eb73c050a3b		contains/census1881	4881.6	art_node_printf: Use unsigned counter values (#753)
2025-10-08	2eb73c050a3b		iterate/census1881	2460.4	art_node_printf: Use unsigned counter values (#753)
2025-10-08	2eb73c050a3b		to_array/census1881	123.2	art_node_printf: Use unsigned counter values (#753)
2025-10-08	2eb73c050a3b		deserialize/census1881	340.6	art_node_printf: Use unsigned counter values (#753)
2025-10-08	2eb73c050a3b		cardinality64/census1881	17.9	art_node_printf: Use unsigned counter values (#753)
2025-10-08	2eb73c050a3b		iterate64/census1881	3620.9	art_node_printf: Use unsigned counter values (#753)
2025-10-08	2eb73c050a3b		or_successive64/census1881	1005.4	art_node_printf: Use unsigned counter values (#753)
2025-10-08	2eb73c050a3b		or_successive/census-income	809.0	art_node_printf: Use unsigned counter values (#753)
2025-10-08	2eb73c050a3b		and_successive/census-income	661.6	art_node_printf: Use unsigned counter values (#753)
2025-10-08	2eb73c050a3b		and_cardinality/census-income	450.3	art_node_printf: Use unsigned counter values (#753)
2025-10-08	2eb73c050a3b		contains/census-income	13971.0	art_node_printf: Use unsigned counter values (#753)
2025-10-08	2eb73c050a3b		iterate/census-income	33993.9	art_node_printf: Use unsigned counter values (#753)
2025-10-08	2eb73c050a3b		to_array/census-income	1343.7	art_node_printf: Use unsigned counter values (#753)
2025-10-08	2eb73c050a3b		deserialize/census-income	124.7	art_node_printf: Use unsigned counter values (#753)
2025-10-08	2eb73c050a3b		cardinality64/census-income	12.7	art_node_printf: Use unsigned counter values (#753)
2025-10-08	2eb73c050a3b		iterate64/census-income	33537.7	art_node_printf: Use unsigned counter values (#753)
2025-10-08	2eb73c050a3b		or_successive64/census-income	402.2	art_node_printf: Use unsigned counter values (#753)
2025-10-08	2eb73c050a3b		or_successive/weather_sept_85	3294.7	art_node_printf: Use unsigned counter values (#753)
2025-10-08	2eb73c050a3b		and_successive/weather_sept_85	2019.9	art_node_printf: Use unsigned counter values (#753)
2025-10-08	2eb73c050a3b		and_cardinality/weather_sept_85	1602.8	art_node_printf: Use unsigned counter values (#753)
2025-10-08	2eb73c050a3b		contains/weather_sept_85	17763.5	art_node_printf: Use unsigned counter values (#753)
2025-10-08	2eb73c050a3b		iterate/weather_sept_85	62381.1	art_node_printf: Use unsigned counter values (#753)
2025-10-08	2eb73c050a3b		to_array/weather_sept_85	5225.5	art_node_printf: Use unsigned counter values (#753)
2025-10-08	2eb73c050a3b		deserialize/weather_sept_85	560.5	art_node_printf: Use unsigned counter values (#753)
2025-10-08	2eb73c050a3b		cardinality64/weather_sept_85	33.9	art_node_printf: Use unsigned counter values (#753)
2025-10-08	2eb73c050a3b		iterate64/weather_sept_85	65542.0	art_node_printf: Use unsigned counter values (#753)
2025-10-08	2eb73c050a3b		or_successive64/weather_sept_85	1510.7	art_node_printf: Use unsigned counter values (#753)
2025-10-10	af9490014a4d		or_successive/census1881	647.2	Update README.md
2025-10-10	af9490014a4d		and_successive/census1881	21.0	Update README.md
2025-10-10	af9490014a4d		and_cardinality/census1881	15.4	Update README.md
2025-10-10	af9490014a4d		contains/census1881	4913.0	Update README.md
2025-10-10	af9490014a4d		iterate/census1881	2424.2	Update README.md
2025-10-10	af9490014a4d		to_array/census1881	121.6	Update README.md
2025-10-10	af9490014a4d		deserialize/census1881	338.6	Update README.md
2025-10-10	af9490014a4d		cardinality64/census1881	17.1	Update README.md
2025-10-10	af9490014a4d		iterate64/census1881	3696.2	Update README.md
2025-10-10	af9490014a4d		or_successive64/census1881	1002.5	Update README.md
2025-10-10	af9490014a4d		or_successive/census-income	810.0	Update README.md
2025-10-10	af9490014a4d		and_successive/census-income	662.3	Update README.md
2025-10-10	af9490014a4d		and_cardinality/census-income	446.7	Update README.md
2025-10-10	af9490014a4d		contains/census-income	14040.3	Update README.md
2025-10-10	af9490014a4d		iterate/census-income	33973.1	Update README.md
2025-10-10	af9490014a4d		to_array/census-income	1346.3	Update README.md
2025-10-10	af9490014a4d		deserialize/census-income	123.0	Update README.md
2025-10-10	af9490014a4d		cardinality64/census-income	12.3	Update README.md
2025-10-10	af9490014a4d		iterate64/census-income	33321.3	Update README.md
2025-10-10	af9490014a4d		or_successive64/census-income	399.1	Update README.md
2025-10-10	af9490014a4d		or_successive/weather_sept_85	3293.1	Update README.md
2025-10-10	af9490014a4d		and_successive/weather_sept_85	2021.2	Update README.md
2025-10-10	af9490014a4d		and_cardinality/weather_sept_85	1604.1	Update README.md
2025-10-10	af9490014a4d		contains/weather_sept_85	17784.3	Update README.md
2025-10-10	af9490014a4d		iterate/weather_sept_85	62257.6	Update README.md
2025-10-10	af9490014a4d		to_array/weather_sept_85	5190.0	Update README.md
2025-10-10	af9490014a4d		deserialize/weather_sept_85	920.4	Update README.md
2025-10-10	af9490014a4d		cardinality64/weather_sept_85	55.3	Update README.md
2025-10-10	af9490014a4d		iterate64/weather_sept_85	65004.3	Update README.md
2025-10-10	af9490014a4d		or_successive64/weather_sept_85	1512.7	Update README.md
2025-10-28	8711167f6c06		or_successive/census1881	649.4	better documentation for 64-bit frozen. (#758)
2025-10-28	8711167f6c06		and_successive/census1881	20.5	better documentation for 64-bit frozen. (#758)
2025-10-28	8711167f6c06		and_cardinality/census1881	15.7	better documentation for 64-bit frozen. (#758)
2025-10-28	8711167f6c06		contains/census1881	4884.5	better documentation for 64-bit frozen. (#758)
2025-10-28	8711167f6c06		iterate/census1881	2471.6	better documentation for 64-bit frozen. (#758)
2025-10-28	8711167f6c06		to_array/census1881	120.3	better documentation for 64-bit frozen. (#758)
2025-10-28	8711167f6c06		deserialize/census1881	343.4	better documentation for 64-bit frozen. (#758)
2025-10-28	8711167f6c06		cardinality64/census1881	17.4	better documentation for 64-bit frozen. (#758)
2025-10-28	8711167f6c06		iterate64/census1881	3783.3	better documentation for 64-bit frozen. (#758)
2025-10-28	8711167f6c06		or_successive64/census1881	1004.4	better documentation for 64-bit frozen. (#758)
2025-10-28	8711167f6c06		or_successive/census-income	808.4	better documentation for 64-bit frozen. (#758)
2025-10-28	8711167f6c06		and_successive/census-income	658.6	better documentation for 64-bit frozen. (#758)
2025-10-28	8711167f6c06		and_cardinality/census-income	441.4	better documentation for 64-bit frozen. (#758)
2025-10-28	8711167f6c06		contains/census-income	14043.5	better documentation for 64-bit frozen. (#758)
2025-10-28	8711167f6c06		iterate/census-income	34326.5	better documentation for 64-bit frozen. (#758)
2025-10-28	8711167f6c06		to_array/census-income	1460.9	better documentation for 64-bit frozen. (#758)
2025-10-28	8711167f6c06		deserialize/census-income	132.9	better documentation for 64-bit frozen. (#758)
2025-10-28	8711167f6c06		cardinality64/census-income	13.1	better documentation for 64-bit frozen. (#758)
2025-10-28	8711167f6c06		iterate64/census-income	33188.8	better documentation for 64-bit frozen. (#758)
2025-10-28	8711167f6c06		or_successive64/census-income	396.3	better documentation for 64-bit frozen. (#758)
2025-10-28	8711167f6c06		or_successive/weather_sept_85	3286.3	better documentation for 64-bit frozen. (#758)
2025-10-28	8711167f6c06		and_successive/weather_sept_85	2013.7	better documentation for 64-bit frozen. (#758)
2025-10-28	8711167f6c06		and_cardinality/weather_sept_85	1606.4	better documentation for 64-bit frozen. (#758)
2025-10-28	8711167f6c06		contains/weather_sept_85	17823.5	better documentation for 64-bit frozen. (#758)
2025-10-28	8711167f6c06		iterate/weather_sept_85	61175.2	better documentation for 64-bit frozen. (#758)
2025-10-28	8711167f6c06		to_array/weather_sept_85	5211.8	better documentation for 64-bit frozen. (#758)
2025-10-28	8711167f6c06		deserialize/weather_sept_85	563.5	better documentation for 64-bit frozen. (#758)
2025-10-28	8711167f6c06		cardinality64/weather_sept_85	33.7	better documentation for 64-bit frozen. (#758)
2025-10-28	8711167f6c06		iterate64/weather_sept_85	65277.5	better documentation for 64-bit frozen. (#758)
2025-10-28	8711167f6c06		or_successive64/weather_sept_85	1510.4	better documentation for 64-bit frozen. (#758)
2025-11-20	d5f843304265		or_successive/census1881	650.5	Remove CMAKE_INTERPROCEDURAL_OPTIMIZATION setting
2025-11-20	d5f843304265		and_successive/census1881	20.1	Remove CMAKE_INTERPROCEDURAL_OPTIMIZATION setting
2025-11-20	d5f843304265		and_cardinality/census1881	18.2	Remove CMAKE_INTERPROCEDURAL_OPTIMIZATION setting
2025-11-20	d5f843304265		contains/census1881	4867.1	Remove CMAKE_INTERPROCEDURAL_OPTIMIZATION setting
2025-11-20	d5f843304265		iterate/census1881	2436.5	Remove CMAKE_INTERPROCEDURAL_OPTIMIZATION setting
2025-11-20	d5f843304265		to_array/census1881	120.1	Remove CMAKE_INTERPROCEDURAL_OPTIMIZATION setting
2025-11-20	d5f843304265		deserialize/census1881	341.3	Remove CMAKE_INTERPROCEDURAL_OPTIMIZATION setting
2025-11-20	d5f843304265		cardinality64/census1881	17.5	Remove CMAKE_INTERPROCEDURAL_OPTIMIZATION setting
2025-11-20	d5f843304265		iterate64/census1881	3796.3	Remove CMAKE_INTERPROCEDURAL_OPTIMIZATION setting
2025-11-20	d5f843304265		or_successive64/census1881	999.9	Remove CMAKE_INTERPROCEDURAL_OPTIMIZATION setting
2025-11-20	d5f843304265		or_successive/census-income	807.8	Remove CMAKE_INTERPROCEDURAL_OPTIMIZATION setting
2025-11-20	d5f843304265		and_successive/census-income	654.0	Remove CMAKE_INTERPROCEDURAL_OPTIMIZATION setting
2025-11-20	d5f843304265		and_cardinality/census-income	441.1	Remove CMAKE_INTERPROCEDURAL_OPTIMIZATION setting
2025-11-20	d5f843304265		contains/census-income	14002.0	Remove CMAKE_INTERPROCEDURAL_OPTIMIZATION setting
2025-11-20	d5f843304265		iterate/census-income	33849.2	Remove CMAKE_INTERPROCEDURAL_OPTIMIZATION setting
2025-11-20	d5f843304265		to_array/census-income	1332.5	Remove CMAKE_INTERPROCEDURAL_OPTIMIZATION setting
2025-11-20	d5f843304265		deserialize/census-income	129.0	Remove CMAKE_INTERPROCEDURAL_OPTIMIZATION setting
2025-11-20	d5f843304265		cardinality64/census-income	12.3	Remove CMAKE_INTERPROCEDURAL_OPTIMIZATION setting
2025-11-20	d5f843304265		iterate64/census-income	33901.2	Remove CMAKE_INTERPROCEDURAL_OPTIMIZATION setting
2025-11-20	d5f843304265		or_successive64/census-income	397.1	Remove CMAKE_INTERPROCEDURAL_OPTIMIZATION setting
2025-11-20	d5f843304265		or_successive/weather_sept_85	3284.2	Remove CMAKE_INTERPROCEDURAL_OPTIMIZATION setting
2025-11-20	d5f843304265		and_successive/weather_sept_85	2027.9	Remove CMAKE_INTERPROCEDURAL_OPTIMIZATION setting
2025-11-20	d5f843304265		and_cardinality/weather_sept_85	1609.9	Remove CMAKE_INTERPROCEDURAL_OPTIMIZATION setting
2025-11-20	d5f843304265		contains/weather_sept_85	17820.6	Remove CMAKE_INTERPROCEDURAL_OPTIMIZATION setting
2025-11-20	d5f843304265		iterate/weather_sept_85	61656.1	Remove CMAKE_INTERPROCEDURAL_OPTIMIZATION setting
2025-11-20	d5f843304265		to_array/weather_sept_85	5202.4	Remove CMAKE_INTERPROCEDURAL_OPTIMIZATION setting
2025-11-20	d5f843304265		deserialize/weather_sept_85	558.9	Remove CMAKE_INTERPROCEDURAL_OPTIMIZATION setting
2025-11-20	d5f843304265		cardinality64/weather_sept_85	33.7	Remove CMAKE_INTERPROCEDURAL_OPTIMIZATION setting
2025-11-20	d5f843304265		iterate64/weather_sept_85	65433.1	Remove CMAKE_INTERPROCEDURAL_OPTIMIZATION setting
2025-11-20	d5f843304265		or_successive64/weather_sept_85	1508.7	Remove CMAKE_INTERPROCEDURAL_OPTIMIZATION setting
2025-11-25	6324d7735b40		or_successive/census1881	641.3	Fixed build on e2k (Elbrus-2000) arch (#765)
2025-11-25	6324d7735b40		and_successive/census1881	20.2	Fixed build on e2k (Elbrus-2000) arch (#765)
2025-11-25	6324d7735b40		and_cardinality/census1881	19.0	Fixed build on e2k (Elbrus-2000) arch (#765)
2025-11-25	6324d7735b40		contains/census1881	4901.5	Fixed build on e2k (Elbrus-2000) arch (#765)
2025-11-25	6324d7735b40		iterate/census1881	2552.5	Fixed build on e2k (Elbrus-2000) arch (#765)
2025-11-25	6324d7735b40		to_array/census1881	121.1	Fixed build on e2k (Elbrus-2000) arch (#765)
2025-11-25	6324d7735b40		deserialize/census1881	344.6	Fixed build on e2k (Elbrus-2000) arch (#765)
2025-11-25	6324d7735b40		cardinality64/census1881	17.5	Fixed build on e2k (Elbrus-2000) arch (#765)
2025-11-25	6324d7735b40		iterate64/census1881	3691.8	Fixed build on e2k (Elbrus-2000) arch (#765)
2025-11-25	6324d7735b40		or_successive64/census1881	1015.6	Fixed build on e2k (Elbrus-2000) arch (#765)
2025-11-25	6324d7735b40		or_successive/census-income	808.9	Fixed build on e2k (Elbrus-2000) arch (#765)
2025-11-25	6324d7735b40		and_successive/census-income	659.8	Fixed build on e2k (Elbrus-2000) arch (#765)
2025-11-25	6324d7735b40		and_cardinality/census-income	441.5	Fixed build on e2k (Elbrus-2000) arch (#765)
2025-11-25	6324d7735b40		contains/census-income	14015.7	Fixed build on e2k (Elbrus-2000) arch (#765)
2025-11-25	6324d7735b40		iterate/census-income	33849.6	Fixed build on e2k (Elbrus-2000) arch (#765)
2025-11-25	6324d7735b40		to_array/census-income	1349.1	Fixed build on e2k (Elbrus-2000) arch (#765)
2025-11-25	6324d7735b40		deserialize/census-income	122.9	Fixed build on e2k (Elbrus-2000) arch (#765)
2025-11-25	6324d7735b40		cardinality64/census-income	12.4	Fixed build on e2k (Elbrus-2000) arch (#765)
2025-11-25	6324d7735b40		iterate64/census-income	34609.7	Fixed build on e2k (Elbrus-2000) arch (#765)
2025-11-25	6324d7735b40		or_successive64/census-income	399.4	Fixed build on e2k (Elbrus-2000) arch (#765)
2025-11-25	6324d7735b40		or_successive/weather_sept_85	3268.4	Fixed build on e2k (Elbrus-2000) arch (#765)
2025-11-25	6324d7735b40		and_successive/weather_sept_85	2023.4	Fixed build on e2k (Elbrus-2000) arch (#765)
2025-11-25	6324d7735b40		and_cardinality/weather_sept_85	1607.0	Fixed build on e2k (Elbrus-2000) arch (#765)
2025-11-25	6324d7735b40		contains/weather_sept_85	17764.3	Fixed build on e2k (Elbrus-2000) arch (#765)
2025-11-25	6324d7735b40		iterate/weather_sept_85	61900.4	Fixed build on e2k (Elbrus-2000) arch (#765)
2025-11-25	6324d7735b40		to_array/weather_sept_85	5204.7	Fixed build on e2k (Elbrus-2000) arch (#765)
2025-11-25	6324d7735b40		deserialize/weather_sept_85	559.5	Fixed build on e2k (Elbrus-2000) arch (#765)
2025-11-25	6324d7735b40		cardinality64/weather_sept_85	34.0	Fixed build on e2k (Elbrus-2000) arch (#765)
2025-11-25	6324d7735b40		iterate64/weather_sept_85	64164.0	Fixed build on e2k (Elbrus-2000) arch (#765)
2025-11-25	6324d7735b40		or_successive64/weather_sept_85	1513.7	Fixed build on e2k (Elbrus-2000) arch (#765)
2025-11-25	3c28bea53ba4	v4.4.3	or_successive/census1881	647.6	4.4.3
2025-11-25	3c28bea53ba4	v4.4.3	and_successive/census1881	20.3	4.4.3
2025-11-25	3c28bea53ba4	v4.4.3	and_cardinality/census1881	18.8	4.4.3
2025-11-25	3c28bea53ba4	v4.4.3	contains/census1881	4915.2	4.4.3
2025-11-25	3c28bea53ba4	v4.4.3	iterate/census1881	2477.0	4.4.3
2025-11-25	3c28bea53ba4	v4.4.3	to_array/census1881	124.5	4.4.3
2025-11-25	3c28bea53ba4	v4.4.3	deserialize/census1881	358.2	4.4.3
2025-11-25	3c28bea53ba4	v4.4.3	cardinality64/census1881	18.6	4.4.3
2025-11-25	3c28bea53ba4	v4.4.3	iterate64/census1881	3762.6	4.4.3
2025-11-25	3c28bea53ba4	v4.4.3	or_successive64/census1881	1001.1	4.4.3
2025-11-25	3c28bea53ba4	v4.4.3	or_successive/census-income	807.8	4.4.3
2025-11-25	3c28bea53ba4	v4.4.3	and_successive/census-income	660.2	4.4.3
2025-11-25	3c28bea53ba4	v4.4.3	and_cardinality/census-income	447.7	4.4.3
2025-11-25	3c28bea53ba4	v4.4.3	contains/census-income	13989.4	4.4.3
2025-11-25	3c28bea53ba4	v4.4.3	iterate/census-income	33885.1	4.4.3
2025-11-25	3c28bea53ba4	v4.4.3	to_array/census-income	1341.2	4.4.3
2025-11-25	3c28bea53ba4	v4.4.3	deserialize/census-income	121.5	4.4.3
2025-11-25	3c28bea53ba4	v4.4.3	cardinality64/census-income	12.3	4.4.3
2025-11-25	3c28bea53ba4	v4.4.3	iterate64/census-income	33909.6	4.4.3
2025-11-25	3c28bea53ba4	v4.4.3	or_successive64/census-income	395.0	4.4.3
2025-11-25	3c28bea53ba4	v4.4.3	or_successive/weather_sept_85	3286.9	4.4.3
2025-11-25	3c28bea53ba4	v4.4.3	and_successive/weather_sept_85	2021.3	4.4.3
2025-11-25	3c28bea53ba4	v4.4.3	and_cardinality/weather_sept_85	1601.6	4.4.3
2025-11-25	3c28bea53ba4	v4.4.3	contains/weather_sept_85	17804.5	4.4.3
2025-11-25	3c28bea53ba4	v4.4.3	iterate/weather_sept_85	61240.2	4.4.3
2025-11-25	3c28bea53ba4	v4.4.3	to_array/weather_sept_85	5219.2	4.4.3
2025-11-25	3c28bea53ba4	v4.4.3	deserialize/weather_sept_85	562.8	4.4.3
2025-11-25	3c28bea53ba4	v4.4.3	cardinality64/weather_sept_85	33.7	4.4.3
2025-11-25	3c28bea53ba4	v4.4.3	iterate64/weather_sept_85	64624.7	4.4.3
2025-11-25	3c28bea53ba4	v4.4.3	or_successive64/weather_sept_85	1507.6	4.4.3
2025-12-02	d7e80fe8c674		or_successive/census1881	644.4	fix comment (#769)
2025-12-02	d7e80fe8c674		and_successive/census1881	20.3	fix comment (#769)
2025-12-02	d7e80fe8c674		and_cardinality/census1881	20.5	fix comment (#769)
2025-12-02	d7e80fe8c674		contains/census1881	4886.5	fix comment (#769)
2025-12-02	d7e80fe8c674		iterate/census1881	2471.6	fix comment (#769)
2025-12-02	d7e80fe8c674		to_array/census1881	118.6	fix comment (#769)
2025-12-02	d7e80fe8c674		deserialize/census1881	340.9	fix comment (#769)
2025-12-02	d7e80fe8c674		cardinality64/census1881	17.1	fix comment (#769)
2025-12-02	d7e80fe8c674		iterate64/census1881	3646.6	fix comment (#769)
2025-12-02	d7e80fe8c674		or_successive64/census1881	996.7	fix comment (#769)
2025-12-02	d7e80fe8c674		or_successive/census-income	816.7	fix comment (#769)
2025-12-02	d7e80fe8c674		and_successive/census-income	656.4	fix comment (#769)
2025-12-02	d7e80fe8c674		and_cardinality/census-income	439.3	fix comment (#769)
2025-12-02	d7e80fe8c674		contains/census-income	14056.8	fix comment (#769)
2025-12-02	d7e80fe8c674		iterate/census-income	33024.2	fix comment (#769)
2025-12-02	d7e80fe8c674		to_array/census-income	1339.4	fix comment (#769)
2025-12-02	d7e80fe8c674		deserialize/census-income	122.8	fix comment (#769)
2025-12-02	d7e80fe8c674		cardinality64/census-income	12.4	fix comment (#769)
2025-12-02	d7e80fe8c674		iterate64/census-income	34674.0	fix comment (#769)
2025-12-02	d7e80fe8c674		or_successive64/census-income	402.4	fix comment (#769)
2025-12-02	d7e80fe8c674		or_successive/weather_sept_85	3289.0	fix comment (#769)
2025-12-02	d7e80fe8c674		and_successive/weather_sept_85	2020.5	fix comment (#769)
2025-12-02	d7e80fe8c674		and_cardinality/weather_sept_85	1604.0	fix comment (#769)
2025-12-02	d7e80fe8c674		contains/weather_sept_85	17797.8	fix comment (#769)
2025-12-02	d7e80fe8c674		iterate/weather_sept_85	61556.0	fix comment (#769)
2025-12-02	d7e80fe8c674		to_array/weather_sept_85	5211.7	fix comment (#769)
2025-12-02	d7e80fe8c674		deserialize/weather_sept_85	561.8	fix comment (#769)
2025-12-02	d7e80fe8c674		cardinality64/weather_sept_85	33.4	fix comment (#769)
2025-12-02	d7e80fe8c674		iterate64/weather_sept_85	64805.9	fix comment (#769)
2025-12-02	d7e80fe8c674		or_successive64/weather_sept_85	1506.2	fix comment (#769)
2025-12-04	fedb12830277		or_successive/census1881	650.7	Bump actions/checkout from 5.0.0 to 6.0.0 (#767)
2025-12-04	fedb12830277		and_successive/census1881	20.2	Bump actions/checkout from 5.0.0 to 6.0.0 (#767)
2025-12-04	fedb12830277		and_cardinality/census1881	16.8	Bump actions/checkout from 5.0.0 to 6.0.0 (#767)
2025-12-04	fedb12830277		contains/census1881	4888.2	Bump actions/checkout from 5.0.0 to 6.0.0 (#767)
2025-12-04	fedb12830277		iterate/census1881	2436.9	Bump actions/checkout from 5.0.0 to 6.0.0 (#767)
2025-12-04	fedb12830277		to_array/census1881	120.3	Bump actions/checkout from 5.0.0 to 6.0.0 (#767)
2025-12-04	fedb12830277		deserialize/census1881	344.5	Bump actions/checkout from 5.0.0 to 6.0.0 (#767)
2025-12-04	fedb12830277		cardinality64/census1881	17.3	Bump actions/checkout from 5.0.0 to 6.0.0 (#767)
2025-12-04	fedb12830277		iterate64/census1881	3677.8	Bump actions/checkout from 5.0.0 to 6.0.0 (#767)
2025-12-04	fedb12830277		or_successive64/census1881	997.5	Bump actions/checkout from 5.0.0 to 6.0.0 (#767)
2025-12-04	fedb12830277		or_successive/census-income	821.0	Bump actions/checkout from 5.0.0 to 6.0.0 (#767)
2025-12-04	fedb12830277		and_successive/census-income	659.5	Bump actions/checkout from 5.0.0 to 6.0.0 (#767)
2025-12-04	fedb12830277		and_cardinality/census-income	443.4	Bump actions/checkout from 5.0.0 to 6.0.0 (#767)
2025-12-04	fedb12830277		contains/census-income	14029.3	Bump actions/checkout from 5.0.0 to 6.0.0 (#767)
2025-12-04	fedb12830277		iterate/census-income	33386.1	Bump actions/checkout from 5.0.0 to 6.0.0 (#767)
2025-12-04	fedb12830277		to_array/census-income	1349.8	Bump actions/checkout from 5.0.0 to 6.0.0 (#767)
2025-12-04	fedb12830277		deserialize/census-income	122.4	Bump actions/checkout from 5.0.0 to 6.0.0 (#767)
2025-12-04	fedb12830277		cardinality64/census-income	12.3	Bump actions/checkout from 5.0.0 to 6.0.0 (#767)
2025-12-04	fedb12830277		iterate64/census-income	33644.3	Bump actions/checkout from 5.0.0 to 6.0.0 (#767)
2025-12-04	fedb12830277		or_successive64/census-income	399.7	Bump actions/checkout from 5.0.0 to 6.0.0 (#767)
2025-12-04	fedb12830277		or_successive/weather_sept_85	3284.7	Bump actions/checkout from 5.0.0 to 6.0.0 (#767)
2025-12-04	fedb12830277		and_successive/weather_sept_85	2023.4	Bump actions/checkout from 5.0.0 to 6.0.0 (#767)
2025-12-04	fedb12830277		and_cardinality/weather_sept_85	1609.1	Bump actions/checkout from 5.0.0 to 6.0.0 (#767)
2025-12-04	fedb12830277		contains/weather_sept_85	17795.5	Bump actions/checkout from 5.0.0 to 6.0.0 (#767)
2025-12-04	fedb12830277		iterate/weather_sept_85	61267.3	Bump actions/checkout from 5.0.0 to 6.0.0 (#767)
2025-12-04	fedb12830277		to_array/weather_sept_85	5213.2	Bump actions/checkout from 5.0.0 to 6.0.0 (#767)
2025-12-04	fedb12830277		deserialize/weather_sept_85	564.7	Bump actions/checkout from 5.0.0 to 6.0.0 (#767)
2025-12-04	fedb12830277		cardinality64/weather_sept_85	34.3	Bump actions/checkout from 5.0.0 to 6.0.0 (#767)
2025-12-04	fedb12830277		iterate64/weather_sept_85	65907.5	Bump actions/checkout from 5.0.0 to 6.0.0 (#767)
2025-12-04	fedb12830277		or_successive64/weather_sept_85	1502.7	Bump actions/checkout from 5.0.0 to 6.0.0 (#767)
2025-12-04	961bab126ac3		or_successive/census1881	640.7	Bump github/codeql-action from 3.30.5 to 4.31.6 (#768)
2025-12-04	961bab126ac3		and_successive/census1881	20.3	Bump github/codeql-action from 3.30.5 to 4.31.6 (#768)
2025-12-04	961bab126ac3		and_cardinality/census1881	22.3	Bump github/codeql-action from 3.30.5 to 4.31.6 (#768)
2025-12-04	961bab126ac3		contains/census1881	4936.1	Bump github/codeql-action from 3.30.5 to 4.31.6 (#768)
2025-12-04	961bab126ac3		iterate/census1881	2449.4	Bump github/codeql-action from 3.30.5 to 4.31.6 (#768)
2025-12-04	961bab126ac3		to_array/census1881	120.4	Bump github/codeql-action from 3.30.5 to 4.31.6 (#768)
2025-12-04	961bab126ac3		deserialize/census1881	338.4	Bump github/codeql-action from 3.30.5 to 4.31.6 (#768)
2025-12-04	961bab126ac3		cardinality64/census1881	17.3	Bump github/codeql-action from 3.30.5 to 4.31.6 (#768)
2025-12-04	961bab126ac3		iterate64/census1881	3686.5	Bump github/codeql-action from 3.30.5 to 4.31.6 (#768)
2025-12-04	961bab126ac3		or_successive64/census1881	1000.3	Bump github/codeql-action from 3.30.5 to 4.31.6 (#768)
2025-12-04	961bab126ac3		or_successive/census-income	808.4	Bump github/codeql-action from 3.30.5 to 4.31.6 (#768)
2025-12-04	961bab126ac3		and_successive/census-income	661.1	Bump github/codeql-action from 3.30.5 to 4.31.6 (#768)
2025-12-04	961bab126ac3		and_cardinality/census-income	447.9	Bump github/codeql-action from 3.30.5 to 4.31.6 (#768)
2025-12-04	961bab126ac3		contains/census-income	14041.0	Bump github/codeql-action from 3.30.5 to 4.31.6 (#768)
2025-12-04	961bab126ac3		iterate/census-income	33977.5	Bump github/codeql-action from 3.30.5 to 4.31.6 (#768)
2025-12-04	961bab126ac3		to_array/census-income	1349.8	Bump github/codeql-action from 3.30.5 to 4.31.6 (#768)
2025-12-04	961bab126ac3		deserialize/census-income	124.4	Bump github/codeql-action from 3.30.5 to 4.31.6 (#768)
2025-12-04	961bab126ac3		cardinality64/census-income	12.7	Bump github/codeql-action from 3.30.5 to 4.31.6 (#768)
2025-12-04	961bab126ac3		iterate64/census-income	33455.9	Bump github/codeql-action from 3.30.5 to 4.31.6 (#768)
2025-12-04	961bab126ac3		or_successive64/census-income	395.6	Bump github/codeql-action from 3.30.5 to 4.31.6 (#768)
2025-12-04	961bab126ac3		or_successive/weather_sept_85	3280.5	Bump github/codeql-action from 3.30.5 to 4.31.6 (#768)
2025-12-04	961bab126ac3		and_successive/weather_sept_85	2025.7	Bump github/codeql-action from 3.30.5 to 4.31.6 (#768)
2025-12-04	961bab126ac3		and_cardinality/weather_sept_85	1603.3	Bump github/codeql-action from 3.30.5 to 4.31.6 (#768)
2025-12-04	961bab126ac3		contains/weather_sept_85	17786.8	Bump github/codeql-action from 3.30.5 to 4.31.6 (#768)
2025-12-04	961bab126ac3		iterate/weather_sept_85	62242.9	Bump github/codeql-action from 3.30.5 to 4.31.6 (#768)
2025-12-04	961bab126ac3		to_array/weather_sept_85	5204.3	Bump github/codeql-action from 3.30.5 to 4.31.6 (#768)
2025-12-04	961bab126ac3		deserialize/weather_sept_85	560.3	Bump github/codeql-action from 3.30.5 to 4.31.6 (#768)
2025-12-04	961bab126ac3		cardinality64/weather_sept_85	33.9	Bump github/codeql-action from 3.30.5 to 4.31.6 (#768)
2025-12-04	961bab126ac3		iterate64/weather_sept_85	64365.5	Bump github/codeql-action from 3.30.5 to 4.31.6 (#768)
2025-12-04	961bab126ac3		or_successive64/weather_sept_85	1503.0	Bump github/codeql-action from 3.30.5 to 4.31.6 (#768)
2025-12-04	89ad03d696ec		or_successive/census1881	647.9	Better inlining (#766)
2025-12-04	89ad03d696ec		and_successive/census1881	20.2	Better inlining (#766)
2025-12-04	89ad03d696ec		and_cardinality/census1881	21.6	Better inlining (#766)
2025-12-04	89ad03d696ec		contains/census1881	4637.3	Better inlining (#766)
2025-12-04	89ad03d696ec		iterate/census1881	1601.6	Better inlining (#766)
2025-12-04	89ad03d696ec		to_array/census1881	124.2	Better inlining (#766)
2025-12-04	89ad03d696ec		deserialize/census1881	360.4	Better inlining (#766)
2025-12-04	89ad03d696ec		cardinality64/census1881	18.1	Better inlining (#766)
2025-12-04	89ad03d696ec		iterate64/census1881	3507.6	Better inlining (#766)
2025-12-04	89ad03d696ec		or_successive64/census1881	994.8	Better inlining (#766)
2025-12-04	89ad03d696ec		or_successive/census-income	807.3	Better inlining (#766)
2025-12-04	89ad03d696ec		and_successive/census-income	671.1	Better inlining (#766)
2025-12-04	89ad03d696ec		and_cardinality/census-income	443.9	Better inlining (#766)
2025-12-04	89ad03d696ec		contains/census-income	13620.0	Better inlining (#766)
2025-12-04	89ad03d696ec		iterate/census-income	32198.2	Better inlining (#766)
2025-12-04	89ad03d696ec		to_array/census-income	1337.5	Better inlining (#766)
2025-12-04	89ad03d696ec		deserialize/census-income	122.0	Better inlining (#766)
2025-12-04	89ad03d696ec		cardinality64/census-income	12.7	Better inlining (#766)
2025-12-04	89ad03d696ec		iterate64/census-income	34811.8	Better inlining (#766)
2025-12-04	89ad03d696ec		or_successive64/census-income	399.9	Better inlining (#766)
2025-12-04	89ad03d696ec		or_successive/weather_sept_85	3289.4	Better inlining (#766)
2025-12-04	89ad03d696ec		and_successive/weather_sept_85	2045.6	Better inlining (#766)
2025-12-04	89ad03d696ec		and_cardinality/weather_sept_85	1607.0	Better inlining (#766)
2025-12-04	89ad03d696ec		contains/weather_sept_85	17431.2	Better inlining (#766)
2025-12-04	89ad03d696ec		iterate/weather_sept_85	59176.5	Better inlining (#766)
2025-12-04	89ad03d696ec		to_array/weather_sept_85	5172.7	Better inlining (#766)
2025-12-04	89ad03d696ec		deserialize/weather_sept_85	561.2	Better inlining (#766)
2025-12-04	89ad03d696ec		cardinality64/weather_sept_85	34.8	Better inlining (#766)
2025-12-04	89ad03d696ec		iterate64/weather_sept_85	66817.0	Better inlining (#766)
2025-12-04	89ad03d696ec		or_successive64/weather_sept_85	1504.9	Better inlining (#766)
2025-12-04	2db01d444db8	v4.5.0	or_successive/census1881	646.0	4.5
2025-12-04	2db01d444db8	v4.5.0	and_successive/census1881	20.2	4.5
2025-12-04	2db01d444db8	v4.5.0	and_cardinality/census1881	22.1	4.5
2025-12-04	2db01d444db8	v4.5.0	contains/census1881	4653.6	4.5
2025-12-04	2db01d444db8	v4.5.0	iterate/census1881	1583.9	4.5
2025-12-04	2db01d444db8	v4.5.0	to_array/census1881	121.6	4.5
2025-12-04	2db01d444db8	v4.5.0	deserialize/census1881	359.0	4.5
2025-12-04	2db01d444db8	v4.5.0	cardinality64/census1881	18.2	4.5
2025-12-04	2db01d444db8	v4.5.0	iterate64/census1881	3479.2	4.5
2025-12-04	2db01d444db8	v4.5.0	or_successive64/census1881	995.9	4.5
2025-12-04	2db01d444db8	v4.5.0	or_successive/census-income	816.7	4.5
2025-12-04	2db01d444db8	v4.5.0	and_successive/census-income	669.0	4.5
2025-12-04	2db01d444db8	v4.5.0	and_cardinality/census-income	456.2	4.5
2025-12-04	2db01d444db8	v4.5.0	contains/census-income	13719.2	4.5
2025-12-04	2db01d444db8	v4.5.0	iterate/census-income	32235.9	4.5
2025-12-04	2db01d444db8	v4.5.0	to_array/census-income	1342.8	4.5
2025-12-04	2db01d444db8	v4.5.0	deserialize/census-income	123.5	4.5
2025-12-04	2db01d444db8	v4.5.0	cardinality64/census-income	12.9	4.5
2025-12-04	2db01d444db8	v4.5.0	iterate64/census-income	34390.0	4.5
2025-12-04	2db01d444db8	v4.5.0	or_successive64/census-income	398.2	4.5
2025-12-04	2db01d444db8	v4.5.0	or_successive/weather_sept_85	3288.3	4.5
2025-12-04	2db01d444db8	v4.5.0	and_successive/weather_sept_85	2049.4	4.5
2025-12-04	2db01d444db8	v4.5.0	and_cardinality/weather_sept_85	1609.9	4.5
2025-12-04	2db01d444db8	v4.5.0	contains/weather_sept_85	17432.4	4.5
2025-12-04	2db01d444db8	v4.5.0	iterate/weather_sept_85	59482.9	4.5
2025-12-04	2db01d444db8	v4.5.0	to_array/weather_sept_85	5215.4	4.5
2025-12-04	2db01d444db8	v4.5.0	deserialize/weather_sept_85	568.6	4.5
2025-12-04	2db01d444db8	v4.5.0	cardinality64/weather_sept_85	33.8	4.5
2025-12-04	2db01d444db8	v4.5.0	iterate64/weather_sept_85	65518.1	4.5
2025-12-04	2db01d444db8	v4.5.0	or_successive64/weather_sept_85	1498.3	4.5
2025-12-16	78b28179d259		or_successive/census1881	641.8	Fix duplicate entries in README.md
2025-12-16	78b28179d259		and_successive/census1881	20.3	Fix duplicate entries in README.md
2025-12-16	78b28179d259		and_cardinality/census1881	20.5	Fix duplicate entries in README.md
2025-12-16	78b28179d259		contains/census1881	4644.0	Fix duplicate entries in README.md
2025-12-16	78b28179d259		iterate/census1881	1614.1	Fix duplicate entries in README.md
2025-12-16	78b28179d259		to_array/census1881	121.5	Fix duplicate entries in README.md
2025-12-16	78b28179d259		deserialize/census1881	341.7	Fix duplicate entries in README.md
2025-12-16	78b28179d259		cardinality64/census1881	16.9	Fix duplicate entries in README.md
2025-12-16	78b28179d259		iterate64/census1881	3517.9	Fix duplicate entries in README.md
2025-12-16	78b28179d259		or_successive64/census1881	991.8	Fix duplicate entries in README.md
2025-12-16	78b28179d259		or_successive/census-income	809.0	Fix duplicate entries in README.md
2025-12-16	78b28179d259		and_successive/census-income	670.5	Fix duplicate entries in README.md
2025-12-16	78b28179d259		and_cardinality/census-income	451.4	Fix duplicate entries in README.md
2025-12-16	78b28179d259		contains/census-income	13715.8	Fix duplicate entries in README.md
2025-12-16	78b28179d259		iterate/census-income	32432.0	Fix duplicate entries in README.md
2025-12-16	78b28179d259		to_array/census-income	1346.7	Fix duplicate entries in README.md
2025-12-16	78b28179d259		deserialize/census-income	123.7	Fix duplicate entries in README.md
2025-12-16	78b28179d259		cardinality64/census-income	12.9	Fix duplicate entries in README.md
2025-12-16	78b28179d259		iterate64/census-income	34212.4	Fix duplicate entries in README.md
2025-12-16	78b28179d259		or_successive64/census-income	399.7	Fix duplicate entries in README.md
2025-12-16	78b28179d259		or_successive/weather_sept_85	3292.2	Fix duplicate entries in README.md
2025-12-16	78b28179d259		and_successive/weather_sept_85	2035.8	Fix duplicate entries in README.md
2025-12-16	78b28179d259		and_cardinality/weather_sept_85	1618.2	Fix duplicate entries in README.md
2025-12-16	78b28179d259		contains/weather_sept_85	17452.8	Fix duplicate entries in README.md
2025-12-16	78b28179d259		iterate/weather_sept_85	59344.7	Fix duplicate entries in README.md
2025-12-16	78b28179d259		to_array/weather_sept_85	5217.3	Fix duplicate entries in README.md
2025-12-16	78b28179d259		deserialize/weather_sept_85	559.7	Fix duplicate entries in README.md
2025-12-16	78b28179d259		cardinality64/weather_sept_85	33.8	Fix duplicate entries in README.md
2025-12-16	78b28179d259		iterate64/weather_sept_85	66070.5	Fix duplicate entries in README.md
2025-12-16	78b28179d259		or_successive64/weather_sept_85	1507.9	Fix duplicate entries in README.md
2025-12-16	bb5c6ba8e636		or_successive/census1881	650.4	chore: Replace deprecated equalorlarger with move_equalorlarger (#770)
2025-12-16	bb5c6ba8e636		and_successive/census1881	21.0	chore: Replace deprecated equalorlarger with move_equalorlarger (#770)
2025-12-16	bb5c6ba8e636		and_cardinality/census1881	16.2	chore: Replace deprecated equalorlarger with move_equalorlarger (#770)
2025-12-16	bb5c6ba8e636		contains/census1881	4664.9	chore: Replace deprecated equalorlarger with move_equalorlarger (#770)
2025-12-16	bb5c6ba8e636		iterate/census1881	1602.2	chore: Replace deprecated equalorlarger with move_equalorlarger (#770)
2025-12-16	bb5c6ba8e636		to_array/census1881	122.5	chore: Replace deprecated equalorlarger with move_equalorlarger (#770)
2025-12-16	bb5c6ba8e636		deserialize/census1881	345.0	chore: Replace deprecated equalorlarger with move_equalorlarger (#770)
2025-12-16	bb5c6ba8e636		cardinality64/census1881	17.2	chore: Replace deprecated equalorlarger with move_equalorlarger (#770)
2025-12-16	bb5c6ba8e636		iterate64/census1881	3341.0	chore: Replace deprecated equalorlarger with move_equalorlarger (#770)
2025-12-16	bb5c6ba8e636		or_successive64/census1881	999.3	chore: Replace deprecated equalorlarger with move_equalorlarger (#770)
2025-12-16	bb5c6ba8e636		or_successive/census-income	820.3	chore: Replace deprecated equalorlarger with move_equalorlarger (#770)
2025-12-16	bb5c6ba8e636		and_successive/census-income	667.1	chore: Replace deprecated equalorlarger with move_equalorlarger (#770)
2025-12-16	bb5c6ba8e636		and_cardinality/census-income	453.4	chore: Replace deprecated equalorlarger with move_equalorlarger (#770)
2025-12-16	bb5c6ba8e636		contains/census-income	13670.7	chore: Replace deprecated equalorlarger with move_equalorlarger (#770)
2025-12-16	bb5c6ba8e636		iterate/census-income	32331.5	chore: Replace deprecated equalorlarger with move_equalorlarger (#770)
2025-12-16	bb5c6ba8e636		to_array/census-income	1337.6	chore: Replace deprecated equalorlarger with move_equalorlarger (#770)
2025-12-16	bb5c6ba8e636		deserialize/census-income	122.0	chore: Replace deprecated equalorlarger with move_equalorlarger (#770)
2025-12-16	bb5c6ba8e636		cardinality64/census-income	12.8	chore: Replace deprecated equalorlarger with move_equalorlarger (#770)
2025-12-16	bb5c6ba8e636		iterate64/census-income	34597.8	chore: Replace deprecated equalorlarger with move_equalorlarger (#770)
2025-12-16	bb5c6ba8e636		or_successive64/census-income	393.8	chore: Replace deprecated equalorlarger with move_equalorlarger (#770)
2025-12-16	bb5c6ba8e636		or_successive/weather_sept_85	3301.7	chore: Replace deprecated equalorlarger with move_equalorlarger (#770)
2025-12-16	bb5c6ba8e636		and_successive/weather_sept_85	2040.9	chore: Replace deprecated equalorlarger with move_equalorlarger (#770)
2025-12-16	bb5c6ba8e636		and_cardinality/weather_sept_85	1603.3	chore: Replace deprecated equalorlarger with move_equalorlarger (#770)
2025-12-16	bb5c6ba8e636		contains/weather_sept_85	17340.7	chore: Replace deprecated equalorlarger with move_equalorlarger (#770)
2025-12-16	bb5c6ba8e636		iterate/weather_sept_85	59347.8	chore: Replace deprecated equalorlarger with move_equalorlarger (#770)
2025-12-16	bb5c6ba8e636		to_array/weather_sept_85	5215.8	chore: Replace deprecated equalorlarger with move_equalorlarger (#770)
2025-12-16	bb5c6ba8e636		deserialize/weather_sept_85	558.1	chore: Replace deprecated equalorlarger with move_equalorlarger (#770)
2025-12-16	bb5c6ba8e636		cardinality64/weather_sept_85	33.5	chore: Replace deprecated equalorlarger with move_equalorlarger (#770)
2025-12-16	bb5c6ba8e636		iterate64/weather_sept_85	66717.1	chore: Replace deprecated equalorlarger with move_equalorlarger (#770)
2025-12-16	bb5c6ba8e636		or_successive64/weather_sept_85	1504.0	chore: Replace deprecated equalorlarger with move_equalorlarger (#770)
2025-12-30	4fca0aea229e		or_successive/census1881	642.4	Run CI against illumos and make the tests pass. (#771)
2025-12-30	4fca0aea229e		and_successive/census1881	20.4	Run CI against illumos and make the tests pass. (#771)
2025-12-30	4fca0aea229e		and_cardinality/census1881	17.2	Run CI against illumos and make the tests pass. (#771)
2025-12-30	4fca0aea229e		contains/census1881	4654.8	Run CI against illumos and make the tests pass. (#771)
2025-12-30	4fca0aea229e		iterate/census1881	1675.1	Run CI against illumos and make the tests pass. (#771)
2025-12-30	4fca0aea229e		to_array/census1881	132.9	Run CI against illumos and make the tests pass. (#771)
2025-12-30	4fca0aea229e		deserialize/census1881	340.8	Run CI against illumos and make the tests pass. (#771)
2025-12-30	4fca0aea229e		cardinality64/census1881	17.8	Run CI against illumos and make the tests pass. (#771)
2025-12-30	4fca0aea229e		iterate64/census1881	3505.4	Run CI against illumos and make the tests pass. (#771)
2025-12-30	4fca0aea229e		or_successive64/census1881	996.6	Run CI against illumos and make the tests pass. (#771)
2025-12-30	4fca0aea229e		or_successive/census-income	805.0	Run CI against illumos and make the tests pass. (#771)
2025-12-30	4fca0aea229e		and_successive/census-income	671.1	Run CI against illumos and make the tests pass. (#771)
2025-12-30	4fca0aea229e		and_cardinality/census-income	443.5	Run CI against illumos and make the tests pass. (#771)
2025-12-30	4fca0aea229e		contains/census-income	13602.0	Run CI against illumos and make the tests pass. (#771)
2025-12-30	4fca0aea229e		iterate/census-income	32527.7	Run CI against illumos and make the tests pass. (#771)
2025-12-30	4fca0aea229e		to_array/census-income	1346.1	Run CI against illumos and make the tests pass. (#771)
2025-12-30	4fca0aea229e		deserialize/census-income	124.6	Run CI against illumos and make the tests pass. (#771)
2025-12-30	4fca0aea229e		cardinality64/census-income	12.7	Run CI against illumos and make the tests pass. (#771)
2025-12-30	4fca0aea229e		iterate64/census-income	34488.7	Run CI against illumos and make the tests pass. (#771)
2025-12-30	4fca0aea229e		or_successive64/census-income	399.9	Run CI against illumos and make the tests pass. (#771)
2025-12-30	4fca0aea229e		or_successive/weather_sept_85	3287.1	Run CI against illumos and make the tests pass. (#771)
2025-12-30	4fca0aea229e		and_successive/weather_sept_85	2037.8	Run CI against illumos and make the tests pass. (#771)
2025-12-30	4fca0aea229e		and_cardinality/weather_sept_85	1620.3	Run CI against illumos and make the tests pass. (#771)
2025-12-30	4fca0aea229e		contains/weather_sept_85	17403.5	Run CI against illumos and make the tests pass. (#771)
2025-12-30	4fca0aea229e		iterate/weather_sept_85	59100.1	Run CI against illumos and make the tests pass. (#771)
2025-12-30	4fca0aea229e		to_array/weather_sept_85	5214.7	Run CI against illumos and make the tests pass. (#771)
2025-12-30	4fca0aea229e		deserialize/weather_sept_85	562.2	Run CI against illumos and make the tests pass. (#771)
2025-12-30	4fca0aea229e		cardinality64/weather_sept_85	34.4	Run CI against illumos and make the tests pass. (#771)
2025-12-30	4fca0aea229e		iterate64/weather_sept_85	66418.2	Run CI against illumos and make the tests pass. (#771)
2025-12-30	4fca0aea229e		or_successive64/weather_sept_85	1495.2	Run CI against illumos and make the tests pass. (#771)
2025-12-30	025ae3f7add1	v4.5.1	or_successive/census1881	644.5	v4.5.1
2025-12-30	025ae3f7add1	v4.5.1	and_successive/census1881	20.3	v4.5.1
2025-12-30	025ae3f7add1	v4.5.1	and_cardinality/census1881	20.6	v4.5.1
2025-12-30	025ae3f7add1	v4.5.1	contains/census1881	4676.4	v4.5.1
2025-12-30	025ae3f7add1	v4.5.1	iterate/census1881	1581.6	v4.5.1
2025-12-30	025ae3f7add1	v4.5.1	to_array/census1881	120.2	v4.5.1
2025-12-30	025ae3f7add1	v4.5.1	deserialize/census1881	354.7	v4.5.1
2025-12-30	025ae3f7add1	v4.5.1	cardinality64/census1881	17.2	v4.5.1
2025-12-30	025ae3f7add1	v4.5.1	iterate64/census1881	3449.5	v4.5.1
2025-12-30	025ae3f7add1	v4.5.1	or_successive64/census1881	1002.0	v4.5.1
2025-12-30	025ae3f7add1	v4.5.1	or_successive/census-income	807.0	v4.5.1
2025-12-30	025ae3f7add1	v4.5.1	and_successive/census-income	674.4	v4.5.1
2025-12-30	025ae3f7add1	v4.5.1	and_cardinality/census-income	445.9	v4.5.1
2025-12-30	025ae3f7add1	v4.5.1	contains/census-income	13654.4	v4.5.1
2025-12-30	025ae3f7add1	v4.5.1	iterate/census-income	32049.1	v4.5.1
2025-12-30	025ae3f7add1	v4.5.1	to_array/census-income	1343.9	v4.5.1
2025-12-30	025ae3f7add1	v4.5.1	deserialize/census-income	122.7	v4.5.1
2025-12-30	025ae3f7add1	v4.5.1	cardinality64/census-income	12.8	v4.5.1
2025-12-30	025ae3f7add1	v4.5.1	iterate64/census-income	34642.9	v4.5.1
2025-12-30	025ae3f7add1	v4.5.1	or_successive64/census-income	396.9	v4.5.1
2025-12-30	025ae3f7add1	v4.5.1	or_successive/weather_sept_85	3294.8	v4.5.1
2025-12-30	025ae3f7add1	v4.5.1	and_successive/weather_sept_85	2039.0	v4.5.1
2025-12-30	025ae3f7add1	v4.5.1	and_cardinality/weather_sept_85	1611.6	v4.5.1
2025-12-30	025ae3f7add1	v4.5.1	contains/weather_sept_85	17444.8	v4.5.1
2025-12-30	025ae3f7add1	v4.5.1	iterate/weather_sept_85	59430.4	v4.5.1
2025-12-30	025ae3f7add1	v4.5.1	to_array/weather_sept_85	5201.3	v4.5.1
2025-12-30	025ae3f7add1	v4.5.1	deserialize/weather_sept_85	559.8	v4.5.1
2025-12-30	025ae3f7add1	v4.5.1	cardinality64/weather_sept_85	34.2	v4.5.1
2025-12-30	025ae3f7add1	v4.5.1	iterate64/weather_sept_85	66575.2	v4.5.1
2025-12-30	025ae3f7add1	v4.5.1	or_successive64/weather_sept_85	1519.4	v4.5.1
2026-01-15	18e4d952ab25		or_successive/census1881	655.8	Bump actions/setup-node from 5.0.0 to 6.1.0 (#772)
2026-01-15	18e4d952ab25		and_successive/census1881	20.8	Bump actions/setup-node from 5.0.0 to 6.1.0 (#772)
2026-01-15	18e4d952ab25		and_cardinality/census1881	15.6	Bump actions/setup-node from 5.0.0 to 6.1.0 (#772)
2026-01-15	18e4d952ab25		contains/census1881	4666.5	Bump actions/setup-node from 5.0.0 to 6.1.0 (#772)
2026-01-15	18e4d952ab25		iterate/census1881	1580.4	Bump actions/setup-node from 5.0.0 to 6.1.0 (#772)
2026-01-15	18e4d952ab25		to_array/census1881	120.5	Bump actions/setup-node from 5.0.0 to 6.1.0 (#772)
2026-01-15	18e4d952ab25		deserialize/census1881	342.5	Bump actions/setup-node from 5.0.0 to 6.1.0 (#772)
2026-01-15	18e4d952ab25		cardinality64/census1881	16.9	Bump actions/setup-node from 5.0.0 to 6.1.0 (#772)
2026-01-15	18e4d952ab25		iterate64/census1881	3556.2	Bump actions/setup-node from 5.0.0 to 6.1.0 (#772)
2026-01-15	18e4d952ab25		or_successive64/census1881	1009.3	Bump actions/setup-node from 5.0.0 to 6.1.0 (#772)
2026-01-15	18e4d952ab25		or_successive/census-income	816.3	Bump actions/setup-node from 5.0.0 to 6.1.0 (#772)
2026-01-15	18e4d952ab25		and_successive/census-income	667.1	Bump actions/setup-node from 5.0.0 to 6.1.0 (#772)
2026-01-15	18e4d952ab25		and_cardinality/census-income	456.1	Bump actions/setup-node from 5.0.0 to 6.1.0 (#772)
2026-01-15	18e4d952ab25		contains/census-income	13739.4	Bump actions/setup-node from 5.0.0 to 6.1.0 (#772)
2026-01-15	18e4d952ab25		iterate/census-income	32316.0	Bump actions/setup-node from 5.0.0 to 6.1.0 (#772)
2026-01-15	18e4d952ab25		to_array/census-income	1336.2	Bump actions/setup-node from 5.0.0 to 6.1.0 (#772)
2026-01-15	18e4d952ab25		deserialize/census-income	123.4	Bump actions/setup-node from 5.0.0 to 6.1.0 (#772)
2026-01-15	18e4d952ab25		cardinality64/census-income	12.8	Bump actions/setup-node from 5.0.0 to 6.1.0 (#772)
2026-01-15	18e4d952ab25		iterate64/census-income	34543.5	Bump actions/setup-node from 5.0.0 to 6.1.0 (#772)
2026-01-15	18e4d952ab25		or_successive64/census-income	396.1	Bump actions/setup-node from 5.0.0 to 6.1.0 (#772)
2026-01-15	18e4d952ab25		or_successive/weather_sept_85	3296.5	Bump actions/setup-node from 5.0.0 to 6.1.0 (#772)
2026-01-15	18e4d952ab25		and_successive/weather_sept_85	2040.0	Bump actions/setup-node from 5.0.0 to 6.1.0 (#772)
2026-01-15	18e4d952ab25		and_cardinality/weather_sept_85	1611.9	Bump actions/setup-node from 5.0.0 to 6.1.0 (#772)
2026-01-15	18e4d952ab25		contains/weather_sept_85	17310.2	Bump actions/setup-node from 5.0.0 to 6.1.0 (#772)
2026-01-15	18e4d952ab25		iterate/weather_sept_85	59386.3	Bump actions/setup-node from 5.0.0 to 6.1.0 (#772)
2026-01-15	18e4d952ab25		to_array/weather_sept_85	5217.6	Bump actions/setup-node from 5.0.0 to 6.1.0 (#772)
2026-01-15	18e4d952ab25		deserialize/weather_sept_85	560.0	Bump actions/setup-node from 5.0.0 to 6.1.0 (#772)
2026-01-15	18e4d952ab25		cardinality64/weather_sept_85	34.1	Bump actions/setup-node from 5.0.0 to 6.1.0 (#772)
2026-01-15	18e4d952ab25		iterate64/weather_sept_85	66467.4	Bump actions/setup-node from 5.0.0 to 6.1.0 (#772)
2026-01-15	18e4d952ab25		or_successive64/weather_sept_85	1515.1	Bump actions/setup-node from 5.0.0 to 6.1.0 (#772)
2026-01-15	ccb4562b18e8		or_successive/census1881	648.8	Bump actions/upload-artifact from 4.6.2 to 6.0.0 (#773)
2026-01-15	ccb4562b18e8		and_successive/census1881	21.2	Bump actions/upload-artifact from 4.6.2 to 6.0.0 (#773)
2026-01-15	ccb4562b18e8		and_cardinality/census1881	16.9	Bump actions/upload-artifact from 4.6.2 to 6.0.0 (#773)
2026-01-15	ccb4562b18e8		contains/census1881	4665.1	Bump actions/upload-artifact from 4.6.2 to 6.0.0 (#773)
2026-01-15	ccb4562b18e8		iterate/census1881	1607.4	Bump actions/upload-artifact from 4.6.2 to 6.0.0 (#773)
2026-01-15	ccb4562b18e8		to_array/census1881	118.7	Bump actions/upload-artifact from 4.6.2 to 6.0.0 (#773)
2026-01-15	ccb4562b18e8		deserialize/census1881	355.5	Bump actions/upload-artifact from 4.6.2 to 6.0.0 (#773)
2026-01-15	ccb4562b18e8		cardinality64/census1881	17.6	Bump actions/upload-artifact from 4.6.2 to 6.0.0 (#773)
2026-01-15	ccb4562b18e8		iterate64/census1881	3464.3	Bump actions/upload-artifact from 4.6.2 to 6.0.0 (#773)
2026-01-15	ccb4562b18e8		or_successive64/census1881	997.4	Bump actions/upload-artifact from 4.6.2 to 6.0.0 (#773)
2026-01-15	ccb4562b18e8		or_successive/census-income	808.4	Bump actions/upload-artifact from 4.6.2 to 6.0.0 (#773)
2026-01-15	ccb4562b18e8		and_successive/census-income	667.8	Bump actions/upload-artifact from 4.6.2 to 6.0.0 (#773)
2026-01-15	ccb4562b18e8		and_cardinality/census-income	448.3	Bump actions/upload-artifact from 4.6.2 to 6.0.0 (#773)
2026-01-15	ccb4562b18e8		contains/census-income	13745.2	Bump actions/upload-artifact from 4.6.2 to 6.0.0 (#773)
2026-01-15	ccb4562b18e8		iterate/census-income	32321.4	Bump actions/upload-artifact from 4.6.2 to 6.0.0 (#773)
2026-01-15	ccb4562b18e8		to_array/census-income	1341.2	Bump actions/upload-artifact from 4.6.2 to 6.0.0 (#773)
2026-01-15	ccb4562b18e8		deserialize/census-income	121.6	Bump actions/upload-artifact from 4.6.2 to 6.0.0 (#773)
2026-01-15	ccb4562b18e8		cardinality64/census-income	13.0	Bump actions/upload-artifact from 4.6.2 to 6.0.0 (#773)
2026-01-15	ccb4562b18e8		iterate64/census-income	34384.2	Bump actions/upload-artifact from 4.6.2 to 6.0.0 (#773)
2026-01-15	ccb4562b18e8		or_successive64/census-income	398.2	Bump actions/upload-artifact from 4.6.2 to 6.0.0 (#773)
2026-01-15	ccb4562b18e8		or_successive/weather_sept_85	3282.4	Bump actions/upload-artifact from 4.6.2 to 6.0.0 (#773)
2026-01-15	ccb4562b18e8		and_successive/weather_sept_85	2039.4	Bump actions/upload-artifact from 4.6.2 to 6.0.0 (#773)
2026-01-15	ccb4562b18e8		and_cardinality/weather_sept_85	1612.8	Bump actions/upload-artifact from 4.6.2 to 6.0.0 (#773)
2026-01-15	ccb4562b18e8		contains/weather_sept_85	17463.5	Bump actions/upload-artifact from 4.6.2 to 6.0.0 (#773)
2026-01-15	ccb4562b18e8		iterate/weather_sept_85	58716.9	Bump actions/upload-artifact from 4.6.2 to 6.0.0 (#773)
2026-01-15	ccb4562b18e8		to_array/weather_sept_85	5197.1	Bump actions/upload-artifact from 4.6.2 to 6.0.0 (#773)
2026-01-15	ccb4562b18e8		deserialize/weather_sept_85	558.9	Bump actions/upload-artifact from 4.6.2 to 6.0.0 (#773)
2026-01-15	ccb4562b18e8		cardinality64/weather_sept_85	34.1	Bump actions/upload-artifact from 4.6.2 to 6.0.0 (#773)
2026-01-15	ccb4562b18e8		iterate64/weather_sept_85	66683.4	Bump actions/upload-artifact from 4.6.2 to 6.0.0 (#773)
2026-01-15	ccb4562b18e8		or_successive64/weather_sept_85	1497.9	Bump actions/upload-artifact from 4.6.2 to 6.0.0 (#773)
2026-01-15	001d4c7a5eff		or_successive/census1881	651.9	Bump github/codeql-action from 4.31.6 to 4.31.9 (#775)
2026-01-15	001d4c7a5eff		and_successive/census1881	20.5	Bump github/codeql-action from 4.31.6 to 4.31.9 (#775)
2026-01-15	001d4c7a5eff		and_cardinality/census1881	17.3	Bump github/codeql-action from 4.31.6 to 4.31.9 (#775)
2026-01-15	001d4c7a5eff		contains/census1881	4659.5	Bump github/codeql-action from 4.31.6 to 4.31.9 (#775)
2026-01-15	001d4c7a5eff		iterate/census1881	1593.2	Bump github/codeql-action from 4.31.6 to 4.31.9 (#775)
2026-01-15	001d4c7a5eff		to_array/census1881	121.2	Bump github/codeql-action from 4.31.6 to 4.31.9 (#775)
2026-01-15	001d4c7a5eff		deserialize/census1881	346.2	Bump github/codeql-action from 4.31.6 to 4.31.9 (#775)
2026-01-15	001d4c7a5eff		cardinality64/census1881	17.3	Bump github/codeql-action from 4.31.6 to 4.31.9 (#775)
2026-01-15	001d4c7a5eff		iterate64/census1881	3544.5	Bump github/codeql-action from 4.31.6 to 4.31.9 (#775)
2026-01-15	001d4c7a5eff		or_successive64/census1881	995.6	Bump github/codeql-action from 4.31.6 to 4.31.9 (#775)
2026-01-15	001d4c7a5eff		or_successive/census-income	815.2	Bump github/codeql-action from 4.31.6 to 4.31.9 (#775)
2026-01-15	001d4c7a5eff		and_successive/census-income	667.9	Bump github/codeql-action from 4.31.6 to 4.31.9 (#775)
2026-01-15	001d4c7a5eff		and_cardinality/census-income	451.9	Bump github/codeql-action from 4.31.6 to 4.31.9 (#775)
2026-01-15	001d4c7a5eff		contains/census-income	13716.1	Bump github/codeql-action from 4.31.6 to 4.31.9 (#775)
2026-01-15	001d4c7a5eff		iterate/census-income	32408.9	Bump github/codeql-action from 4.31.6 to 4.31.9 (#775)
2026-01-15	001d4c7a5eff		to_array/census-income	1350.3	Bump github/codeql-action from 4.31.6 to 4.31.9 (#775)
2026-01-15	001d4c7a5eff		deserialize/census-income	122.3	Bump github/codeql-action from 4.31.6 to 4.31.9 (#775)
2026-01-15	001d4c7a5eff		cardinality64/census-income	12.7	Bump github/codeql-action from 4.31.6 to 4.31.9 (#775)
2026-01-15	001d4c7a5eff		iterate64/census-income	34986.6	Bump github/codeql-action from 4.31.6 to 4.31.9 (#775)
2026-01-15	001d4c7a5eff		or_successive64/census-income	399.6	Bump github/codeql-action from 4.31.6 to 4.31.9 (#775)
2026-01-15	001d4c7a5eff		or_successive/weather_sept_85	3294.0	Bump github/codeql-action from 4.31.6 to 4.31.9 (#775)
2026-01-15	001d4c7a5eff		and_successive/weather_sept_85	2044.7	Bump github/codeql-action from 4.31.6 to 4.31.9 (#775)
2026-01-15	001d4c7a5eff		and_cardinality/weather_sept_85	1604.1	Bump github/codeql-action from 4.31.6 to 4.31.9 (#775)
2026-01-15	001d4c7a5eff		contains/weather_sept_85	17368.1	Bump github/codeql-action from 4.31.6 to 4.31.9 (#775)
2026-01-15	001d4c7a5eff		iterate/weather_sept_85	58608.2	Bump github/codeql-action from 4.31.6 to 4.31.9 (#775)
2026-01-15	001d4c7a5eff		to_array/weather_sept_85	5201.3	Bump github/codeql-action from 4.31.6 to 4.31.9 (#775)
2026-01-15	001d4c7a5eff		deserialize/weather_sept_85	566.2	Bump github/codeql-action from 4.31.6 to 4.31.9 (#775)
2026-01-15	001d4c7a5eff		cardinality64/weather_sept_85	34.9	Bump github/codeql-action from 4.31.6 to 4.31.9 (#775)
2026-01-15	001d4c7a5eff		iterate64/weather_sept_85	65955.2	Bump github/codeql-action from 4.31.6 to 4.31.9 (#775)
2026-01-15	001d4c7a5eff		or_successive64/weather_sept_85	1504.2	Bump github/codeql-action from 4.31.6 to 4.31.9 (#775)
2026-01-15	732712a0f297		or_successive/census1881	648.8	Bump actions/checkout from 6.0.0 to 6.0.1 (#774)
2026-01-15	732712a0f297		and_successive/census1881	20.5	Bump actions/checkout from 6.0.0 to 6.0.1 (#774)
2026-01-15	732712a0f297		and_cardinality/census1881	22.2	Bump actions/checkout from 6.0.0 to 6.0.1 (#774)
2026-01-15	732712a0f297		contains/census1881	4662.3	Bump actions/checkout from 6.0.0 to 6.0.1 (#774)
2026-01-15	732712a0f297		iterate/census1881	1616.2	Bump actions/checkout from 6.0.0 to 6.0.1 (#774)
2026-01-15	732712a0f297		to_array/census1881	122.0	Bump actions/checkout from 6.0.0 to 6.0.1 (#774)
2026-01-15	732712a0f297		deserialize/census1881	356.1	Bump actions/checkout from 6.0.0 to 6.0.1 (#774)
2026-01-15	732712a0f297		cardinality64/census1881	18.4	Bump actions/checkout from 6.0.0 to 6.0.1 (#774)
2026-01-15	732712a0f297		iterate64/census1881	3505.5	Bump actions/checkout from 6.0.0 to 6.0.1 (#774)
2026-01-15	732712a0f297		or_successive64/census1881	998.3	Bump actions/checkout from 6.0.0 to 6.0.1 (#774)
2026-01-15	732712a0f297		or_successive/census-income	811.4	Bump actions/checkout from 6.0.0 to 6.0.1 (#774)
2026-01-15	732712a0f297		and_successive/census-income	665.5	Bump actions/checkout from 6.0.0 to 6.0.1 (#774)
2026-01-15	732712a0f297		and_cardinality/census-income	449.5	Bump actions/checkout from 6.0.0 to 6.0.1 (#774)
2026-01-15	732712a0f297		contains/census-income	13709.4	Bump actions/checkout from 6.0.0 to 6.0.1 (#774)
2026-01-15	732712a0f297		iterate/census-income	32212.4	Bump actions/checkout from 6.0.0 to 6.0.1 (#774)
2026-01-15	732712a0f297		to_array/census-income	1344.5	Bump actions/checkout from 6.0.0 to 6.0.1 (#774)
2026-01-15	732712a0f297		deserialize/census-income	127.0	Bump actions/checkout from 6.0.0 to 6.0.1 (#774)
2026-01-15	732712a0f297		cardinality64/census-income	12.8	Bump actions/checkout from 6.0.0 to 6.0.1 (#774)
2026-01-15	732712a0f297		iterate64/census-income	34687.4	Bump actions/checkout from 6.0.0 to 6.0.1 (#774)
2026-01-15	732712a0f297		or_successive64/census-income	399.8	Bump actions/checkout from 6.0.0 to 6.0.1 (#774)
2026-01-15	732712a0f297		or_successive/weather_sept_85	3304.5	Bump actions/checkout from 6.0.0 to 6.0.1 (#774)
2026-01-15	732712a0f297		and_successive/weather_sept_85	2046.6	Bump actions/checkout from 6.0.0 to 6.0.1 (#774)
2026-01-15	732712a0f297		and_cardinality/weather_sept_85	1616.0	Bump actions/checkout from 6.0.0 to 6.0.1 (#774)
2026-01-15	732712a0f297		contains/weather_sept_85	17442.8	Bump actions/checkout from 6.0.0 to 6.0.1 (#774)
2026-01-15	732712a0f297		iterate/weather_sept_85	59221.9	Bump actions/checkout from 6.0.0 to 6.0.1 (#774)
2026-01-15	732712a0f297		to_array/weather_sept_85	5198.3	Bump actions/checkout from 6.0.0 to 6.0.1 (#774)
2026-01-15	732712a0f297		deserialize/weather_sept_85	564.7	Bump actions/checkout from 6.0.0 to 6.0.1 (#774)
2026-01-15	732712a0f297		cardinality64/weather_sept_85	33.7	Bump actions/checkout from 6.0.0 to 6.0.1 (#774)
2026-01-15	732712a0f297		iterate64/weather_sept_85	66636.7	Bump actions/checkout from 6.0.0 to 6.0.1 (#774)
2026-01-15	732712a0f297		or_successive64/weather_sept_85	1509.9	Bump actions/checkout from 6.0.0 to 6.0.1 (#774)
2026-01-15	a24a8f97a451		or_successive/census1881	646.2	Serialized bitmaps with run bitmaps should have bitmaps (#778)
2026-01-15	a24a8f97a451		and_successive/census1881	20.6	Serialized bitmaps with run bitmaps should have bitmaps (#778)
2026-01-15	a24a8f97a451		and_cardinality/census1881	19.6	Serialized bitmaps with run bitmaps should have bitmaps (#778)
2026-01-15	a24a8f97a451		contains/census1881	4649.0	Serialized bitmaps with run bitmaps should have bitmaps (#778)
2026-01-15	a24a8f97a451		iterate/census1881	1626.8	Serialized bitmaps with run bitmaps should have bitmaps (#778)
2026-01-15	a24a8f97a451		to_array/census1881	120.5	Serialized bitmaps with run bitmaps should have bitmaps (#778)
2026-01-15	a24a8f97a451		deserialize/census1881	363.3	Serialized bitmaps with run bitmaps should have bitmaps (#778)
2026-01-15	a24a8f97a451		cardinality64/census1881	18.1	Serialized bitmaps with run bitmaps should have bitmaps (#778)
2026-01-15	a24a8f97a451		iterate64/census1881	3558.3	Serialized bitmaps with run bitmaps should have bitmaps (#778)
2026-01-15	a24a8f97a451		or_successive64/census1881	995.1	Serialized bitmaps with run bitmaps should have bitmaps (#778)
2026-01-15	a24a8f97a451		or_successive/census-income	816.3	Serialized bitmaps with run bitmaps should have bitmaps (#778)
2026-01-15	a24a8f97a451		and_successive/census-income	670.4	Serialized bitmaps with run bitmaps should have bitmaps (#778)
2026-01-15	a24a8f97a451		and_cardinality/census-income	443.6	Serialized bitmaps with run bitmaps should have bitmaps (#778)
2026-01-15	a24a8f97a451		contains/census-income	13732.8	Serialized bitmaps with run bitmaps should have bitmaps (#778)
2026-01-15	a24a8f97a451		iterate/census-income	32540.3	Serialized bitmaps with run bitmaps should have bitmaps (#778)
2026-01-15	a24a8f97a451		to_array/census-income	1330.2	Serialized bitmaps with run bitmaps should have bitmaps (#778)
2026-01-15	a24a8f97a451		deserialize/census-income	123.1	Serialized bitmaps with run bitmaps should have bitmaps (#778)
2026-01-15	a24a8f97a451		cardinality64/census-income	12.7	Serialized bitmaps with run bitmaps should have bitmaps (#778)
2026-01-15	a24a8f97a451		iterate64/census-income	34371.7	Serialized bitmaps with run bitmaps should have bitmaps (#778)
2026-01-15	a24a8f97a451		or_successive64/census-income	396.9	Serialized bitmaps with run bitmaps should have bitmaps (#778)
2026-01-15	a24a8f97a451		or_successive/weather_sept_85	3306.6	Serialized bitmaps with run bitmaps should have bitmaps (#778)
2026-01-15	a24a8f97a451		and_successive/weather_sept_85	2048.0	Serialized bitmaps with run bitmaps should have bitmaps (#778)
2026-01-15	a24a8f97a451		and_cardinality/weather_sept_85	1610.0	Serialized bitmaps with run bitmaps should have bitmaps (#778)
2026-01-15	a24a8f97a451		contains/weather_sept_85	17465.9	Serialized bitmaps with run bitmaps should have bitmaps (#778)
2026-01-15	a24a8f97a451		iterate/weather_sept_85	59118.8	Serialized bitmaps with run bitmaps should have bitmaps (#778)
2026-01-15	a24a8f97a451		to_array/weather_sept_85	5203.2	Serialized bitmaps with run bitmaps should have bitmaps (#778)
2026-01-15	a24a8f97a451		deserialize/weather_sept_85	559.6	Serialized bitmaps with run bitmaps should have bitmaps (#778)
2026-01-15	a24a8f97a451		cardinality64/weather_sept_85	33.7	Serialized bitmaps with run bitmaps should have bitmaps (#778)
2026-01-15	a24a8f97a451		iterate64/weather_sept_85	65283.8	Serialized bitmaps with run bitmaps should have bitmaps (#778)
2026-01-15	a24a8f97a451		or_successive64/weather_sept_85	1503.8	Serialized bitmaps with run bitmaps should have bitmaps (#778)
2026-01-15	41100ea6a4f3		or_successive/census1881	650.8	v4.5.2
2026-01-15	41100ea6a4f3		and_successive/census1881	21.0	v4.5.2
2026-01-15	41100ea6a4f3		and_cardinality/census1881	16.1	v4.5.2
2026-01-15	41100ea6a4f3		contains/census1881	4700.6	v4.5.2
2026-01-15	41100ea6a4f3		iterate/census1881	1663.9	v4.5.2
2026-01-15	41100ea6a4f3		to_array/census1881	122.8	v4.5.2
2026-01-15	41100ea6a4f3		deserialize/census1881	343.8	v4.5.2
2026-01-15	41100ea6a4f3		cardinality64/census1881	17.5	v4.5.2
2026-01-15	41100ea6a4f3		iterate64/census1881	3552.3	v4.5.2
2026-01-15	41100ea6a4f3		or_successive64/census1881	999.9	v4.5.2
2026-01-15	41100ea6a4f3		or_successive/census-income	821.6	v4.5.2
2026-01-15	41100ea6a4f3		and_successive/census-income	672.9	v4.5.2
2026-01-15	41100ea6a4f3		and_cardinality/census-income	445.7	v4.5.2
2026-01-15	41100ea6a4f3		contains/census-income	13685.5	v4.5.2
2026-01-15	41100ea6a4f3		iterate/census-income	32293.5	v4.5.2
2026-01-15	41100ea6a4f3		to_array/census-income	1346.1	v4.5.2
2026-01-15	41100ea6a4f3		deserialize/census-income	124.4	v4.5.2
2026-01-15	41100ea6a4f3		cardinality64/census-income	12.9	v4.5.2
2026-01-15	41100ea6a4f3		iterate64/census-income	34583.5	v4.5.2
2026-01-15	41100ea6a4f3		or_successive64/census-income	397.4	v4.5.2
2026-01-15	41100ea6a4f3		or_successive/weather_sept_85	3307.9	v4.5.2
2026-01-15	41100ea6a4f3		and_successive/weather_sept_85	2045.5	v4.5.2
2026-01-15	41100ea6a4f3		and_cardinality/weather_sept_85	1617.4	v4.5.2
2026-01-15	41100ea6a4f3		contains/weather_sept_85	17459.5	v4.5.2
2026-01-15	41100ea6a4f3		iterate/weather_sept_85	59743.0	v4.5.2
2026-01-15	41100ea6a4f3		to_array/weather_sept_85	5184.5	v4.5.2
2026-01-15	41100ea6a4f3		deserialize/weather_sept_85	563.1	v4.5.2
2026-01-15	41100ea6a4f3		cardinality64/weather_sept_85	33.6	v4.5.2
2026-01-15	41100ea6a4f3		iterate64/weather_sept_85	67320.8	v4.5.2
2026-01-15	41100ea6a4f3		or_successive64/weather_sept_85	1499.7	v4.5.2
2026-02-23	4c219986438e		or_successive/census1881	647.4	Update README with Godbolt link and demo file instructions
2026-02-23	4c219986438e		and_successive/census1881	20.2	Update README with Godbolt link and demo file instructions
2026-02-23	4c219986438e		and_cardinality/census1881	19.2	Update README with Godbolt link and demo file instructions
2026-02-23	4c219986438e		contains/census1881	4682.1	Update README with Godbolt link and demo file instructions
2026-02-23	4c219986438e		iterate/census1881	1609.7	Update README with Godbolt link and demo file instructions
2026-02-23	4c219986438e		to_array/census1881	120.0	Update README with Godbolt link and demo file instructions
2026-02-23	4c219986438e		deserialize/census1881	358.4	Update README with Godbolt link and demo file instructions
2026-02-23	4c219986438e		cardinality64/census1881	17.4	Update README with Godbolt link and demo file instructions
2026-02-23	4c219986438e		iterate64/census1881	3507.3	Update README with Godbolt link and demo file instructions
2026-02-23	4c219986438e		or_successive64/census1881	995.9	Update README with Godbolt link and demo file instructions
2026-02-23	4c219986438e		or_successive/census-income	811.2	Update README with Godbolt link and demo file instructions
2026-02-23	4c219986438e		and_successive/census-income	667.7	Update README with Godbolt link and demo file instructions
2026-02-23	4c219986438e		and_cardinality/census-income	446.3	Update README with Godbolt link and demo file instructions
2026-02-23	4c219986438e		contains/census-income	13728.3	Update README with Godbolt link and demo file instructions
2026-02-23	4c219986438e		iterate/census-income	32403.8	Update README with Godbolt link and demo file instructions
2026-02-23	4c219986438e		to_array/census-income	1347.6	Update README with Godbolt link and demo file instructions
2026-02-23	4c219986438e		deserialize/census-income	124.0	Update README with Godbolt link and demo file instructions
2026-02-23	4c219986438e		cardinality64/census-income	12.8	Update README with Godbolt link and demo file instructions
2026-02-23	4c219986438e		iterate64/census-income	34534.7	Update README with Godbolt link and demo file instructions
2026-02-23	4c219986438e		or_successive64/census-income	403.5	Update README with Godbolt link and demo file instructions
2026-02-23	4c219986438e		or_successive/weather_sept_85	3293.3	Update README with Godbolt link and demo file instructions
2026-02-23	4c219986438e		and_successive/weather_sept_85	2025.5	Update README with Godbolt link and demo file instructions
2026-02-23	4c219986438e		and_cardinality/weather_sept_85	1604.7	Update README with Godbolt link and demo file instructions
2026-02-23	4c219986438e		contains/weather_sept_85	17521.6	Update README with Godbolt link and demo file instructions
2026-02-23	4c219986438e		iterate/weather_sept_85	59985.4	Update README with Godbolt link and demo file instructions
2026-02-23	4c219986438e		to_array/weather_sept_85	5214.0	Update README with Godbolt link and demo file instructions
2026-02-23	4c219986438e		deserialize/weather_sept_85	560.1	Update README with Godbolt link and demo file instructions
2026-02-23	4c219986438e		cardinality64/weather_sept_85	34.2	Update README with Godbolt link and demo file instructions
2026-02-23	4c219986438e		iterate64/weather_sept_85	65832.9	Update README with Godbolt link and demo file instructions
2026-02-23	4c219986438e		or_successive64/weather_sept_85	1507.3	Update README with Godbolt link and demo file instructions
2026-03-02	ffcc5fbc0c36		or_successive/census1881	644.3	feat: implement roaring64_bitmap_remove_run_compression (#786)
2026-03-02	ffcc5fbc0c36		and_successive/census1881	20.0	feat: implement roaring64_bitmap_remove_run_compression (#786)
2026-03-02	ffcc5fbc0c36		and_cardinality/census1881	18.1	feat: implement roaring64_bitmap_remove_run_compression (#786)
2026-03-02	ffcc5fbc0c36		contains/census1881	4712.3	feat: implement roaring64_bitmap_remove_run_compression (#786)
2026-03-02	ffcc5fbc0c36		iterate/census1881	1583.7	feat: implement roaring64_bitmap_remove_run_compression (#786)
2026-03-02	ffcc5fbc0c36		to_array/census1881	119.5	feat: implement roaring64_bitmap_remove_run_compression (#786)
2026-03-02	ffcc5fbc0c36		deserialize/census1881	343.1	feat: implement roaring64_bitmap_remove_run_compression (#786)
2026-03-02	ffcc5fbc0c36		cardinality64/census1881	17.4	feat: implement roaring64_bitmap_remove_run_compression (#786)
2026-03-02	ffcc5fbc0c36		iterate64/census1881	3353.7	feat: implement roaring64_bitmap_remove_run_compression (#786)
2026-03-02	ffcc5fbc0c36		or_successive64/census1881	995.3	feat: implement roaring64_bitmap_remove_run_compression (#786)
2026-03-02	ffcc5fbc0c36		or_successive/census-income	806.7	feat: implement roaring64_bitmap_remove_run_compression (#786)
2026-03-02	ffcc5fbc0c36		and_successive/census-income	669.1	feat: implement roaring64_bitmap_remove_run_compression (#786)
2026-03-02	ffcc5fbc0c36		and_cardinality/census-income	448.8	feat: implement roaring64_bitmap_remove_run_compression (#786)
2026-03-02	ffcc5fbc0c36		contains/census-income	13699.3	feat: implement roaring64_bitmap_remove_run_compression (#786)
2026-03-02	ffcc5fbc0c36		iterate/census-income	32863.7	feat: implement roaring64_bitmap_remove_run_compression (#786)
2026-03-02	ffcc5fbc0c36		to_array/census-income	1347.3	feat: implement roaring64_bitmap_remove_run_compression (#786)
2026-03-02	ffcc5fbc0c36		deserialize/census-income	123.6	feat: implement roaring64_bitmap_remove_run_compression (#786)
2026-03-02	ffcc5fbc0c36		cardinality64/census-income	12.5	feat: implement roaring64_bitmap_remove_run_compression (#786)
2026-03-02	ffcc5fbc0c36		iterate64/census-income	34677.8	feat: implement roaring64_bitmap_remove_run_compression (#786)
2026-03-02	ffcc5fbc0c36		or_successive64/census-income	401.5	feat: implement roaring64_bitmap_remove_run_compression (#786)
2026-03-02	ffcc5fbc0c36		or_successive/weather_sept_85	3309.8	feat: implement roaring64_bitmap_remove_run_compression (#786)
2026-03-02	ffcc5fbc0c36		and_successive/weather_sept_85	2037.7	feat: implement roaring64_bitmap_remove_run_compression (#786)
2026-03-02	ffcc5fbc0c36		and_cardinality/weather_sept_85	1614.1	feat: implement roaring64_bitmap_remove_run_compression (#786)
2026-03-02	ffcc5fbc0c36		contains/weather_sept_85	17499.6	feat: implement roaring64_bitmap_remove_run_compression (#786)
2026-03-02	ffcc5fbc0c36		iterate/weather_sept_85	59318.5	feat: implement roaring64_bitmap_remove_run_compression (#786)
2026-03-02	ffcc5fbc0c36		to_array/weather_sept_85	5219.7	feat: implement roaring64_bitmap_remove_run_compression (#786)
2026-03-02	ffcc5fbc0c36		deserialize/weather_sept_85	557.2	feat: implement roaring64_bitmap_remove_run_compression (#786)
2026-03-02	ffcc5fbc0c36		cardinality64/weather_sept_85	33.7	feat: implement roaring64_bitmap_remove_run_compression (#786)
2026-03-02	ffcc5fbc0c36		iterate64/weather_sept_85	66201.8	feat: implement roaring64_bitmap_remove_run_compression (#786)
2026-03-02	ffcc5fbc0c36		or_successive64/weather_sept_85	1502.4	feat: implement roaring64_bitmap_remove_run_compression (#786)
2026-03-02	8746674808b8		or_successive/census1881	642.5	feat: implement `roaring64_bitmap_add_offset` (and `roaring64_bitmap_sub_offset` and `roaring64_bitmap_add_offset_signed`) (#787)
2026-03-02	8746674808b8		and_successive/census1881	20.5	feat: implement `roaring64_bitmap_add_offset` (and `roaring64_bitmap_sub_offset` and `roaring64_bitmap_add_offset_signed`) (#787)
2026-03-02	8746674808b8		and_cardinality/census1881	20.0	feat: implement `roaring64_bitmap_add_offset` (and `roaring64_bitmap_sub_offset` and `roaring64_bitmap_add_offset_signed`) (#787)
2026-03-02	8746674808b8		contains/census1881	4668.0	feat: implement `roaring64_bitmap_add_offset` (and `roaring64_bitmap_sub_offset` and `roaring64_bitmap_add_offset_signed`) (#787)
2026-03-02	8746674808b8		iterate/census1881	1602.3	feat: implement `roaring64_bitmap_add_offset` (and `roaring64_bitmap_sub_offset` and `roaring64_bitmap_add_offset_signed`) (#787)
2026-03-02	8746674808b8		to_array/census1881	118.0	feat: implement `roaring64_bitmap_add_offset` (and `roaring64_bitmap_sub_offset` and `roaring64_bitmap_add_offset_signed`) (#787)
2026-03-02	8746674808b8		deserialize/census1881	341.5	feat: implement `roaring64_bitmap_add_offset` (and `roaring64_bitmap_sub_offset` and `roaring64_bitmap_add_offset_signed`) (#787)
2026-03-02	8746674808b8		cardinality64/census1881	17.3	feat: implement `roaring64_bitmap_add_offset` (and `roaring64_bitmap_sub_offset` and `roaring64_bitmap_add_offset_signed`) (#787)
2026-03-02	8746674808b8		iterate64/census1881	2977.0	feat: implement `roaring64_bitmap_add_offset` (and `roaring64_bitmap_sub_offset` and `roaring64_bitmap_add_offset_signed`) (#787)
2026-03-02	8746674808b8		or_successive64/census1881	994.9	feat: implement `roaring64_bitmap_add_offset` (and `roaring64_bitmap_sub_offset` and `roaring64_bitmap_add_offset_signed`) (#787)
2026-03-02	8746674808b8		or_successive/census-income	816.7	feat: implement `roaring64_bitmap_add_offset` (and `roaring64_bitmap_sub_offset` and `roaring64_bitmap_add_offset_signed`) (#787)
2026-03-02	8746674808b8		and_successive/census-income	671.9	feat: implement `roaring64_bitmap_add_offset` (and `roaring64_bitmap_sub_offset` and `roaring64_bitmap_add_offset_signed`) (#787)
2026-03-02	8746674808b8		and_cardinality/census-income	447.9	feat: implement `roaring64_bitmap_add_offset` (and `roaring64_bitmap_sub_offset` and `roaring64_bitmap_add_offset_signed`) (#787)
2026-03-02	8746674808b8		contains/census-income	13708.2	feat: implement `roaring64_bitmap_add_offset` (and `roaring64_bitmap_sub_offset` and `roaring64_bitmap_add_offset_signed`) (#787)
2026-03-02	8746674808b8		iterate/census-income	32420.0	feat: implement `roaring64_bitmap_add_offset` (and `roaring64_bitmap_sub_offset` and `roaring64_bitmap_add_offset_signed`) (#787)
2026-03-02	8746674808b8		to_array/census-income	1333.6	feat: implement `roaring64_bitmap_add_offset` (and `roaring64_bitmap_sub_offset` and `roaring64_bitmap_add_offset_signed`) (#787)
2026-03-02	8746674808b8		deserialize/census-income	125.5	feat: implement `roaring64_bitmap_add_offset` (and `roaring64_bitmap_sub_offset` and `roaring64_bitmap_add_offset_signed`) (#787)
2026-03-02	8746674808b8		cardinality64/census-income	12.6	feat: implement `roaring64_bitmap_add_offset` (and `roaring64_bitmap_sub_offset` and `roaring64_bitmap_add_offset_signed`) (#787)
2026-03-02	8746674808b8		iterate64/census-income	34065.1	feat: implement `roaring64_bitmap_add_offset` (and `roaring64_bitmap_sub_offset` and `roaring64_bitmap_add_offset_signed`) (#787)
2026-03-02	8746674808b8		or_successive64/census-income	399.0	feat: implement `roaring64_bitmap_add_offset` (and `roaring64_bitmap_sub_offset` and `roaring64_bitmap_add_offset_signed`) (#787)
2026-03-02	8746674808b8		or_successive/weather_sept_85	3306.5	feat: implement `roaring64_bitmap_add_offset` (and `roaring64_bitmap_sub_offset` and `roaring64_bitmap_add_offset_signed`) (#787)
2026-03-02	8746674808b8		and_successive/weather_sept_85	2028.1	feat: implement `roaring64_bitmap_add_offset` (and `roaring64_bitmap_sub_offset` and `roaring64_bitmap_add_offset_signed`) (#787)
2026-03-02	8746674808b8		and_cardinality/weather_sept_85	1608.4	feat: implement `roaring64_bitmap_add_offset` (and `roaring64_bitmap_sub_offset` and `roaring64_bitmap_add_offset_signed`) (#787)
2026-03-02	8746674808b8		contains/weather_sept_85	17409.4	feat: implement `roaring64_bitmap_add_offset` (and `roaring64_bitmap_sub_offset` and `roaring64_bitmap_add_offset_signed`) (#787)
2026-03-02	8746674808b8		iterate/weather_sept_85	59057.9	feat: implement `roaring64_bitmap_add_offset` (and `roaring64_bitmap_sub_offset` and `roaring64_bitmap_add_offset_signed`) (#787)
2026-03-02	8746674808b8		to_array/weather_sept_85	5212.7	feat: implement `roaring64_bitmap_add_offset` (and `roaring64_bitmap_sub_offset` and `roaring64_bitmap_add_offset_signed`) (#787)
2026-03-02	8746674808b8		deserialize/weather_sept_85	1102.0	feat: implement `roaring64_bitmap_add_offset` (and `roaring64_bitmap_sub_offset` and `roaring64_bitmap_add_offset_signed`) (#787)
2026-03-02	8746674808b8		cardinality64/weather_sept_85	66.1	feat: implement `roaring64_bitmap_add_offset` (and `roaring64_bitmap_sub_offset` and `roaring64_bitmap_add_offset_signed`) (#787)
2026-03-02	8746674808b8		iterate64/weather_sept_85	64696.7	feat: implement `roaring64_bitmap_add_offset` (and `roaring64_bitmap_sub_offset` and `roaring64_bitmap_add_offset_signed`) (#787)
2026-03-02	8746674808b8		or_successive64/weather_sept_85	1498.1	feat: implement `roaring64_bitmap_add_offset` (and `roaring64_bitmap_sub_offset` and `roaring64_bitmap_add_offset_signed`) (#787)
2026-03-03	dd2b61409129		or_successive/census1881	652.7	feat: implement `roaring64_bitmap_overwrite` (#789)
2026-03-03	dd2b61409129		and_successive/census1881	21.0	feat: implement `roaring64_bitmap_overwrite` (#789)
2026-03-03	dd2b61409129		and_cardinality/census1881	15.9	feat: implement `roaring64_bitmap_overwrite` (#789)
2026-03-03	dd2b61409129		contains/census1881	4671.2	feat: implement `roaring64_bitmap_overwrite` (#789)
2026-03-03	dd2b61409129		iterate/census1881	1594.0	feat: implement `roaring64_bitmap_overwrite` (#789)
2026-03-03	dd2b61409129		to_array/census1881	119.4	feat: implement `roaring64_bitmap_overwrite` (#789)
2026-03-03	dd2b61409129		deserialize/census1881	342.0	feat: implement `roaring64_bitmap_overwrite` (#789)
2026-03-03	dd2b61409129		cardinality64/census1881	17.5	feat: implement `roaring64_bitmap_overwrite` (#789)
2026-03-03	dd2b61409129		iterate64/census1881	3068.0	feat: implement `roaring64_bitmap_overwrite` (#789)
2026-03-03	dd2b61409129		or_successive64/census1881	992.8	feat: implement `roaring64_bitmap_overwrite` (#789)
2026-03-03	dd2b61409129		or_successive/census-income	816.4	feat: implement `roaring64_bitmap_overwrite` (#789)
2026-03-03	dd2b61409129		and_successive/census-income	673.7	feat: implement `roaring64_bitmap_overwrite` (#789)
2026-03-03	dd2b61409129		and_cardinality/census-income	442.2	feat: implement `roaring64_bitmap_overwrite` (#789)
2026-03-03	dd2b61409129		contains/census-income	13658.4	feat: implement `roaring64_bitmap_overwrite` (#789)
2026-03-03	dd2b61409129		iterate/census-income	32375.3	feat: implement `roaring64_bitmap_overwrite` (#789)
2026-03-03	dd2b61409129		to_array/census-income	1347.3	feat: implement `roaring64_bitmap_overwrite` (#789)
2026-03-03	dd2b61409129		deserialize/census-income	124.0	feat: implement `roaring64_bitmap_overwrite` (#789)
2026-03-03	dd2b61409129		cardinality64/census-income	12.7	feat: implement `roaring64_bitmap_overwrite` (#789)
2026-03-03	dd2b61409129		iterate64/census-income	33576.4	feat: implement `roaring64_bitmap_overwrite` (#789)
2026-03-03	dd2b61409129		or_successive64/census-income	396.2	feat: implement `roaring64_bitmap_overwrite` (#789)
2026-03-03	dd2b61409129		or_successive/weather_sept_85	3309.6	feat: implement `roaring64_bitmap_overwrite` (#789)
2026-03-03	dd2b61409129		and_successive/weather_sept_85	2047.1	feat: implement `roaring64_bitmap_overwrite` (#789)
2026-03-03	dd2b61409129		and_cardinality/weather_sept_85	1612.6	feat: implement `roaring64_bitmap_overwrite` (#789)
2026-03-03	dd2b61409129		contains/weather_sept_85	17328.9	feat: implement `roaring64_bitmap_overwrite` (#789)
2026-03-03	dd2b61409129		iterate/weather_sept_85	60186.7	feat: implement `roaring64_bitmap_overwrite` (#789)
2026-03-03	dd2b61409129		to_array/weather_sept_85	5201.3	feat: implement `roaring64_bitmap_overwrite` (#789)
2026-03-03	dd2b61409129		deserialize/weather_sept_85	558.9	feat: implement `roaring64_bitmap_overwrite` (#789)
2026-03-03	dd2b61409129		cardinality64/weather_sept_85	33.8	feat: implement `roaring64_bitmap_overwrite` (#789)
2026-03-03	dd2b61409129		iterate64/weather_sept_85	63902.5	feat: implement `roaring64_bitmap_overwrite` (#789)
2026-03-03	dd2b61409129		or_successive64/weather_sept_85	1504.2	feat: implement `roaring64_bitmap_overwrite` (#789)
2026-03-04	596d16b79898		or_successive/census1881	647.3	removing restrict on outputs for some functions (#791)
2026-03-04	596d16b79898		and_successive/census1881	20.3	removing restrict on outputs for some functions (#791)
2026-03-04	596d16b79898		and_cardinality/census1881	17.6	removing restrict on outputs for some functions (#791)
2026-03-04	596d16b79898		contains/census1881	4687.5	removing restrict on outputs for some functions (#791)
2026-03-04	596d16b79898		iterate/census1881	1604.1	removing restrict on outputs for some functions (#791)
2026-03-04	596d16b79898		to_array/census1881	120.4	removing restrict on outputs for some functions (#791)
2026-03-04	596d16b79898		deserialize/census1881	339.7	removing restrict on outputs for some functions (#791)
2026-03-04	596d16b79898		cardinality64/census1881	16.7	removing restrict on outputs for some functions (#791)
2026-03-04	596d16b79898		iterate64/census1881	3091.6	removing restrict on outputs for some functions (#791)
2026-03-04	596d16b79898		or_successive64/census1881	995.3	removing restrict on outputs for some functions (#791)
2026-03-04	596d16b79898		or_successive/census-income	815.6	removing restrict on outputs for some functions (#791)
2026-03-04	596d16b79898		and_successive/census-income	672.1	removing restrict on outputs for some functions (#791)
2026-03-04	596d16b79898		and_cardinality/census-income	443.9	removing restrict on outputs for some functions (#791)
2026-03-04	596d16b79898		contains/census-income	13726.3	removing restrict on outputs for some functions (#791)
2026-03-04	596d16b79898		iterate/census-income	32540.1	removing restrict on outputs for some functions (#791)
2026-03-04	596d16b79898		to_array/census-income	1341.5	removing restrict on outputs for some functions (#791)
2026-03-04	596d16b79898		deserialize/census-income	122.7	removing restrict on outputs for some functions (#791)
2026-03-04	596d16b79898		cardinality64/census-income	12.6	removing restrict on outputs for some functions (#791)
2026-03-04	596d16b79898		iterate64/census-income	33471.7	removing restrict on outputs for some functions (#791)
2026-03-04	596d16b79898		or_successive64/census-income	400.6	removing restrict on outputs for some functions (#791)
2026-03-04	596d16b79898		or_successive/weather_sept_85	3308.7	removing restrict on outputs for some functions (#791)
2026-03-04	596d16b79898		and_successive/weather_sept_85	2041.3	removing restrict on outputs for some functions (#791)
2026-03-04	596d16b79898		and_cardinality/weather_sept_85	1606.1	removing restrict on outputs for some functions (#791)
2026-03-04	596d16b79898		contains/weather_sept_85	17501.6	removing restrict on outputs for some functions (#791)
2026-03-04	596d16b79898		iterate/weather_sept_85	60348.5	removing restrict on outputs for some functions (#791)
2026-03-04	596d16b79898		to_array/weather_sept_85	5213.1	removing restrict on outputs for some functions (#791)
2026-03-04	596d16b79898		deserialize/weather_sept_85	562.9	removing restrict on outputs for some functions (#791)
2026-03-04	596d16b79898		cardinality64/weather_sept_85	33.7	removing restrict on outputs for some functions (#791)
2026-03-04	596d16b79898		iterate64/weather_sept_85	63927.5	removing restrict on outputs for some functions (#791)
2026-03-04	596d16b79898		or_successive64/weather_sept_85	1507.2	removing restrict on outputs for some functions (#791)
2026-03-04	cdd05533fddc	v4.6.0	or_successive/census1881	643.9	4.6.0
2026-03-04	cdd05533fddc	v4.6.0	and_successive/census1881	20.5	4.6.0
2026-03-04	cdd05533fddc	v4.6.0	and_cardinality/census1881	20.3	4.6.0
2026-03-04	cdd05533fddc	v4.6.0	contains/census1881	4658.1	4.6.0
2026-03-04	cdd05533fddc	v4.6.0	iterate/census1881	1604.6	4.6.0
2026-03-04	cdd05533fddc	v4.6.0	to_array/census1881	122.8	4.6.0
2026-03-04	cdd05533fddc	v4.6.0	deserialize/census1881	340.8	4.6.0
2026-03-04	cdd05533fddc	v4.6.0	cardinality64/census1881	17.0	4.6.0
2026-03-04	cdd05533fddc	v4.6.0	iterate64/census1881	3030.1	4.6.0
2026-03-04	cdd05533fddc	v4.6.0	or_successive64/census1881	1005.7	4.6.0
2026-03-04	cdd05533fddc	v4.6.0	or_successive/census-income	809.7	4.6.0
2026-03-04	cdd05533fddc	v4.6.0	and_successive/census-income	672.2	4.6.0
2026-03-04	cdd05533fddc	v4.6.0	and_cardinality/census-income	447.4	4.6.0
2026-03-04	cdd05533fddc	v4.6.0	contains/census-income	13684.2	4.6.0
2026-03-04	cdd05533fddc	v4.6.0	iterate/census-income	31990.9	4.6.0
2026-03-04	cdd05533fddc	v4.6.0	to_array/census-income	1343.0	4.6.0
2026-03-04	cdd05533fddc	v4.6.0	deserialize/census-income	123.2	4.6.0
2026-03-04	cdd05533fddc	v4.6.0	cardinality64/census-income	12.8	4.6.0
2026-03-04	cdd05533fddc	v4.6.0	iterate64/census-income	33339.3	4.6.0
2026-03-04	cdd05533fddc	v4.6.0	or_successive64/census-income	400.2	4.6.0
2026-03-04	cdd05533fddc	v4.6.0	or_successive/weather_sept_85	3309.1	4.6.0
2026-03-04	cdd05533fddc	v4.6.0	and_successive/weather_sept_85	2043.1	4.6.0
2026-03-04	cdd05533fddc	v4.6.0	and_cardinality/weather_sept_85	1619.3	4.6.0
2026-03-04	cdd05533fddc	v4.6.0	contains/weather_sept_85	17453.4	4.6.0
2026-03-04	cdd05533fddc	v4.6.0	iterate/weather_sept_85	59453.3	4.6.0
2026-03-04	cdd05533fddc	v4.6.0	to_array/weather_sept_85	5200.2	4.6.0
2026-03-04	cdd05533fddc	v4.6.0	deserialize/weather_sept_85	563.4	4.6.0
2026-03-04	cdd05533fddc	v4.6.0	cardinality64/weather_sept_85	33.8	4.6.0
2026-03-04	cdd05533fddc	v4.6.0	iterate64/weather_sept_85	63671.3	4.6.0
2026-03-04	cdd05533fddc	v4.6.0	or_successive64/weather_sept_85	1511.2	4.6.0
2026-03-09	f2bbbf1209e1		or_successive/census1881	1400.4	removing all restricts
2026-03-09	f2bbbf1209e1		and_successive/census1881	37.1	removing all restricts
2026-03-09	f2bbbf1209e1		and_cardinality/census1881	28.7	removing all restricts
2026-03-09	f2bbbf1209e1		contains/census1881	4704.6	removing all restricts
2026-03-09	f2bbbf1209e1		iterate/census1881	1610.6	removing all restricts
2026-03-09	f2bbbf1209e1		to_array/census1881	121.6	removing all restricts
2026-03-09	f2bbbf1209e1		deserialize/census1881	343.7	removing all restricts
2026-03-09	f2bbbf1209e1		cardinality64/census1881	17.0	removing all restricts
2026-03-09	f2bbbf1209e1		iterate64/census1881	3033.9	removing all restricts
2026-03-09	f2bbbf1209e1		or_successive64/census1881	1000.5	removing all restricts
2026-03-09	f2bbbf1209e1		or_successive/census-income	807.4	removing all restricts
2026-03-09	f2bbbf1209e1		and_successive/census-income	671.2	removing all restricts
2026-03-09	f2bbbf1209e1		and_cardinality/census-income	445.0	removing all restricts
2026-03-09	f2bbbf1209e1		contains/census-income	13684.3	removing all restricts
2026-03-09	f2bbbf1209e1		iterate/census-income	32690.7	removing all restricts
2026-03-09	f2bbbf1209e1		to_array/census-income	1340.5	removing all restricts
2026-03-09	f2bbbf1209e1		deserialize/census-income	125.2	removing all restricts
2026-03-09	f2bbbf1209e1		cardinality64/census-income	12.7	removing all restricts
2026-03-09	f2bbbf1209e1		iterate64/census-income	33860.4	removing all restricts
2026-03-09	f2bbbf1209e1		or_successive64/census-income	403.6	removing all restricts
2026-03-09	f2bbbf1209e1		or_successive/weather_sept_85	3293.7	removing all restricts
2026-03-09	f2bbbf1209e1		and_successive/weather_sept_85	2048.7	removing all restricts
2026-03-09	f2bbbf1209e1		and_cardinality/weather_sept_85	1611.9	removing all restricts
2026-03-09	f2bbbf1209e1		contains/weather_sept_85	17442.9	removing all restricts
2026-03-09	f2bbbf1209e1		iterate/weather_sept_85	59370.9	removing all restricts
2026-03-09	f2bbbf1209e1		to_array/weather_sept_85	5222.3	removing all restricts
2026-03-09	f2bbbf1209e1		deserialize/weather_sept_85	557.9	removing all restricts
2026-03-09	f2bbbf1209e1		cardinality64/weather_sept_85	33.5	removing all restricts
2026-03-09	f2bbbf1209e1		iterate64/weather_sept_85	65614.2	removing all restricts
2026-03-09	f2bbbf1209e1		or_successive64/weather_sept_85	1493.8	removing all restricts
2026-03-09	9b95ab9a856c	v4.6.1	or_successive/census1881	648.2	v4.6.1
2026-03-09	9b95ab9a856c	v4.6.1	and_successive/census1881	20.0	v4.6.1
2026-03-09	9b95ab9a856c	v4.6.1	and_cardinality/census1881	17.1	v4.6.1
2026-03-09	9b95ab9a856c	v4.6.1	contains/census1881	4659.0	v4.6.1
2026-03-09	9b95ab9a856c	v4.6.1	iterate/census1881	1589.0	v4.6.1
2026-03-09	9b95ab9a856c	v4.6.1	to_array/census1881	121.4	v4.6.1
2026-03-09	9b95ab9a856c	v4.6.1	deserialize/census1881	343.0	v4.6.1
2026-03-09	9b95ab9a856c	v4.6.1	cardinality64/census1881	17.1	v4.6.1
2026-03-09	9b95ab9a856c	v4.6.1	iterate64/census1881	3058.0	v4.6.1
2026-03-09	9b95ab9a856c	v4.6.1	or_successive64/census1881	998.0	v4.6.1
2026-03-09	9b95ab9a856c	v4.6.1	or_successive/census-income	811.0	v4.6.1
2026-03-09	9b95ab9a856c	v4.6.1	and_successive/census-income	668.3	v4.6.1
2026-03-09	9b95ab9a856c	v4.6.1	and_cardinality/census-income	440.7	v4.6.1
2026-03-09	9b95ab9a856c	v4.6.1	contains/census-income	13627.0	v4.6.1
2026-03-09	9b95ab9a856c	v4.6.1	iterate/census-income	32707.6	v4.6.1
2026-03-09	9b95ab9a856c	v4.6.1	to_array/census-income	1347.5	v4.6.1
2026-03-09	9b95ab9a856c	v4.6.1	deserialize/census-income	129.2	v4.6.1
2026-03-09	9b95ab9a856c	v4.6.1	cardinality64/census-income	12.6	v4.6.1
2026-03-09	9b95ab9a856c	v4.6.1	iterate64/census-income	33704.9	v4.6.1
2026-03-09	9b95ab9a856c	v4.6.1	or_successive64/census-income	431.3	v4.6.1
2026-03-09	9b95ab9a856c	v4.6.1	or_successive/weather_sept_85	3304.6	v4.6.1
2026-03-09	9b95ab9a856c	v4.6.1	and_successive/weather_sept_85	2045.5	v4.6.1
2026-03-09	9b95ab9a856c	v4.6.1	and_cardinality/weather_sept_85	1606.5	v4.6.1
2026-03-09	9b95ab9a856c	v4.6.1	contains/weather_sept_85	17446.4	v4.6.1
2026-03-09	9b95ab9a856c	v4.6.1	iterate/weather_sept_85	60663.8	v4.6.1
2026-03-09	9b95ab9a856c	v4.6.1	to_array/weather_sept_85	5207.1	v4.6.1
2026-03-09	9b95ab9a856c	v4.6.1	deserialize/weather_sept_85	564.2	v4.6.1
2026-03-09	9b95ab9a856c	v4.6.1	cardinality64/weather_sept_85	34.2	v4.6.1
2026-03-09	9b95ab9a856c	v4.6.1	iterate64/weather_sept_85	64528.2	v4.6.1
2026-03-09	9b95ab9a856c	v4.6.1	or_successive64/weather_sept_85	1508.0	v4.6.1
2026-03-23	8808dcebefe7		or_successive/census1881	643.8	Make art_node_printf static for better encapsulation
2026-03-23	8808dcebefe7		and_successive/census1881	20.6	Make art_node_printf static for better encapsulation
2026-03-23	8808dcebefe7		and_cardinality/census1881	22.1	Make art_node_printf static for better encapsulation
2026-03-23	8808dcebefe7		contains/census1881	4668.2	Make art_node_printf static for better encapsulation
2026-03-23	8808dcebefe7		iterate/census1881	1605.8	Make art_node_printf static for better encapsulation
2026-03-23	8808dcebefe7		to_array/census1881	123.2	Make art_node_printf static for better encapsulation
2026-03-23	8808dcebefe7		deserialize/census1881	340.8	Make art_node_printf static for better encapsulation
2026-03-23	8808dcebefe7		cardinality64/census1881	17.2	Make art_node_printf static for better encapsulation
2026-03-23	8808dcebefe7		iterate64/census1881	3007.5	Make art_node_printf static for better encapsulation
2026-03-23	8808dcebefe7		or_successive64/census1881	997.2	Make art_node_printf static for better encapsulation
2026-03-23	8808dcebefe7		or_successive/census-income	807.3	Make art_node_printf static for better encapsulation
2026-03-23	8808dcebefe7		and_successive/census-income	671.6	Make art_node_printf static for better encapsulation
2026-03-23	8808dcebefe7		and_cardinality/census-income	449.0	Make art_node_printf static for better encapsulation
2026-03-23	8808dcebefe7		contains/census-income	13773.7	Make art_node_printf static for better encapsulation
2026-03-23	8808dcebefe7		iterate/census-income	32624.7	Make art_node_printf static for better encapsulation
2026-03-23	8808dcebefe7		to_array/census-income	1348.1	Make art_node_printf static for better encapsulation
2026-03-23	8808dcebefe7		deserialize/census-income	121.7	Make art_node_printf static for better encapsulation
2026-03-23	8808dcebefe7		cardinality64/census-income	12.7	Make art_node_printf static for better encapsulation
2026-03-23	8808dcebefe7		iterate64/census-income	33857.3	Make art_node_printf static for better encapsulation
2026-03-23	8808dcebefe7		or_successive64/census-income	398.6	Make art_node_printf static for better encapsulation
2026-03-23	8808dcebefe7		or_successive/weather_sept_85	3307.1	Make art_node_printf static for better encapsulation
2026-03-23	8808dcebefe7		and_successive/weather_sept_85	2047.3	Make art_node_printf static for better encapsulation
2026-03-23	8808dcebefe7		and_cardinality/weather_sept_85	1607.1	Make art_node_printf static for better encapsulation
2026-03-23	8808dcebefe7		contains/weather_sept_85	17470.7	Make art_node_printf static for better encapsulation
2026-03-23	8808dcebefe7		iterate/weather_sept_85	59602.0	Make art_node_printf static for better encapsulation
2026-03-23	8808dcebefe7		to_array/weather_sept_85	5199.3	Make art_node_printf static for better encapsulation
2026-03-23	8808dcebefe7		deserialize/weather_sept_85	558.9	Make art_node_printf static for better encapsulation
2026-03-23	8808dcebefe7		cardinality64/weather_sept_85	33.7	Make art_node_printf static for better encapsulation
2026-03-23	8808dcebefe7		iterate64/weather_sept_85	65838.7	Make art_node_printf static for better encapsulation
2026-03-23	8808dcebefe7		or_successive64/weather_sept_85	1502.4	Make art_node_printf static for better encapsulation
2026-03-23	598077e1bfeb		or_successive/census1881	640.1	improving pull request template
2026-03-23	598077e1bfeb		and_successive/census1881	21.2	improving pull request template
2026-03-23	598077e1bfeb		and_cardinality/census1881	17.0	improving pull request template
2026-03-23	598077e1bfeb		contains/census1881	4686.5	improving pull request template
2026-03-23	598077e1bfeb		iterate/census1881	1582.7	improving pull request template
2026-03-23	598077e1bfeb		to_array/census1881	120.3	improving pull request template
2026-03-23	598077e1bfeb		deserialize/census1881	339.3	improving pull request template
2026-03-23	598077e1bfeb		cardinality64/census1881	17.1	improving pull request template
2026-03-23	598077e1bfeb		iterate64/census1881	2962.0	improving pull request template
2026-03-23	598077e1bfeb		or_successive64/census1881	992.4	improving pull request template
2026-03-23	598077e1bfeb		or_successive/census-income	813.5	improving pull request template
2026-03-23	598077e1bfeb		and_successive/census-income	678.5	improving pull request template
2026-03-23	598077e1bfeb		and_cardinality/census-income	443.8	improving pull request template
2026-03-23	598077e1bfeb		contains/census-income	13710.8	improving pull request template
2026-03-23	598077e1bfeb		iterate/census-income	32886.7	improving pull request template
2026-03-23	598077e1bfeb		to_array/census-income	1346.5	improving pull request template
2026-03-23	598077e1bfeb		deserialize/census-income	123.3	improving pull request template
2026-03-23	598077e1bfeb		cardinality64/census-income	12.6	improving pull request template
2026-03-23	598077e1bfeb		iterate64/census-income	34400.1	improving pull request template
2026-03-23	598077e1bfeb		or_successive64/census-income	395.6	improving pull request template
2026-03-23	598077e1bfeb		or_successive/weather_sept_85	3295.3	improving pull request template
2026-03-23	598077e1bfeb		and_successive/weather_sept_85	2037.4	improving pull request template
2026-03-23	598077e1bfeb		and_cardinality/weather_sept_85	1612.2	improving pull request template
2026-03-23	598077e1bfeb		contains/weather_sept_85	17457.2	improving pull request template
2026-03-23	598077e1bfeb		iterate/weather_sept_85	59537.3	improving pull request template
2026-03-23	598077e1bfeb		to_array/weather_sept_85	5207.7	improving pull request template
2026-03-23	598077e1bfeb		deserialize/weather_sept_85	562.2	improving pull request template
2026-03-23	598077e1bfeb		cardinality64/weather_sept_85	33.6	improving pull request template
2026-03-23	598077e1bfeb		iterate64/weather_sept_85	65081.1	improving pull request template
2026-03-23	598077e1bfeb		or_successive64/weather_sept_85	1503.3	improving pull request template
2026-04-04	32ab04c86a1a		or_successive/census1881	643.1	add read_ranges and read_prev_ranges iterator functions (#798)
2026-04-04	32ab04c86a1a		and_successive/census1881	20.8	add read_ranges and read_prev_ranges iterator functions (#798)
2026-04-04	32ab04c86a1a		and_cardinality/census1881	24.6	add read_ranges and read_prev_ranges iterator functions (#798)
2026-04-04	32ab04c86a1a		contains/census1881	4719.8	add read_ranges and read_prev_ranges iterator functions (#798)
2026-04-04	32ab04c86a1a		iterate/census1881	1587.7	add read_ranges and read_prev_ranges iterator functions (#798)
2026-04-04	32ab04c86a1a		to_array/census1881	121.9	add read_ranges and read_prev_ranges iterator functions (#798)
2026-04-04	32ab04c86a1a		deserialize/census1881	342.0	add read_ranges and read_prev_ranges iterator functions (#798)
2026-04-04	32ab04c86a1a		cardinality64/census1881	17.7	add read_ranges and read_prev_ranges iterator functions (#798)
2026-04-04	32ab04c86a1a		iterate64/census1881	3074.9	add read_ranges and read_prev_ranges iterator functions (#798)
2026-04-04	32ab04c86a1a		or_successive64/census1881	1007.3	add read_ranges and read_prev_ranges iterator functions (#798)
2026-04-04	32ab04c86a1a		or_successive/census-income	812.7	add read_ranges and read_prev_ranges iterator functions (#798)
2026-04-04	32ab04c86a1a		and_successive/census-income	671.1	add read_ranges and read_prev_ranges iterator functions (#798)
2026-04-04	32ab04c86a1a		and_cardinality/census-income	442.2	add read_ranges and read_prev_ranges iterator functions (#798)
2026-04-04	32ab04c86a1a		contains/census-income	13679.0	add read_ranges and read_prev_ranges iterator functions (#798)
2026-04-04	32ab04c86a1a		iterate/census-income	32338.3	add read_ranges and read_prev_ranges iterator functions (#798)
2026-04-04	32ab04c86a1a		to_array/census-income	1337.6	add read_ranges and read_prev_ranges iterator functions (#798)
2026-04-04	32ab04c86a1a		deserialize/census-income	123.4	add read_ranges and read_prev_ranges iterator functions (#798)
2026-04-04	32ab04c86a1a		cardinality64/census-income	13.8	add read_ranges and read_prev_ranges iterator functions (#798)
2026-04-04	32ab04c86a1a		iterate64/census-income	34511.0	add read_ranges and read_prev_ranges iterator functions (#798)
2026-04-04	32ab04c86a1a		or_successive64/census-income	403.0	add read_ranges and read_prev_ranges iterator functions (#798)
2026-04-04	32ab04c86a1a		or_successive/weather_sept_85	3295.9	add read_ranges and read_prev_ranges iterator functions (#798)
2026-04-04	32ab04c86a1a		and_successive/weather_sept_85	2031.0	add read_ranges and read_prev_ranges iterator functions (#798)
2026-04-04	32ab04c86a1a		and_cardinality/weather_sept_85	1602.6	add read_ranges and read_prev_ranges iterator functions (#798)
2026-04-04	32ab04c86a1a		contains/weather_sept_85	17414.6	add read_ranges and read_prev_ranges iterator functions (#798)
2026-04-04	32ab04c86a1a		iterate/weather_sept_85	59985.5	add read_ranges and read_prev_ranges iterator functions (#798)
2026-04-04	32ab04c86a1a		to_array/weather_sept_85	5213.2	add read_ranges and read_prev_ranges iterator functions (#798)
2026-04-04	32ab04c86a1a		deserialize/weather_sept_85	559.2	add read_ranges and read_prev_ranges iterator functions (#798)
2026-04-04	32ab04c86a1a		cardinality64/weather_sept_85	32.9	add read_ranges and read_prev_ranges iterator functions (#798)
2026-04-04	32ab04c86a1a		iterate64/weather_sept_85	65379.2	add read_ranges and read_prev_ranges iterator functions (#798)
2026-04-04	32ab04c86a1a		or_successive64/weather_sept_85	1546.2	add read_ranges and read_prev_ranges iterator functions (#798)
2026-04-21	2157a666099f		or_successive/census1881	644.7	fixing issue 793 (#794)
2026-04-21	2157a666099f		and_successive/census1881	20.4	fixing issue 793 (#794)
2026-04-21	2157a666099f		and_cardinality/census1881	17.5	fixing issue 793 (#794)
2026-04-21	2157a666099f		contains/census1881	4663.9	fixing issue 793 (#794)
2026-04-21	2157a666099f		iterate/census1881	1594.2	fixing issue 793 (#794)
2026-04-21	2157a666099f		to_array/census1881	119.8	fixing issue 793 (#794)
2026-04-21	2157a666099f		deserialize/census1881	344.9	fixing issue 793 (#794)
2026-04-21	2157a666099f		cardinality64/census1881	17.9	fixing issue 793 (#794)
2026-04-21	2157a666099f		iterate64/census1881	2947.6	fixing issue 793 (#794)
2026-04-21	2157a666099f		or_successive64/census1881	1003.9	fixing issue 793 (#794)
2026-04-21	2157a666099f		or_successive/census-income	818.8	fixing issue 793 (#794)
2026-04-21	2157a666099f		and_successive/census-income	677.8	fixing issue 793 (#794)
2026-04-21	2157a666099f		and_cardinality/census-income	444.9	fixing issue 793 (#794)
2026-04-21	2157a666099f		contains/census-income	13725.3	fixing issue 793 (#794)
2026-04-21	2157a666099f		iterate/census-income	32391.9	fixing issue 793 (#794)
2026-04-21	2157a666099f		to_array/census-income	1334.5	fixing issue 793 (#794)
2026-04-21	2157a666099f		deserialize/census-income	123.7	fixing issue 793 (#794)
2026-04-21	2157a666099f		cardinality64/census-income	13.7	fixing issue 793 (#794)
2026-04-21	2157a666099f		iterate64/census-income	34171.8	fixing issue 793 (#794)
2026-04-21	2157a666099f		or_successive64/census-income	402.5	fixing issue 793 (#794)
2026-04-21	2157a666099f		or_successive/weather_sept_85	3288.7	fixing issue 793 (#794)
2026-04-21	2157a666099f		and_successive/weather_sept_85	2038.4	fixing issue 793 (#794)
2026-04-21	2157a666099f		and_cardinality/weather_sept_85	1612.6	fixing issue 793 (#794)
2026-04-21	2157a666099f		contains/weather_sept_85	17560.5	fixing issue 793 (#794)
2026-04-21	2157a666099f		iterate/weather_sept_85	59525.3	fixing issue 793 (#794)
2026-04-21	2157a666099f		to_array/weather_sept_85	5210.7	fixing issue 793 (#794)
2026-04-21	2157a666099f		deserialize/weather_sept_85	561.9	fixing issue 793 (#794)
2026-04-21	2157a666099f		cardinality64/weather_sept_85	32.9	fixing issue 793 (#794)
2026-04-21	2157a666099f		iterate64/weather_sept_85	64978.2	fixing issue 793 (#794)
2026-04-21	2157a666099f		or_successive64/weather_sept_85	1525.6	fixing issue 793 (#794)
2026-04-21	712f48e56db5		or_successive/census1881	643.4	Bump github/codeql-action from 4.31.9 to 4.35.1 (#797)
2026-04-21	712f48e56db5		and_successive/census1881	20.7	Bump github/codeql-action from 4.31.9 to 4.35.1 (#797)
2026-04-21	712f48e56db5		and_cardinality/census1881	16.8	Bump github/codeql-action from 4.31.9 to 4.35.1 (#797)
2026-04-21	712f48e56db5		contains/census1881	4638.6	Bump github/codeql-action from 4.31.9 to 4.35.1 (#797)
2026-04-21	712f48e56db5		iterate/census1881	1584.8	Bump github/codeql-action from 4.31.9 to 4.35.1 (#797)
2026-04-21	712f48e56db5		to_array/census1881	126.0	Bump github/codeql-action from 4.31.9 to 4.35.1 (#797)
2026-04-21	712f48e56db5		deserialize/census1881	357.8	Bump github/codeql-action from 4.31.9 to 4.35.1 (#797)
2026-04-21	712f48e56db5		cardinality64/census1881	19.3	Bump github/codeql-action from 4.31.9 to 4.35.1 (#797)
2026-04-21	712f48e56db5		iterate64/census1881	3052.8	Bump github/codeql-action from 4.31.9 to 4.35.1 (#797)
2026-04-21	712f48e56db5		or_successive64/census1881	1009.0	Bump github/codeql-action from 4.31.9 to 4.35.1 (#797)
2026-04-21	712f48e56db5		or_successive/census-income	819.4	Bump github/codeql-action from 4.31.9 to 4.35.1 (#797)
2026-04-21	712f48e56db5		and_successive/census-income	679.5	Bump github/codeql-action from 4.31.9 to 4.35.1 (#797)
2026-04-21	712f48e56db5		and_cardinality/census-income	445.3	Bump github/codeql-action from 4.31.9 to 4.35.1 (#797)
2026-04-21	712f48e56db5		contains/census-income	13651.6	Bump github/codeql-action from 4.31.9 to 4.35.1 (#797)
2026-04-21	712f48e56db5		iterate/census-income	32157.5	Bump github/codeql-action from 4.31.9 to 4.35.1 (#797)
2026-04-21	712f48e56db5		to_array/census-income	1344.6	Bump github/codeql-action from 4.31.9 to 4.35.1 (#797)
2026-04-21	712f48e56db5		deserialize/census-income	127.4	Bump github/codeql-action from 4.31.9 to 4.35.1 (#797)
2026-04-21	712f48e56db5		cardinality64/census-income	13.9	Bump github/codeql-action from 4.31.9 to 4.35.1 (#797)
2026-04-21	712f48e56db5		iterate64/census-income	33440.7	Bump github/codeql-action from 4.31.9 to 4.35.1 (#797)
2026-04-21	712f48e56db5		or_successive64/census-income	406.0	Bump github/codeql-action from 4.31.9 to 4.35.1 (#797)
2026-04-21	712f48e56db5		or_successive/weather_sept_85	3311.7	Bump github/codeql-action from 4.31.9 to 4.35.1 (#797)
2026-04-21	712f48e56db5		and_successive/weather_sept_85	2056.9	Bump github/codeql-action from 4.31.9 to 4.35.1 (#797)
2026-04-21	712f48e56db5		and_cardinality/weather_sept_85	1609.9	Bump github/codeql-action from 4.31.9 to 4.35.1 (#797)
2026-04-21	712f48e56db5		contains/weather_sept_85	17460.3	Bump github/codeql-action from 4.31.9 to 4.35.1 (#797)
2026-04-21	712f48e56db5		iterate/weather_sept_85	59903.7	Bump github/codeql-action from 4.31.9 to 4.35.1 (#797)
2026-04-21	712f48e56db5		to_array/weather_sept_85	5209.6	Bump github/codeql-action from 4.31.9 to 4.35.1 (#797)
2026-04-21	712f48e56db5		deserialize/weather_sept_85	560.7	Bump github/codeql-action from 4.31.9 to 4.35.1 (#797)
2026-04-21	712f48e56db5		cardinality64/weather_sept_85	32.9	Bump github/codeql-action from 4.31.9 to 4.35.1 (#797)
2026-04-21	712f48e56db5		iterate64/weather_sept_85	64448.4	Bump github/codeql-action from 4.31.9 to 4.35.1 (#797)
2026-04-21	712f48e56db5		or_successive64/weather_sept_85	1525.2	Bump github/codeql-action from 4.31.9 to 4.35.1 (#797)
2026-04-21	6bebab32d410		or_successive/census1881	641.6	Bump actions/upload-artifact from 6.0.0 to 7.0.0 (#788)
2026-04-21	6bebab32d410		and_successive/census1881	20.6	Bump actions/upload-artifact from 6.0.0 to 7.0.0 (#788)
2026-04-21	6bebab32d410		and_cardinality/census1881	17.4	Bump actions/upload-artifact from 6.0.0 to 7.0.0 (#788)
2026-04-21	6bebab32d410		contains/census1881	4648.0	Bump actions/upload-artifact from 6.0.0 to 7.0.0 (#788)
2026-04-21	6bebab32d410		iterate/census1881	1547.7	Bump actions/upload-artifact from 6.0.0 to 7.0.0 (#788)
2026-04-21	6bebab32d410		to_array/census1881	122.7	Bump actions/upload-artifact from 6.0.0 to 7.0.0 (#788)
2026-04-21	6bebab32d410		deserialize/census1881	340.0	Bump actions/upload-artifact from 6.0.0 to 7.0.0 (#788)
2026-04-21	6bebab32d410		cardinality64/census1881	18.5	Bump actions/upload-artifact from 6.0.0 to 7.0.0 (#788)
2026-04-21	6bebab32d410		iterate64/census1881	3097.7	Bump actions/upload-artifact from 6.0.0 to 7.0.0 (#788)
2026-04-21	6bebab32d410		or_successive64/census1881	1012.8	Bump actions/upload-artifact from 6.0.0 to 7.0.0 (#788)
2026-04-21	6bebab32d410		or_successive/census-income	815.8	Bump actions/upload-artifact from 6.0.0 to 7.0.0 (#788)
2026-04-21	6bebab32d410		and_successive/census-income	673.7	Bump actions/upload-artifact from 6.0.0 to 7.0.0 (#788)
2026-04-21	6bebab32d410		and_cardinality/census-income	442.5	Bump actions/upload-artifact from 6.0.0 to 7.0.0 (#788)
2026-04-21	6bebab32d410		contains/census-income	13732.7	Bump actions/upload-artifact from 6.0.0 to 7.0.0 (#788)
2026-04-21	6bebab32d410		iterate/census-income	32457.0	Bump actions/upload-artifact from 6.0.0 to 7.0.0 (#788)
2026-04-21	6bebab32d410		to_array/census-income	1356.6	Bump actions/upload-artifact from 6.0.0 to 7.0.0 (#788)
2026-04-21	6bebab32d410		deserialize/census-income	124.2	Bump actions/upload-artifact from 6.0.0 to 7.0.0 (#788)
2026-04-21	6bebab32d410		cardinality64/census-income	13.9	Bump actions/upload-artifact from 6.0.0 to 7.0.0 (#788)
2026-04-21	6bebab32d410		iterate64/census-income	34212.9	Bump actions/upload-artifact from 6.0.0 to 7.0.0 (#788)
2026-04-21	6bebab32d410		or_successive64/census-income	407.7	Bump actions/upload-artifact from 6.0.0 to 7.0.0 (#788)
2026-04-21	6bebab32d410		or_successive/weather_sept_85	3282.8	Bump actions/upload-artifact from 6.0.0 to 7.0.0 (#788)
2026-04-21	6bebab32d410		and_successive/weather_sept_85	2038.5	Bump actions/upload-artifact from 6.0.0 to 7.0.0 (#788)
2026-04-21	6bebab32d410		and_cardinality/weather_sept_85	1610.2	Bump actions/upload-artifact from 6.0.0 to 7.0.0 (#788)
2026-04-21	6bebab32d410		contains/weather_sept_85	17510.2	Bump actions/upload-artifact from 6.0.0 to 7.0.0 (#788)
2026-04-21	6bebab32d410		iterate/weather_sept_85	59616.2	Bump actions/upload-artifact from 6.0.0 to 7.0.0 (#788)
2026-04-21	6bebab32d410		to_array/weather_sept_85	5218.4	Bump actions/upload-artifact from 6.0.0 to 7.0.0 (#788)
2026-04-21	6bebab32d410		deserialize/weather_sept_85	558.3	Bump actions/upload-artifact from 6.0.0 to 7.0.0 (#788)
2026-04-21	6bebab32d410		cardinality64/weather_sept_85	33.9	Bump actions/upload-artifact from 6.0.0 to 7.0.0 (#788)
2026-04-21	6bebab32d410		iterate64/weather_sept_85	65520.5	Bump actions/upload-artifact from 6.0.0 to 7.0.0 (#788)
2026-04-21	6bebab32d410		or_successive64/weather_sept_85	1528.2	Bump actions/upload-artifact from 6.0.0 to 7.0.0 (#788)
2026-04-21	3eb8669a20b2		or_successive/census1881	643.1	Bump actions/setup-node from 6.1.0 to 6.3.0 (#796)
2026-04-21	3eb8669a20b2		and_successive/census1881	21.5	Bump actions/setup-node from 6.1.0 to 6.3.0 (#796)
2026-04-21	3eb8669a20b2		and_cardinality/census1881	16.6	Bump actions/setup-node from 6.1.0 to 6.3.0 (#796)
2026-04-21	3eb8669a20b2		contains/census1881	4712.9	Bump actions/setup-node from 6.1.0 to 6.3.0 (#796)
2026-04-21	3eb8669a20b2		iterate/census1881	1577.5	Bump actions/setup-node from 6.1.0 to 6.3.0 (#796)
2026-04-21	3eb8669a20b2		to_array/census1881	120.5	Bump actions/setup-node from 6.1.0 to 6.3.0 (#796)
2026-04-21	3eb8669a20b2		deserialize/census1881	340.4	Bump actions/setup-node from 6.1.0 to 6.3.0 (#796)
2026-04-21	3eb8669a20b2		cardinality64/census1881	18.1	Bump actions/setup-node from 6.1.0 to 6.3.0 (#796)
2026-04-21	3eb8669a20b2		iterate64/census1881	3038.2	Bump actions/setup-node from 6.1.0 to 6.3.0 (#796)
2026-04-21	3eb8669a20b2		or_successive64/census1881	1009.7	Bump actions/setup-node from 6.1.0 to 6.3.0 (#796)
2026-04-21	3eb8669a20b2		or_successive/census-income	814.1	Bump actions/setup-node from 6.1.0 to 6.3.0 (#796)
2026-04-21	3eb8669a20b2		and_successive/census-income	675.0	Bump actions/setup-node from 6.1.0 to 6.3.0 (#796)
2026-04-21	3eb8669a20b2		and_cardinality/census-income	444.4	Bump actions/setup-node from 6.1.0 to 6.3.0 (#796)
2026-04-21	3eb8669a20b2		contains/census-income	13585.8	Bump actions/setup-node from 6.1.0 to 6.3.0 (#796)
2026-04-21	3eb8669a20b2		iterate/census-income	32689.4	Bump actions/setup-node from 6.1.0 to 6.3.0 (#796)
2026-04-21	3eb8669a20b2		to_array/census-income	1347.1	Bump actions/setup-node from 6.1.0 to 6.3.0 (#796)
2026-04-21	3eb8669a20b2		deserialize/census-income	122.3	Bump actions/setup-node from 6.1.0 to 6.3.0 (#796)
2026-04-21	3eb8669a20b2		cardinality64/census-income	13.9	Bump actions/setup-node from 6.1.0 to 6.3.0 (#796)
2026-04-21	3eb8669a20b2		iterate64/census-income	34252.5	Bump actions/setup-node from 6.1.0 to 6.3.0 (#796)
2026-04-21	3eb8669a20b2		or_successive64/census-income	410.9	Bump actions/setup-node from 6.1.0 to 6.3.0 (#796)
2026-04-21	3eb8669a20b2		or_successive/weather_sept_85	3286.9	Bump actions/setup-node from 6.1.0 to 6.3.0 (#796)
2026-04-21	3eb8669a20b2		and_successive/weather_sept_85	2042.1	Bump actions/setup-node from 6.1.0 to 6.3.0 (#796)
2026-04-21	3eb8669a20b2		and_cardinality/weather_sept_85	1610.6	Bump actions/setup-node from 6.1.0 to 6.3.0 (#796)
2026-04-21	3eb8669a20b2		contains/weather_sept_85	17448.9	Bump actions/setup-node from 6.1.0 to 6.3.0 (#796)
2026-04-21	3eb8669a20b2		iterate/weather_sept_85	59426.5	Bump actions/setup-node from 6.1.0 to 6.3.0 (#796)
2026-04-21	3eb8669a20b2		to_array/weather_sept_85	5206.2	Bump actions/setup-node from 6.1.0 to 6.3.0 (#796)
2026-04-21	3eb8669a20b2		deserialize/weather_sept_85	560.7	Bump actions/setup-node from 6.1.0 to 6.3.0 (#796)
2026-04-21	3eb8669a20b2		cardinality64/weather_sept_85	33.1	Bump actions/setup-node from 6.1.0 to 6.3.0 (#796)
2026-04-21	3eb8669a20b2		iterate64/weather_sept_85	64904.3	Bump actions/setup-node from 6.1.0 to 6.3.0 (#796)
2026-04-21	3eb8669a20b2		or_successive64/weather_sept_85	1540.9	Bump actions/setup-node from 6.1.0 to 6.3.0 (#796)
2026-04-21	fea7073a181e		or_successive/census1881	640.6	builds with  Fil-C (#802)
2026-04-21	fea7073a181e		and_successive/census1881	20.2	builds with  Fil-C (#802)
2026-04-21	fea7073a181e		and_cardinality/census1881	21.4	builds with  Fil-C (#802)
2026-04-21	fea7073a181e		contains/census1881	4565.3	builds with  Fil-C (#802)
2026-04-21	fea7073a181e		iterate/census1881	1608.0	builds with  Fil-C (#802)
2026-04-21	fea7073a181e		to_array/census1881	120.1	builds with  Fil-C (#802)
2026-04-21	fea7073a181e		deserialize/census1881	340.5	builds with  Fil-C (#802)
2026-04-21	fea7073a181e		cardinality64/census1881	18.0	builds with  Fil-C (#802)
2026-04-21	fea7073a181e		iterate64/census1881	3102.3	builds with  Fil-C (#802)
2026-04-21	fea7073a181e		or_successive64/census1881	1005.6	builds with  Fil-C (#802)
2026-04-21	fea7073a181e		or_successive/census-income	816.7	builds with  Fil-C (#802)
2026-04-21	fea7073a181e		and_successive/census-income	666.6	builds with  Fil-C (#802)
2026-04-21	fea7073a181e		and_cardinality/census-income	444.4	builds with  Fil-C (#802)
2026-04-21	fea7073a181e		contains/census-income	13963.2	builds with  Fil-C (#802)
2026-04-21	fea7073a181e		iterate/census-income	32202.7	builds with  Fil-C (#802)
2026-04-21	fea7073a181e		to_array/census-income	1339.4	builds with  Fil-C (#802)
2026-04-21	fea7073a181e		deserialize/census-income	123.7	builds with  Fil-C (#802)
2026-04-21	fea7073a181e		cardinality64/census-income	13.8	builds with  Fil-C (#802)
2026-04-21	fea7073a181e		iterate64/census-income	33603.8	builds with  Fil-C (#802)
2026-04-21	fea7073a181e		or_successive64/census-income	405.0	builds with  Fil-C (#802)
2026-04-21	fea7073a181e		or_successive/weather_sept_85	3329.2	builds with  Fil-C (#802)
2026-04-21	fea7073a181e		and_successive/weather_sept_85	2047.4	builds with  Fil-C (#802)
2026-04-21	fea7073a181e		and_cardinality/weather_sept_85	1596.2	builds with  Fil-C (#802)
2026-04-21	fea7073a181e		contains/weather_sept_85	17668.4	builds with  Fil-C (#802)
2026-04-21	fea7073a181e		iterate/weather_sept_85	59638.5	builds with  Fil-C (#802)
2026-04-21	fea7073a181e		to_array/weather_sept_85	5205.2	builds with  Fil-C (#802)
2026-04-21	fea7073a181e		deserialize/weather_sept_85	561.1	builds with  Fil-C (#802)
2026-04-21	fea7073a181e		cardinality64/weather_sept_85	34.4	builds with  Fil-C (#802)
2026-04-21	fea7073a181e		iterate64/weather_sept_85	64628.1	builds with  Fil-C (#802)
2026-04-21	fea7073a181e		or_successive64/weather_sept_85	1520.6	builds with  Fil-C (#802)
2026-04-22	fc6fa2e674df		or_successive/census1881	642.2	Update requirements to include Fil-C support
2026-04-22	fc6fa2e674df		and_successive/census1881	20.4	Update requirements to include Fil-C support
2026-04-22	fc6fa2e674df		and_cardinality/census1881	15.9	Update requirements to include Fil-C support
2026-04-22	fc6fa2e674df		contains/census1881	4570.2	Update requirements to include Fil-C support
2026-04-22	fc6fa2e674df		iterate/census1881	1535.3	Update requirements to include Fil-C support
2026-04-22	fc6fa2e674df		to_array/census1881	123.9	Update requirements to include Fil-C support
2026-04-22	fc6fa2e674df		deserialize/census1881	340.3	Update requirements to include Fil-C support
2026-04-22	fc6fa2e674df		cardinality64/census1881	17.9	Update requirements to include Fil-C support
2026-04-22	fc6fa2e674df		iterate64/census1881	3063.1	Update requirements to include Fil-C support
2026-04-22	fc6fa2e674df		or_successive64/census1881	1003.5	Update requirements to include Fil-C support
2026-04-22	fc6fa2e674df		or_successive/census-income	816.6	Update requirements to include Fil-C support
2026-04-22	fc6fa2e674df		and_successive/census-income	664.2	Update requirements to include Fil-C support
2026-04-22	fc6fa2e674df		and_cardinality/census-income	444.2	Update requirements to include Fil-C support
2026-04-22	fc6fa2e674df		contains/census-income	13958.1	Update requirements to include Fil-C support
2026-04-22	fc6fa2e674df		iterate/census-income	32582.0	Update requirements to include Fil-C support
2026-04-22	fc6fa2e674df		to_array/census-income	1338.1	Update requirements to include Fil-C support
2026-04-22	fc6fa2e674df		deserialize/census-income	130.6	Update requirements to include Fil-C support
2026-04-22	fc6fa2e674df		cardinality64/census-income	13.5	Update requirements to include Fil-C support
2026-04-22	fc6fa2e674df		iterate64/census-income	34237.0	Update requirements to include Fil-C support
2026-04-22	fc6fa2e674df		or_successive64/census-income	407.5	Update requirements to include Fil-C support
2026-04-22	fc6fa2e674df		or_successive/weather_sept_85	3319.7	Update requirements to include Fil-C support
2026-04-22	fc6fa2e674df		and_successive/weather_sept_85	2035.1	Update requirements to include Fil-C support
2026-04-22	fc6fa2e674df		and_cardinality/weather_sept_85	1609.7	Update requirements to include Fil-C support
2026-04-22	fc6fa2e674df		contains/weather_sept_85	17768.9	Update requirements to include Fil-C support
2026-04-22	fc6fa2e674df		iterate/weather_sept_85	58628.7	Update requirements to include Fil-C support
2026-04-22	fc6fa2e674df		to_array/weather_sept_85	5212.2	Update requirements to include Fil-C support
2026-04-22	fc6fa2e674df		deserialize/weather_sept_85	560.5	Update requirements to include Fil-C support
2026-04-22	fc6fa2e674df		cardinality64/weather_sept_85	33.1	Update requirements to include Fil-C support
2026-04-22	fc6fa2e674df		iterate64/weather_sept_85	65278.9	Update requirements to include Fil-C support
2026-04-22	fc6fa2e674df		or_successive64/weather_sept_85	1536.1	Update requirements to include Fil-C support
2026-04-24	2b7d240dc931		or_successive/census1881	645.5	New benchmark framework (#803)
2026-04-24	2b7d240dc931		and_successive/census1881	20.2	New benchmark framework (#803)
2026-04-24	2b7d240dc931		and_cardinality/census1881	16.3	New benchmark framework (#803)
2026-04-24	2b7d240dc931		contains/census1881	4598.6	New benchmark framework (#803)
2026-04-24	2b7d240dc931		iterate/census1881	1569.0	New benchmark framework (#803)
2026-04-24	2b7d240dc931		to_array/census1881	123.0	New benchmark framework (#803)
2026-04-24	2b7d240dc931		deserialize/census1881	360.3	New benchmark framework (#803)
2026-04-24	2b7d240dc931		cardinality64/census1881	19.5	New benchmark framework (#803)
2026-04-24	2b7d240dc931		iterate64/census1881	3127.2	New benchmark framework (#803)
2026-04-24	2b7d240dc931		or_successive64/census1881	1004.8	New benchmark framework (#803)
2026-04-24	2b7d240dc931		or_successive/census-income	815.0	New benchmark framework (#803)
2026-04-24	2b7d240dc931		and_successive/census-income	661.9	New benchmark framework (#803)
2026-04-24	2b7d240dc931		and_cardinality/census-income	450.4	New benchmark framework (#803)
2026-04-24	2b7d240dc931		contains/census-income	13947.3	New benchmark framework (#803)
2026-04-24	2b7d240dc931		iterate/census-income	32454.8	New benchmark framework (#803)
2026-04-24	2b7d240dc931		to_array/census-income	1356.5	New benchmark framework (#803)
2026-04-24	2b7d240dc931		deserialize/census-income	126.2	New benchmark framework (#803)
2026-04-24	2b7d240dc931		cardinality64/census-income	13.9	New benchmark framework (#803)
2026-04-24	2b7d240dc931		iterate64/census-income	33934.5	New benchmark framework (#803)
2026-04-24	2b7d240dc931		or_successive64/census-income	402.3	New benchmark framework (#803)
2026-04-24	2b7d240dc931		or_successive/weather_sept_85	3326.1	New benchmark framework (#803)
2026-04-24	2b7d240dc931		and_successive/weather_sept_85	2046.9	New benchmark framework (#803)
2026-04-24	2b7d240dc931		and_cardinality/weather_sept_85	1595.0	New benchmark framework (#803)
2026-04-24	2b7d240dc931		contains/weather_sept_85	17781.5	New benchmark framework (#803)
2026-04-24	2b7d240dc931		iterate/weather_sept_85	59657.8	New benchmark framework (#803)
2026-04-24	2b7d240dc931		to_array/weather_sept_85	5208.1	New benchmark framework (#803)
2026-04-24	2b7d240dc931		deserialize/weather_sept_85	559.0	New benchmark framework (#803)
2026-04-24	2b7d240dc931		cardinality64/weather_sept_85	33.1	New benchmark framework (#803)
2026-04-24	2b7d240dc931		iterate64/weather_sept_85	64566.4	New benchmark framework (#803)
2026-04-24	2b7d240dc931		or_successive64/weather_sept_85	1546.1	New benchmark framework (#803)
2026-04-24	4234f13f8dff		or_successive/census1881	642.5	Performance improvement array_container_contains() (#800)
2026-04-24	4234f13f8dff		and_successive/census1881	20.7	Performance improvement array_container_contains() (#800)
2026-04-24	4234f13f8dff		and_cardinality/census1881	21.7	Performance improvement array_container_contains() (#800)
2026-04-24	4234f13f8dff		contains/census1881	4817.3	Performance improvement array_container_contains() (#800)
2026-04-24	4234f13f8dff		iterate/census1881	1556.4	Performance improvement array_container_contains() (#800)
2026-04-24	4234f13f8dff		to_array/census1881	121.6	Performance improvement array_container_contains() (#800)
2026-04-24	4234f13f8dff		deserialize/census1881	343.9	Performance improvement array_container_contains() (#800)
2026-04-24	4234f13f8dff		cardinality64/census1881	18.2	Performance improvement array_container_contains() (#800)
2026-04-24	4234f13f8dff		iterate64/census1881	3036.6	Performance improvement array_container_contains() (#800)
2026-04-24	4234f13f8dff		or_successive64/census1881	1009.5	Performance improvement array_container_contains() (#800)
2026-04-24	4234f13f8dff		or_successive/census-income	821.7	Performance improvement array_container_contains() (#800)
2026-04-24	4234f13f8dff		and_successive/census-income	661.5	Performance improvement array_container_contains() (#800)
2026-04-24	4234f13f8dff		and_cardinality/census-income	442.6	Performance improvement array_container_contains() (#800)
2026-04-24	4234f13f8dff		contains/census-income	13453.5	Performance improvement array_container_contains() (#800)
2026-04-24	4234f13f8dff		iterate/census-income	32159.8	Performance improvement array_container_contains() (#800)
2026-04-24	4234f13f8dff		to_array/census-income	1343.5	Performance improvement array_container_contains() (#800)
2026-04-24	4234f13f8dff		deserialize/census-income	121.8	Performance improvement array_container_contains() (#800)
2026-04-24	4234f13f8dff		cardinality64/census-income	14.4	Performance improvement array_container_contains() (#800)
2026-04-24	4234f13f8dff		iterate64/census-income	33420.2	Performance improvement array_container_contains() (#800)
2026-04-24	4234f13f8dff		or_successive64/census-income	409.3	Performance improvement array_container_contains() (#800)
2026-04-24	4234f13f8dff		or_successive/weather_sept_85	3303.9	Performance improvement array_container_contains() (#800)
2026-04-24	4234f13f8dff		and_successive/weather_sept_85	2044.4	Performance improvement array_container_contains() (#800)
2026-04-24	4234f13f8dff		and_cardinality/weather_sept_85	1605.8	Performance improvement array_container_contains() (#800)
2026-04-24	4234f13f8dff		contains/weather_sept_85	17161.9	Performance improvement array_container_contains() (#800)
2026-04-24	4234f13f8dff		iterate/weather_sept_85	60019.5	Performance improvement array_container_contains() (#800)
2026-04-24	4234f13f8dff		to_array/weather_sept_85	5221.8	Performance improvement array_container_contains() (#800)
2026-04-24	4234f13f8dff		deserialize/weather_sept_85	562.7	Performance improvement array_container_contains() (#800)
2026-04-24	4234f13f8dff		cardinality64/weather_sept_85	34.6	Performance improvement array_container_contains() (#800)
2026-04-24	4234f13f8dff		iterate64/weather_sept_85	63381.4	Performance improvement array_container_contains() (#800)
2026-04-24	4234f13f8dff		or_successive64/weather_sept_85	1534.8	Performance improvement array_container_contains() (#800)
2026-04-24	be74ab8f072f		or_successive/census1881	643.9	update
2026-04-24	be74ab8f072f		and_successive/census1881	20.4	update
2026-04-24	be74ab8f072f		and_cardinality/census1881	16.1	update
2026-04-24	be74ab8f072f		contains/census1881	4821.8	update
2026-04-24	be74ab8f072f		iterate/census1881	1545.0	update
2026-04-24	be74ab8f072f		to_array/census1881	120.9	update
2026-04-24	be74ab8f072f		deserialize/census1881	340.0	update
2026-04-24	be74ab8f072f		cardinality64/census1881	18.5	update
2026-04-24	be74ab8f072f		iterate64/census1881	2984.9	update
2026-04-24	be74ab8f072f		or_successive64/census1881	1007.3	update
2026-04-24	be74ab8f072f		or_successive/census-income	819.5	update
2026-04-24	be74ab8f072f		and_successive/census-income	670.7	update
2026-04-24	be74ab8f072f		and_cardinality/census-income	448.0	update
2026-04-24	be74ab8f072f		contains/census-income	13346.6	update
2026-04-24	be74ab8f072f		iterate/census-income	32276.0	update
2026-04-24	be74ab8f072f		to_array/census-income	1343.0	update
2026-04-24	be74ab8f072f		deserialize/census-income	125.1	update
2026-04-24	be74ab8f072f		cardinality64/census-income	14.2	update
2026-04-24	be74ab8f072f		iterate64/census-income	33316.0	update
2026-04-24	be74ab8f072f		or_successive64/census-income	404.2	update
2026-04-24	be74ab8f072f		or_successive/weather_sept_85	3279.6	update
2026-04-24	be74ab8f072f		and_successive/weather_sept_85	2050.0	update
2026-04-24	be74ab8f072f		and_cardinality/weather_sept_85	1613.2	update
2026-04-24	be74ab8f072f		contains/weather_sept_85	17180.7	update
2026-04-24	be74ab8f072f		iterate/weather_sept_85	59891.1	update
2026-04-24	be74ab8f072f		to_array/weather_sept_85	5207.4	update
2026-04-24	be74ab8f072f		deserialize/weather_sept_85	559.7	update
2026-04-24	be74ab8f072f		cardinality64/weather_sept_85	33.4	update
2026-04-24	be74ab8f072f		iterate64/weather_sept_85	63701.1	update
2026-04-24	be74ab8f072f		or_successive64/weather_sept_85	1686.7	update
2026-04-27	dd62e694d6b8		or_successive/census1881	638.5	Fix deep copy in Roaring64Map::frozenView (#804)
2026-04-27	dd62e694d6b8		and_successive/census1881	20.6	Fix deep copy in Roaring64Map::frozenView (#804)
2026-04-27	dd62e694d6b8		and_cardinality/census1881	21.0	Fix deep copy in Roaring64Map::frozenView (#804)
2026-04-27	dd62e694d6b8		contains/census1881	4830.8	Fix deep copy in Roaring64Map::frozenView (#804)
2026-04-27	dd62e694d6b8		iterate/census1881	1580.7	Fix deep copy in Roaring64Map::frozenView (#804)
2026-04-27	dd62e694d6b8		to_array/census1881	123.1	Fix deep copy in Roaring64Map::frozenView (#804)
2026-04-27	dd62e694d6b8		deserialize/census1881	357.4	Fix deep copy in Roaring64Map::frozenView (#804)
2026-04-27	dd62e694d6b8		cardinality64/census1881	18.2	Fix deep copy in Roaring64Map::frozenView (#804)
2026-04-27	dd62e694d6b8		iterate64/census1881	2946.1	Fix deep copy in Roaring64Map::frozenView (#804)
2026-04-27	dd62e694d6b8		or_successive64/census1881	1002.0	Fix deep copy in Roaring64Map::frozenView (#804)
2026-04-27	dd62e694d6b8		or_successive/census-income	807.8	Fix deep copy in Roaring64Map::frozenView (#804)
2026-04-27	dd62e694d6b8		and_successive/census-income	666.2	Fix deep copy in Roaring64Map::frozenView (#804)
2026-04-27	dd62e694d6b8		and_cardinality/census-income	440.2	Fix deep copy in Roaring64Map::frozenView (#804)
2026-04-27	dd62e694d6b8		contains/census-income	13378.0	Fix deep copy in Roaring64Map::frozenView (#804)
2026-04-27	dd62e694d6b8		iterate/census-income	32330.6	Fix deep copy in Roaring64Map::frozenView (#804)
2026-04-27	dd62e694d6b8		to_array/census-income	1347.0	Fix deep copy in Roaring64Map::frozenView (#804)
2026-04-27	dd62e694d6b8		deserialize/census-income	126.5	Fix deep copy in Roaring64Map::frozenView (#804)
2026-04-27	dd62e694d6b8		cardinality64/census-income	14.2	Fix deep copy in Roaring64Map::frozenView (#804)
2026-04-27	dd62e694d6b8		iterate64/census-income	33566.4	Fix deep copy in Roaring64Map::frozenView (#804)
2026-04-27	dd62e694d6b8		or_successive64/census-income	401.9	Fix deep copy in Roaring64Map::frozenView (#804)
2026-04-27	dd62e694d6b8		or_successive/weather_sept_85	3303.4	Fix deep copy in Roaring64Map::frozenView (#804)
2026-04-27	dd62e694d6b8		and_successive/weather_sept_85	2047.6	Fix deep copy in Roaring64Map::frozenView (#804)
2026-04-27	dd62e694d6b8		and_cardinality/weather_sept_85	1609.7	Fix deep copy in Roaring64Map::frozenView (#804)
2026-04-27	dd62e694d6b8		contains/weather_sept_85	17281.3	Fix deep copy in Roaring64Map::frozenView (#804)
2026-04-27	dd62e694d6b8		iterate/weather_sept_85	60012.4	Fix deep copy in Roaring64Map::frozenView (#804)
2026-04-27	dd62e694d6b8		to_array/weather_sept_85	5219.6	Fix deep copy in Roaring64Map::frozenView (#804)
2026-04-27	dd62e694d6b8		deserialize/weather_sept_85	563.0	Fix deep copy in Roaring64Map::frozenView (#804)
2026-04-27	dd62e694d6b8		cardinality64/weather_sept_85	34.1	Fix deep copy in Roaring64Map::frozenView (#804)
2026-04-27	dd62e694d6b8		iterate64/weather_sept_85	63898.0	Fix deep copy in Roaring64Map::frozenView (#804)
2026-04-27	dd62e694d6b8		or_successive64/weather_sept_85	1518.5	Fix deep copy in Roaring64Map::frozenView (#804)
2026-04-27	b298879ead94		or_successive/census1881	654.0	updating the benchmark
2026-04-27	b298879ead94		and_successive/census1881	20.9	updating the benchmark
2026-04-27	b298879ead94		and_cardinality/census1881	17.1	updating the benchmark
2026-04-27	b298879ead94		contains/census1881	4815.9	updating the benchmark
2026-04-27	b298879ead94		iterate/census1881	1573.8	updating the benchmark
2026-04-27	b298879ead94		to_array/census1881	125.4	updating the benchmark
2026-04-27	b298879ead94		deserialize/census1881	359.1	updating the benchmark
2026-04-27	b298879ead94		cardinality64/census1881	19.2	updating the benchmark
2026-04-27	b298879ead94		iterate64/census1881	3014.2	updating the benchmark
2026-04-27	b298879ead94		or_successive64/census1881	1008.4	updating the benchmark
2026-04-27	b298879ead94		or_successive/census-income	817.2	updating the benchmark
2026-04-27	b298879ead94		and_successive/census-income	662.1	updating the benchmark
2026-04-27	b298879ead94		and_cardinality/census-income	440.8	updating the benchmark
2026-04-27	b298879ead94		contains/census-income	13403.7	updating the benchmark
2026-04-27	b298879ead94		iterate/census-income	32160.0	updating the benchmark
2026-04-27	b298879ead94		to_array/census-income	1341.9	updating the benchmark
2026-04-27	b298879ead94		deserialize/census-income	122.1	updating the benchmark
2026-04-27	b298879ead94		cardinality64/census-income	14.4	updating the benchmark
2026-04-27	b298879ead94		iterate64/census-income	33540.1	updating the benchmark
2026-04-27	b298879ead94		or_successive64/census-income	404.2	updating the benchmark
2026-04-27	b298879ead94		or_successive/weather_sept_85	3324.0	updating the benchmark
2026-04-27	b298879ead94		and_successive/weather_sept_85	2037.7	updating the benchmark
2026-04-27	b298879ead94		and_cardinality/weather_sept_85	1609.3	updating the benchmark
2026-04-27	b298879ead94		contains/weather_sept_85	17221.6	updating the benchmark
2026-04-27	b298879ead94		iterate/weather_sept_85	59568.7	updating the benchmark
2026-04-27	b298879ead94		to_array/weather_sept_85	5209.2	updating the benchmark
2026-04-27	b298879ead94		deserialize/weather_sept_85	561.5	updating the benchmark
2026-04-27	b298879ead94		cardinality64/weather_sept_85	33.6	updating the benchmark
2026-04-27	b298879ead94		iterate64/weather_sept_85	63744.6	updating the benchmark
2026-04-27	b298879ead94		or_successive64/weather_sept_85	1519.7	updating the benchmark
2026-04-27	7001501da083		or_successive/census1881	647.2	lint
2026-04-27	7001501da083		and_successive/census1881	20.5	lint
2026-04-27	7001501da083		and_cardinality/census1881	20.3	lint
2026-04-27	7001501da083		contains/census1881	4812.8	lint
2026-04-27	7001501da083		iterate/census1881	1583.8	lint
2026-04-27	7001501da083		to_array/census1881	120.7	lint
2026-04-27	7001501da083		deserialize/census1881	337.3	lint
2026-04-27	7001501da083		cardinality64/census1881	18.2	lint
2026-04-27	7001501da083		iterate64/census1881	3025.6	lint
2026-04-27	7001501da083		or_successive64/census1881	1002.7	lint
2026-04-27	7001501da083		or_successive/census-income	820.1	lint
2026-04-27	7001501da083		and_successive/census-income	670.5	lint
2026-04-27	7001501da083		and_cardinality/census-income	438.0	lint
2026-04-27	7001501da083		contains/census-income	13370.3	lint
2026-04-27	7001501da083		iterate/census-income	32563.8	lint
2026-04-27	7001501da083		to_array/census-income	1342.1	lint
2026-04-27	7001501da083		deserialize/census-income	125.5	lint
2026-04-27	7001501da083		cardinality64/census-income	14.4	lint
2026-04-27	7001501da083		iterate64/census-income	33452.7	lint
2026-04-27	7001501da083		or_successive64/census-income	404.1	lint
2026-04-27	7001501da083		or_successive/weather_sept_85	3300.3	lint
2026-04-27	7001501da083		and_successive/weather_sept_85	2035.9	lint
2026-04-27	7001501da083		and_cardinality/weather_sept_85	1612.0	lint
2026-04-27	7001501da083		contains/weather_sept_85	17191.1	lint
2026-04-27	7001501da083		iterate/weather_sept_85	59420.2	lint
2026-04-27	7001501da083		to_array/weather_sept_85	5218.8	lint
2026-04-27	7001501da083		deserialize/weather_sept_85	558.6	lint
2026-04-27	7001501da083		cardinality64/weather_sept_85	33.6	lint
2026-04-27	7001501da083		iterate64/weather_sept_85	63873.7	lint
2026-04-27	7001501da083		or_successive64/weather_sept_85	1526.1	lint
2026-04-27	5e778cadefd0		or_successive/census1881	644.8	update.
2026-04-27	5e778cadefd0		and_successive/census1881	20.9	update.
2026-04-27	5e778cadefd0		and_cardinality/census1881	16.3	update.
2026-04-27	5e778cadefd0		contains/census1881	4824.4	update.
2026-04-27	5e778cadefd0		iterate/census1881	1585.7	update.
2026-04-27	5e778cadefd0		to_array/census1881	119.5	update.
2026-04-27	5e778cadefd0		deserialize/census1881	351.4	update.
2026-04-27	5e778cadefd0		cardinality64/census1881	18.5	update.
2026-04-27	5e778cadefd0		iterate64/census1881	3003.0	update.
2026-04-27	5e778cadefd0		or_successive64/census1881	999.2	update.
2026-04-27	5e778cadefd0		or_successive/census-income	816.2	update.
2026-04-27	5e778cadefd0		and_successive/census-income	667.5	update.
2026-04-27	5e778cadefd0		and_cardinality/census-income	449.0	update.
2026-04-27	5e778cadefd0		contains/census-income	13392.7	update.
2026-04-27	5e778cadefd0		iterate/census-income	32342.6	update.
2026-04-27	5e778cadefd0		to_array/census-income	1340.9	update.
2026-04-27	5e778cadefd0		deserialize/census-income	122.9	update.
2026-04-27	5e778cadefd0		cardinality64/census-income	14.4	update.
2026-04-27	5e778cadefd0		iterate64/census-income	33394.2	update.
2026-04-27	5e778cadefd0		or_successive64/census-income	405.1	update.
2026-04-27	5e778cadefd0		or_successive/weather_sept_85	3295.7	update.
2026-04-27	5e778cadefd0		and_successive/weather_sept_85	2049.3	update.
2026-04-27	5e778cadefd0		and_cardinality/weather_sept_85	1605.9	update.
2026-04-27	5e778cadefd0		contains/weather_sept_85	17198.8	update.
2026-04-27	5e778cadefd0		iterate/weather_sept_85	58991.8	update.
2026-04-27	5e778cadefd0		to_array/weather_sept_85	5214.6	update.
2026-04-27	5e778cadefd0		deserialize/weather_sept_85	560.4	update.
2026-04-27	5e778cadefd0		cardinality64/weather_sept_85	33.6	update.
2026-04-27	5e778cadefd0		iterate64/weather_sept_85	63936.1	update.
2026-04-27	5e778cadefd0		or_successive64/weather_sept_85	1531.5	update.
2026-04-28	5a5545855c6d		or_successive/census1881	650.6	dropping silly benchmarks
2026-04-28	5a5545855c6d		and_successive/census1881	20.9	dropping silly benchmarks
2026-04-28	5a5545855c6d		and_cardinality/census1881	16.3	dropping silly benchmarks
2026-04-28	5a5545855c6d		contains/census1881	4808.7	dropping silly benchmarks
2026-04-28	5a5545855c6d		iterate/census1881	1535.8	dropping silly benchmarks
2026-04-28	5a5545855c6d		to_array/census1881	119.9	dropping silly benchmarks
2026-04-28	5a5545855c6d		deserialize/census1881	339.1	dropping silly benchmarks
2026-04-28	5a5545855c6d		cardinality64/census1881	18.5	dropping silly benchmarks
2026-04-28	5a5545855c6d		iterate64/census1881	2996.2	dropping silly benchmarks
2026-04-28	5a5545855c6d		or_successive64/census1881	1006.0	dropping silly benchmarks
2026-04-28	5a5545855c6d		or_successive/census-income	811.6	dropping silly benchmarks
2026-04-28	5a5545855c6d		and_successive/census-income	669.1	dropping silly benchmarks
2026-04-28	5a5545855c6d		and_cardinality/census-income	440.4	dropping silly benchmarks
2026-04-28	5a5545855c6d		contains/census-income	13341.1	dropping silly benchmarks
2026-04-28	5a5545855c6d		iterate/census-income	32914.9	dropping silly benchmarks
2026-04-28	5a5545855c6d		to_array/census-income	1335.2	dropping silly benchmarks
2026-04-28	5a5545855c6d		deserialize/census-income	121.9	dropping silly benchmarks
2026-04-28	5a5545855c6d		cardinality64/census-income	14.5	dropping silly benchmarks
2026-04-28	5a5545855c6d		iterate64/census-income	33532.9	dropping silly benchmarks
2026-04-28	5a5545855c6d		or_successive64/census-income	405.3	dropping silly benchmarks
2026-04-28	5a5545855c6d		or_successive/weather_sept_85	3308.8	dropping silly benchmarks
2026-04-28	5a5545855c6d		and_successive/weather_sept_85	2041.1	dropping silly benchmarks
2026-04-28	5a5545855c6d		and_cardinality/weather_sept_85	1611.1	dropping silly benchmarks
2026-04-28	5a5545855c6d		contains/weather_sept_85	17125.9	dropping silly benchmarks
2026-04-28	5a5545855c6d		iterate/weather_sept_85	59944.6	dropping silly benchmarks
2026-04-28	5a5545855c6d		to_array/weather_sept_85	5226.6	dropping silly benchmarks
2026-04-28	5a5545855c6d		deserialize/weather_sept_85	563.0	dropping silly benchmarks
2026-04-28	5a5545855c6d		cardinality64/weather_sept_85	33.7	dropping silly benchmarks
2026-04-28	5a5545855c6d		iterate64/weather_sept_85	63614.1	dropping silly benchmarks
2026-04-28	5a5545855c6d		or_successive64/weather_sept_85	1524.7	dropping silly benchmarks
2026-04-29	77e42806fd13		or_successive/census1881	648.2	better array contains (SIMD Quad) (#805)
2026-04-29	77e42806fd13		and_successive/census1881	20.7	better array contains (SIMD Quad) (#805)
2026-04-29	77e42806fd13		and_cardinality/census1881	18.0	better array contains (SIMD Quad) (#805)
2026-04-29	77e42806fd13		contains/census1881	3366.7	better array contains (SIMD Quad) (#805)
2026-04-29	77e42806fd13		iterate/census1881	1595.5	better array contains (SIMD Quad) (#805)
2026-04-29	77e42806fd13		to_array/census1881	120.6	better array contains (SIMD Quad) (#805)
2026-04-29	77e42806fd13		deserialize/census1881	338.3	better array contains (SIMD Quad) (#805)
2026-04-29	77e42806fd13		cardinality64/census1881	18.3	better array contains (SIMD Quad) (#805)
2026-04-29	77e42806fd13		iterate64/census1881	2986.5	better array contains (SIMD Quad) (#805)
2026-04-29	77e42806fd13		or_successive64/census1881	1006.5	better array contains (SIMD Quad) (#805)
2026-04-29	77e42806fd13		or_successive/census-income	810.2	better array contains (SIMD Quad) (#805)
2026-04-29	77e42806fd13		and_successive/census-income	666.3	better array contains (SIMD Quad) (#805)
2026-04-29	77e42806fd13		and_cardinality/census-income	443.1	better array contains (SIMD Quad) (#805)
2026-04-29	77e42806fd13		contains/census-income	6098.3	better array contains (SIMD Quad) (#805)
2026-04-29	77e42806fd13		iterate/census-income	32560.0	better array contains (SIMD Quad) (#805)
2026-04-29	77e42806fd13		to_array/census-income	1347.0	better array contains (SIMD Quad) (#805)
2026-04-29	77e42806fd13		deserialize/census-income	124.3	better array contains (SIMD Quad) (#805)
2026-04-29	77e42806fd13		cardinality64/census-income	14.1	better array contains (SIMD Quad) (#805)
2026-04-29	77e42806fd13		iterate64/census-income	33907.9	better array contains (SIMD Quad) (#805)
2026-04-29	77e42806fd13		or_successive64/census-income	407.7	better array contains (SIMD Quad) (#805)
2026-04-29	77e42806fd13		or_successive/weather_sept_85	3293.2	better array contains (SIMD Quad) (#805)
2026-04-29	77e42806fd13		and_successive/weather_sept_85	2035.5	better array contains (SIMD Quad) (#805)
2026-04-29	77e42806fd13		and_cardinality/weather_sept_85	1621.6	better array contains (SIMD Quad) (#805)
2026-04-29	77e42806fd13		contains/weather_sept_85	9832.8	better array contains (SIMD Quad) (#805)
2026-04-29	77e42806fd13		iterate/weather_sept_85	59223.0	better array contains (SIMD Quad) (#805)
2026-04-29	77e42806fd13		to_array/weather_sept_85	5206.0	better array contains (SIMD Quad) (#805)
2026-04-29	77e42806fd13		deserialize/weather_sept_85	557.6	better array contains (SIMD Quad) (#805)
2026-04-29	77e42806fd13		cardinality64/weather_sept_85	33.1	better array contains (SIMD Quad) (#805)
2026-04-29	77e42806fd13		iterate64/weather_sept_85	63581.8	better array contains (SIMD Quad) (#805)
2026-04-29	77e42806fd13		or_successive64/weather_sept_85	1521.1	better array contains (SIMD Quad) (#805)
2026-04-30	22b6d932230e		or_successive/census1881	655.5	Obvious optimization for array_container_offset (#806)
2026-04-30	22b6d932230e		and_successive/census1881	20.1	Obvious optimization for array_container_offset (#806)
2026-04-30	22b6d932230e		and_cardinality/census1881	17.4	Obvious optimization for array_container_offset (#806)
2026-04-30	22b6d932230e		contains/census1881	3424.9	Obvious optimization for array_container_offset (#806)
2026-04-30	22b6d932230e		iterate/census1881	1596.3	Obvious optimization for array_container_offset (#806)
2026-04-30	22b6d932230e		to_array/census1881	122.3	Obvious optimization for array_container_offset (#806)
2026-04-30	22b6d932230e		deserialize/census1881	351.8	Obvious optimization for array_container_offset (#806)
2026-04-30	22b6d932230e		cardinality64/census1881	18.3	Obvious optimization for array_container_offset (#806)
2026-04-30	22b6d932230e		iterate64/census1881	3019.3	Obvious optimization for array_container_offset (#806)
2026-04-30	22b6d932230e		or_successive64/census1881	1008.5	Obvious optimization for array_container_offset (#806)
2026-04-30	22b6d932230e		or_successive/census-income	810.4	Obvious optimization for array_container_offset (#806)
2026-04-30	22b6d932230e		and_successive/census-income	669.6	Obvious optimization for array_container_offset (#806)
2026-04-30	22b6d932230e		and_cardinality/census-income	441.7	Obvious optimization for array_container_offset (#806)
2026-04-30	22b6d932230e		contains/census-income	6099.5	Obvious optimization for array_container_offset (#806)
2026-04-30	22b6d932230e		iterate/census-income	32811.7	Obvious optimization for array_container_offset (#806)
2026-04-30	22b6d932230e		to_array/census-income	1352.5	Obvious optimization for array_container_offset (#806)
2026-04-30	22b6d932230e		deserialize/census-income	123.5	Obvious optimization for array_container_offset (#806)
2026-04-30	22b6d932230e		cardinality64/census-income	13.9	Obvious optimization for array_container_offset (#806)
2026-04-30	22b6d932230e		iterate64/census-income	33902.4	Obvious optimization for array_container_offset (#806)
2026-04-30	22b6d932230e		or_successive64/census-income	406.8	Obvious optimization for array_container_offset (#806)
2026-04-30	22b6d932230e		or_successive/weather_sept_85	3312.6	Obvious optimization for array_container_offset (#806)
2026-04-30	22b6d932230e		and_successive/weather_sept_85	2046.9	Obvious optimization for array_container_offset (#806)
2026-04-30	22b6d932230e		and_cardinality/weather_sept_85	1615.1	Obvious optimization for array_container_offset (#806)
2026-04-30	22b6d932230e		contains/weather_sept_85	9804.9	Obvious optimization for array_container_offset (#806)
2026-04-30	22b6d932230e		iterate/weather_sept_85	59579.0	Obvious optimization for array_container_offset (#806)
2026-04-30	22b6d932230e		to_array/weather_sept_85	5189.2	Obvious optimization for array_container_offset (#806)
2026-04-30	22b6d932230e		deserialize/weather_sept_85	558.3	Obvious optimization for array_container_offset (#806)
2026-04-30	22b6d932230e		cardinality64/weather_sept_85	33.0	Obvious optimization for array_container_offset (#806)
2026-04-30	22b6d932230e		iterate64/weather_sept_85	63904.3	Obvious optimization for array_container_offset (#806)
2026-04-30	22b6d932230e		or_successive64/weather_sept_85	1532.9	Obvious optimization for array_container_offset (#806)
2026-04-30	9f7e9441d042		or_successive/census1881	643.8	new benchmark
2026-04-30	9f7e9441d042		and_successive/census1881	20.7	new benchmark
2026-04-30	9f7e9441d042		and_cardinality/census1881	16.2	new benchmark
2026-04-30	9f7e9441d042		contains/census1881	3399.2	new benchmark
2026-04-30	9f7e9441d042		iterate/census1881	1620.5	new benchmark
2026-04-30	9f7e9441d042		to_array/census1881	121.2	new benchmark
2026-04-30	9f7e9441d042		deserialize/census1881	339.8	new benchmark
2026-04-30	9f7e9441d042		cardinality64/census1881	18.0	new benchmark
2026-04-30	9f7e9441d042		iterate64/census1881	3086.9	new benchmark
2026-04-30	9f7e9441d042		or_successive64/census1881	1011.7	new benchmark
2026-04-30	9f7e9441d042		or_successive/census-income	806.5	new benchmark
2026-04-30	9f7e9441d042		and_successive/census-income	666.2	new benchmark
2026-04-30	9f7e9441d042		and_cardinality/census-income	443.5	new benchmark
2026-04-30	9f7e9441d042		contains/census-income	6088.4	new benchmark
2026-04-30	9f7e9441d042		iterate/census-income	32321.1	new benchmark
2026-04-30	9f7e9441d042		to_array/census-income	1639.1	new benchmark
2026-04-30	9f7e9441d042		deserialize/census-income	198.8	new benchmark
2026-04-30	9f7e9441d042		cardinality64/census-income	21.9	new benchmark
2026-04-30	9f7e9441d042		iterate64/census-income	33945.9	new benchmark
2026-04-30	9f7e9441d042		or_successive64/census-income	402.5	new benchmark
2026-04-30	9f7e9441d042		or_successive/weather_sept_85	3314.0	new benchmark
2026-04-30	9f7e9441d042		and_successive/weather_sept_85	2056.4	new benchmark
2026-04-30	9f7e9441d042		and_cardinality/weather_sept_85	1612.0	new benchmark
2026-04-30	9f7e9441d042		contains/weather_sept_85	9774.5	new benchmark
2026-04-30	9f7e9441d042		iterate/weather_sept_85	59578.7	new benchmark
2026-04-30	9f7e9441d042		to_array/weather_sept_85	5215.5	new benchmark
2026-04-30	9f7e9441d042		deserialize/weather_sept_85	559.3	new benchmark
2026-04-30	9f7e9441d042		cardinality64/weather_sept_85	33.6	new benchmark
2026-04-30	9f7e9441d042		iterate64/weather_sept_85	64499.6	new benchmark
2026-04-30	9f7e9441d042		or_successive64/weather_sept_85	1521.2	new benchmark
2026-04-30	6cbc6f95225e		or_successive/census1881	646.2	lint
2026-04-30	6cbc6f95225e		and_successive/census1881	20.9	lint
2026-04-30	6cbc6f95225e		and_cardinality/census1881	16.3	lint
2026-04-30	6cbc6f95225e		contains/census1881	3398.0	lint
2026-04-30	6cbc6f95225e		iterate/census1881	1601.1	lint
2026-04-30	6cbc6f95225e		to_array/census1881	122.6	lint
2026-04-30	6cbc6f95225e		deserialize/census1881	345.4	lint
2026-04-30	6cbc6f95225e		cardinality64/census1881	17.8	lint
2026-04-30	6cbc6f95225e		iterate64/census1881	3084.5	lint
2026-04-30	6cbc6f95225e		or_successive64/census1881	1009.5	lint
2026-04-30	6cbc6f95225e		or_successive/census-income	812.9	lint
2026-04-30	6cbc6f95225e		and_successive/census-income	664.8	lint
2026-04-30	6cbc6f95225e		and_cardinality/census-income	445.3	lint
2026-04-30	6cbc6f95225e		contains/census-income	6087.6	lint
2026-04-30	6cbc6f95225e		iterate/census-income	32596.2	lint
2026-04-30	6cbc6f95225e		to_array/census-income	1347.9	lint
2026-04-30	6cbc6f95225e		deserialize/census-income	123.5	lint
2026-04-30	6cbc6f95225e		cardinality64/census-income	13.6	lint
2026-04-30	6cbc6f95225e		iterate64/census-income	33423.3	lint
2026-04-30	6cbc6f95225e		or_successive64/census-income	401.1	lint
2026-04-30	6cbc6f95225e		or_successive/weather_sept_85	3306.4	lint
2026-04-30	6cbc6f95225e		and_successive/weather_sept_85	2046.3	lint
2026-04-30	6cbc6f95225e		and_cardinality/weather_sept_85	1604.1	lint
2026-04-30	6cbc6f95225e		contains/weather_sept_85	9903.2	lint
2026-04-30	6cbc6f95225e		iterate/weather_sept_85	59697.7	lint
2026-04-30	6cbc6f95225e		to_array/weather_sept_85	5215.8	lint
2026-04-30	6cbc6f95225e		deserialize/weather_sept_85	560.5	lint
2026-04-30	6cbc6f95225e		cardinality64/weather_sept_85	33.0	lint
2026-04-30	6cbc6f95225e		iterate64/weather_sept_85	64706.7	lint
2026-04-30	6cbc6f95225e		or_successive64/weather_sept_85	1522.0	lint
2026-05-01	985091534dd4		or_successive/census1881	630.5	optimize bin search (#807)
2026-05-01	985091534dd4		and_successive/census1881	21.4	optimize bin search (#807)
2026-05-01	985091534dd4		and_cardinality/census1881	17.4	optimize bin search (#807)
2026-05-01	985091534dd4		contains/census1881	3310.7	optimize bin search (#807)
2026-05-01	985091534dd4		iterate/census1881	2013.8	optimize bin search (#807)
2026-05-01	985091534dd4		to_array/census1881	119.8	optimize bin search (#807)
2026-05-01	985091534dd4		deserialize/census1881	337.2	optimize bin search (#807)
2026-05-01	985091534dd4		cardinality64/census1881	17.8	optimize bin search (#807)
2026-05-01	985091534dd4		iterate64/census1881	3185.8	optimize bin search (#807)
2026-05-01	985091534dd4		or_successive64/census1881	1004.1	optimize bin search (#807)
2026-05-01	985091534dd4		or_successive/census-income	799.9	optimize bin search (#807)
2026-05-01	985091534dd4		and_successive/census-income	661.1	optimize bin search (#807)
2026-05-01	985091534dd4		and_cardinality/census-income	441.5	optimize bin search (#807)
2026-05-01	985091534dd4		contains/census-income	5871.9	optimize bin search (#807)
2026-05-01	985091534dd4		iterate/census-income	32393.2	optimize bin search (#807)
2026-05-01	985091534dd4		to_array/census-income	1359.0	optimize bin search (#807)
2026-05-01	985091534dd4		deserialize/census-income	123.5	optimize bin search (#807)
2026-05-01	985091534dd4		cardinality64/census-income	13.5	optimize bin search (#807)
2026-05-01	985091534dd4		iterate64/census-income	33740.5	optimize bin search (#807)
2026-05-01	985091534dd4		or_successive64/census-income	407.9	optimize bin search (#807)
2026-05-01	985091534dd4		or_successive/weather_sept_85	3154.7	optimize bin search (#807)
2026-05-01	985091534dd4		and_successive/weather_sept_85	2035.6	optimize bin search (#807)
2026-05-01	985091534dd4		and_cardinality/weather_sept_85	1598.5	optimize bin search (#807)
2026-05-01	985091534dd4		contains/weather_sept_85	9187.0	optimize bin search (#807)
2026-05-01	985091534dd4		iterate/weather_sept_85	59425.1	optimize bin search (#807)
2026-05-01	985091534dd4		to_array/weather_sept_85	5249.0	optimize bin search (#807)
2026-05-01	985091534dd4		deserialize/weather_sept_85	559.6	optimize bin search (#807)
2026-05-01	985091534dd4		cardinality64/weather_sept_85	34.0	optimize bin search (#807)
2026-05-01	985091534dd4		iterate64/weather_sept_85	63595.0	optimize bin search (#807)
2026-05-01	985091534dd4		or_successive64/weather_sept_85	1536.0	optimize bin search (#807)
2026-05-11	eb421d9270ae		or_successive/census1881	630.8	Add buffered backward read iterator for roaring32 and roaring64 (#814)
2026-05-11	eb421d9270ae		and_successive/census1881	21.3	Add buffered backward read iterator for roaring32 and roaring64 (#814)
2026-05-11	eb421d9270ae		and_cardinality/census1881	15.1	Add buffered backward read iterator for roaring32 and roaring64 (#814)
2026-05-11	eb421d9270ae		contains/census1881	3296.1	Add buffered backward read iterator for roaring32 and roaring64 (#814)
2026-05-11	eb421d9270ae		iterate/census1881	2006.1	Add buffered backward read iterator for roaring32 and roaring64 (#814)
2026-05-11	eb421d9270ae		to_array/census1881	119.5	Add buffered backward read iterator for roaring32 and roaring64 (#814)
2026-05-11	eb421d9270ae		deserialize/census1881	340.7	Add buffered backward read iterator for roaring32 and roaring64 (#814)
2026-05-11	eb421d9270ae		cardinality64/census1881	18.1	Add buffered backward read iterator for roaring32 and roaring64 (#814)
2026-05-11	eb421d9270ae		iterate64/census1881	3229.8	Add buffered backward read iterator for roaring32 and roaring64 (#814)
2026-05-11	eb421d9270ae		or_successive64/census1881	1012.6	Add buffered backward read iterator for roaring32 and roaring64 (#814)
2026-05-11	eb421d9270ae		or_successive/census-income	798.9	Add buffered backward read iterator for roaring32 and roaring64 (#814)
2026-05-11	eb421d9270ae		and_successive/census-income	666.1	Add buffered backward read iterator for roaring32 and roaring64 (#814)
2026-05-11	eb421d9270ae		and_cardinality/census-income	448.4	Add buffered backward read iterator for roaring32 and roaring64 (#814)
2026-05-11	eb421d9270ae		contains/census-income	5840.9	Add buffered backward read iterator for roaring32 and roaring64 (#814)
2026-05-11	eb421d9270ae		iterate/census-income	32448.6	Add buffered backward read iterator for roaring32 and roaring64 (#814)
2026-05-11	eb421d9270ae		to_array/census-income	1342.9	Add buffered backward read iterator for roaring32 and roaring64 (#814)
2026-05-11	eb421d9270ae		deserialize/census-income	124.6	Add buffered backward read iterator for roaring32 and roaring64 (#814)
2026-05-11	eb421d9270ae		cardinality64/census-income	13.7	Add buffered backward read iterator for roaring32 and roaring64 (#814)
2026-05-11	eb421d9270ae		iterate64/census-income	33804.0	Add buffered backward read iterator for roaring32 and roaring64 (#814)
2026-05-11	eb421d9270ae		or_successive64/census-income	416.0	Add buffered backward read iterator for roaring32 and roaring64 (#814)
2026-05-11	eb421d9270ae		or_successive/weather_sept_85	3134.6	Add buffered backward read iterator for roaring32 and roaring64 (#814)
2026-05-11	eb421d9270ae		and_successive/weather_sept_85	2033.2	Add buffered backward read iterator for roaring32 and roaring64 (#814)
2026-05-11	eb421d9270ae		and_cardinality/weather_sept_85	1597.3	Add buffered backward read iterator for roaring32 and roaring64 (#814)
2026-05-11	eb421d9270ae		contains/weather_sept_85	9209.2	Add buffered backward read iterator for roaring32 and roaring64 (#814)
2026-05-11	eb421d9270ae		iterate/weather_sept_85	59386.8	Add buffered backward read iterator for roaring32 and roaring64 (#814)
2026-05-11	eb421d9270ae		to_array/weather_sept_85	5271.4	Add buffered backward read iterator for roaring32 and roaring64 (#814)
2026-05-11	eb421d9270ae		deserialize/weather_sept_85	557.8	Add buffered backward read iterator for roaring32 and roaring64 (#814)
2026-05-11	eb421d9270ae		cardinality64/weather_sept_85	33.0	Add buffered backward read iterator for roaring32 and roaring64 (#814)
2026-05-11	eb421d9270ae		iterate64/weather_sept_85	64531.0	Add buffered backward read iterator for roaring32 and roaring64 (#814)
2026-05-11	eb421d9270ae		or_successive64/weather_sept_85	1528.2	Add buffered backward read iterator for roaring32 and roaring64 (#814)
2026-05-12	a1c6d4609f12		or_successive/census1881	627.4	update
2026-05-12	a1c6d4609f12		and_successive/census1881	21.0	update
2026-05-12	a1c6d4609f12		and_cardinality/census1881	16.3	update
2026-05-12	a1c6d4609f12		contains/census1881	3311.7	update
2026-05-12	a1c6d4609f12		iterate/census1881	1877.9	update
2026-05-12	a1c6d4609f12		to_array/census1881	118.7	update
2026-05-12	a1c6d4609f12		deserialize/census1881	339.9	update
2026-05-12	a1c6d4609f12		cardinality64/census1881	18.4	update
2026-05-12	a1c6d4609f12		iterate64/census1881	3231.8	update
2026-05-12	a1c6d4609f12		or_successive64/census1881	1012.8	update
2026-05-12	a1c6d4609f12		or_successive/census-income	801.0	update
2026-05-12	a1c6d4609f12		and_successive/census-income	666.1	update
2026-05-12	a1c6d4609f12		and_cardinality/census-income	448.6	update
2026-05-12	a1c6d4609f12		contains/census-income	5840.4	update
2026-05-12	a1c6d4609f12		iterate/census-income	32646.5	update
2026-05-12	a1c6d4609f12		to_array/census-income	1348.5	update
2026-05-12	a1c6d4609f12		deserialize/census-income	124.4	update
2026-05-12	a1c6d4609f12		cardinality64/census-income	13.1	update
2026-05-12	a1c6d4609f12		iterate64/census-income	33882.1	update
2026-05-12	a1c6d4609f12		or_successive64/census-income	399.8	update
2026-05-12	a1c6d4609f12		or_successive/weather_sept_85	3124.5	update
2026-05-12	a1c6d4609f12		and_successive/weather_sept_85	2046.8	update
2026-05-12	a1c6d4609f12		and_cardinality/weather_sept_85	1598.3	update
2026-05-12	a1c6d4609f12		contains/weather_sept_85	9200.0	update
2026-05-12	a1c6d4609f12		iterate/weather_sept_85	59732.9	update
2026-05-12	a1c6d4609f12		to_array/weather_sept_85	5294.4	update
2026-05-12	a1c6d4609f12		deserialize/weather_sept_85	558.2	update
2026-05-12	a1c6d4609f12		cardinality64/weather_sept_85	32.5	update
2026-05-12	a1c6d4609f12		iterate64/weather_sept_85	64083.9	update
2026-05-12	a1c6d4609f12		or_successive64/weather_sept_85	1529.3	update
2026-05-12	f2487e90134b		or_successive/census1881	629.1	Merge branch 'master' of github.com:RoaringBitmap/CRoaring
2026-05-12	f2487e90134b		and_successive/census1881	21.5	Merge branch 'master' of github.com:RoaringBitmap/CRoaring
2026-05-12	f2487e90134b		and_cardinality/census1881	15.7	Merge branch 'master' of github.com:RoaringBitmap/CRoaring
2026-05-12	f2487e90134b		contains/census1881	3292.1	Merge branch 'master' of github.com:RoaringBitmap/CRoaring
2026-05-12	f2487e90134b		iterate/census1881	1939.3	Merge branch 'master' of github.com:RoaringBitmap/CRoaring
2026-05-12	f2487e90134b		to_array/census1881	119.3	Merge branch 'master' of github.com:RoaringBitmap/CRoaring
2026-05-12	f2487e90134b		deserialize/census1881	342.0	Merge branch 'master' of github.com:RoaringBitmap/CRoaring
2026-05-12	f2487e90134b		cardinality64/census1881	18.0	Merge branch 'master' of github.com:RoaringBitmap/CRoaring
2026-05-12	f2487e90134b		iterate64/census1881	3164.6	Merge branch 'master' of github.com:RoaringBitmap/CRoaring
2026-05-12	f2487e90134b		or_successive64/census1881	1009.6	Merge branch 'master' of github.com:RoaringBitmap/CRoaring
2026-05-12	f2487e90134b		or_successive/census-income	800.3	Merge branch 'master' of github.com:RoaringBitmap/CRoaring
2026-05-12	f2487e90134b		and_successive/census-income	666.0	Merge branch 'master' of github.com:RoaringBitmap/CRoaring
2026-05-12	f2487e90134b		and_cardinality/census-income	443.0	Merge branch 'master' of github.com:RoaringBitmap/CRoaring
2026-05-12	f2487e90134b		contains/census-income	5866.2	Merge branch 'master' of github.com:RoaringBitmap/CRoaring
2026-05-12	f2487e90134b		iterate/census-income	32556.6	Merge branch 'master' of github.com:RoaringBitmap/CRoaring
2026-05-12	f2487e90134b		to_array/census-income	1349.2	Merge branch 'master' of github.com:RoaringBitmap/CRoaring
2026-05-12	f2487e90134b		deserialize/census-income	123.5	Merge branch 'master' of github.com:RoaringBitmap/CRoaring
2026-05-12	f2487e90134b		cardinality64/census-income	13.6	Merge branch 'master' of github.com:RoaringBitmap/CRoaring
2026-05-12	f2487e90134b		iterate64/census-income	33950.2	Merge branch 'master' of github.com:RoaringBitmap/CRoaring
2026-05-12	f2487e90134b		or_successive64/census-income	406.7	Merge branch 'master' of github.com:RoaringBitmap/CRoaring
2026-05-12	f2487e90134b		or_successive/weather_sept_85	3119.4	Merge branch 'master' of github.com:RoaringBitmap/CRoaring
2026-05-12	f2487e90134b		and_successive/weather_sept_85	2052.2	Merge branch 'master' of github.com:RoaringBitmap/CRoaring
2026-05-12	f2487e90134b		and_cardinality/weather_sept_85	1598.9	Merge branch 'master' of github.com:RoaringBitmap/CRoaring
2026-05-12	f2487e90134b		contains/weather_sept_85	9203.0	Merge branch 'master' of github.com:RoaringBitmap/CRoaring
2026-05-12	f2487e90134b		iterate/weather_sept_85	59417.1	Merge branch 'master' of github.com:RoaringBitmap/CRoaring
2026-05-12	f2487e90134b		to_array/weather_sept_85	5266.8	Merge branch 'master' of github.com:RoaringBitmap/CRoaring
2026-05-12	f2487e90134b		deserialize/weather_sept_85	558.4	Merge branch 'master' of github.com:RoaringBitmap/CRoaring
2026-05-12	f2487e90134b		cardinality64/weather_sept_85	33.1	Merge branch 'master' of github.com:RoaringBitmap/CRoaring
2026-05-12	f2487e90134b		iterate64/weather_sept_85	64401.6	Merge branch 'master' of github.com:RoaringBitmap/CRoaring
2026-05-12	f2487e90134b		or_successive64/weather_sept_85	1538.0	Merge branch 'master' of github.com:RoaringBitmap/CRoaring
2026-05-12	0da07ee5651e		or_successive/census1881	628.4	Bump actions/setup-node from 6.3.0 to 6.4.0 (#811)
2026-05-12	0da07ee5651e		and_successive/census1881	21.3	Bump actions/setup-node from 6.3.0 to 6.4.0 (#811)
2026-05-12	0da07ee5651e		and_cardinality/census1881	20.5	Bump actions/setup-node from 6.3.0 to 6.4.0 (#811)
2026-05-12	0da07ee5651e		contains/census1881	3304.7	Bump actions/setup-node from 6.3.0 to 6.4.0 (#811)
2026-05-12	0da07ee5651e		iterate/census1881	1929.6	Bump actions/setup-node from 6.3.0 to 6.4.0 (#811)
2026-05-12	0da07ee5651e		to_array/census1881	119.5	Bump actions/setup-node from 6.3.0 to 6.4.0 (#811)
2026-05-12	0da07ee5651e		deserialize/census1881	342.3	Bump actions/setup-node from 6.3.0 to 6.4.0 (#811)
2026-05-12	0da07ee5651e		cardinality64/census1881	18.5	Bump actions/setup-node from 6.3.0 to 6.4.0 (#811)
2026-05-12	0da07ee5651e		iterate64/census1881	3261.5	Bump actions/setup-node from 6.3.0 to 6.4.0 (#811)
2026-05-12	0da07ee5651e		or_successive64/census1881	1024.5	Bump actions/setup-node from 6.3.0 to 6.4.0 (#811)
2026-05-12	0da07ee5651e		or_successive/census-income	798.0	Bump actions/setup-node from 6.3.0 to 6.4.0 (#811)
2026-05-12	0da07ee5651e		and_successive/census-income	666.3	Bump actions/setup-node from 6.3.0 to 6.4.0 (#811)
2026-05-12	0da07ee5651e		and_cardinality/census-income	443.3	Bump actions/setup-node from 6.3.0 to 6.4.0 (#811)
2026-05-12	0da07ee5651e		contains/census-income	5873.3	Bump actions/setup-node from 6.3.0 to 6.4.0 (#811)
2026-05-12	0da07ee5651e		iterate/census-income	32286.4	Bump actions/setup-node from 6.3.0 to 6.4.0 (#811)
2026-05-12	0da07ee5651e		to_array/census-income	1355.7	Bump actions/setup-node from 6.3.0 to 6.4.0 (#811)
2026-05-12	0da07ee5651e		deserialize/census-income	121.5	Bump actions/setup-node from 6.3.0 to 6.4.0 (#811)
2026-05-12	0da07ee5651e		cardinality64/census-income	13.5	Bump actions/setup-node from 6.3.0 to 6.4.0 (#811)
2026-05-12	0da07ee5651e		iterate64/census-income	33491.8	Bump actions/setup-node from 6.3.0 to 6.4.0 (#811)
2026-05-12	0da07ee5651e		or_successive64/census-income	405.5	Bump actions/setup-node from 6.3.0 to 6.4.0 (#811)
2026-05-12	0da07ee5651e		or_successive/weather_sept_85	3148.9	Bump actions/setup-node from 6.3.0 to 6.4.0 (#811)
2026-05-12	0da07ee5651e		and_successive/weather_sept_85	2040.9	Bump actions/setup-node from 6.3.0 to 6.4.0 (#811)
2026-05-12	0da07ee5651e		and_cardinality/weather_sept_85	1599.0	Bump actions/setup-node from 6.3.0 to 6.4.0 (#811)
2026-05-12	0da07ee5651e		contains/weather_sept_85	9218.2	Bump actions/setup-node from 6.3.0 to 6.4.0 (#811)
2026-05-12	0da07ee5651e		iterate/weather_sept_85	59126.1	Bump actions/setup-node from 6.3.0 to 6.4.0 (#811)
2026-05-12	0da07ee5651e		to_array/weather_sept_85	5284.2	Bump actions/setup-node from 6.3.0 to 6.4.0 (#811)
2026-05-12	0da07ee5651e		deserialize/weather_sept_85	564.3	Bump actions/setup-node from 6.3.0 to 6.4.0 (#811)
2026-05-12	0da07ee5651e		cardinality64/weather_sept_85	33.1	Bump actions/setup-node from 6.3.0 to 6.4.0 (#811)
2026-05-12	0da07ee5651e		iterate64/weather_sept_85	64159.5	Bump actions/setup-node from 6.3.0 to 6.4.0 (#811)
2026-05-12	0da07ee5651e		or_successive64/weather_sept_85	1537.4	Bump actions/setup-node from 6.3.0 to 6.4.0 (#811)
2026-05-12	a1638585db80		or_successive/census1881	633.5	Bump actions/upload-artifact from 7.0.0 to 7.0.1 (#808)
2026-05-12	a1638585db80		and_successive/census1881	22.1	Bump actions/upload-artifact from 7.0.0 to 7.0.1 (#808)
2026-05-12	a1638585db80		and_cardinality/census1881	15.2	Bump actions/upload-artifact from 7.0.0 to 7.0.1 (#808)
2026-05-12	a1638585db80		contains/census1881	3310.9	Bump actions/upload-artifact from 7.0.0 to 7.0.1 (#808)
2026-05-12	a1638585db80		iterate/census1881	2060.3	Bump actions/upload-artifact from 7.0.0 to 7.0.1 (#808)
2026-05-12	a1638585db80		to_array/census1881	120.3	Bump actions/upload-artifact from 7.0.0 to 7.0.1 (#808)
2026-05-12	a1638585db80		deserialize/census1881	343.7	Bump actions/upload-artifact from 7.0.0 to 7.0.1 (#808)
2026-05-12	a1638585db80		cardinality64/census1881	18.3	Bump actions/upload-artifact from 7.0.0 to 7.0.1 (#808)
2026-05-12	a1638585db80		iterate64/census1881	3259.0	Bump actions/upload-artifact from 7.0.0 to 7.0.1 (#808)
2026-05-12	a1638585db80		or_successive64/census1881	1006.1	Bump actions/upload-artifact from 7.0.0 to 7.0.1 (#808)
2026-05-12	a1638585db80		or_successive/census-income	788.6	Bump actions/upload-artifact from 7.0.0 to 7.0.1 (#808)
2026-05-12	a1638585db80		and_successive/census-income	665.5	Bump actions/upload-artifact from 7.0.0 to 7.0.1 (#808)
2026-05-12	a1638585db80		and_cardinality/census-income	453.8	Bump actions/upload-artifact from 7.0.0 to 7.0.1 (#808)
2026-05-12	a1638585db80		contains/census-income	5832.0	Bump actions/upload-artifact from 7.0.0 to 7.0.1 (#808)
2026-05-12	a1638585db80		iterate/census-income	32280.1	Bump actions/upload-artifact from 7.0.0 to 7.0.1 (#808)
2026-05-12	a1638585db80		to_array/census-income	1351.8	Bump actions/upload-artifact from 7.0.0 to 7.0.1 (#808)
2026-05-12	a1638585db80		deserialize/census-income	122.0	Bump actions/upload-artifact from 7.0.0 to 7.0.1 (#808)
2026-05-12	a1638585db80		cardinality64/census-income	13.3	Bump actions/upload-artifact from 7.0.0 to 7.0.1 (#808)
2026-05-12	a1638585db80		iterate64/census-income	33663.0	Bump actions/upload-artifact from 7.0.0 to 7.0.1 (#808)
2026-05-12	a1638585db80		or_successive64/census-income	408.2	Bump actions/upload-artifact from 7.0.0 to 7.0.1 (#808)
2026-05-12	a1638585db80		or_successive/weather_sept_85	3180.3	Bump actions/upload-artifact from 7.0.0 to 7.0.1 (#808)
2026-05-12	a1638585db80		and_successive/weather_sept_85	2046.2	Bump actions/upload-artifact from 7.0.0 to 7.0.1 (#808)
2026-05-12	a1638585db80		and_cardinality/weather_sept_85	1595.1	Bump actions/upload-artifact from 7.0.0 to 7.0.1 (#808)
2026-05-12	a1638585db80		contains/weather_sept_85	9224.0	Bump actions/upload-artifact from 7.0.0 to 7.0.1 (#808)
2026-05-12	a1638585db80		iterate/weather_sept_85	59102.6	Bump actions/upload-artifact from 7.0.0 to 7.0.1 (#808)
2026-05-12	a1638585db80		to_array/weather_sept_85	5281.1	Bump actions/upload-artifact from 7.0.0 to 7.0.1 (#808)
2026-05-12	a1638585db80		deserialize/weather_sept_85	559.6	Bump actions/upload-artifact from 7.0.0 to 7.0.1 (#808)
2026-05-12	a1638585db80		cardinality64/weather_sept_85	32.5	Bump actions/upload-artifact from 7.0.0 to 7.0.1 (#808)
2026-05-12	a1638585db80		iterate64/weather_sept_85	63964.4	Bump actions/upload-artifact from 7.0.0 to 7.0.1 (#808)
2026-05-12	a1638585db80		or_successive64/weather_sept_85	1534.4	Bump actions/upload-artifact from 7.0.0 to 7.0.1 (#808)
2026-05-12	51747302708f		or_successive/census1881	628.6	Bump github/codeql-action from 4.35.1 to 4.35.3 (#810)
2026-05-12	51747302708f		and_successive/census1881	21.8	Bump github/codeql-action from 4.35.1 to 4.35.3 (#810)
2026-05-12	51747302708f		and_cardinality/census1881	15.5	Bump github/codeql-action from 4.35.1 to 4.35.3 (#810)
2026-05-12	51747302708f		contains/census1881	3291.0	Bump github/codeql-action from 4.35.1 to 4.35.3 (#810)
2026-05-12	51747302708f		iterate/census1881	2063.4	Bump github/codeql-action from 4.35.1 to 4.35.3 (#810)
2026-05-12	51747302708f		to_array/census1881	119.1	Bump github/codeql-action from 4.35.1 to 4.35.3 (#810)
2026-05-12	51747302708f		deserialize/census1881	342.8	Bump github/codeql-action from 4.35.1 to 4.35.3 (#810)
2026-05-12	51747302708f		cardinality64/census1881	18.3	Bump github/codeql-action from 4.35.1 to 4.35.3 (#810)
2026-05-12	51747302708f		iterate64/census1881	3197.8	Bump github/codeql-action from 4.35.1 to 4.35.3 (#810)
2026-05-12	51747302708f		or_successive64/census1881	1003.7	Bump github/codeql-action from 4.35.1 to 4.35.3 (#810)
2026-05-12	51747302708f		or_successive/census-income	794.0	Bump github/codeql-action from 4.35.1 to 4.35.3 (#810)
2026-05-12	51747302708f		and_successive/census-income	665.2	Bump github/codeql-action from 4.35.1 to 4.35.3 (#810)
2026-05-12	51747302708f		and_cardinality/census-income	445.6	Bump github/codeql-action from 4.35.1 to 4.35.3 (#810)
2026-05-12	51747302708f		contains/census-income	5873.5	Bump github/codeql-action from 4.35.1 to 4.35.3 (#810)
2026-05-12	51747302708f		iterate/census-income	32676.2	Bump github/codeql-action from 4.35.1 to 4.35.3 (#810)
2026-05-12	51747302708f		to_array/census-income	1345.1	Bump github/codeql-action from 4.35.1 to 4.35.3 (#810)
2026-05-12	51747302708f		deserialize/census-income	121.8	Bump github/codeql-action from 4.35.1 to 4.35.3 (#810)
2026-05-12	51747302708f		cardinality64/census-income	13.7	Bump github/codeql-action from 4.35.1 to 4.35.3 (#810)
2026-05-12	51747302708f		iterate64/census-income	34097.3	Bump github/codeql-action from 4.35.1 to 4.35.3 (#810)
2026-05-12	51747302708f		or_successive64/census-income	409.2	Bump github/codeql-action from 4.35.1 to 4.35.3 (#810)
2026-05-12	51747302708f		or_successive/weather_sept_85	3162.4	Bump github/codeql-action from 4.35.1 to 4.35.3 (#810)
2026-05-12	51747302708f		and_successive/weather_sept_85	2051.4	Bump github/codeql-action from 4.35.1 to 4.35.3 (#810)
2026-05-12	51747302708f		and_cardinality/weather_sept_85	1600.3	Bump github/codeql-action from 4.35.1 to 4.35.3 (#810)
2026-05-12	51747302708f		contains/weather_sept_85	9241.3	Bump github/codeql-action from 4.35.1 to 4.35.3 (#810)
2026-05-12	51747302708f		iterate/weather_sept_85	59567.4	Bump github/codeql-action from 4.35.1 to 4.35.3 (#810)
2026-05-12	51747302708f		to_array/weather_sept_85	5267.3	Bump github/codeql-action from 4.35.1 to 4.35.3 (#810)
2026-05-12	51747302708f		deserialize/weather_sept_85	560.2	Bump github/codeql-action from 4.35.1 to 4.35.3 (#810)
2026-05-12	51747302708f		cardinality64/weather_sept_85	33.1	Bump github/codeql-action from 4.35.1 to 4.35.3 (#810)
2026-05-12	51747302708f		iterate64/weather_sept_85	63582.3	Bump github/codeql-action from 4.35.1 to 4.35.3 (#810)
2026-05-12	51747302708f		or_successive64/weather_sept_85	1533.1	Bump github/codeql-action from 4.35.1 to 4.35.3 (#810)
2026-05-12	d1d31bda15c3	v4.7.0	or_successive/census1881	625.6	version 4.7
2026-05-12	d1d31bda15c3	v4.7.0	and_successive/census1881	22.1	version 4.7
2026-05-12	d1d31bda15c3	v4.7.0	and_cardinality/census1881	15.2	version 4.7
2026-05-12	d1d31bda15c3	v4.7.0	contains/census1881	3309.7	version 4.7
2026-05-12	d1d31bda15c3	v4.7.0	iterate/census1881	1985.8	version 4.7
2026-05-12	d1d31bda15c3	v4.7.0	to_array/census1881	119.4	version 4.7
2026-05-12	d1d31bda15c3	v4.7.0	deserialize/census1881	341.8	version 4.7
2026-05-12	d1d31bda15c3	v4.7.0	cardinality64/census1881	17.8	version 4.7
2026-05-12	d1d31bda15c3	v4.7.0	iterate64/census1881	3259.3	version 4.7
2026-05-12	d1d31bda15c3	v4.7.0	or_successive64/census1881	1012.5	version 4.7
2026-05-12	d1d31bda15c3	v4.7.0	or_successive/census-income	801.5	version 4.7
2026-05-12	d1d31bda15c3	v4.7.0	and_successive/census-income	671.7	version 4.7
2026-05-12	d1d31bda15c3	v4.7.0	and_cardinality/census-income	457.0	version 4.7
2026-05-12	d1d31bda15c3	v4.7.0	contains/census-income	5856.9	version 4.7
2026-05-12	d1d31bda15c3	v4.7.0	iterate/census-income	32519.9	version 4.7
2026-05-12	d1d31bda15c3	v4.7.0	to_array/census-income	1354.4	version 4.7
2026-05-12	d1d31bda15c3	v4.7.0	deserialize/census-income	123.9	version 4.7
2026-05-12	d1d31bda15c3	v4.7.0	cardinality64/census-income	13.6	version 4.7
2026-05-12	d1d31bda15c3	v4.7.0	iterate64/census-income	33319.8	version 4.7
2026-05-12	d1d31bda15c3	v4.7.0	or_successive64/census-income	403.0	version 4.7
2026-05-12	d1d31bda15c3	v4.7.0	or_successive/weather_sept_85	3172.4	version 4.7
2026-05-12	d1d31bda15c3	v4.7.0	and_successive/weather_sept_85	2047.4	version 4.7
2026-05-12	d1d31bda15c3	v4.7.0	and_cardinality/weather_sept_85	1602.5	version 4.7
2026-05-12	d1d31bda15c3	v4.7.0	contains/weather_sept_85	9198.9	version 4.7
2026-05-12	d1d31bda15c3	v4.7.0	iterate/weather_sept_85	58890.0	version 4.7
2026-05-12	d1d31bda15c3	v4.7.0	to_array/weather_sept_85	5287.4	version 4.7
2026-05-12	d1d31bda15c3	v4.7.0	deserialize/weather_sept_85	561.6	version 4.7
2026-05-12	d1d31bda15c3	v4.7.0	cardinality64/weather_sept_85	32.6	version 4.7
2026-05-12	d1d31bda15c3	v4.7.0	iterate64/weather_sept_85	64598.7	version 4.7
2026-05-12	d1d31bda15c3	v4.7.0	or_successive64/weather_sept_85	1526.6	version 4.7
2026-05-12	5505f1bf1a62		or_successive/census1881	636.9	Enhance bug report guidelines in documentation
2026-05-12	5505f1bf1a62		and_successive/census1881	20.9	Enhance bug report guidelines in documentation
2026-05-12	5505f1bf1a62		and_cardinality/census1881	16.1	Enhance bug report guidelines in documentation
2026-05-12	5505f1bf1a62		contains/census1881	3317.1	Enhance bug report guidelines in documentation
2026-05-12	5505f1bf1a62		iterate/census1881	1826.9	Enhance bug report guidelines in documentation
2026-05-12	5505f1bf1a62		to_array/census1881	119.3	Enhance bug report guidelines in documentation
2026-05-12	5505f1bf1a62		deserialize/census1881	342.3	Enhance bug report guidelines in documentation
2026-05-12	5505f1bf1a62		cardinality64/census1881	18.2	Enhance bug report guidelines in documentation
2026-05-12	5505f1bf1a62		iterate64/census1881	3207.7	Enhance bug report guidelines in documentation
2026-05-12	5505f1bf1a62		or_successive64/census1881	1018.2	Enhance bug report guidelines in documentation
2026-05-12	5505f1bf1a62		or_successive/census-income	799.8	Enhance bug report guidelines in documentation
2026-05-12	5505f1bf1a62		and_successive/census-income	664.6	Enhance bug report guidelines in documentation
2026-05-12	5505f1bf1a62		and_cardinality/census-income	450.4	Enhance bug report guidelines in documentation
2026-05-12	5505f1bf1a62		contains/census-income	5868.5	Enhance bug report guidelines in documentation
2026-05-12	5505f1bf1a62		iterate/census-income	32589.0	Enhance bug report guidelines in documentation
2026-05-12	5505f1bf1a62		to_array/census-income	1340.9	Enhance bug report guidelines in documentation
2026-05-12	5505f1bf1a62		deserialize/census-income	121.6	Enhance bug report guidelines in documentation
2026-05-12	5505f1bf1a62		cardinality64/census-income	13.8	Enhance bug report guidelines in documentation
2026-05-12	5505f1bf1a62		iterate64/census-income	33909.2	Enhance bug report guidelines in documentation
2026-05-12	5505f1bf1a62		or_successive64/census-income	408.8	Enhance bug report guidelines in documentation
2026-05-12	5505f1bf1a62		or_successive/weather_sept_85	3150.8	Enhance bug report guidelines in documentation
2026-05-12	5505f1bf1a62		and_successive/weather_sept_85	2038.0	Enhance bug report guidelines in documentation
2026-05-12	5505f1bf1a62		and_cardinality/weather_sept_85	1601.5	Enhance bug report guidelines in documentation
2026-05-12	5505f1bf1a62		contains/weather_sept_85	9189.0	Enhance bug report guidelines in documentation
2026-05-12	5505f1bf1a62		iterate/weather_sept_85	59437.6	Enhance bug report guidelines in documentation
2026-05-12	5505f1bf1a62		to_array/weather_sept_85	5273.3	Enhance bug report guidelines in documentation
2026-05-12	5505f1bf1a62		deserialize/weather_sept_85	557.4	Enhance bug report guidelines in documentation
2026-05-12	5505f1bf1a62		cardinality64/weather_sept_85	33.6	Enhance bug report guidelines in documentation
2026-05-12	5505f1bf1a62		iterate64/weather_sept_85	63525.0	Enhance bug report guidelines in documentation
2026-05-12	5505f1bf1a62		or_successive64/weather_sept_85	1543.5	Enhance bug report guidelines in documentation
2026-05-20	217299e16b7f		or_successive/census1881	628.0	feat: add mask and maskClosed methods to Roaring (#816)
2026-05-20	217299e16b7f		and_successive/census1881	21.9	feat: add mask and maskClosed methods to Roaring (#816)
2026-05-20	217299e16b7f		and_cardinality/census1881	14.8	feat: add mask and maskClosed methods to Roaring (#816)
2026-05-20	217299e16b7f		contains/census1881	3312.9	feat: add mask and maskClosed methods to Roaring (#816)
2026-05-20	217299e16b7f		iterate/census1881	1993.0	feat: add mask and maskClosed methods to Roaring (#816)
2026-05-20	217299e16b7f		to_array/census1881	119.3	feat: add mask and maskClosed methods to Roaring (#816)
2026-05-20	217299e16b7f		deserialize/census1881	338.1	feat: add mask and maskClosed methods to Roaring (#816)
2026-05-20	217299e16b7f		cardinality64/census1881	18.1	feat: add mask and maskClosed methods to Roaring (#816)
2026-05-20	217299e16b7f		iterate64/census1881	3197.1	feat: add mask and maskClosed methods to Roaring (#816)
2026-05-20	217299e16b7f		or_successive64/census1881	1005.2	feat: add mask and maskClosed methods to Roaring (#816)
2026-05-20	217299e16b7f		or_successive/census-income	797.6	feat: add mask and maskClosed methods to Roaring (#816)
2026-05-20	217299e16b7f		and_successive/census-income	665.5	feat: add mask and maskClosed methods to Roaring (#816)
2026-05-20	217299e16b7f		and_cardinality/census-income	443.5	feat: add mask and maskClosed methods to Roaring (#816)
2026-05-20	217299e16b7f		contains/census-income	5869.3	feat: add mask and maskClosed methods to Roaring (#816)
2026-05-20	217299e16b7f		iterate/census-income	32239.5	feat: add mask and maskClosed methods to Roaring (#816)
2026-05-20	217299e16b7f		to_array/census-income	1349.4	feat: add mask and maskClosed methods to Roaring (#816)
2026-05-20	217299e16b7f		deserialize/census-income	143.3	feat: add mask and maskClosed methods to Roaring (#816)
2026-05-20	217299e16b7f		cardinality64/census-income	13.2	feat: add mask and maskClosed methods to Roaring (#816)
2026-05-20	217299e16b7f		iterate64/census-income	33764.1	feat: add mask and maskClosed methods to Roaring (#816)
2026-05-20	217299e16b7f		or_successive64/census-income	405.7	feat: add mask and maskClosed methods to Roaring (#816)
2026-05-20	217299e16b7f		or_successive/weather_sept_85	3151.1	feat: add mask and maskClosed methods to Roaring (#816)
2026-05-20	217299e16b7f		and_successive/weather_sept_85	2044.0	feat: add mask and maskClosed methods to Roaring (#816)
2026-05-20	217299e16b7f		and_cardinality/weather_sept_85	1598.9	feat: add mask and maskClosed methods to Roaring (#816)
2026-05-20	217299e16b7f		contains/weather_sept_85	9245.8	feat: add mask and maskClosed methods to Roaring (#816)
2026-05-20	217299e16b7f		iterate/weather_sept_85	59689.8	feat: add mask and maskClosed methods to Roaring (#816)
2026-05-20	217299e16b7f		to_array/weather_sept_85	5272.9	feat: add mask and maskClosed methods to Roaring (#816)
2026-05-20	217299e16b7f		deserialize/weather_sept_85	558.7	feat: add mask and maskClosed methods to Roaring (#816)
2026-05-20	217299e16b7f		cardinality64/weather_sept_85	33.5	feat: add mask and maskClosed methods to Roaring (#816)
2026-05-20	217299e16b7f		iterate64/weather_sept_85	64199.5	feat: add mask and maskClosed methods to Roaring (#816)
2026-05-20	217299e16b7f		or_successive64/weather_sept_85	1521.2	feat: add mask and maskClosed methods to Roaring (#816)
2026-05-27	b7c9ca684d83		or_successive/census1881	624.8	fix: do not include deprecated <stdalign.h> on C23 and later (#821)
2026-05-27	b7c9ca684d83		and_successive/census1881	21.5	fix: do not include deprecated <stdalign.h> on C23 and later (#821)
2026-05-27	b7c9ca684d83		and_cardinality/census1881	15.0	fix: do not include deprecated <stdalign.h> on C23 and later (#821)
2026-05-27	b7c9ca684d83		contains/census1881	3304.0	fix: do not include deprecated <stdalign.h> on C23 and later (#821)
2026-05-27	b7c9ca684d83		iterate/census1881	1918.1	fix: do not include deprecated <stdalign.h> on C23 and later (#821)
2026-05-27	b7c9ca684d83		to_array/census1881	118.5	fix: do not include deprecated <stdalign.h> on C23 and later (#821)
2026-05-27	b7c9ca684d83		deserialize/census1881	337.7	fix: do not include deprecated <stdalign.h> on C23 and later (#821)
2026-05-27	b7c9ca684d83		cardinality64/census1881	18.6	fix: do not include deprecated <stdalign.h> on C23 and later (#821)
2026-05-27	b7c9ca684d83		iterate64/census1881	3249.7	fix: do not include deprecated <stdalign.h> on C23 and later (#821)
2026-05-27	b7c9ca684d83		or_successive64/census1881	1002.7	fix: do not include deprecated <stdalign.h> on C23 and later (#821)
2026-05-27	b7c9ca684d83		or_successive/census-income	796.1	fix: do not include deprecated <stdalign.h> on C23 and later (#821)
2026-05-27	b7c9ca684d83		and_successive/census-income	663.3	fix: do not include deprecated <stdalign.h> on C23 and later (#821)
2026-05-27	b7c9ca684d83		and_cardinality/census-income	443.4	fix: do not include deprecated <stdalign.h> on C23 and later (#821)
2026-05-27	b7c9ca684d83		contains/census-income	5842.9	fix: do not include deprecated <stdalign.h> on C23 and later (#821)
2026-05-27	b7c9ca684d83		iterate/census-income	32202.6	fix: do not include deprecated <stdalign.h> on C23 and later (#821)
2026-05-27	b7c9ca684d83		to_array/census-income	1349.2	fix: do not include deprecated <stdalign.h> on C23 and later (#821)
2026-05-27	b7c9ca684d83		deserialize/census-income	122.1	fix: do not include deprecated <stdalign.h> on C23 and later (#821)
2026-05-27	b7c9ca684d83		cardinality64/census-income	13.7	fix: do not include deprecated <stdalign.h> on C23 and later (#821)
2026-05-27	b7c9ca684d83		iterate64/census-income	33513.2	fix: do not include deprecated <stdalign.h> on C23 and later (#821)
2026-05-27	b7c9ca684d83		or_successive64/census-income	410.0	fix: do not include deprecated <stdalign.h> on C23 and later (#821)
2026-05-27	b7c9ca684d83		or_successive/weather_sept_85	3113.2	fix: do not include deprecated <stdalign.h> on C23 and later (#821)
2026-05-27	b7c9ca684d83		and_successive/weather_sept_85	2042.0	fix: do not include deprecated <stdalign.h> on C23 and later (#821)
2026-05-27	b7c9ca684d83		and_cardinality/weather_sept_85	1606.0	fix: do not include deprecated <stdalign.h> on C23 and later (#821)
2026-05-27	b7c9ca684d83		contains/weather_sept_85	9205.2	fix: do not include deprecated <stdalign.h> on C23 and later (#821)
2026-05-27	b7c9ca684d83		iterate/weather_sept_85	59295.7	fix: do not include deprecated <stdalign.h> on C23 and later (#821)
2026-05-27	b7c9ca684d83		to_array/weather_sept_85	5290.0	fix: do not include deprecated <stdalign.h> on C23 and later (#821)
2026-05-27	b7c9ca684d83		deserialize/weather_sept_85	560.4	fix: do not include deprecated <stdalign.h> on C23 and later (#821)
2026-05-27	b7c9ca684d83		cardinality64/weather_sept_85	33.8	fix: do not include deprecated <stdalign.h> on C23 and later (#821)
2026-05-27	b7c9ca684d83		iterate64/weather_sept_85	64416.9	fix: do not include deprecated <stdalign.h> on C23 and later (#821)
2026-05-27	b7c9ca684d83		or_successive64/weather_sept_85	1536.6	fix: do not include deprecated <stdalign.h> on C23 and later (#821)
2026-05-28	98139ad76a1b		or_successive/census1881	628.2	feat: Implement containsRange family in Roaring64Map (#829)
2026-05-28	98139ad76a1b		and_successive/census1881	21.2	feat: Implement containsRange family in Roaring64Map (#829)
2026-05-28	98139ad76a1b		and_cardinality/census1881	16.0	feat: Implement containsRange family in Roaring64Map (#829)
2026-05-28	98139ad76a1b		contains/census1881	3288.9	feat: Implement containsRange family in Roaring64Map (#829)
2026-05-28	98139ad76a1b		iterate/census1881	1828.4	feat: Implement containsRange family in Roaring64Map (#829)
2026-05-28	98139ad76a1b		to_array/census1881	120.2	feat: Implement containsRange family in Roaring64Map (#829)
2026-05-28	98139ad76a1b		deserialize/census1881	342.3	feat: Implement containsRange family in Roaring64Map (#829)
2026-05-28	98139ad76a1b		cardinality64/census1881	18.0	feat: Implement containsRange family in Roaring64Map (#829)
2026-05-28	98139ad76a1b		iterate64/census1881	3196.8	feat: Implement containsRange family in Roaring64Map (#829)
2026-05-28	98139ad76a1b		or_successive64/census1881	1598.0	feat: Implement containsRange family in Roaring64Map (#829)
2026-05-28	98139ad76a1b		or_successive/census-income	798.6	feat: Implement containsRange family in Roaring64Map (#829)
2026-05-28	98139ad76a1b		and_successive/census-income	671.0	feat: Implement containsRange family in Roaring64Map (#829)
2026-05-28	98139ad76a1b		and_cardinality/census-income	447.2	feat: Implement containsRange family in Roaring64Map (#829)
2026-05-28	98139ad76a1b		contains/census-income	5859.1	feat: Implement containsRange family in Roaring64Map (#829)
2026-05-28	98139ad76a1b		iterate/census-income	32239.2	feat: Implement containsRange family in Roaring64Map (#829)
2026-05-28	98139ad76a1b		to_array/census-income	1347.1	feat: Implement containsRange family in Roaring64Map (#829)
2026-05-28	98139ad76a1b		deserialize/census-income	123.1	feat: Implement containsRange family in Roaring64Map (#829)
2026-05-28	98139ad76a1b		cardinality64/census-income	13.0	feat: Implement containsRange family in Roaring64Map (#829)
2026-05-28	98139ad76a1b		iterate64/census-income	33489.4	feat: Implement containsRange family in Roaring64Map (#829)
2026-05-28	98139ad76a1b		or_successive64/census-income	408.8	feat: Implement containsRange family in Roaring64Map (#829)
2026-05-28	98139ad76a1b		or_successive/weather_sept_85	3156.2	feat: Implement containsRange family in Roaring64Map (#829)
2026-05-28	98139ad76a1b		and_successive/weather_sept_85	2034.9	feat: Implement containsRange family in Roaring64Map (#829)
2026-05-28	98139ad76a1b		and_cardinality/weather_sept_85	1597.1	feat: Implement containsRange family in Roaring64Map (#829)
2026-05-28	98139ad76a1b		contains/weather_sept_85	9188.4	feat: Implement containsRange family in Roaring64Map (#829)
2026-05-28	98139ad76a1b		iterate/weather_sept_85	59422.2	feat: Implement containsRange family in Roaring64Map (#829)
2026-05-28	98139ad76a1b		to_array/weather_sept_85	5283.0	feat: Implement containsRange family in Roaring64Map (#829)
2026-05-28	98139ad76a1b		deserialize/weather_sept_85	565.4	feat: Implement containsRange family in Roaring64Map (#829)
2026-05-28	98139ad76a1b		cardinality64/weather_sept_85	33.7	feat: Implement containsRange family in Roaring64Map (#829)
2026-05-28	98139ad76a1b		iterate64/weather_sept_85	63638.2	feat: Implement containsRange family in Roaring64Map (#829)
2026-05-28	98139ad76a1b		or_successive64/weather_sept_85	1532.6	feat: Implement containsRange family in Roaring64Map (#829)
2026-05-28	07c3d8344cdb		or_successive/census1881	627.4	fixing support for big endian (IO) (#817)
2026-05-28	07c3d8344cdb		and_successive/census1881	21.4	fixing support for big endian (IO) (#817)
2026-05-28	07c3d8344cdb		and_cardinality/census1881	15.6	fixing support for big endian (IO) (#817)
2026-05-28	07c3d8344cdb		contains/census1881	3302.7	fixing support for big endian (IO) (#817)
2026-05-28	07c3d8344cdb		iterate/census1881	1914.3	fixing support for big endian (IO) (#817)
2026-05-28	07c3d8344cdb		to_array/census1881	119.8	fixing support for big endian (IO) (#817)
2026-05-28	07c3d8344cdb		deserialize/census1881	339.0	fixing support for big endian (IO) (#817)
2026-05-28	07c3d8344cdb		cardinality64/census1881	17.8	fixing support for big endian (IO) (#817)
2026-05-28	07c3d8344cdb		iterate64/census1881	3138.9	fixing support for big endian (IO) (#817)
2026-05-28	07c3d8344cdb		or_successive64/census1881	1005.6	fixing support for big endian (IO) (#817)
2026-05-28	07c3d8344cdb		or_successive/census-income	801.8	fixing support for big endian (IO) (#817)
2026-05-28	07c3d8344cdb		and_successive/census-income	669.3	fixing support for big endian (IO) (#817)
2026-05-28	07c3d8344cdb		and_cardinality/census-income	457.5	fixing support for big endian (IO) (#817)
2026-05-28	07c3d8344cdb		contains/census-income	5843.8	fixing support for big endian (IO) (#817)
2026-05-28	07c3d8344cdb		iterate/census-income	32288.8	fixing support for big endian (IO) (#817)
2026-05-28	07c3d8344cdb		to_array/census-income	1350.1	fixing support for big endian (IO) (#817)
2026-05-28	07c3d8344cdb		deserialize/census-income	122.0	fixing support for big endian (IO) (#817)
2026-05-28	07c3d8344cdb		cardinality64/census-income	13.3	fixing support for big endian (IO) (#817)
2026-05-28	07c3d8344cdb		iterate64/census-income	33843.8	fixing support for big endian (IO) (#817)
2026-05-28	07c3d8344cdb		or_successive64/census-income	412.1	fixing support for big endian (IO) (#817)
2026-05-28	07c3d8344cdb		or_successive/weather_sept_85	3155.2	fixing support for big endian (IO) (#817)
2026-05-28	07c3d8344cdb		and_successive/weather_sept_85	2048.8	fixing support for big endian (IO) (#817)
2026-05-28	07c3d8344cdb		and_cardinality/weather_sept_85	1608.8	fixing support for big endian (IO) (#817)
2026-05-28	07c3d8344cdb		contains/weather_sept_85	9227.0	fixing support for big endian (IO) (#817)
2026-05-28	07c3d8344cdb		iterate/weather_sept_85	59122.3	fixing support for big endian (IO) (#817)
2026-05-28	07c3d8344cdb		to_array/weather_sept_85	5289.5	fixing support for big endian (IO) (#817)
2026-05-28	07c3d8344cdb		deserialize/weather_sept_85	562.0	fixing support for big endian (IO) (#817)
2026-05-28	07c3d8344cdb		cardinality64/weather_sept_85	32.3	fixing support for big endian (IO) (#817)
2026-05-28	07c3d8344cdb		iterate64/weather_sept_85	63604.2	fixing support for big endian (IO) (#817)
2026-05-28	07c3d8344cdb		or_successive64/weather_sept_85	1540.1	fixing support for big endian (IO) (#817)
2026-06-02	1e7c1189e39d		or_successive/census1881	628.9	some users provide their own cmocka, but if they use an old cmocka, they (#831)
2026-06-02	1e7c1189e39d		and_successive/census1881	20.8	some users provide their own cmocka, but if they use an old cmocka, they (#831)
2026-06-02	1e7c1189e39d		and_cardinality/census1881	16.3	some users provide their own cmocka, but if they use an old cmocka, they (#831)
2026-06-02	1e7c1189e39d		contains/census1881	3263.4	some users provide their own cmocka, but if they use an old cmocka, they (#831)
2026-06-02	1e7c1189e39d		iterate/census1881	1871.9	some users provide their own cmocka, but if they use an old cmocka, they (#831)
2026-06-02	1e7c1189e39d		to_array/census1881	119.0	some users provide their own cmocka, but if they use an old cmocka, they (#831)
2026-06-02	1e7c1189e39d		deserialize/census1881	342.4	some users provide their own cmocka, but if they use an old cmocka, they (#831)
2026-06-02	1e7c1189e39d		cardinality64/census1881	18.0	some users provide their own cmocka, but if they use an old cmocka, they (#831)
2026-06-02	1e7c1189e39d		iterate64/census1881	3191.7	some users provide their own cmocka, but if they use an old cmocka, they (#831)
2026-06-02	1e7c1189e39d		or_successive64/census1881	1010.4	some users provide their own cmocka, but if they use an old cmocka, they (#831)
2026-06-02	1e7c1189e39d		or_successive/census-income	803.5	some users provide their own cmocka, but if they use an old cmocka, they (#831)
2026-06-02	1e7c1189e39d		and_successive/census-income	668.9	some users provide their own cmocka, but if they use an old cmocka, they (#831)
2026-06-02	1e7c1189e39d		and_cardinality/census-income	458.9	some users provide their own cmocka, but if they use an old cmocka, they (#831)
2026-06-02	1e7c1189e39d		contains/census-income	5856.2	some users provide their own cmocka, but if they use an old cmocka, they (#831)
2026-06-02	1e7c1189e39d		iterate/census-income	32317.8	some users provide their own cmocka, but if they use an old cmocka, they (#831)
2026-06-02	1e7c1189e39d		to_array/census-income	1342.2	some users provide their own cmocka, but if they use an old cmocka, they (#831)
2026-06-02	1e7c1189e39d		deserialize/census-income	126.0	some users provide their own cmocka, but if they use an old cmocka, they (#831)
2026-06-02	1e7c1189e39d		cardinality64/census-income	13.7	some users provide their own cmocka, but if they use an old cmocka, they (#831)
2026-06-02	1e7c1189e39d		iterate64/census-income	33514.5	some users provide their own cmocka, but if they use an old cmocka, they (#831)
2026-06-02	1e7c1189e39d		or_successive64/census-income	405.9	some users provide their own cmocka, but if they use an old cmocka, they (#831)
2026-06-02	1e7c1189e39d		or_successive/weather_sept_85	3134.1	some users provide their own cmocka, but if they use an old cmocka, they (#831)
2026-06-02	1e7c1189e39d		and_successive/weather_sept_85	2046.9	some users provide their own cmocka, but if they use an old cmocka, they (#831)
2026-06-02	1e7c1189e39d		and_cardinality/weather_sept_85	1601.0	some users provide their own cmocka, but if they use an old cmocka, they (#831)
2026-06-02	1e7c1189e39d		contains/weather_sept_85	9223.5	some users provide their own cmocka, but if they use an old cmocka, they (#831)
2026-06-02	1e7c1189e39d		iterate/weather_sept_85	59243.7	some users provide their own cmocka, but if they use an old cmocka, they (#831)
2026-06-02	1e7c1189e39d		to_array/weather_sept_85	5279.9	some users provide their own cmocka, but if they use an old cmocka, they (#831)
2026-06-02	1e7c1189e39d		deserialize/weather_sept_85	560.6	some users provide their own cmocka, but if they use an old cmocka, they (#831)
2026-06-02	1e7c1189e39d		cardinality64/weather_sept_85	33.1	some users provide their own cmocka, but if they use an old cmocka, they (#831)
2026-06-02	1e7c1189e39d		iterate64/weather_sept_85	63439.3	some users provide their own cmocka, but if they use an old cmocka, they (#831)
2026-06-02	1e7c1189e39d		or_successive64/weather_sept_85	1536.1	some users provide their own cmocka, but if they use an old cmocka, they (#831)
2026-06-10	9dc555a8f20c		or_successive/census1881	651.5	a word for our agents.
2026-06-10	9dc555a8f20c		and_successive/census1881	20.9	a word for our agents.
2026-06-10	9dc555a8f20c		and_cardinality/census1881	18.7	a word for our agents.
2026-06-10	9dc555a8f20c		contains/census1881	3309.1	a word for our agents.
2026-06-10	9dc555a8f20c		iterate/census1881	1954.3	a word for our agents.
2026-06-10	9dc555a8f20c		to_array/census1881	121.7	a word for our agents.
2026-06-10	9dc555a8f20c		deserialize/census1881	336.8	a word for our agents.
2026-06-10	9dc555a8f20c		cardinality64/census1881	17.8	a word for our agents.
2026-06-10	9dc555a8f20c		iterate64/census1881	3225.9	a word for our agents.
2026-06-10	9dc555a8f20c		or_successive64/census1881	1011.0	a word for our agents.
2026-06-10	9dc555a8f20c		or_successive/census-income	799.7	a word for our agents.
2026-06-10	9dc555a8f20c		and_successive/census-income	669.9	a word for our agents.
2026-06-10	9dc555a8f20c		and_cardinality/census-income	444.5	a word for our agents.
2026-06-10	9dc555a8f20c		contains/census-income	5858.3	a word for our agents.
2026-06-10	9dc555a8f20c		iterate/census-income	32442.6	a word for our agents.
2026-06-10	9dc555a8f20c		to_array/census-income	1348.1	a word for our agents.
2026-06-10	9dc555a8f20c		deserialize/census-income	125.1	a word for our agents.
2026-06-10	9dc555a8f20c		cardinality64/census-income	13.0	a word for our agents.
2026-06-10	9dc555a8f20c		iterate64/census-income	33710.3	a word for our agents.
2026-06-10	9dc555a8f20c		or_successive64/census-income	407.0	a word for our agents.
2026-06-10	9dc555a8f20c		or_successive/weather_sept_85	3140.7	a word for our agents.
2026-06-10	9dc555a8f20c		and_successive/weather_sept_85	2045.6	a word for our agents.
2026-06-10	9dc555a8f20c		and_cardinality/weather_sept_85	1599.2	a word for our agents.
2026-06-10	9dc555a8f20c		contains/weather_sept_85	9195.8	a word for our agents.
2026-06-10	9dc555a8f20c		iterate/weather_sept_85	59097.5	a word for our agents.
2026-06-10	9dc555a8f20c		to_array/weather_sept_85	5272.7	a word for our agents.
2026-06-10	9dc555a8f20c		deserialize/weather_sept_85	556.6	a word for our agents.
2026-06-10	9dc555a8f20c		cardinality64/weather_sept_85	34.1	a word for our agents.
2026-06-10	9dc555a8f20c		iterate64/weather_sept_85	63425.9	a word for our agents.
2026-06-10	9dc555a8f20c		or_successive64/weather_sept_85	1537.3	a word for our agents.
2026-06-10	a461e1a0d062	v4.7.1	or_successive/census1881	628.6	4.7.1
2026-06-10	a461e1a0d062	v4.7.1	and_successive/census1881	21.0	4.7.1
2026-06-10	a461e1a0d062	v4.7.1	and_cardinality/census1881	15.7	4.7.1
2026-06-10	a461e1a0d062	v4.7.1	contains/census1881	3321.9	4.7.1
2026-06-10	a461e1a0d062	v4.7.1	iterate/census1881	1916.0	4.7.1
2026-06-10	a461e1a0d062	v4.7.1	to_array/census1881	122.3	4.7.1
2026-06-10	a461e1a0d062	v4.7.1	deserialize/census1881	338.1	4.7.1
2026-06-10	a461e1a0d062	v4.7.1	cardinality64/census1881	17.9	4.7.1
2026-06-10	a461e1a0d062	v4.7.1	iterate64/census1881	3208.7	4.7.1
2026-06-10	a461e1a0d062	v4.7.1	or_successive64/census1881	1010.1	4.7.1
2026-06-10	a461e1a0d062	v4.7.1	or_successive/census-income	795.9	4.7.1
2026-06-10	a461e1a0d062	v4.7.1	and_successive/census-income	661.6	4.7.1
2026-06-10	a461e1a0d062	v4.7.1	and_cardinality/census-income	445.4	4.7.1
2026-06-10	a461e1a0d062	v4.7.1	contains/census-income	5857.5	4.7.1
2026-06-10	a461e1a0d062	v4.7.1	iterate/census-income	32378.0	4.7.1
2026-06-10	a461e1a0d062	v4.7.1	to_array/census-income	1351.1	4.7.1
2026-06-10	a461e1a0d062	v4.7.1	deserialize/census-income	122.8	4.7.1
2026-06-10	a461e1a0d062	v4.7.1	cardinality64/census-income	13.6	4.7.1
2026-06-10	a461e1a0d062	v4.7.1	iterate64/census-income	33418.5	4.7.1
2026-06-10	a461e1a0d062	v4.7.1	or_successive64/census-income	411.6	4.7.1
2026-06-10	a461e1a0d062	v4.7.1	or_successive/weather_sept_85	3184.1	4.7.1
2026-06-10	a461e1a0d062	v4.7.1	and_successive/weather_sept_85	2033.8	4.7.1
2026-06-10	a461e1a0d062	v4.7.1	and_cardinality/weather_sept_85	1603.7	4.7.1
2026-06-10	a461e1a0d062	v4.7.1	contains/weather_sept_85	9215.7	4.7.1
2026-06-10	a461e1a0d062	v4.7.1	iterate/weather_sept_85	60245.3	4.7.1
2026-06-10	a461e1a0d062	v4.7.1	to_array/weather_sept_85	5278.1	4.7.1
2026-06-10	a461e1a0d062	v4.7.1	deserialize/weather_sept_85	560.3	4.7.1
2026-06-10	a461e1a0d062	v4.7.1	cardinality64/weather_sept_85	33.4	4.7.1
2026-06-10	a461e1a0d062	v4.7.1	iterate64/weather_sept_85	64233.9	4.7.1
2026-06-10	a461e1a0d062	v4.7.1	or_successive64/weather_sept_85	1529.7	4.7.1
2026-06-10	65e70012b859		or_successive/census1881	635.2	Update AGENTS.md
2026-06-10	65e70012b859		and_successive/census1881	22.0	Update AGENTS.md
2026-06-10	65e70012b859		and_cardinality/census1881	15.6	Update AGENTS.md
2026-06-10	65e70012b859		contains/census1881	3320.8	Update AGENTS.md
2026-06-10	65e70012b859		iterate/census1881	1805.6	Update AGENTS.md
2026-06-10	65e70012b859		to_array/census1881	119.9	Update AGENTS.md
2026-06-10	65e70012b859		deserialize/census1881	340.0	Update AGENTS.md
2026-06-10	65e70012b859		cardinality64/census1881	18.0	Update AGENTS.md
2026-06-10	65e70012b859		iterate64/census1881	3217.6	Update AGENTS.md
2026-06-10	65e70012b859		or_successive64/census1881	1008.7	Update AGENTS.md
2026-06-10	65e70012b859		or_successive/census-income	870.5	Update AGENTS.md
2026-06-10	65e70012b859		and_successive/census-income	705.0	Update AGENTS.md
2026-06-10	65e70012b859		and_cardinality/census-income	469.4	Update AGENTS.md
2026-06-10	65e70012b859		contains/census-income	5845.7	Update AGENTS.md
2026-06-10	65e70012b859		iterate/census-income	32245.0	Update AGENTS.md
2026-06-10	65e70012b859		to_array/census-income	1359.3	Update AGENTS.md
2026-06-10	65e70012b859		deserialize/census-income	123.1	Update AGENTS.md
2026-06-10	65e70012b859		cardinality64/census-income	13.6	Update AGENTS.md
2026-06-10	65e70012b859		iterate64/census-income	33916.6	Update AGENTS.md
2026-06-10	65e70012b859		or_successive64/census-income	401.3	Update AGENTS.md
2026-06-10	65e70012b859		or_successive/weather_sept_85	3142.6	Update AGENTS.md
2026-06-10	65e70012b859		and_successive/weather_sept_85	2031.3	Update AGENTS.md
2026-06-10	65e70012b859		and_cardinality/weather_sept_85	1608.9	Update AGENTS.md
2026-06-10	65e70012b859		contains/weather_sept_85	9240.5	Update AGENTS.md
2026-06-10	65e70012b859		iterate/weather_sept_85	58855.0	Update AGENTS.md
2026-06-10	65e70012b859		to_array/weather_sept_85	5279.6	Update AGENTS.md
2026-06-10	65e70012b859		deserialize/weather_sept_85	561.6	Update AGENTS.md
2026-06-10	65e70012b859		cardinality64/weather_sept_85	33.3	Update AGENTS.md
2026-06-10	65e70012b859		iterate64/weather_sept_85	64382.8	Update AGENTS.md
2026-06-10	65e70012b859		or_successive64/weather_sept_85	1524.1	Update AGENTS.md
2026-06-11	6577c6a3bd0b		or_successive/census1881	633.7	Revise AGENTS.md for clarity on validation process
2026-06-11	6577c6a3bd0b		and_successive/census1881	21.4	Revise AGENTS.md for clarity on validation process
2026-06-11	6577c6a3bd0b		and_cardinality/census1881	15.8	Revise AGENTS.md for clarity on validation process
2026-06-11	6577c6a3bd0b		contains/census1881	3303.4	Revise AGENTS.md for clarity on validation process
2026-06-11	6577c6a3bd0b		iterate/census1881	1934.4	Revise AGENTS.md for clarity on validation process
2026-06-11	6577c6a3bd0b		to_array/census1881	120.5	Revise AGENTS.md for clarity on validation process
2026-06-11	6577c6a3bd0b		deserialize/census1881	343.4	Revise AGENTS.md for clarity on validation process
2026-06-11	6577c6a3bd0b		cardinality64/census1881	17.4	Revise AGENTS.md for clarity on validation process
2026-06-11	6577c6a3bd0b		iterate64/census1881	3232.4	Revise AGENTS.md for clarity on validation process
2026-06-11	6577c6a3bd0b		or_successive64/census1881	1010.3	Revise AGENTS.md for clarity on validation process
2026-06-11	6577c6a3bd0b		or_successive/census-income	787.9	Revise AGENTS.md for clarity on validation process
2026-06-11	6577c6a3bd0b		and_successive/census-income	666.7	Revise AGENTS.md for clarity on validation process
2026-06-11	6577c6a3bd0b		and_cardinality/census-income	443.5	Revise AGENTS.md for clarity on validation process
2026-06-11	6577c6a3bd0b		contains/census-income	5834.8	Revise AGENTS.md for clarity on validation process
2026-06-11	6577c6a3bd0b		iterate/census-income	32246.3	Revise AGENTS.md for clarity on validation process
2026-06-11	6577c6a3bd0b		to_array/census-income	1351.8	Revise AGENTS.md for clarity on validation process
2026-06-11	6577c6a3bd0b		deserialize/census-income	125.8	Revise AGENTS.md for clarity on validation process
2026-06-11	6577c6a3bd0b		cardinality64/census-income	13.8	Revise AGENTS.md for clarity on validation process
2026-06-11	6577c6a3bd0b		iterate64/census-income	33763.5	Revise AGENTS.md for clarity on validation process
2026-06-11	6577c6a3bd0b		or_successive64/census-income	408.4	Revise AGENTS.md for clarity on validation process
2026-06-11	6577c6a3bd0b		or_successive/weather_sept_85	3169.6	Revise AGENTS.md for clarity on validation process
2026-06-11	6577c6a3bd0b		and_successive/weather_sept_85	2041.7	Revise AGENTS.md for clarity on validation process
2026-06-11	6577c6a3bd0b		and_cardinality/weather_sept_85	1609.3	Revise AGENTS.md for clarity on validation process
2026-06-11	6577c6a3bd0b		contains/weather_sept_85	9214.3	Revise AGENTS.md for clarity on validation process
2026-06-11	6577c6a3bd0b		iterate/weather_sept_85	58958.4	Revise AGENTS.md for clarity on validation process
2026-06-11	6577c6a3bd0b		to_array/weather_sept_85	5267.4	Revise AGENTS.md for clarity on validation process
2026-06-11	6577c6a3bd0b		deserialize/weather_sept_85	561.1	Revise AGENTS.md for clarity on validation process
2026-06-11	6577c6a3bd0b		cardinality64/weather_sept_85	33.0	Revise AGENTS.md for clarity on validation process
2026-06-11	6577c6a3bd0b		iterate64/weather_sept_85	63472.8	Revise AGENTS.md for clarity on validation process
2026-06-11	6577c6a3bd0b		or_successive64/weather_sept_85	1532.6	Revise AGENTS.md for clarity on validation process
2026-06-16	23a33f45a63b		or_successive/census1881	644.5	lint
2026-06-16	23a33f45a63b		and_successive/census1881	21.7	lint
2026-06-16	23a33f45a63b		and_cardinality/census1881	15.3	lint
2026-06-16	23a33f45a63b		contains/census1881	3292.5	lint
2026-06-16	23a33f45a63b		iterate/census1881	1857.3	lint
2026-06-16	23a33f45a63b		to_array/census1881	119.5	lint
2026-06-16	23a33f45a63b		deserialize/census1881	337.9	lint
2026-06-16	23a33f45a63b		cardinality64/census1881	18.5	lint
2026-06-16	23a33f45a63b		iterate64/census1881	3240.8	lint
2026-06-16	23a33f45a63b		or_successive64/census1881	1006.6	lint
2026-06-16	23a33f45a63b		or_successive/census-income	797.6	lint
2026-06-16	23a33f45a63b		and_successive/census-income	667.5	lint
2026-06-16	23a33f45a63b		and_cardinality/census-income	442.1	lint
2026-06-16	23a33f45a63b		contains/census-income	5897.8	lint
2026-06-16	23a33f45a63b		iterate/census-income	32292.9	lint
2026-06-16	23a33f45a63b		to_array/census-income	1339.3	lint
2026-06-16	23a33f45a63b		deserialize/census-income	123.0	lint
2026-06-16	23a33f45a63b		cardinality64/census-income	13.7	lint
2026-06-16	23a33f45a63b		iterate64/census-income	33408.3	lint
2026-06-16	23a33f45a63b		or_successive64/census-income	410.1	lint
2026-06-16	23a33f45a63b		or_successive/weather_sept_85	3152.0	lint
2026-06-16	23a33f45a63b		and_successive/weather_sept_85	2045.4	lint
2026-06-16	23a33f45a63b		and_cardinality/weather_sept_85	1617.6	lint
2026-06-16	23a33f45a63b		contains/weather_sept_85	9180.8	lint
2026-06-16	23a33f45a63b		iterate/weather_sept_85	58914.5	lint
2026-06-16	23a33f45a63b		to_array/weather_sept_85	5274.7	lint
2026-06-16	23a33f45a63b		deserialize/weather_sept_85	556.8	lint
2026-06-16	23a33f45a63b		cardinality64/weather_sept_85	34.2	lint
2026-06-16	23a33f45a63b		iterate64/weather_sept_85	63489.1	lint
2026-06-16	23a33f45a63b		or_successive64/weather_sept_85	1544.5	lint
2026-06-29	eec64120b17b		or_successive/census1881	645.3	guarding empty outputs to avoid undef behavior
2026-06-29	eec64120b17b		and_successive/census1881	20.8	guarding empty outputs to avoid undef behavior
2026-06-29	eec64120b17b		and_cardinality/census1881	16.0	guarding empty outputs to avoid undef behavior
2026-06-29	eec64120b17b		contains/census1881	3288.6	guarding empty outputs to avoid undef behavior
2026-06-29	eec64120b17b		iterate/census1881	1945.2	guarding empty outputs to avoid undef behavior
2026-06-29	eec64120b17b		to_array/census1881	119.5	guarding empty outputs to avoid undef behavior
2026-06-29	eec64120b17b		deserialize/census1881	340.5	guarding empty outputs to avoid undef behavior
2026-06-29	eec64120b17b		cardinality64/census1881	18.6	guarding empty outputs to avoid undef behavior
2026-06-29	eec64120b17b		iterate64/census1881	3286.8	guarding empty outputs to avoid undef behavior
2026-06-29	eec64120b17b		or_successive64/census1881	1014.3	guarding empty outputs to avoid undef behavior
2026-06-29	eec64120b17b		or_successive/census-income	807.7	guarding empty outputs to avoid undef behavior
2026-06-29	eec64120b17b		and_successive/census-income	664.9	guarding empty outputs to avoid undef behavior
2026-06-29	eec64120b17b		and_cardinality/census-income	450.6	guarding empty outputs to avoid undef behavior
2026-06-29	eec64120b17b		contains/census-income	5854.9	guarding empty outputs to avoid undef behavior
2026-06-29	eec64120b17b		iterate/census-income	32466.8	guarding empty outputs to avoid undef behavior
2026-06-29	eec64120b17b		to_array/census-income	1350.8	guarding empty outputs to avoid undef behavior
2026-06-29	eec64120b17b		deserialize/census-income	123.5	guarding empty outputs to avoid undef behavior
2026-06-29	eec64120b17b		cardinality64/census-income	13.4	guarding empty outputs to avoid undef behavior
2026-06-29	eec64120b17b		iterate64/census-income	33458.4	guarding empty outputs to avoid undef behavior
2026-06-29	eec64120b17b		or_successive64/census-income	411.1	guarding empty outputs to avoid undef behavior
2026-06-29	eec64120b17b		or_successive/weather_sept_85	3306.7	guarding empty outputs to avoid undef behavior
2026-06-29	eec64120b17b		and_successive/weather_sept_85	2042.2	guarding empty outputs to avoid undef behavior
2026-06-29	eec64120b17b		and_cardinality/weather_sept_85	1605.1	guarding empty outputs to avoid undef behavior
2026-06-29	eec64120b17b		contains/weather_sept_85	9226.8	guarding empty outputs to avoid undef behavior
2026-06-29	eec64120b17b		iterate/weather_sept_85	59259.3	guarding empty outputs to avoid undef behavior
2026-06-29	eec64120b17b		to_array/weather_sept_85	5207.8	guarding empty outputs to avoid undef behavior
2026-06-29	eec64120b17b		deserialize/weather_sept_85	561.4	guarding empty outputs to avoid undef behavior
2026-06-29	eec64120b17b		cardinality64/weather_sept_85	33.3	guarding empty outputs to avoid undef behavior
2026-06-29	eec64120b17b		iterate64/weather_sept_85	63637.2	guarding empty outputs to avoid undef behavior
2026-06-29	eec64120b17b		or_successive64/weather_sept_85	1536.0	guarding empty outputs to avoid undef behavior
2026-06-29	2e8395f1dbf2	v4.7.2	or_successive/census1881	652.9	4.7.2
2026-06-29	2e8395f1dbf2	v4.7.2	and_successive/census1881	20.6	4.7.2
2026-06-29	2e8395f1dbf2	v4.7.2	and_cardinality/census1881	16.2	4.7.2
2026-06-29	2e8395f1dbf2	v4.7.2	contains/census1881	3298.0	4.7.2
2026-06-29	2e8395f1dbf2	v4.7.2	iterate/census1881	1920.9	4.7.2
2026-06-29	2e8395f1dbf2	v4.7.2	to_array/census1881	119.4	4.7.2
2026-06-29	2e8395f1dbf2	v4.7.2	deserialize/census1881	339.9	4.7.2
2026-06-29	2e8395f1dbf2	v4.7.2	cardinality64/census1881	18.4	4.7.2
2026-06-29	2e8395f1dbf2	v4.7.2	iterate64/census1881	3207.1	4.7.2
2026-06-29	2e8395f1dbf2	v4.7.2	or_successive64/census1881	1013.1	4.7.2
2026-06-29	2e8395f1dbf2	v4.7.2	or_successive/census-income	812.1	4.7.2
2026-06-29	2e8395f1dbf2	v4.7.2	and_successive/census-income	665.4	4.7.2
2026-06-29	2e8395f1dbf2	v4.7.2	and_cardinality/census-income	444.9	4.7.2
2026-06-29	2e8395f1dbf2	v4.7.2	contains/census-income	5879.7	4.7.2
2026-06-29	2e8395f1dbf2	v4.7.2	iterate/census-income	32412.4	4.7.2
2026-06-29	2e8395f1dbf2	v4.7.2	to_array/census-income	1327.9	4.7.2
2026-06-29	2e8395f1dbf2	v4.7.2	deserialize/census-income	125.0	4.7.2
2026-06-29	2e8395f1dbf2	v4.7.2	cardinality64/census-income	13.3	4.7.2
2026-06-29	2e8395f1dbf2	v4.7.2	iterate64/census-income	33527.4	4.7.2
2026-06-29	2e8395f1dbf2	v4.7.2	or_successive64/census-income	409.8	4.7.2
2026-06-29	2e8395f1dbf2	v4.7.2	or_successive/weather_sept_85	3332.9	4.7.2
2026-06-29	2e8395f1dbf2	v4.7.2	and_successive/weather_sept_85	2044.6	4.7.2
2026-06-29	2e8395f1dbf2	v4.7.2	and_cardinality/weather_sept_85	1603.1	4.7.2
2026-06-29	2e8395f1dbf2	v4.7.2	contains/weather_sept_85	9212.9	4.7.2
2026-06-29	2e8395f1dbf2	v4.7.2	iterate/weather_sept_85	59455.7	4.7.2
2026-06-29	2e8395f1dbf2	v4.7.2	to_array/weather_sept_85	5194.7	4.7.2
2026-06-29	2e8395f1dbf2	v4.7.2	deserialize/weather_sept_85	563.3	4.7.2
2026-06-29	2e8395f1dbf2	v4.7.2	cardinality64/weather_sept_85	33.1	4.7.2
2026-06-29	2e8395f1dbf2	v4.7.2	iterate64/weather_sept_85	64464.3	4.7.2
2026-06-29	2e8395f1dbf2	v4.7.2	or_successive64/weather_sept_85	1543.5	4.7.2
2026-07-13	1bc79d69818b		or_successive/census1881	647.8	Bump actions/checkout from 6.0.1 to 7.0.0 (#844)
2026-07-13	1bc79d69818b		and_successive/census1881	20.8	Bump actions/checkout from 6.0.1 to 7.0.0 (#844)
2026-07-13	1bc79d69818b		and_cardinality/census1881	20.0	Bump actions/checkout from 6.0.1 to 7.0.0 (#844)
2026-07-13	1bc79d69818b		contains/census1881	3269.7	Bump actions/checkout from 6.0.1 to 7.0.0 (#844)
2026-07-13	1bc79d69818b		iterate/census1881	1868.1	Bump actions/checkout from 6.0.1 to 7.0.0 (#844)
2026-07-13	1bc79d69818b		to_array/census1881	119.7	Bump actions/checkout from 6.0.1 to 7.0.0 (#844)
2026-07-13	1bc79d69818b		deserialize/census1881	339.8	Bump actions/checkout from 6.0.1 to 7.0.0 (#844)
2026-07-13	1bc79d69818b		cardinality64/census1881	17.3	Bump actions/checkout from 6.0.1 to 7.0.0 (#844)
2026-07-13	1bc79d69818b		iterate64/census1881	3149.9	Bump actions/checkout from 6.0.1 to 7.0.0 (#844)
2026-07-13	1bc79d69818b		or_successive64/census1881	1018.3	Bump actions/checkout from 6.0.1 to 7.0.0 (#844)
2026-07-13	1bc79d69818b		or_successive/census-income	812.9	Bump actions/checkout from 6.0.1 to 7.0.0 (#844)
2026-07-13	1bc79d69818b		and_successive/census-income	662.7	Bump actions/checkout from 6.0.1 to 7.0.0 (#844)
2026-07-13	1bc79d69818b		and_cardinality/census-income	453.3	Bump actions/checkout from 6.0.1 to 7.0.0 (#844)
2026-07-13	1bc79d69818b		contains/census-income	5860.1	Bump actions/checkout from 6.0.1 to 7.0.0 (#844)
2026-07-13	1bc79d69818b		iterate/census-income	32284.1	Bump actions/checkout from 6.0.1 to 7.0.0 (#844)
2026-07-13	1bc79d69818b		to_array/census-income	1343.2	Bump actions/checkout from 6.0.1 to 7.0.0 (#844)
2026-07-13	1bc79d69818b		deserialize/census-income	122.4	Bump actions/checkout from 6.0.1 to 7.0.0 (#844)
2026-07-13	1bc79d69818b		cardinality64/census-income	13.6	Bump actions/checkout from 6.0.1 to 7.0.0 (#844)
2026-07-13	1bc79d69818b		iterate64/census-income	33528.6	Bump actions/checkout from 6.0.1 to 7.0.0 (#844)
2026-07-13	1bc79d69818b		or_successive64/census-income	413.2	Bump actions/checkout from 6.0.1 to 7.0.0 (#844)
2026-07-13	1bc79d69818b		or_successive/weather_sept_85	3301.1	Bump actions/checkout from 6.0.1 to 7.0.0 (#844)
2026-07-13	1bc79d69818b		and_successive/weather_sept_85	2028.9	Bump actions/checkout from 6.0.1 to 7.0.0 (#844)
2026-07-13	1bc79d69818b		and_cardinality/weather_sept_85	1600.0	Bump actions/checkout from 6.0.1 to 7.0.0 (#844)
2026-07-13	1bc79d69818b		contains/weather_sept_85	9197.0	Bump actions/checkout from 6.0.1 to 7.0.0 (#844)
2026-07-13	1bc79d69818b		iterate/weather_sept_85	59343.1	Bump actions/checkout from 6.0.1 to 7.0.0 (#844)
2026-07-13	1bc79d69818b		to_array/weather_sept_85	5200.5	Bump actions/checkout from 6.0.1 to 7.0.0 (#844)
2026-07-13	1bc79d69818b		deserialize/weather_sept_85	559.7	Bump actions/checkout from 6.0.1 to 7.0.0 (#844)
2026-07-13	1bc79d69818b		cardinality64/weather_sept_85	35.0	Bump actions/checkout from 6.0.1 to 7.0.0 (#844)
2026-07-13	1bc79d69818b		iterate64/weather_sept_85	63464.5	Bump actions/checkout from 6.0.1 to 7.0.0 (#844)
2026-07-13	1bc79d69818b		or_successive64/weather_sept_85	1550.2	Bump actions/checkout from 6.0.1 to 7.0.0 (#844)
2026-07-13	ccfa1d6c90e1		or_successive/census1881	645.6	feat: Add Roaring64 (#840)
2026-07-13	ccfa1d6c90e1		and_successive/census1881	21.1	feat: Add Roaring64 (#840)
2026-07-13	ccfa1d6c90e1		and_cardinality/census1881	15.7	feat: Add Roaring64 (#840)
2026-07-13	ccfa1d6c90e1		contains/census1881	3276.7	feat: Add Roaring64 (#840)
2026-07-13	ccfa1d6c90e1		iterate/census1881	1908.1	feat: Add Roaring64 (#840)
2026-07-13	ccfa1d6c90e1		to_array/census1881	119.4	feat: Add Roaring64 (#840)
2026-07-13	ccfa1d6c90e1		deserialize/census1881	341.1	feat: Add Roaring64 (#840)
2026-07-13	ccfa1d6c90e1		cardinality64/census1881	18.2	feat: Add Roaring64 (#840)
2026-07-13	ccfa1d6c90e1		iterate64/census1881	3124.5	feat: Add Roaring64 (#840)
2026-07-13	ccfa1d6c90e1		or_successive64/census1881	1025.6	feat: Add Roaring64 (#840)
2026-07-13	ccfa1d6c90e1		or_successive/census-income	812.1	feat: Add Roaring64 (#840)
2026-07-13	ccfa1d6c90e1		and_successive/census-income	661.7	feat: Add Roaring64 (#840)
2026-07-13	ccfa1d6c90e1		and_cardinality/census-income	446.5	feat: Add Roaring64 (#840)
2026-07-13	ccfa1d6c90e1		contains/census-income	5858.8	feat: Add Roaring64 (#840)
2026-07-13	ccfa1d6c90e1		iterate/census-income	32285.5	feat: Add Roaring64 (#840)
2026-07-13	ccfa1d6c90e1		to_array/census-income	1335.3	feat: Add Roaring64 (#840)
2026-07-13	ccfa1d6c90e1		deserialize/census-income	125.8	feat: Add Roaring64 (#840)
2026-07-13	ccfa1d6c90e1		cardinality64/census-income	13.7	feat: Add Roaring64 (#840)
2026-07-13	ccfa1d6c90e1		iterate64/census-income	34256.4	feat: Add Roaring64 (#840)
2026-07-13	ccfa1d6c90e1		or_successive64/census-income	414.5	feat: Add Roaring64 (#840)
2026-07-13	ccfa1d6c90e1		or_successive/weather_sept_85	3308.4	feat: Add Roaring64 (#840)
2026-07-13	ccfa1d6c90e1		and_successive/weather_sept_85	2045.1	feat: Add Roaring64 (#840)
2026-07-13	ccfa1d6c90e1		and_cardinality/weather_sept_85	1601.6	feat: Add Roaring64 (#840)
2026-07-13	ccfa1d6c90e1		contains/weather_sept_85	9226.6	feat: Add Roaring64 (#840)
2026-07-13	ccfa1d6c90e1		iterate/weather_sept_85	59211.8	feat: Add Roaring64 (#840)
2026-07-13	ccfa1d6c90e1		to_array/weather_sept_85	5214.3	feat: Add Roaring64 (#840)
2026-07-13	ccfa1d6c90e1		deserialize/weather_sept_85	558.7	feat: Add Roaring64 (#840)
2026-07-13	ccfa1d6c90e1		cardinality64/weather_sept_85	33.3	feat: Add Roaring64 (#840)
2026-07-13	ccfa1d6c90e1		iterate64/weather_sept_85	63860.7	feat: Add Roaring64 (#840)
2026-07-13	ccfa1d6c90e1		or_successive64/weather_sept_85	1543.3	feat: Add Roaring64 (#840)
2026-07-13	8469e87461c4		or_successive/census1881	642.7	Bump github/codeql-action/init from 4.35.3 to 4.36.2 (#842)
2026-07-13	8469e87461c4		and_successive/census1881	20.5	Bump github/codeql-action/init from 4.35.3 to 4.36.2 (#842)
2026-07-13	8469e87461c4		and_cardinality/census1881	17.4	Bump github/codeql-action/init from 4.35.3 to 4.36.2 (#842)
2026-07-13	8469e87461c4		contains/census1881	3305.4	Bump github/codeql-action/init from 4.35.3 to 4.36.2 (#842)
2026-07-13	8469e87461c4		iterate/census1881	1846.3	Bump github/codeql-action/init from 4.35.3 to 4.36.2 (#842)
2026-07-13	8469e87461c4		to_array/census1881	119.1	Bump github/codeql-action/init from 4.35.3 to 4.36.2 (#842)
2026-07-13	8469e87461c4		deserialize/census1881	343.8	Bump github/codeql-action/init from 4.35.3 to 4.36.2 (#842)
2026-07-13	8469e87461c4		cardinality64/census1881	18.3	Bump github/codeql-action/init from 4.35.3 to 4.36.2 (#842)
2026-07-13	8469e87461c4		iterate64/census1881	3135.9	Bump github/codeql-action/init from 4.35.3 to 4.36.2 (#842)
2026-07-13	8469e87461c4		or_successive64/census1881	1010.9	Bump github/codeql-action/init from 4.35.3 to 4.36.2 (#842)
2026-07-13	8469e87461c4		or_successive/census-income	813.6	Bump github/codeql-action/init from 4.35.3 to 4.36.2 (#842)
2026-07-13	8469e87461c4		and_successive/census-income	660.2	Bump github/codeql-action/init from 4.35.3 to 4.36.2 (#842)
2026-07-13	8469e87461c4		and_cardinality/census-income	449.7	Bump github/codeql-action/init from 4.35.3 to 4.36.2 (#842)
2026-07-13	8469e87461c4		contains/census-income	5858.7	Bump github/codeql-action/init from 4.35.3 to 4.36.2 (#842)
2026-07-13	8469e87461c4		iterate/census-income	32269.5	Bump github/codeql-action/init from 4.35.3 to 4.36.2 (#842)
2026-07-13	8469e87461c4		to_array/census-income	1344.3	Bump github/codeql-action/init from 4.35.3 to 4.36.2 (#842)
2026-07-13	8469e87461c4		deserialize/census-income	121.7	Bump github/codeql-action/init from 4.35.3 to 4.36.2 (#842)
2026-07-13	8469e87461c4		cardinality64/census-income	13.7	Bump github/codeql-action/init from 4.35.3 to 4.36.2 (#842)
2026-07-13	8469e87461c4		iterate64/census-income	34117.9	Bump github/codeql-action/init from 4.35.3 to 4.36.2 (#842)
2026-07-13	8469e87461c4		or_successive64/census-income	413.3	Bump github/codeql-action/init from 4.35.3 to 4.36.2 (#842)
2026-07-13	8469e87461c4		or_successive/weather_sept_85	3319.9	Bump github/codeql-action/init from 4.35.3 to 4.36.2 (#842)
2026-07-13	8469e87461c4		and_successive/weather_sept_85	2041.8	Bump github/codeql-action/init from 4.35.3 to 4.36.2 (#842)
2026-07-13	8469e87461c4		and_cardinality/weather_sept_85	1601.7	Bump github/codeql-action/init from 4.35.3 to 4.36.2 (#842)
2026-07-13	8469e87461c4		contains/weather_sept_85	9216.9	Bump github/codeql-action/init from 4.35.3 to 4.36.2 (#842)
2026-07-13	8469e87461c4		iterate/weather_sept_85	59597.9	Bump github/codeql-action/init from 4.35.3 to 4.36.2 (#842)
2026-07-13	8469e87461c4		to_array/weather_sept_85	5213.3	Bump github/codeql-action/init from 4.35.3 to 4.36.2 (#842)
2026-07-13	8469e87461c4		deserialize/weather_sept_85	557.9	Bump github/codeql-action/init from 4.35.3 to 4.36.2 (#842)
2026-07-13	8469e87461c4		cardinality64/weather_sept_85	33.4	Bump github/codeql-action/init from 4.35.3 to 4.36.2 (#842)
2026-07-13	8469e87461c4		iterate64/weather_sept_85	64548.1	Bump github/codeql-action/init from 4.35.3 to 4.36.2 (#842)
2026-07-13	8469e87461c4		or_successive64/weather_sept_85	1544.7	Bump github/codeql-action/init from 4.35.3 to 4.36.2 (#842)
2026-07-13	1bd006c8966b		or_successive/census1881	642.4	Add riscv generic architecture detection (#839)
2026-07-13	1bd006c8966b		and_successive/census1881	21.3	Add riscv generic architecture detection (#839)
2026-07-13	1bd006c8966b		and_cardinality/census1881	14.7	Add riscv generic architecture detection (#839)
2026-07-13	1bd006c8966b		contains/census1881	3333.7	Add riscv generic architecture detection (#839)
2026-07-13	1bd006c8966b		iterate/census1881	1927.1	Add riscv generic architecture detection (#839)
2026-07-13	1bd006c8966b		to_array/census1881	118.7	Add riscv generic architecture detection (#839)
2026-07-13	1bd006c8966b		deserialize/census1881	338.1	Add riscv generic architecture detection (#839)
2026-07-13	1bd006c8966b		cardinality64/census1881	17.9	Add riscv generic architecture detection (#839)
2026-07-13	1bd006c8966b		iterate64/census1881	3226.8	Add riscv generic architecture detection (#839)
2026-07-13	1bd006c8966b		or_successive64/census1881	1014.6	Add riscv generic architecture detection (#839)
2026-07-13	1bd006c8966b		or_successive/census-income	816.8	Add riscv generic architecture detection (#839)
2026-07-13	1bd006c8966b		and_successive/census-income	665.7	Add riscv generic architecture detection (#839)
2026-07-13	1bd006c8966b		and_cardinality/census-income	444.6	Add riscv generic architecture detection (#839)
2026-07-13	1bd006c8966b		contains/census-income	5846.4	Add riscv generic architecture detection (#839)
2026-07-13	1bd006c8966b		iterate/census-income	32285.1	Add riscv generic architecture detection (#839)
2026-07-13	1bd006c8966b		to_array/census-income	1343.8	Add riscv generic architecture detection (#839)
2026-07-13	1bd006c8966b		deserialize/census-income	122.3	Add riscv generic architecture detection (#839)
2026-07-13	1bd006c8966b		cardinality64/census-income	13.3	Add riscv generic architecture detection (#839)
2026-07-13	1bd006c8966b		iterate64/census-income	33583.2	Add riscv generic architecture detection (#839)
2026-07-13	1bd006c8966b		or_successive64/census-income	415.2	Add riscv generic architecture detection (#839)
2026-07-13	1bd006c8966b		or_successive/weather_sept_85	3293.4	Add riscv generic architecture detection (#839)
2026-07-13	1bd006c8966b		and_successive/weather_sept_85	2035.3	Add riscv generic architecture detection (#839)
2026-07-13	1bd006c8966b		and_cardinality/weather_sept_85	1601.1	Add riscv generic architecture detection (#839)
2026-07-13	1bd006c8966b		contains/weather_sept_85	9221.3	Add riscv generic architecture detection (#839)
2026-07-13	1bd006c8966b		iterate/weather_sept_85	58929.2	Add riscv generic architecture detection (#839)
2026-07-13	1bd006c8966b		to_array/weather_sept_85	5196.1	Add riscv generic architecture detection (#839)
2026-07-13	1bd006c8966b		deserialize/weather_sept_85	557.5	Add riscv generic architecture detection (#839)
2026-07-13	1bd006c8966b		cardinality64/weather_sept_85	33.9	Add riscv generic architecture detection (#839)
2026-07-13	1bd006c8966b		iterate64/weather_sept_85	64439.1	Add riscv generic architecture detection (#839)
2026-07-13	1bd006c8966b		or_successive64/weather_sept_85	1546.4	Add riscv generic architecture detection (#839)
2026-07-13	2c1f24c01a86		or_successive/census1881	642.2	these super slow tests should not run.
2026-07-13	2c1f24c01a86		and_successive/census1881	21.6	these super slow tests should not run.
2026-07-13	2c1f24c01a86		and_cardinality/census1881	15.3	these super slow tests should not run.
2026-07-13	2c1f24c01a86		contains/census1881	3287.2	these super slow tests should not run.
2026-07-13	2c1f24c01a86		iterate/census1881	1909.1	these super slow tests should not run.
2026-07-13	2c1f24c01a86		to_array/census1881	121.0	these super slow tests should not run.
2026-07-13	2c1f24c01a86		deserialize/census1881	339.5	these super slow tests should not run.
2026-07-13	2c1f24c01a86		cardinality64/census1881	18.1	these super slow tests should not run.
2026-07-13	2c1f24c01a86		iterate64/census1881	3084.0	these super slow tests should not run.
2026-07-13	2c1f24c01a86		or_successive64/census1881	1021.4	these super slow tests should not run.
2026-07-13	2c1f24c01a86		or_successive/census-income	812.1	these super slow tests should not run.
2026-07-13	2c1f24c01a86		and_successive/census-income	661.4	these super slow tests should not run.
2026-07-13	2c1f24c01a86		and_cardinality/census-income	448.4	these super slow tests should not run.
2026-07-13	2c1f24c01a86		contains/census-income	5870.1	these super slow tests should not run.
2026-07-13	2c1f24c01a86		iterate/census-income	32315.7	these super slow tests should not run.
2026-07-13	2c1f24c01a86		to_array/census-income	1339.8	these super slow tests should not run.
2026-07-13	2c1f24c01a86		deserialize/census-income	122.0	these super slow tests should not run.
2026-07-13	2c1f24c01a86		cardinality64/census-income	13.2	these super slow tests should not run.
2026-07-13	2c1f24c01a86		iterate64/census-income	34122.0	these super slow tests should not run.
2026-07-13	2c1f24c01a86		or_successive64/census-income	412.4	these super slow tests should not run.
2026-07-13	2c1f24c01a86		or_successive/weather_sept_85	3316.2	these super slow tests should not run.
2026-07-13	2c1f24c01a86		and_successive/weather_sept_85	2038.0	these super slow tests should not run.
2026-07-13	2c1f24c01a86		and_cardinality/weather_sept_85	1607.4	these super slow tests should not run.
2026-07-13	2c1f24c01a86		contains/weather_sept_85	9236.5	these super slow tests should not run.
2026-07-13	2c1f24c01a86		iterate/weather_sept_85	59224.0	these super slow tests should not run.
2026-07-13	2c1f24c01a86		to_array/weather_sept_85	5206.0	these super slow tests should not run.
2026-07-13	2c1f24c01a86		deserialize/weather_sept_85	557.4	these super slow tests should not run.
2026-07-13	2c1f24c01a86		cardinality64/weather_sept_85	34.4	these super slow tests should not run.
2026-07-13	2c1f24c01a86		iterate64/weather_sept_85	63208.7	these super slow tests should not run.
2026-07-13	2c1f24c01a86		or_successive64/weather_sept_85	1536.0	these super slow tests should not run.
2026-07-13	13717a64fe5f		or_successive/census1881	643.7	removing trailing spaces in the readme
2026-07-13	13717a64fe5f		and_successive/census1881	20.7	removing trailing spaces in the readme
2026-07-13	13717a64fe5f		and_cardinality/census1881	20.3	removing trailing spaces in the readme
2026-07-13	13717a64fe5f		contains/census1881	3293.7	removing trailing spaces in the readme
2026-07-13	13717a64fe5f		iterate/census1881	1874.0	removing trailing spaces in the readme
2026-07-13	13717a64fe5f		to_array/census1881	120.5	removing trailing spaces in the readme
2026-07-13	13717a64fe5f		deserialize/census1881	337.2	removing trailing spaces in the readme
2026-07-13	13717a64fe5f		cardinality64/census1881	18.0	removing trailing spaces in the readme
2026-07-13	13717a64fe5f		iterate64/census1881	3213.0	removing trailing spaces in the readme
2026-07-13	13717a64fe5f		or_successive64/census1881	1012.5	removing trailing spaces in the readme
2026-07-13	13717a64fe5f		or_successive/census-income	811.5	removing trailing spaces in the readme
2026-07-13	13717a64fe5f		and_successive/census-income	664.8	removing trailing spaces in the readme
2026-07-13	13717a64fe5f		and_cardinality/census-income	451.1	removing trailing spaces in the readme
2026-07-13	13717a64fe5f		contains/census-income	5885.1	removing trailing spaces in the readme
2026-07-13	13717a64fe5f		iterate/census-income	32454.3	removing trailing spaces in the readme
2026-07-13	13717a64fe5f		to_array/census-income	1339.8	removing trailing spaces in the readme
2026-07-13	13717a64fe5f		deserialize/census-income	122.7	removing trailing spaces in the readme
2026-07-13	13717a64fe5f		cardinality64/census-income	13.8	removing trailing spaces in the readme
2026-07-13	13717a64fe5f		iterate64/census-income	33398.3	removing trailing spaces in the readme
2026-07-13	13717a64fe5f		or_successive64/census-income	414.5	removing trailing spaces in the readme
2026-07-13	13717a64fe5f		or_successive/weather_sept_85	3293.8	removing trailing spaces in the readme
2026-07-13	13717a64fe5f		and_successive/weather_sept_85	2045.5	removing trailing spaces in the readme
2026-07-13	13717a64fe5f		and_cardinality/weather_sept_85	1596.4	removing trailing spaces in the readme
2026-07-13	13717a64fe5f		contains/weather_sept_85	9211.0	removing trailing spaces in the readme
2026-07-13	13717a64fe5f		iterate/weather_sept_85	59262.8	removing trailing spaces in the readme
2026-07-13	13717a64fe5f		to_array/weather_sept_85	5200.2	removing trailing spaces in the readme
2026-07-13	13717a64fe5f		deserialize/weather_sept_85	560.2	removing trailing spaces in the readme
2026-07-13	13717a64fe5f		cardinality64/weather_sept_85	33.7	removing trailing spaces in the readme
2026-07-13	13717a64fe5f		iterate64/weather_sept_85	63525.0	removing trailing spaces in the readme
2026-07-13	13717a64fe5f		or_successive64/weather_sept_85	1902.4	removing trailing spaces in the readme
2026-07-13	fa1edd897ce4		or_successive/census1881	643.4	release 4.7.3
2026-07-13	fa1edd897ce4		and_successive/census1881	21.5	release 4.7.3
2026-07-13	fa1edd897ce4		and_cardinality/census1881	15.5	release 4.7.3
2026-07-13	fa1edd897ce4		contains/census1881	3268.4	release 4.7.3
2026-07-13	fa1edd897ce4		iterate/census1881	1901.1	release 4.7.3
2026-07-13	fa1edd897ce4		to_array/census1881	120.2	release 4.7.3
2026-07-13	fa1edd897ce4		deserialize/census1881	343.1	release 4.7.3
2026-07-13	fa1edd897ce4		cardinality64/census1881	18.1	release 4.7.3
2026-07-13	fa1edd897ce4		iterate64/census1881	3165.2	release 4.7.3
2026-07-13	fa1edd897ce4		or_successive64/census1881	1017.7	release 4.7.3
2026-07-13	fa1edd897ce4		or_successive/census-income	815.6	release 4.7.3
2026-07-13	fa1edd897ce4		and_successive/census-income	659.0	release 4.7.3
2026-07-13	fa1edd897ce4		and_cardinality/census-income	442.5	release 4.7.3
2026-07-13	fa1edd897ce4		contains/census-income	5840.5	release 4.7.3
2026-07-13	fa1edd897ce4		iterate/census-income	32299.2	release 4.7.3
2026-07-13	fa1edd897ce4		to_array/census-income	1346.6	release 4.7.3
2026-07-13	fa1edd897ce4		deserialize/census-income	122.5	release 4.7.3
2026-07-13	fa1edd897ce4		cardinality64/census-income	13.4	release 4.7.3
2026-07-13	fa1edd897ce4		iterate64/census-income	33496.1	release 4.7.3
2026-07-13	fa1edd897ce4		or_successive64/census-income	408.0	release 4.7.3
2026-07-13	fa1edd897ce4		or_successive/weather_sept_85	3291.3	release 4.7.3
2026-07-13	fa1edd897ce4		and_successive/weather_sept_85	2034.8	release 4.7.3
2026-07-13	fa1edd897ce4		and_cardinality/weather_sept_85	1598.1	release 4.7.3
2026-07-13	fa1edd897ce4		contains/weather_sept_85	9212.7	release 4.7.3
2026-07-13	fa1edd897ce4		iterate/weather_sept_85	59465.4	release 4.7.3
2026-07-13	fa1edd897ce4		to_array/weather_sept_85	5199.5	release 4.7.3
2026-07-13	fa1edd897ce4		deserialize/weather_sept_85	565.4	release 4.7.3
2026-07-13	fa1edd897ce4		cardinality64/weather_sept_85	33.2	release 4.7.3
2026-07-13	fa1edd897ce4		iterate64/weather_sept_85	63425.6	release 4.7.3
2026-07-13	fa1edd897ce4		or_successive64/weather_sept_85	1545.3	release 4.7.3
2026-07-13	9de6df1972d3		or_successive/census1881	647.7	Merge branch 'master' of github.com:RoaringBitmap/CRoaring
2026-07-13	9de6df1972d3		and_successive/census1881	20.9	Merge branch 'master' of github.com:RoaringBitmap/CRoaring
2026-07-13	9de6df1972d3		and_cardinality/census1881	19.8	Merge branch 'master' of github.com:RoaringBitmap/CRoaring
2026-07-13	9de6df1972d3		contains/census1881	3276.1	Merge branch 'master' of github.com:RoaringBitmap/CRoaring
2026-07-13	9de6df1972d3		iterate/census1881	1960.7	Merge branch 'master' of github.com:RoaringBitmap/CRoaring
2026-07-13	9de6df1972d3		to_array/census1881	120.8	Merge branch 'master' of github.com:RoaringBitmap/CRoaring
2026-07-13	9de6df1972d3		deserialize/census1881	339.1	Merge branch 'master' of github.com:RoaringBitmap/CRoaring
2026-07-13	9de6df1972d3		cardinality64/census1881	18.1	Merge branch 'master' of github.com:RoaringBitmap/CRoaring
2026-07-13	9de6df1972d3		iterate64/census1881	3166.6	Merge branch 'master' of github.com:RoaringBitmap/CRoaring
2026-07-13	9de6df1972d3		or_successive64/census1881	1018.6	Merge branch 'master' of github.com:RoaringBitmap/CRoaring
2026-07-13	9de6df1972d3		or_successive/census-income	811.7	Merge branch 'master' of github.com:RoaringBitmap/CRoaring
2026-07-13	9de6df1972d3		and_successive/census-income	667.7	Merge branch 'master' of github.com:RoaringBitmap/CRoaring
2026-07-13	9de6df1972d3		and_cardinality/census-income	444.9	Merge branch 'master' of github.com:RoaringBitmap/CRoaring
2026-07-13	9de6df1972d3		contains/census-income	5875.9	Merge branch 'master' of github.com:RoaringBitmap/CRoaring
2026-07-13	9de6df1972d3		iterate/census-income	32294.5	Merge branch 'master' of github.com:RoaringBitmap/CRoaring
2026-07-13	9de6df1972d3		to_array/census-income	1340.0	Merge branch 'master' of github.com:RoaringBitmap/CRoaring
2026-07-13	9de6df1972d3		deserialize/census-income	122.8	Merge branch 'master' of github.com:RoaringBitmap/CRoaring
2026-07-13	9de6df1972d3		cardinality64/census-income	13.4	Merge branch 'master' of github.com:RoaringBitmap/CRoaring
2026-07-13	9de6df1972d3		iterate64/census-income	34114.0	Merge branch 'master' of github.com:RoaringBitmap/CRoaring
2026-07-13	9de6df1972d3		or_successive64/census-income	406.7	Merge branch 'master' of github.com:RoaringBitmap/CRoaring
2026-07-13	9de6df1972d3		or_successive/weather_sept_85	3332.3	Merge branch 'master' of github.com:RoaringBitmap/CRoaring
2026-07-13	9de6df1972d3		and_successive/weather_sept_85	2037.5	Merge branch 'master' of github.com:RoaringBitmap/CRoaring
2026-07-13	9de6df1972d3		and_cardinality/weather_sept_85	1604.1	Merge branch 'master' of github.com:RoaringBitmap/CRoaring
2026-07-13	9de6df1972d3		contains/weather_sept_85	9222.4	Merge branch 'master' of github.com:RoaringBitmap/CRoaring
2026-07-13	9de6df1972d3		iterate/weather_sept_85	59497.2	Merge branch 'master' of github.com:RoaringBitmap/CRoaring
2026-07-13	9de6df1972d3		to_array/weather_sept_85	5212.4	Merge branch 'master' of github.com:RoaringBitmap/CRoaring
2026-07-13	9de6df1972d3		deserialize/weather_sept_85	566.6	Merge branch 'master' of github.com:RoaringBitmap/CRoaring
2026-07-13	9de6df1972d3		cardinality64/weather_sept_85	33.3	Merge branch 'master' of github.com:RoaringBitmap/CRoaring
2026-07-13	9de6df1972d3		iterate64/weather_sept_85	63641.6	Merge branch 'master' of github.com:RoaringBitmap/CRoaring
2026-07-13	9de6df1972d3		or_successive64/weather_sept_85	1547.3	Merge branch 'master' of github.com:RoaringBitmap/CRoaring
2026-07-13	d81c63902c7b		or_successive/census1881	645.3	5.0.0
2026-07-13	d81c63902c7b		and_successive/census1881	20.9	5.0.0
2026-07-13	d81c63902c7b		and_cardinality/census1881	19.4	5.0.0
2026-07-13	d81c63902c7b		contains/census1881	3284.2	5.0.0
2026-07-13	d81c63902c7b		iterate/census1881	1906.2	5.0.0
2026-07-13	d81c63902c7b		to_array/census1881	120.7	5.0.0
2026-07-13	d81c63902c7b		deserialize/census1881	342.3	5.0.0
2026-07-13	d81c63902c7b		cardinality64/census1881	18.0	5.0.0
2026-07-13	d81c63902c7b		iterate64/census1881	3130.1	5.0.0
2026-07-13	d81c63902c7b		or_successive64/census1881	1021.5	5.0.0
2026-07-13	d81c63902c7b		or_successive/census-income	811.7	5.0.0
2026-07-13	d81c63902c7b		and_successive/census-income	666.1	5.0.0
2026-07-13	d81c63902c7b		and_cardinality/census-income	443.8	5.0.0
2026-07-13	d81c63902c7b		contains/census-income	5870.2	5.0.0
2026-07-13	d81c63902c7b		iterate/census-income	32229.2	5.0.0
2026-07-13	d81c63902c7b		to_array/census-income	1344.7	5.0.0
2026-07-13	d81c63902c7b		deserialize/census-income	122.0	5.0.0
2026-07-13	d81c63902c7b		cardinality64/census-income	13.1	5.0.0
2026-07-13	d81c63902c7b		iterate64/census-income	33828.0	5.0.0
2026-07-13	d81c63902c7b		or_successive64/census-income	409.5	5.0.0
2026-07-13	d81c63902c7b		or_successive/weather_sept_85	3294.6	5.0.0
2026-07-13	d81c63902c7b		and_successive/weather_sept_85	2039.8	5.0.0
2026-07-13	d81c63902c7b		and_cardinality/weather_sept_85	1600.9	5.0.0
2026-07-13	d81c63902c7b		contains/weather_sept_85	9180.0	5.0.0
2026-07-13	d81c63902c7b		iterate/weather_sept_85	59421.0	5.0.0
2026-07-13	d81c63902c7b		to_array/weather_sept_85	5211.4	5.0.0
2026-07-13	d81c63902c7b		deserialize/weather_sept_85	662.0	5.0.0
2026-07-13	d81c63902c7b		cardinality64/weather_sept_85	35.3	5.0.0
2026-07-13	d81c63902c7b		iterate64/weather_sept_85	62972.6	5.0.0
2026-07-13	d81c63902c7b		or_successive64/weather_sept_85	1537.3	5.0.0
2026-07-16	d60ba3f44734		or_successive/census1881	647.6	Rank Many Fix + Memory Sanitizer Build Flag (#847)
2026-07-16	d60ba3f44734		and_successive/census1881	21.1	Rank Many Fix + Memory Sanitizer Build Flag (#847)
2026-07-16	d60ba3f44734		and_cardinality/census1881	16.5	Rank Many Fix + Memory Sanitizer Build Flag (#847)
2026-07-16	d60ba3f44734		contains/census1881	3289.8	Rank Many Fix + Memory Sanitizer Build Flag (#847)
2026-07-16	d60ba3f44734		iterate/census1881	1832.0	Rank Many Fix + Memory Sanitizer Build Flag (#847)
2026-07-16	d60ba3f44734		to_array/census1881	119.3	Rank Many Fix + Memory Sanitizer Build Flag (#847)
2026-07-16	d60ba3f44734		deserialize/census1881	340.7	Rank Many Fix + Memory Sanitizer Build Flag (#847)
2026-07-16	d60ba3f44734		cardinality64/census1881	17.7	Rank Many Fix + Memory Sanitizer Build Flag (#847)
2026-07-16	d60ba3f44734		iterate64/census1881	3184.3	Rank Many Fix + Memory Sanitizer Build Flag (#847)
2026-07-16	d60ba3f44734		or_successive64/census1881	1018.9	Rank Many Fix + Memory Sanitizer Build Flag (#847)
2026-07-16	d60ba3f44734		or_successive/census-income	818.1	Rank Many Fix + Memory Sanitizer Build Flag (#847)
2026-07-16	d60ba3f44734		and_successive/census-income	667.8	Rank Many Fix + Memory Sanitizer Build Flag (#847)
2026-07-16	d60ba3f44734		and_cardinality/census-income	446.0	Rank Many Fix + Memory Sanitizer Build Flag (#847)
2026-07-16	d60ba3f44734		contains/census-income	5867.7	Rank Many Fix + Memory Sanitizer Build Flag (#847)
2026-07-16	d60ba3f44734		iterate/census-income	32354.0	Rank Many Fix + Memory Sanitizer Build Flag (#847)
2026-07-16	d60ba3f44734		to_array/census-income	1349.6	Rank Many Fix + Memory Sanitizer Build Flag (#847)
2026-07-16	d60ba3f44734		deserialize/census-income	127.8	Rank Many Fix + Memory Sanitizer Build Flag (#847)
2026-07-16	d60ba3f44734		cardinality64/census-income	13.8	Rank Many Fix + Memory Sanitizer Build Flag (#847)
2026-07-16	d60ba3f44734		iterate64/census-income	33819.4	Rank Many Fix + Memory Sanitizer Build Flag (#847)
2026-07-16	d60ba3f44734		or_successive64/census-income	417.2	Rank Many Fix + Memory Sanitizer Build Flag (#847)
2026-07-16	d60ba3f44734		or_successive/weather_sept_85	3314.6	Rank Many Fix + Memory Sanitizer Build Flag (#847)
2026-07-16	d60ba3f44734		and_successive/weather_sept_85	2041.2	Rank Many Fix + Memory Sanitizer Build Flag (#847)
2026-07-16	d60ba3f44734		and_cardinality/weather_sept_85	1596.3	Rank Many Fix + Memory Sanitizer Build Flag (#847)
2026-07-16	d60ba3f44734		contains/weather_sept_85	9220.7	Rank Many Fix + Memory Sanitizer Build Flag (#847)
2026-07-16	d60ba3f44734		iterate/weather_sept_85	59088.5	Rank Many Fix + Memory Sanitizer Build Flag (#847)
2026-07-16	d60ba3f44734		to_array/weather_sept_85	5200.7	Rank Many Fix + Memory Sanitizer Build Flag (#847)
2026-07-16	d60ba3f44734		deserialize/weather_sept_85	564.2	Rank Many Fix + Memory Sanitizer Build Flag (#847)
2026-07-16	d60ba3f44734		cardinality64/weather_sept_85	34.3	Rank Many Fix + Memory Sanitizer Build Flag (#847)
2026-07-16	d60ba3f44734		iterate64/weather_sept_85	63964.9	Rank Many Fix + Memory Sanitizer Build Flag (#847)
2026-07-16	d60ba3f44734		or_successive64/weather_sept_85	1543.4	Rank Many Fix + Memory Sanitizer Build Flag (#847)
2026-07-23	0d4e1c0f1621		or_successive/census1881	630.3	Avoid O(N^2) worst case (#850)
2026-07-23	0d4e1c0f1621		and_successive/census1881	21.2	Avoid O(N^2) worst case (#850)
2026-07-23	0d4e1c0f1621		and_cardinality/census1881	22.0	Avoid O(N^2) worst case (#850)
2026-07-23	0d4e1c0f1621		contains/census1881	3295.5	Avoid O(N^2) worst case (#850)
2026-07-23	0d4e1c0f1621		iterate/census1881	2047.5	Avoid O(N^2) worst case (#850)
2026-07-23	0d4e1c0f1621		to_array/census1881	119.3	Avoid O(N^2) worst case (#850)
2026-07-23	0d4e1c0f1621		deserialize/census1881	343.6	Avoid O(N^2) worst case (#850)
2026-07-23	0d4e1c0f1621		cardinality64/census1881	20.3	Avoid O(N^2) worst case (#850)
2026-07-23	0d4e1c0f1621		iterate64/census1881	3061.2	Avoid O(N^2) worst case (#850)
2026-07-23	0d4e1c0f1621		or_successive64/census1881	1014.4	Avoid O(N^2) worst case (#850)
2026-07-23	0d4e1c0f1621		or_successive/census-income	1560.1	Avoid O(N^2) worst case (#850)
2026-07-23	0d4e1c0f1621		and_successive/census-income	1016.9	Avoid O(N^2) worst case (#850)
2026-07-23	0d4e1c0f1621		and_cardinality/census-income	618.3	Avoid O(N^2) worst case (#850)
2026-07-23	0d4e1c0f1621		contains/census-income	5859.0	Avoid O(N^2) worst case (#850)
2026-07-23	0d4e1c0f1621		iterate/census-income	32178.1	Avoid O(N^2) worst case (#850)
2026-07-23	0d4e1c0f1621		to_array/census-income	1346.0	Avoid O(N^2) worst case (#850)
2026-07-23	0d4e1c0f1621		deserialize/census-income	126.9	Avoid O(N^2) worst case (#850)
2026-07-23	0d4e1c0f1621		cardinality64/census-income	15.0	Avoid O(N^2) worst case (#850)
2026-07-23	0d4e1c0f1621		iterate64/census-income	34136.6	Avoid O(N^2) worst case (#850)
2026-07-23	0d4e1c0f1621		or_successive64/census-income	412.2	Avoid O(N^2) worst case (#850)
2026-07-23	0d4e1c0f1621		or_successive/weather_sept_85	3746.4	Avoid O(N^2) worst case (#850)
2026-07-23	0d4e1c0f1621		and_successive/weather_sept_85	2049.2	Avoid O(N^2) worst case (#850)
2026-07-23	0d4e1c0f1621		and_cardinality/weather_sept_85	1596.7	Avoid O(N^2) worst case (#850)
2026-07-23	0d4e1c0f1621		contains/weather_sept_85	9195.6	Avoid O(N^2) worst case (#850)
2026-07-23	0d4e1c0f1621		iterate/weather_sept_85	58786.6	Avoid O(N^2) worst case (#850)
2026-07-23	0d4e1c0f1621		to_array/weather_sept_85	5207.2	Avoid O(N^2) worst case (#850)
2026-07-23	0d4e1c0f1621		deserialize/weather_sept_85	561.5	Avoid O(N^2) worst case (#850)
2026-07-23	0d4e1c0f1621		cardinality64/weather_sept_85	33.5	Avoid O(N^2) worst case (#850)
2026-07-23	0d4e1c0f1621		iterate64/weather_sept_85	64698.4	Avoid O(N^2) worst case (#850)
2026-07-23	0d4e1c0f1621		or_successive64/weather_sept_85	1539.6	Avoid O(N^2) worst case (#850)
2026-08-03	b3146bd29bc4		or_successive/census1881	628.1	feat: Add Roaring64 run optimization and portable serialization methods (#852)
2026-08-03	b3146bd29bc4		and_successive/census1881	21.4	feat: Add Roaring64 run optimization and portable serialization methods (#852)
2026-08-03	b3146bd29bc4		and_cardinality/census1881	16.5	feat: Add Roaring64 run optimization and portable serialization methods (#852)
2026-08-03	b3146bd29bc4		contains/census1881	3317.1	feat: Add Roaring64 run optimization and portable serialization methods (#852)
2026-08-03	b3146bd29bc4		iterate/census1881	1973.7	feat: Add Roaring64 run optimization and portable serialization methods (#852)
2026-08-03	b3146bd29bc4		to_array/census1881	120.1	feat: Add Roaring64 run optimization and portable serialization methods (#852)
2026-08-03	b3146bd29bc4		deserialize/census1881	340.9	feat: Add Roaring64 run optimization and portable serialization methods (#852)
2026-08-03	b3146bd29bc4		cardinality64/census1881	17.6	feat: Add Roaring64 run optimization and portable serialization methods (#852)
2026-08-03	b3146bd29bc4		iterate64/census1881	2995.3	feat: Add Roaring64 run optimization and portable serialization methods (#852)
2026-08-03	b3146bd29bc4		or_successive64/census1881	1022.7	feat: Add Roaring64 run optimization and portable serialization methods (#852)
2026-08-03	b3146bd29bc4		or_successive/census-income	794.6	feat: Add Roaring64 run optimization and portable serialization methods (#852)
2026-08-03	b3146bd29bc4		and_successive/census-income	668.9	feat: Add Roaring64 run optimization and portable serialization methods (#852)
2026-08-03	b3146bd29bc4		and_cardinality/census-income	443.4	feat: Add Roaring64 run optimization and portable serialization methods (#852)
2026-08-03	b3146bd29bc4		contains/census-income	5867.7	feat: Add Roaring64 run optimization and portable serialization methods (#852)
2026-08-03	b3146bd29bc4		iterate/census-income	32194.6	feat: Add Roaring64 run optimization and portable serialization methods (#852)
2026-08-03	b3146bd29bc4		to_array/census-income	1343.3	feat: Add Roaring64 run optimization and portable serialization methods (#852)
2026-08-03	b3146bd29bc4		deserialize/census-income	122.1	feat: Add Roaring64 run optimization and portable serialization methods (#852)
2026-08-03	b3146bd29bc4		cardinality64/census-income	13.8	feat: Add Roaring64 run optimization and portable serialization methods (#852)
2026-08-03	b3146bd29bc4		iterate64/census-income	33919.3	feat: Add Roaring64 run optimization and portable serialization methods (#852)
2026-08-03	b3146bd29bc4		or_successive64/census-income	409.5	feat: Add Roaring64 run optimization and portable serialization methods (#852)
2026-08-03	b3146bd29bc4		or_successive/weather_sept_85	3131.0	feat: Add Roaring64 run optimization and portable serialization methods (#852)
2026-08-03	b3146bd29bc4		and_successive/weather_sept_85	2045.2	feat: Add Roaring64 run optimization and portable serialization methods (#852)
2026-08-03	b3146bd29bc4		and_cardinality/weather_sept_85	1600.3	feat: Add Roaring64 run optimization and portable serialization methods (#852)
2026-08-03	b3146bd29bc4		contains/weather_sept_85	9213.8	feat: Add Roaring64 run optimization and portable serialization methods (#852)
2026-08-03	b3146bd29bc4		iterate/weather_sept_85	58930.6	feat: Add Roaring64 run optimization and portable serialization methods (#852)
2026-08-03	b3146bd29bc4		to_array/weather_sept_85	5193.7	feat: Add Roaring64 run optimization and portable serialization methods (#852)
2026-08-03	b3146bd29bc4		deserialize/weather_sept_85	560.4	feat: Add Roaring64 run optimization and portable serialization methods (#852)
2026-08-03	b3146bd29bc4		cardinality64/weather_sept_85	33.1	feat: Add Roaring64 run optimization and portable serialization methods (#852)
2026-08-03	b3146bd29bc4		iterate64/weather_sept_85	65015.8	feat: Add Roaring64 run optimization and portable serialization methods (#852)
2026-08-03	b3146bd29bc4		or_successive64/weather_sept_85	1536.0	feat: Add Roaring64 run optimization and portable serialization methods (#852)
2026-08-07	335b1887125f		or_successive/census1881	631.1	Fix non-atomic refcount decrement (#859)
2026-08-07	335b1887125f		and_successive/census1881	21.2	Fix non-atomic refcount decrement (#859)
2026-08-07	335b1887125f		and_cardinality/census1881	16.2	Fix non-atomic refcount decrement (#859)
2026-08-07	335b1887125f		contains/census1881	3297.9	Fix non-atomic refcount decrement (#859)
2026-08-07	335b1887125f		iterate/census1881	1978.6	Fix non-atomic refcount decrement (#859)
2026-08-07	335b1887125f		to_array/census1881	119.9	Fix non-atomic refcount decrement (#859)
2026-08-07	335b1887125f		deserialize/census1881	342.0	Fix non-atomic refcount decrement (#859)
2026-08-07	335b1887125f		cardinality64/census1881	17.5	Fix non-atomic refcount decrement (#859)
2026-08-07	335b1887125f		iterate64/census1881	3014.0	Fix non-atomic refcount decrement (#859)
2026-08-07	335b1887125f		or_successive64/census1881	1007.8	Fix non-atomic refcount decrement (#859)
2026-08-07	335b1887125f		or_successive/census-income	794.4	Fix non-atomic refcount decrement (#859)
2026-08-07	335b1887125f		and_successive/census-income	665.4	Fix non-atomic refcount decrement (#859)
2026-08-07	335b1887125f		and_cardinality/census-income	442.7	Fix non-atomic refcount decrement (#859)
2026-08-07	335b1887125f		contains/census-income	5856.9	Fix non-atomic refcount decrement (#859)
2026-08-07	335b1887125f		iterate/census-income	32242.2	Fix non-atomic refcount decrement (#859)
2026-08-07	335b1887125f		to_array/census-income	1353.7	Fix non-atomic refcount decrement (#859)
2026-08-07	335b1887125f		deserialize/census-income	125.5	Fix non-atomic refcount decrement (#859)
2026-08-07	335b1887125f		cardinality64/census-income	13.3	Fix non-atomic refcount decrement (#859)
2026-08-07	335b1887125f		iterate64/census-income	34111.4	Fix non-atomic refcount decrement (#859)
2026-08-07	335b1887125f		or_successive64/census-income	397.0	Fix non-atomic refcount decrement (#859)
2026-08-07	335b1887125f		or_successive/weather_sept_85	3130.6	Fix non-atomic refcount decrement (#859)
2026-08-07	335b1887125f		and_successive/weather_sept_85	2049.8	Fix non-atomic refcount decrement (#859)
2026-08-07	335b1887125f		and_cardinality/weather_sept_85	1604.4	Fix non-atomic refcount decrement (#859)
2026-08-07	335b1887125f		contains/weather_sept_85	9171.1	Fix non-atomic refcount decrement (#859)
2026-08-07	335b1887125f		iterate/weather_sept_85	58887.9	Fix non-atomic refcount decrement (#859)
2026-08-07	335b1887125f		to_array/weather_sept_85	5197.8	Fix non-atomic refcount decrement (#859)
2026-08-07	335b1887125f		deserialize/weather_sept_85	559.9	Fix non-atomic refcount decrement (#859)
2026-08-07	335b1887125f		cardinality64/weather_sept_85	33.6	Fix non-atomic refcount decrement (#859)
2026-08-07	335b1887125f		iterate64/weather_sept_85	64319.8	Fix non-atomic refcount decrement (#859)
2026-08-07	335b1887125f		or_successive64/weather_sept_85	1530.3	Fix non-atomic refcount decrement (#859)
2026-08-07	a261c55cb00d		or_successive/census1881	620.6	4.7.3
2026-08-07	a261c55cb00d		and_successive/census1881	21.9	4.7.3
2026-08-07	a261c55cb00d		and_cardinality/census1881	14.9	4.7.3
2026-08-07	a261c55cb00d		contains/census1881	3267.4	4.7.3
2026-08-07	a261c55cb00d		iterate/census1881	1896.4	4.7.3
2026-08-07	a261c55cb00d		to_array/census1881	219.0	4.7.3
2026-08-07	a261c55cb00d		deserialize/census1881	547.5	4.7.3
2026-08-07	a261c55cb00d		cardinality64/census1881	28.0	4.7.3
2026-08-07	a261c55cb00d		iterate64/census1881	3444.9	4.7.3
2026-08-07	a261c55cb00d		or_successive64/census1881	1006.9	4.7.3
2026-08-07	a261c55cb00d		or_successive/census-income	802.3	4.7.3
2026-08-07	a261c55cb00d		and_successive/census-income	666.3	4.7.3
2026-08-07	a261c55cb00d		and_cardinality/census-income	444.6	4.7.3
2026-08-07	a261c55cb00d		contains/census-income	5872.0	4.7.3
2026-08-07	a261c55cb00d		iterate/census-income	32272.3	4.7.3
2026-08-07	a261c55cb00d		to_array/census-income	1344.3	4.7.3
2026-08-07	a261c55cb00d		deserialize/census-income	122.8	4.7.3
2026-08-07	a261c55cb00d		cardinality64/census-income	13.8	4.7.3
2026-08-07	a261c55cb00d		iterate64/census-income	34245.5	4.7.3
2026-08-07	a261c55cb00d		or_successive64/census-income	408.5	4.7.3
2026-08-07	a261c55cb00d		or_successive/weather_sept_85	3131.7	4.7.3
2026-08-07	a261c55cb00d		and_successive/weather_sept_85	2049.1	4.7.3
2026-08-07	a261c55cb00d		and_cardinality/weather_sept_85	1613.7	4.7.3
2026-08-07	a261c55cb00d		contains/weather_sept_85	9226.9	4.7.3
2026-08-07	a261c55cb00d		iterate/weather_sept_85	58898.7	4.7.3
2026-08-07	a261c55cb00d		to_array/weather_sept_85	5206.2	4.7.3
2026-08-07	a261c55cb00d		deserialize/weather_sept_85	560.7	4.7.3
2026-08-07	a261c55cb00d		cardinality64/weather_sept_85	33.4	4.7.3
2026-08-07	a261c55cb00d		iterate64/weather_sept_85	64549.5	4.7.3
2026-08-07	a261c55cb00d		or_successive64/weather_sept_85	1541.1	4.7.3
2026-08-07	bbae9f978710		or_successive/census1881	634.1	4.8.0
2026-08-07	bbae9f978710		and_successive/census1881	21.6	4.8.0
2026-08-07	bbae9f978710		and_cardinality/census1881	15.1	4.8.0
2026-08-07	bbae9f978710		contains/census1881	3285.4	4.8.0
2026-08-07	bbae9f978710		iterate/census1881	1896.2	4.8.0
2026-08-07	bbae9f978710		to_array/census1881	119.1	4.8.0
2026-08-07	bbae9f978710		deserialize/census1881	344.7	4.8.0
2026-08-07	bbae9f978710		cardinality64/census1881	17.9	4.8.0
2026-08-07	bbae9f978710		iterate64/census1881	2782.2	4.8.0
2026-08-07	bbae9f978710		or_successive64/census1881	1008.8	4.8.0
2026-08-07	bbae9f978710		or_successive/census-income	799.4	4.8.0
2026-08-07	bbae9f978710		and_successive/census-income	668.8	4.8.0
2026-08-07	bbae9f978710		and_cardinality/census-income	442.1	4.8.0
2026-08-07	bbae9f978710		contains/census-income	5869.2	4.8.0
2026-08-07	bbae9f978710		iterate/census-income	32183.8	4.8.0
2026-08-07	bbae9f978710		to_array/census-income	1337.0	4.8.0
2026-08-07	bbae9f978710		deserialize/census-income	125.5	4.8.0
2026-08-07	bbae9f978710		cardinality64/census-income	13.0	4.8.0
2026-08-07	bbae9f978710		iterate64/census-income	33981.1	4.8.0
2026-08-07	bbae9f978710		or_successive64/census-income	411.8	4.8.0
2026-08-07	bbae9f978710		or_successive/weather_sept_85	3129.4	4.8.0
2026-08-07	bbae9f978710		and_successive/weather_sept_85	2041.6	4.8.0
2026-08-07	bbae9f978710		and_cardinality/weather_sept_85	1604.6	4.8.0
2026-08-07	bbae9f978710		contains/weather_sept_85	9174.5	4.8.0
2026-08-07	bbae9f978710		iterate/weather_sept_85	58881.3	4.8.0
2026-08-07	bbae9f978710		to_array/weather_sept_85	5207.4	4.8.0
2026-08-07	bbae9f978710		deserialize/weather_sept_85	559.5	4.8.0
2026-08-07	bbae9f978710		cardinality64/weather_sept_85	32.6	4.8.0
2026-08-07	bbae9f978710		iterate64/weather_sept_85	64352.8	4.8.0
2026-08-07	bbae9f978710		or_successive64/weather_sept_85	1536.5	4.8.0
2026-08-07	95e424b60f4e	v5.0.0	or_successive/census1881	626.3	5.0.0
2026-08-07	95e424b60f4e	v5.0.0	and_successive/census1881	21.4	5.0.0
2026-08-07	95e424b60f4e	v5.0.0	and_cardinality/census1881	15.5	5.0.0
2026-08-07	95e424b60f4e	v5.0.0	contains/census1881	3273.1	5.0.0
2026-08-07	95e424b60f4e	v5.0.0	iterate/census1881	1864.6	5.0.0
2026-08-07	95e424b60f4e	v5.0.0	to_array/census1881	119.3	5.0.0
2026-08-07	95e424b60f4e	v5.0.0	deserialize/census1881	341.9	5.0.0
2026-08-07	95e424b60f4e	v5.0.0	cardinality64/census1881	17.5	5.0.0
2026-08-07	95e424b60f4e	v5.0.0	iterate64/census1881	3168.0	5.0.0
2026-08-07	95e424b60f4e	v5.0.0	or_successive64/census1881	1013.6	5.0.0
2026-08-07	95e424b60f4e	v5.0.0	or_successive/census-income	801.1	5.0.0
2026-08-07	95e424b60f4e	v5.0.0	and_successive/census-income	664.0	5.0.0
2026-08-07	95e424b60f4e	v5.0.0	and_cardinality/census-income	445.5	5.0.0
2026-08-07	95e424b60f4e	v5.0.0	contains/census-income	5861.0	5.0.0
2026-08-07	95e424b60f4e	v5.0.0	iterate/census-income	32190.5	5.0.0
2026-08-07	95e424b60f4e	v5.0.0	to_array/census-income	1348.4	5.0.0
2026-08-07	95e424b60f4e	v5.0.0	deserialize/census-income	122.3	5.0.0
2026-08-07	95e424b60f4e	v5.0.0	cardinality64/census-income	13.8	5.0.0
2026-08-07	95e424b60f4e	v5.0.0	iterate64/census-income	34351.6	5.0.0
2026-08-07	95e424b60f4e	v5.0.0	or_successive64/census-income	398.3	5.0.0
2026-08-07	95e424b60f4e	v5.0.0	or_successive/weather_sept_85	3150.5	5.0.0
2026-08-07	95e424b60f4e	v5.0.0	and_successive/weather_sept_85	2040.0	5.0.0
2026-08-07	95e424b60f4e	v5.0.0	and_cardinality/weather_sept_85	1600.8	5.0.0
2026-08-07	95e424b60f4e	v5.0.0	contains/weather_sept_85	9203.9	5.0.0
2026-08-07	95e424b60f4e	v5.0.0	iterate/weather_sept_85	58778.0	5.0.0
2026-08-07	95e424b60f4e	v5.0.0	to_array/weather_sept_85	5207.2	5.0.0
2026-08-07	95e424b60f4e	v5.0.0	deserialize/weather_sept_85	561.4	5.0.0
2026-08-07	95e424b60f4e	v5.0.0	cardinality64/weather_sept_85	34.0	5.0.0
2026-08-07	95e424b60f4e	v5.0.0	iterate64/weather_sept_85	64641.2	5.0.0
2026-08-07	95e424b60f4e	v5.0.0	or_successive64/weather_sept_85	1536.3	5.0.0
2026-08-11	38636b991de6		or_successive/census1881	629.8	Fix broken star history chart in README (#860)
2026-08-11	38636b991de6		and_successive/census1881	22.3	Fix broken star history chart in README (#860)
2026-08-11	38636b991de6		and_cardinality/census1881	15.7	Fix broken star history chart in README (#860)
2026-08-11	38636b991de6		contains/census1881	3301.3	Fix broken star history chart in README (#860)
2026-08-11	38636b991de6		iterate/census1881	1988.4	Fix broken star history chart in README (#860)
2026-08-11	38636b991de6		to_array/census1881	118.3	Fix broken star history chart in README (#860)
2026-08-11	38636b991de6		deserialize/census1881	338.1	Fix broken star history chart in README (#860)
2026-08-11	38636b991de6		cardinality64/census1881	17.5	Fix broken star history chart in README (#860)
2026-08-11	38636b991de6		iterate64/census1881	3056.3	Fix broken star history chart in README (#860)
2026-08-11	38636b991de6		or_successive64/census1881	1004.5	Fix broken star history chart in README (#860)
2026-08-11	38636b991de6		or_successive/census-income	797.3	Fix broken star history chart in README (#860)
2026-08-11	38636b991de6		and_successive/census-income	663.3	Fix broken star history chart in README (#860)
2026-08-11	38636b991de6		and_cardinality/census-income	450.7	Fix broken star history chart in README (#860)
2026-08-11	38636b991de6		contains/census-income	5873.9	Fix broken star history chart in README (#860)
2026-08-11	38636b991de6		iterate/census-income	32215.1	Fix broken star history chart in README (#860)
2026-08-11	38636b991de6		to_array/census-income	1351.2	Fix broken star history chart in README (#860)
2026-08-11	38636b991de6		deserialize/census-income	124.0	Fix broken star history chart in README (#860)
2026-08-11	38636b991de6		cardinality64/census-income	13.7	Fix broken star history chart in README (#860)
2026-08-11	38636b991de6		iterate64/census-income	34020.9	Fix broken star history chart in README (#860)
2026-08-11	38636b991de6		or_successive64/census-income	410.8	Fix broken star history chart in README (#860)
2026-08-11	38636b991de6		or_successive/weather_sept_85	3127.1	Fix broken star history chart in README (#860)
2026-08-11	38636b991de6		and_successive/weather_sept_85	2046.9	Fix broken star history chart in README (#860)
2026-08-11	38636b991de6		and_cardinality/weather_sept_85	1597.8	Fix broken star history chart in README (#860)
2026-08-11	38636b991de6		contains/weather_sept_85	9180.2	Fix broken star history chart in README (#860)
2026-08-11	38636b991de6		iterate/weather_sept_85	58878.2	Fix broken star history chart in README (#860)
2026-08-11	38636b991de6		to_array/weather_sept_85	5210.3	Fix broken star history chart in README (#860)
2026-08-11	38636b991de6		deserialize/weather_sept_85	559.1	Fix broken star history chart in README (#860)
2026-08-11	38636b991de6		cardinality64/weather_sept_85	34.0	Fix broken star history chart in README (#860)
2026-08-11	38636b991de6		iterate64/weather_sept_85	65091.9	Fix broken star history chart in README (#860)
2026-08-11	38636b991de6		or_successive64/weather_sept_85	1527.8	Fix broken star history chart in README (#860)
2026-08-18	cca25b127987		or_successive/census1881	632.7	Update shebang line in amalgamation.sh (#861)
2026-08-18	cca25b127987		and_successive/census1881	21.4	Update shebang line in amalgamation.sh (#861)
2026-08-18	cca25b127987		and_cardinality/census1881	15.3	Update shebang line in amalgamation.sh (#861)
2026-08-18	cca25b127987		contains/census1881	3291.5	Update shebang line in amalgamation.sh (#861)
2026-08-18	cca25b127987		iterate/census1881	1975.8	Update shebang line in amalgamation.sh (#861)
2026-08-18	cca25b127987		to_array/census1881	119.7	Update shebang line in amalgamation.sh (#861)
2026-08-18	cca25b127987		deserialize/census1881	339.4	Update shebang line in amalgamation.sh (#861)
2026-08-18	cca25b127987		cardinality64/census1881	17.7	Update shebang line in amalgamation.sh (#861)
2026-08-18	cca25b127987		iterate64/census1881	3013.8	Update shebang line in amalgamation.sh (#861)
2026-08-18	cca25b127987		or_successive64/census1881	1004.8	Update shebang line in amalgamation.sh (#861)
2026-08-18	cca25b127987		or_successive/census-income	799.5	Update shebang line in amalgamation.sh (#861)
2026-08-18	cca25b127987		and_successive/census-income	660.4	Update shebang line in amalgamation.sh (#861)
2026-08-18	cca25b127987		and_cardinality/census-income	445.5	Update shebang line in amalgamation.sh (#861)
2026-08-18	cca25b127987		contains/census-income	5875.0	Update shebang line in amalgamation.sh (#861)
2026-08-18	cca25b127987		iterate/census-income	32225.1	Update shebang line in amalgamation.sh (#861)
2026-08-18	cca25b127987		to_array/census-income	1335.2	Update shebang line in amalgamation.sh (#861)
2026-08-18	cca25b127987		deserialize/census-income	126.3	Update shebang line in amalgamation.sh (#861)
2026-08-18	cca25b127987		cardinality64/census-income	13.4	Update shebang line in amalgamation.sh (#861)
2026-08-18	cca25b127987		iterate64/census-income	33876.3	Update shebang line in amalgamation.sh (#861)
2026-08-18	cca25b127987		or_successive64/census-income	409.9	Update shebang line in amalgamation.sh (#861)
2026-08-18	cca25b127987		or_successive/weather_sept_85	3153.2	Update shebang line in amalgamation.sh (#861)
2026-08-18	cca25b127987		and_successive/weather_sept_85	2032.4	Update shebang line in amalgamation.sh (#861)
2026-08-18	cca25b127987		and_cardinality/weather_sept_85	1598.8	Update shebang line in amalgamation.sh (#861)
2026-08-18	cca25b127987		contains/weather_sept_85	9213.4	Update shebang line in amalgamation.sh (#861)
2026-08-18	cca25b127987		iterate/weather_sept_85	58985.4	Update shebang line in amalgamation.sh (#861)
2026-08-18	cca25b127987		to_array/weather_sept_85	5209.2	Update shebang line in amalgamation.sh (#861)
2026-08-18	cca25b127987		deserialize/weather_sept_85	560.0	Update shebang line in amalgamation.sh (#861)
2026-08-18	cca25b127987		cardinality64/weather_sept_85	33.2	Update shebang line in amalgamation.sh (#861)
2026-08-18	cca25b127987		iterate64/weather_sept_85	64616.7	Update shebang line in amalgamation.sh (#861)
2026-08-18	cca25b127987		or_successive64/weather_sept_85	1529.5	Update shebang line in amalgamation.sh (#861)
2026-08-21	4bc025f63db0		or_successive/census1881	647.1	Help GCC vectorize array-container iterator bulk reads (#862)
2026-08-21	4bc025f63db0		and_successive/census1881	21.2	Help GCC vectorize array-container iterator bulk reads (#862)
2026-08-21	4bc025f63db0		and_cardinality/census1881	14.9	Help GCC vectorize array-container iterator bulk reads (#862)
2026-08-21	4bc025f63db0		contains/census1881	3278.4	Help GCC vectorize array-container iterator bulk reads (#862)
2026-08-21	4bc025f63db0		iterate/census1881	1957.9	Help GCC vectorize array-container iterator bulk reads (#862)
2026-08-21	4bc025f63db0		to_array/census1881	118.8	Help GCC vectorize array-container iterator bulk reads (#862)
2026-08-21	4bc025f63db0		deserialize/census1881	340.9	Help GCC vectorize array-container iterator bulk reads (#862)
2026-08-21	4bc025f63db0		cardinality64/census1881	17.7	Help GCC vectorize array-container iterator bulk reads (#862)
2026-08-21	4bc025f63db0		iterate64/census1881	3055.7	Help GCC vectorize array-container iterator bulk reads (#862)
2026-08-21	4bc025f63db0		or_successive64/census1881	1011.1	Help GCC vectorize array-container iterator bulk reads (#862)
2026-08-21	4bc025f63db0		or_successive/census-income	793.1	Help GCC vectorize array-container iterator bulk reads (#862)
2026-08-21	4bc025f63db0		and_successive/census-income	665.6	Help GCC vectorize array-container iterator bulk reads (#862)
2026-08-21	4bc025f63db0		and_cardinality/census-income	442.1	Help GCC vectorize array-container iterator bulk reads (#862)
2026-08-21	4bc025f63db0		contains/census-income	5857.7	Help GCC vectorize array-container iterator bulk reads (#862)
2026-08-21	4bc025f63db0		iterate/census-income	32439.5	Help GCC vectorize array-container iterator bulk reads (#862)
2026-08-21	4bc025f63db0		to_array/census-income	1346.3	Help GCC vectorize array-container iterator bulk reads (#862)
2026-08-21	4bc025f63db0		deserialize/census-income	126.1	Help GCC vectorize array-container iterator bulk reads (#862)
2026-08-21	4bc025f63db0		cardinality64/census-income	13.1	Help GCC vectorize array-container iterator bulk reads (#862)
2026-08-21	4bc025f63db0		iterate64/census-income	34177.8	Help GCC vectorize array-container iterator bulk reads (#862)
2026-08-21	4bc025f63db0		or_successive64/census-income	403.5	Help GCC vectorize array-container iterator bulk reads (#862)
2026-08-21	4bc025f63db0		or_successive/weather_sept_85	3139.2	Help GCC vectorize array-container iterator bulk reads (#862)
2026-08-21	4bc025f63db0		and_successive/weather_sept_85	2040.6	Help GCC vectorize array-container iterator bulk reads (#862)
2026-08-21	4bc025f63db0		and_cardinality/weather_sept_85	1592.4	Help GCC vectorize array-container iterator bulk reads (#862)
2026-08-21	4bc025f63db0		contains/weather_sept_85	9207.5	Help GCC vectorize array-container iterator bulk reads (#862)
2026-08-21	4bc025f63db0		iterate/weather_sept_85	59493.6	Help GCC vectorize array-container iterator bulk reads (#862)
2026-08-21	4bc025f63db0		to_array/weather_sept_85	5219.1	Help GCC vectorize array-container iterator bulk reads (#862)
2026-08-21	4bc025f63db0		deserialize/weather_sept_85	562.3	Help GCC vectorize array-container iterator bulk reads (#862)
2026-08-21	4bc025f63db0		cardinality64/weather_sept_85	33.5	Help GCC vectorize array-container iterator bulk reads (#862)
2026-08-21	4bc025f63db0		iterate64/weather_sept_85	64566.1	Help GCC vectorize array-container iterator bulk reads (#862)
2026-08-21	4bc025f63db0		or_successive64/weather_sept_85	1539.8	Help GCC vectorize array-container iterator bulk reads (#862)
2026-08-21	e4b1b487679a		or_successive/census1881	683.2	Speed up roaring64 cardinality with a parallel typecodes array (#863)
2026-08-21	e4b1b487679a		and_successive/census1881	21.0	Speed up roaring64 cardinality with a parallel typecodes array (#863)
2026-08-21	e4b1b487679a		and_cardinality/census1881	16.4	Speed up roaring64 cardinality with a parallel typecodes array (#863)
2026-08-21	e4b1b487679a		contains/census1881	3330.7	Speed up roaring64 cardinality with a parallel typecodes array (#863)
2026-08-21	e4b1b487679a		iterate/census1881	2064.4	Speed up roaring64 cardinality with a parallel typecodes array (#863)
2026-08-21	e4b1b487679a		to_array/census1881	118.9	Speed up roaring64 cardinality with a parallel typecodes array (#863)
2026-08-21	e4b1b487679a		deserialize/census1881	339.3	Speed up roaring64 cardinality with a parallel typecodes array (#863)
2026-08-21	e4b1b487679a		cardinality64/census1881	4.1	Speed up roaring64 cardinality with a parallel typecodes array (#863)
2026-08-21	e4b1b487679a		iterate64/census1881	3096.4	Speed up roaring64 cardinality with a parallel typecodes array (#863)
2026-08-21	e4b1b487679a		or_successive64/census1881	1003.4	Speed up roaring64 cardinality with a parallel typecodes array (#863)
2026-08-21	e4b1b487679a		or_successive/census-income	819.3	Speed up roaring64 cardinality with a parallel typecodes array (#863)
2026-08-21	e4b1b487679a		and_successive/census-income	662.2	Speed up roaring64 cardinality with a parallel typecodes array (#863)
2026-08-21	e4b1b487679a		and_cardinality/census-income	443.9	Speed up roaring64 cardinality with a parallel typecodes array (#863)
2026-08-21	e4b1b487679a		contains/census-income	5855.3	Speed up roaring64 cardinality with a parallel typecodes array (#863)
2026-08-21	e4b1b487679a		iterate/census-income	33081.3	Speed up roaring64 cardinality with a parallel typecodes array (#863)
2026-08-21	e4b1b487679a		to_array/census-income	1354.8	Speed up roaring64 cardinality with a parallel typecodes array (#863)
2026-08-21	e4b1b487679a		deserialize/census-income	124.0	Speed up roaring64 cardinality with a parallel typecodes array (#863)
2026-08-21	e4b1b487679a		cardinality64/census-income	2.7	Speed up roaring64 cardinality with a parallel typecodes array (#863)
2026-08-21	e4b1b487679a		iterate64/census-income	33400.4	Speed up roaring64 cardinality with a parallel typecodes array (#863)
2026-08-21	e4b1b487679a		or_successive64/census-income	410.6	Speed up roaring64 cardinality with a parallel typecodes array (#863)
2026-08-21	e4b1b487679a		or_successive/weather_sept_85	3332.0	Speed up roaring64 cardinality with a parallel typecodes array (#863)
2026-08-21	e4b1b487679a		and_successive/weather_sept_85	2045.4	Speed up roaring64 cardinality with a parallel typecodes array (#863)
2026-08-21	e4b1b487679a		and_cardinality/weather_sept_85	1599.7	Speed up roaring64 cardinality with a parallel typecodes array (#863)
2026-08-21	e4b1b487679a		contains/weather_sept_85	9181.6	Speed up roaring64 cardinality with a parallel typecodes array (#863)
2026-08-21	e4b1b487679a		iterate/weather_sept_85	60123.2	Speed up roaring64 cardinality with a parallel typecodes array (#863)
2026-08-21	e4b1b487679a		to_array/weather_sept_85	5212.5	Speed up roaring64 cardinality with a parallel typecodes array (#863)
2026-08-21	e4b1b487679a		deserialize/weather_sept_85	568.0	Speed up roaring64 cardinality with a parallel typecodes array (#863)
2026-08-21	e4b1b487679a		cardinality64/weather_sept_85	6.1	Speed up roaring64 cardinality with a parallel typecodes array (#863)
2026-08-21	e4b1b487679a		iterate64/weather_sept_85	64276.4	Speed up roaring64 cardinality with a parallel typecodes array (#863)
2026-08-21	e4b1b487679a		or_successive64/weather_sept_85	1500.7	Speed up roaring64 cardinality with a parallel typecodes array (#863)
2026-08-21	2b2a019c594c		or_successive/census1881	686.1	Make roaring64_iterator_value/has_value inline (#865)
2026-08-21	2b2a019c594c		and_successive/census1881	21.0	Make roaring64_iterator_value/has_value inline (#865)
2026-08-21	2b2a019c594c		and_cardinality/census1881	16.8	Make roaring64_iterator_value/has_value inline (#865)
2026-08-21	2b2a019c594c		contains/census1881	3299.1	Make roaring64_iterator_value/has_value inline (#865)
2026-08-21	2b2a019c594c		iterate/census1881	2068.4	Make roaring64_iterator_value/has_value inline (#865)
2026-08-21	2b2a019c594c		to_array/census1881	119.8	Make roaring64_iterator_value/has_value inline (#865)
2026-08-21	2b2a019c594c		deserialize/census1881	337.6	Make roaring64_iterator_value/has_value inline (#865)
2026-08-21	2b2a019c594c		cardinality64/census1881	3.8	Make roaring64_iterator_value/has_value inline (#865)
2026-08-21	2b2a019c594c		iterate64/census1881	3256.7	Make roaring64_iterator_value/has_value inline (#865)
2026-08-21	2b2a019c594c		or_successive64/census1881	1006.1	Make roaring64_iterator_value/has_value inline (#865)
2026-08-21	2b2a019c594c		or_successive/census-income	811.6	Make roaring64_iterator_value/has_value inline (#865)
2026-08-21	2b2a019c594c		and_successive/census-income	660.2	Make roaring64_iterator_value/has_value inline (#865)
2026-08-21	2b2a019c594c		and_cardinality/census-income	441.6	Make roaring64_iterator_value/has_value inline (#865)
2026-08-21	2b2a019c594c		contains/census-income	5838.2	Make roaring64_iterator_value/has_value inline (#865)
2026-08-21	2b2a019c594c		iterate/census-income	32328.1	Make roaring64_iterator_value/has_value inline (#865)
2026-08-21	2b2a019c594c		to_array/census-income	1340.7	Make roaring64_iterator_value/has_value inline (#865)
2026-08-21	2b2a019c594c		deserialize/census-income	120.6	Make roaring64_iterator_value/has_value inline (#865)
2026-08-21	2b2a019c594c		cardinality64/census-income	2.6	Make roaring64_iterator_value/has_value inline (#865)
2026-08-21	2b2a019c594c		iterate64/census-income	22098.5	Make roaring64_iterator_value/has_value inline (#865)
2026-08-21	2b2a019c594c		or_successive64/census-income	411.2	Make roaring64_iterator_value/has_value inline (#865)
2026-08-21	2b2a019c594c		or_successive/weather_sept_85	3308.8	Make roaring64_iterator_value/has_value inline (#865)
2026-08-21	2b2a019c594c		and_successive/weather_sept_85	2031.5	Make roaring64_iterator_value/has_value inline (#865)
2026-08-21	2b2a019c594c		and_cardinality/weather_sept_85	1618.7	Make roaring64_iterator_value/has_value inline (#865)
2026-08-21	2b2a019c594c		contains/weather_sept_85	9243.8	Make roaring64_iterator_value/has_value inline (#865)
2026-08-21	2b2a019c594c		iterate/weather_sept_85	59116.4	Make roaring64_iterator_value/has_value inline (#865)
2026-08-21	2b2a019c594c		to_array/weather_sept_85	5203.1	Make roaring64_iterator_value/has_value inline (#865)
2026-08-21	2b2a019c594c		deserialize/weather_sept_85	565.3	Make roaring64_iterator_value/has_value inline (#865)
2026-08-21	2b2a019c594c		cardinality64/weather_sept_85	6.1	Make roaring64_iterator_value/has_value inline (#865)
2026-08-21	2b2a019c594c		iterate64/weather_sept_85	43549.3	Make roaring64_iterator_value/has_value inline (#865)
2026-08-21	2b2a019c594c		or_successive64/weather_sept_85	1502.2	Make roaring64_iterator_value/has_value inline (#865)
2026-08-21	53e21dbea4c2		or_successive/census1881	682.1	Pack the roaring64 iterator's hot fields into one cache line (#866)
2026-08-21	53e21dbea4c2		and_successive/census1881	20.7	Pack the roaring64 iterator's hot fields into one cache line (#866)
2026-08-21	53e21dbea4c2		and_cardinality/census1881	16.8	Pack the roaring64 iterator's hot fields into one cache line (#866)
2026-08-21	53e21dbea4c2		contains/census1881	3264.7	Pack the roaring64 iterator's hot fields into one cache line (#866)
2026-08-21	53e21dbea4c2		iterate/census1881	2068.2	Pack the roaring64 iterator's hot fields into one cache line (#866)
2026-08-21	53e21dbea4c2		to_array/census1881	120.5	Pack the roaring64 iterator's hot fields into one cache line (#866)
2026-08-21	53e21dbea4c2		deserialize/census1881	335.5	Pack the roaring64 iterator's hot fields into one cache line (#866)
2026-08-21	53e21dbea4c2		cardinality64/census1881	3.8	Pack the roaring64 iterator's hot fields into one cache line (#866)
2026-08-21	53e21dbea4c2		iterate64/census1881	3050.1	Pack the roaring64 iterator's hot fields into one cache line (#866)
2026-08-21	53e21dbea4c2		or_successive64/census1881	993.9	Pack the roaring64 iterator's hot fields into one cache line (#866)
2026-08-21	53e21dbea4c2		or_successive/census-income	813.3	Pack the roaring64 iterator's hot fields into one cache line (#866)
2026-08-21	53e21dbea4c2		and_successive/census-income	666.2	Pack the roaring64 iterator's hot fields into one cache line (#866)
2026-08-21	53e21dbea4c2		and_cardinality/census-income	442.2	Pack the roaring64 iterator's hot fields into one cache line (#866)
2026-08-21	53e21dbea4c2		contains/census-income	5814.2	Pack the roaring64 iterator's hot fields into one cache line (#866)
2026-08-21	53e21dbea4c2		iterate/census-income	32943.9	Pack the roaring64 iterator's hot fields into one cache line (#866)
2026-08-21	53e21dbea4c2		to_array/census-income	1346.3	Pack the roaring64 iterator's hot fields into one cache line (#866)
2026-08-21	53e21dbea4c2		deserialize/census-income	120.6	Pack the roaring64 iterator's hot fields into one cache line (#866)
2026-08-21	53e21dbea4c2		cardinality64/census-income	2.7	Pack the roaring64 iterator's hot fields into one cache line (#866)
2026-08-21	53e21dbea4c2		iterate64/census-income	17756.8	Pack the roaring64 iterator's hot fields into one cache line (#866)
2026-08-21	53e21dbea4c2		or_successive64/census-income	406.3	Pack the roaring64 iterator's hot fields into one cache line (#866)
2026-08-21	53e21dbea4c2		or_successive/weather_sept_85	3281.7	Pack the roaring64 iterator's hot fields into one cache line (#866)
2026-08-21	53e21dbea4c2		and_successive/weather_sept_85	2039.4	Pack the roaring64 iterator's hot fields into one cache line (#866)
2026-08-21	53e21dbea4c2		and_cardinality/weather_sept_85	1609.5	Pack the roaring64 iterator's hot fields into one cache line (#866)
2026-08-21	53e21dbea4c2		contains/weather_sept_85	9227.4	Pack the roaring64 iterator's hot fields into one cache line (#866)
2026-08-21	53e21dbea4c2		iterate/weather_sept_85	59302.8	Pack the roaring64 iterator's hot fields into one cache line (#866)
2026-08-21	53e21dbea4c2		to_array/weather_sept_85	5202.6	Pack the roaring64 iterator's hot fields into one cache line (#866)
2026-08-21	53e21dbea4c2		deserialize/weather_sept_85	570.4	Pack the roaring64 iterator's hot fields into one cache line (#866)
2026-08-21	53e21dbea4c2		cardinality64/weather_sept_85	6.0	Pack the roaring64 iterator's hot fields into one cache line (#866)
2026-08-21	53e21dbea4c2		iterate64/weather_sept_85	35349.0	Pack the roaring64 iterator's hot fields into one cache line (#866)
2026-08-21	53e21dbea4c2		or_successive64/weather_sept_85	1507.0	Pack the roaring64 iterator's hot fields into one cache line (#866)
2026-08-21	73257dc66e88		or_successive/census1881	687.4	Bump actions/setup-node from 6.4.0 to 7.0.0 (#853)
2026-08-21	73257dc66e88		and_successive/census1881	21.0	Bump actions/setup-node from 6.4.0 to 7.0.0 (#853)
2026-08-21	73257dc66e88		and_cardinality/census1881	17.5	Bump actions/setup-node from 6.4.0 to 7.0.0 (#853)
2026-08-21	73257dc66e88		contains/census1881	3295.1	Bump actions/setup-node from 6.4.0 to 7.0.0 (#853)
2026-08-21	73257dc66e88		iterate/census1881	2061.7	Bump actions/setup-node from 6.4.0 to 7.0.0 (#853)
2026-08-21	73257dc66e88		to_array/census1881	120.3	Bump actions/setup-node from 6.4.0 to 7.0.0 (#853)
2026-08-21	73257dc66e88		deserialize/census1881	336.7	Bump actions/setup-node from 6.4.0 to 7.0.0 (#853)
2026-08-21	73257dc66e88		cardinality64/census1881	4.2	Bump actions/setup-node from 6.4.0 to 7.0.0 (#853)
2026-08-21	73257dc66e88		iterate64/census1881	3083.6	Bump actions/setup-node from 6.4.0 to 7.0.0 (#853)
2026-08-21	73257dc66e88		or_successive64/census1881	999.1	Bump actions/setup-node from 6.4.0 to 7.0.0 (#853)
2026-08-21	73257dc66e88		or_successive/census-income	816.8	Bump actions/setup-node from 6.4.0 to 7.0.0 (#853)
2026-08-21	73257dc66e88		and_successive/census-income	662.6	Bump actions/setup-node from 6.4.0 to 7.0.0 (#853)
2026-08-21	73257dc66e88		and_cardinality/census-income	440.4	Bump actions/setup-node from 6.4.0 to 7.0.0 (#853)
2026-08-21	73257dc66e88		contains/census-income	5813.8	Bump actions/setup-node from 6.4.0 to 7.0.0 (#853)
2026-08-21	73257dc66e88		iterate/census-income	32755.0	Bump actions/setup-node from 6.4.0 to 7.0.0 (#853)
2026-08-21	73257dc66e88		to_array/census-income	1352.9	Bump actions/setup-node from 6.4.0 to 7.0.0 (#853)
2026-08-21	73257dc66e88		deserialize/census-income	122.1	Bump actions/setup-node from 6.4.0 to 7.0.0 (#853)
2026-08-21	73257dc66e88		cardinality64/census-income	2.6	Bump actions/setup-node from 6.4.0 to 7.0.0 (#853)
2026-08-21	73257dc66e88		iterate64/census-income	17756.5	Bump actions/setup-node from 6.4.0 to 7.0.0 (#853)
2026-08-21	73257dc66e88		or_successive64/census-income	405.3	Bump actions/setup-node from 6.4.0 to 7.0.0 (#853)
2026-08-21	73257dc66e88		or_successive/weather_sept_85	3286.7	Bump actions/setup-node from 6.4.0 to 7.0.0 (#853)
2026-08-21	73257dc66e88		and_successive/weather_sept_85	2033.9	Bump actions/setup-node from 6.4.0 to 7.0.0 (#853)
2026-08-21	73257dc66e88		and_cardinality/weather_sept_85	1604.3	Bump actions/setup-node from 6.4.0 to 7.0.0 (#853)
2026-08-21	73257dc66e88		contains/weather_sept_85	9217.1	Bump actions/setup-node from 6.4.0 to 7.0.0 (#853)
2026-08-21	73257dc66e88		iterate/weather_sept_85	59233.5	Bump actions/setup-node from 6.4.0 to 7.0.0 (#853)
2026-08-21	73257dc66e88		to_array/weather_sept_85	5219.7	Bump actions/setup-node from 6.4.0 to 7.0.0 (#853)
2026-08-21	73257dc66e88		deserialize/weather_sept_85	568.2	Bump actions/setup-node from 6.4.0 to 7.0.0 (#853)
2026-08-21	73257dc66e88		cardinality64/weather_sept_85	6.0	Bump actions/setup-node from 6.4.0 to 7.0.0 (#853)
2026-08-21	73257dc66e88		iterate64/weather_sept_85	35683.5	Bump actions/setup-node from 6.4.0 to 7.0.0 (#853)
2026-08-21	73257dc66e88		or_successive64/weather_sept_85	1509.1	Bump actions/setup-node from 6.4.0 to 7.0.0 (#853)
2026-08-21	d9669e8a64ef		or_successive/census1881	679.7	Bump github/codeql-action/analyze from 4.35.3 to 4.37.3 (#854)
2026-08-21	d9669e8a64ef		and_successive/census1881	21.2	Bump github/codeql-action/analyze from 4.35.3 to 4.37.3 (#854)
2026-08-21	d9669e8a64ef		and_cardinality/census1881	16.3	Bump github/codeql-action/analyze from 4.35.3 to 4.37.3 (#854)
2026-08-21	d9669e8a64ef		contains/census1881	3269.5	Bump github/codeql-action/analyze from 4.35.3 to 4.37.3 (#854)
2026-08-21	d9669e8a64ef		iterate/census1881	2060.8	Bump github/codeql-action/analyze from 4.35.3 to 4.37.3 (#854)
2026-08-21	d9669e8a64ef		to_array/census1881	119.9	Bump github/codeql-action/analyze from 4.35.3 to 4.37.3 (#854)
2026-08-21	d9669e8a64ef		deserialize/census1881	341.6	Bump github/codeql-action/analyze from 4.35.3 to 4.37.3 (#854)
2026-08-21	d9669e8a64ef		cardinality64/census1881	3.9	Bump github/codeql-action/analyze from 4.35.3 to 4.37.3 (#854)
2026-08-21	d9669e8a64ef		iterate64/census1881	3011.7	Bump github/codeql-action/analyze from 4.35.3 to 4.37.3 (#854)
2026-08-21	d9669e8a64ef		or_successive64/census1881	992.7	Bump github/codeql-action/analyze from 4.35.3 to 4.37.3 (#854)
2026-08-21	d9669e8a64ef		or_successive/census-income	810.7	Bump github/codeql-action/analyze from 4.35.3 to 4.37.3 (#854)
2026-08-21	d9669e8a64ef		and_successive/census-income	661.6	Bump github/codeql-action/analyze from 4.35.3 to 4.37.3 (#854)
2026-08-21	d9669e8a64ef		and_cardinality/census-income	442.1	Bump github/codeql-action/analyze from 4.35.3 to 4.37.3 (#854)
2026-08-21	d9669e8a64ef		contains/census-income	5845.1	Bump github/codeql-action/analyze from 4.35.3 to 4.37.3 (#854)
2026-08-21	d9669e8a64ef		iterate/census-income	32699.1	Bump github/codeql-action/analyze from 4.35.3 to 4.37.3 (#854)
2026-08-21	d9669e8a64ef		to_array/census-income	1341.7	Bump github/codeql-action/analyze from 4.35.3 to 4.37.3 (#854)
2026-08-21	d9669e8a64ef		deserialize/census-income	125.0	Bump github/codeql-action/analyze from 4.35.3 to 4.37.3 (#854)
2026-08-21	d9669e8a64ef		cardinality64/census-income	2.8	Bump github/codeql-action/analyze from 4.35.3 to 4.37.3 (#854)
2026-08-21	d9669e8a64ef		iterate64/census-income	19473.6	Bump github/codeql-action/analyze from 4.35.3 to 4.37.3 (#854)
2026-08-21	d9669e8a64ef		or_successive64/census-income	411.8	Bump github/codeql-action/analyze from 4.35.3 to 4.37.3 (#854)
2026-08-21	d9669e8a64ef		or_successive/weather_sept_85	3292.1	Bump github/codeql-action/analyze from 4.35.3 to 4.37.3 (#854)
2026-08-21	d9669e8a64ef		and_successive/weather_sept_85	2036.9	Bump github/codeql-action/analyze from 4.35.3 to 4.37.3 (#854)
2026-08-21	d9669e8a64ef		and_cardinality/weather_sept_85	1613.4	Bump github/codeql-action/analyze from 4.35.3 to 4.37.3 (#854)
2026-08-21	d9669e8a64ef		contains/weather_sept_85	9250.5	Bump github/codeql-action/analyze from 4.35.3 to 4.37.3 (#854)
2026-08-21	d9669e8a64ef		iterate/weather_sept_85	60045.9	Bump github/codeql-action/analyze from 4.35.3 to 4.37.3 (#854)
2026-08-21	d9669e8a64ef		to_array/weather_sept_85	5210.4	Bump github/codeql-action/analyze from 4.35.3 to 4.37.3 (#854)
2026-08-21	d9669e8a64ef		deserialize/weather_sept_85	568.5	Bump github/codeql-action/analyze from 4.35.3 to 4.37.3 (#854)
2026-08-21	d9669e8a64ef		cardinality64/weather_sept_85	6.1	Bump github/codeql-action/analyze from 4.35.3 to 4.37.3 (#854)
2026-08-21	d9669e8a64ef		iterate64/weather_sept_85	35683.1	Bump github/codeql-action/analyze from 4.35.3 to 4.37.3 (#854)
2026-08-21	d9669e8a64ef		or_successive64/weather_sept_85	1506.0	Bump github/codeql-action/analyze from 4.35.3 to 4.37.3 (#854)
2026-08-21	83fed99d22fc		or_successive/census1881	686.0	Bump ossf/scorecard-action from 2.4.3 to 2.4.4 (#857)
2026-08-21	83fed99d22fc		and_successive/census1881	21.4	Bump ossf/scorecard-action from 2.4.3 to 2.4.4 (#857)
2026-08-21	83fed99d22fc		and_cardinality/census1881	15.7	Bump ossf/scorecard-action from 2.4.3 to 2.4.4 (#857)
2026-08-21	83fed99d22fc		contains/census1881	3290.5	Bump ossf/scorecard-action from 2.4.3 to 2.4.4 (#857)
2026-08-21	83fed99d22fc		iterate/census1881	2062.5	Bump ossf/scorecard-action from 2.4.3 to 2.4.4 (#857)
2026-08-21	83fed99d22fc		to_array/census1881	119.4	Bump ossf/scorecard-action from 2.4.3 to 2.4.4 (#857)
2026-08-21	83fed99d22fc		deserialize/census1881	342.7	Bump ossf/scorecard-action from 2.4.3 to 2.4.4 (#857)
2026-08-21	83fed99d22fc		cardinality64/census1881	4.0	Bump ossf/scorecard-action from 2.4.3 to 2.4.4 (#857)
2026-08-21	83fed99d22fc		iterate64/census1881	3054.4	Bump ossf/scorecard-action from 2.4.3 to 2.4.4 (#857)
2026-08-21	83fed99d22fc		or_successive64/census1881	995.0	Bump ossf/scorecard-action from 2.4.3 to 2.4.4 (#857)
2026-08-21	83fed99d22fc		or_successive/census-income	808.1	Bump ossf/scorecard-action from 2.4.3 to 2.4.4 (#857)
2026-08-21	83fed99d22fc		and_successive/census-income	663.6	Bump ossf/scorecard-action from 2.4.3 to 2.4.4 (#857)
2026-08-21	83fed99d22fc		and_cardinality/census-income	444.0	Bump ossf/scorecard-action from 2.4.3 to 2.4.4 (#857)
2026-08-21	83fed99d22fc		contains/census-income	5835.1	Bump ossf/scorecard-action from 2.4.3 to 2.4.4 (#857)
2026-08-21	83fed99d22fc		iterate/census-income	32385.6	Bump ossf/scorecard-action from 2.4.3 to 2.4.4 (#857)
2026-08-21	83fed99d22fc		to_array/census-income	1333.7	Bump ossf/scorecard-action from 2.4.3 to 2.4.4 (#857)
2026-08-21	83fed99d22fc		deserialize/census-income	122.5	Bump ossf/scorecard-action from 2.4.3 to 2.4.4 (#857)
2026-08-21	83fed99d22fc		cardinality64/census-income	2.7	Bump ossf/scorecard-action from 2.4.3 to 2.4.4 (#857)
2026-08-21	83fed99d22fc		iterate64/census-income	17597.1	Bump ossf/scorecard-action from 2.4.3 to 2.4.4 (#857)
2026-08-21	83fed99d22fc		or_successive64/census-income	413.1	Bump ossf/scorecard-action from 2.4.3 to 2.4.4 (#857)
2026-08-21	83fed99d22fc		or_successive/weather_sept_85	3271.0	Bump ossf/scorecard-action from 2.4.3 to 2.4.4 (#857)
2026-08-21	83fed99d22fc		and_successive/weather_sept_85	2040.1	Bump ossf/scorecard-action from 2.4.3 to 2.4.4 (#857)
2026-08-21	83fed99d22fc		and_cardinality/weather_sept_85	1611.6	Bump ossf/scorecard-action from 2.4.3 to 2.4.4 (#857)
2026-08-21	83fed99d22fc		contains/weather_sept_85	9242.0	Bump ossf/scorecard-action from 2.4.3 to 2.4.4 (#857)
2026-08-21	83fed99d22fc		iterate/weather_sept_85	59790.4	Bump ossf/scorecard-action from 2.4.3 to 2.4.4 (#857)
2026-08-21	83fed99d22fc		to_array/weather_sept_85	5194.0	Bump ossf/scorecard-action from 2.4.3 to 2.4.4 (#857)
2026-08-21	83fed99d22fc		deserialize/weather_sept_85	560.7	Bump ossf/scorecard-action from 2.4.3 to 2.4.4 (#857)
2026-08-21	83fed99d22fc		cardinality64/weather_sept_85	6.3	Bump ossf/scorecard-action from 2.4.3 to 2.4.4 (#857)
2026-08-21	83fed99d22fc		iterate64/weather_sept_85	35410.5	Bump ossf/scorecard-action from 2.4.3 to 2.4.4 (#857)
2026-08-21	83fed99d22fc		or_successive64/weather_sept_85	1498.8	Bump ossf/scorecard-action from 2.4.3 to 2.4.4 (#857)
2026-08-21	3ec29d0c83fa		or_successive/census1881	684.1	Bump github/codeql-action/upload-sarif from 4.35.3 to 4.37.3 (#855)
2026-08-21	3ec29d0c83fa		and_successive/census1881	21.1	Bump github/codeql-action/upload-sarif from 4.35.3 to 4.37.3 (#855)
2026-08-21	3ec29d0c83fa		and_cardinality/census1881	15.4	Bump github/codeql-action/upload-sarif from 4.35.3 to 4.37.3 (#855)
2026-08-21	3ec29d0c83fa		contains/census1881	3267.6	Bump github/codeql-action/upload-sarif from 4.35.3 to 4.37.3 (#855)
2026-08-21	3ec29d0c83fa		iterate/census1881	2060.4	Bump github/codeql-action/upload-sarif from 4.35.3 to 4.37.3 (#855)
2026-08-21	3ec29d0c83fa		to_array/census1881	120.5	Bump github/codeql-action/upload-sarif from 4.35.3 to 4.37.3 (#855)
2026-08-21	3ec29d0c83fa		deserialize/census1881	341.7	Bump github/codeql-action/upload-sarif from 4.35.3 to 4.37.3 (#855)
2026-08-21	3ec29d0c83fa		cardinality64/census1881	3.8	Bump github/codeql-action/upload-sarif from 4.35.3 to 4.37.3 (#855)
2026-08-21	3ec29d0c83fa		iterate64/census1881	3019.3	Bump github/codeql-action/upload-sarif from 4.35.3 to 4.37.3 (#855)
2026-08-21	3ec29d0c83fa		or_successive64/census1881	1001.0	Bump github/codeql-action/upload-sarif from 4.35.3 to 4.37.3 (#855)
2026-08-21	3ec29d0c83fa		or_successive/census-income	806.2	Bump github/codeql-action/upload-sarif from 4.35.3 to 4.37.3 (#855)
2026-08-21	3ec29d0c83fa		and_successive/census-income	660.5	Bump github/codeql-action/upload-sarif from 4.35.3 to 4.37.3 (#855)
2026-08-21	3ec29d0c83fa		and_cardinality/census-income	437.3	Bump github/codeql-action/upload-sarif from 4.35.3 to 4.37.3 (#855)
2026-08-21	3ec29d0c83fa		contains/census-income	5832.4	Bump github/codeql-action/upload-sarif from 4.35.3 to 4.37.3 (#855)
2026-08-21	3ec29d0c83fa		iterate/census-income	32311.4	Bump github/codeql-action/upload-sarif from 4.35.3 to 4.37.3 (#855)
2026-08-21	3ec29d0c83fa		to_array/census-income	1345.0	Bump github/codeql-action/upload-sarif from 4.35.3 to 4.37.3 (#855)
2026-08-21	3ec29d0c83fa		deserialize/census-income	120.8	Bump github/codeql-action/upload-sarif from 4.35.3 to 4.37.3 (#855)
2026-08-21	3ec29d0c83fa		cardinality64/census-income	2.7	Bump github/codeql-action/upload-sarif from 4.35.3 to 4.37.3 (#855)
2026-08-21	3ec29d0c83fa		iterate64/census-income	17780.2	Bump github/codeql-action/upload-sarif from 4.35.3 to 4.37.3 (#855)
2026-08-21	3ec29d0c83fa		or_successive64/census-income	411.0	Bump github/codeql-action/upload-sarif from 4.35.3 to 4.37.3 (#855)
2026-08-21	3ec29d0c83fa		or_successive/weather_sept_85	3292.4	Bump github/codeql-action/upload-sarif from 4.35.3 to 4.37.3 (#855)
2026-08-21	3ec29d0c83fa		and_successive/weather_sept_85	2031.1	Bump github/codeql-action/upload-sarif from 4.35.3 to 4.37.3 (#855)
2026-08-21	3ec29d0c83fa		and_cardinality/weather_sept_85	1602.9	Bump github/codeql-action/upload-sarif from 4.35.3 to 4.37.3 (#855)
2026-08-21	3ec29d0c83fa		contains/weather_sept_85	9230.6	Bump github/codeql-action/upload-sarif from 4.35.3 to 4.37.3 (#855)
2026-08-21	3ec29d0c83fa		iterate/weather_sept_85	60016.4	Bump github/codeql-action/upload-sarif from 4.35.3 to 4.37.3 (#855)
2026-08-21	3ec29d0c83fa		to_array/weather_sept_85	5193.8	Bump github/codeql-action/upload-sarif from 4.35.3 to 4.37.3 (#855)
2026-08-21	3ec29d0c83fa		deserialize/weather_sept_85	560.3	Bump github/codeql-action/upload-sarif from 4.35.3 to 4.37.3 (#855)
2026-08-21	3ec29d0c83fa		cardinality64/weather_sept_85	6.2	Bump github/codeql-action/upload-sarif from 4.35.3 to 4.37.3 (#855)
2026-08-21	3ec29d0c83fa		iterate64/weather_sept_85	35710.3	Bump github/codeql-action/upload-sarif from 4.35.3 to 4.37.3 (#855)
2026-08-21	3ec29d0c83fa		or_successive64/weather_sept_85	1497.9	Bump github/codeql-action/upload-sarif from 4.35.3 to 4.37.3 (#855)
2026-08-21	a1832ebff26e		or_successive/census1881	680.7	Bump github/codeql-action/init from 4.36.2 to 4.37.3 (#856)
2026-08-21	a1832ebff26e		and_successive/census1881	21.2	Bump github/codeql-action/init from 4.36.2 to 4.37.3 (#856)
2026-08-21	a1832ebff26e		and_cardinality/census1881	16.6	Bump github/codeql-action/init from 4.36.2 to 4.37.3 (#856)
2026-08-21	a1832ebff26e		contains/census1881	3307.3	Bump github/codeql-action/init from 4.36.2 to 4.37.3 (#856)
2026-08-21	a1832ebff26e		iterate/census1881	2064.4	Bump github/codeql-action/init from 4.36.2 to 4.37.3 (#856)
2026-08-21	a1832ebff26e		to_array/census1881	122.2	Bump github/codeql-action/init from 4.36.2 to 4.37.3 (#856)
2026-08-21	a1832ebff26e		deserialize/census1881	339.3	Bump github/codeql-action/init from 4.36.2 to 4.37.3 (#856)
2026-08-21	a1832ebff26e		cardinality64/census1881	4.0	Bump github/codeql-action/init from 4.36.2 to 4.37.3 (#856)
2026-08-21	a1832ebff26e		iterate64/census1881	3071.7	Bump github/codeql-action/init from 4.36.2 to 4.37.3 (#856)
2026-08-21	a1832ebff26e		or_successive64/census1881	991.8	Bump github/codeql-action/init from 4.36.2 to 4.37.3 (#856)
2026-08-21	a1832ebff26e		or_successive/census-income	810.8	Bump github/codeql-action/init from 4.36.2 to 4.37.3 (#856)
2026-08-21	a1832ebff26e		and_successive/census-income	657.7	Bump github/codeql-action/init from 4.36.2 to 4.37.3 (#856)
2026-08-21	a1832ebff26e		and_cardinality/census-income	439.6	Bump github/codeql-action/init from 4.36.2 to 4.37.3 (#856)
2026-08-21	a1832ebff26e		contains/census-income	5832.5	Bump github/codeql-action/init from 4.36.2 to 4.37.3 (#856)
2026-08-21	a1832ebff26e		iterate/census-income	32542.0	Bump github/codeql-action/init from 4.36.2 to 4.37.3 (#856)
2026-08-21	a1832ebff26e		to_array/census-income	1350.5	Bump github/codeql-action/init from 4.36.2 to 4.37.3 (#856)
2026-08-21	a1832ebff26e		deserialize/census-income	121.7	Bump github/codeql-action/init from 4.36.2 to 4.37.3 (#856)
2026-08-21	a1832ebff26e		cardinality64/census-income	2.6	Bump github/codeql-action/init from 4.36.2 to 4.37.3 (#856)
2026-08-21	a1832ebff26e		iterate64/census-income	17428.5	Bump github/codeql-action/init from 4.36.2 to 4.37.3 (#856)
2026-08-21	a1832ebff26e		or_successive64/census-income	405.4	Bump github/codeql-action/init from 4.36.2 to 4.37.3 (#856)
2026-08-21	a1832ebff26e		or_successive/weather_sept_85	3300.3	Bump github/codeql-action/init from 4.36.2 to 4.37.3 (#856)
2026-08-21	a1832ebff26e		and_successive/weather_sept_85	2038.6	Bump github/codeql-action/init from 4.36.2 to 4.37.3 (#856)
2026-08-21	a1832ebff26e		and_cardinality/weather_sept_85	1608.0	Bump github/codeql-action/init from 4.36.2 to 4.37.3 (#856)
2026-08-21	a1832ebff26e		contains/weather_sept_85	9244.7	Bump github/codeql-action/init from 4.36.2 to 4.37.3 (#856)
2026-08-21	a1832ebff26e		iterate/weather_sept_85	59184.7	Bump github/codeql-action/init from 4.36.2 to 4.37.3 (#856)
2026-08-21	a1832ebff26e		to_array/weather_sept_85	5202.5	Bump github/codeql-action/init from 4.36.2 to 4.37.3 (#856)
2026-08-21	a1832ebff26e		deserialize/weather_sept_85	562.9	Bump github/codeql-action/init from 4.36.2 to 4.37.3 (#856)
2026-08-21	a1832ebff26e		cardinality64/weather_sept_85	6.2	Bump github/codeql-action/init from 4.36.2 to 4.37.3 (#856)
2026-08-21	a1832ebff26e		iterate64/weather_sept_85	39637.8	Bump github/codeql-action/init from 4.36.2 to 4.37.3 (#856)
2026-08-21	a1832ebff26e		or_successive64/weather_sept_85	1495.7	Bump github/codeql-action/init from 4.36.2 to 4.37.3 (#856)
2026-08-21	22ffe0d2f61d		or_successive/census1881	676.4	Speed up array container union: remove qsort from the SIMD tail, add an AVX-512 bitonic merge (#851)
2026-08-21	22ffe0d2f61d		and_successive/census1881	21.6	Speed up array container union: remove qsort from the SIMD tail, add an AVX-512 bitonic merge (#851)
2026-08-21	22ffe0d2f61d		and_cardinality/census1881	16.0	Speed up array container union: remove qsort from the SIMD tail, add an AVX-512 bitonic merge (#851)
2026-08-21	22ffe0d2f61d		contains/census1881	3308.3	Speed up array container union: remove qsort from the SIMD tail, add an AVX-512 bitonic merge (#851)
2026-08-21	22ffe0d2f61d		iterate/census1881	2064.8	Speed up array container union: remove qsort from the SIMD tail, add an AVX-512 bitonic merge (#851)
2026-08-21	22ffe0d2f61d		to_array/census1881	119.5	Speed up array container union: remove qsort from the SIMD tail, add an AVX-512 bitonic merge (#851)
2026-08-21	22ffe0d2f61d		deserialize/census1881	337.4	Speed up array container union: remove qsort from the SIMD tail, add an AVX-512 bitonic merge (#851)
2026-08-21	22ffe0d2f61d		cardinality64/census1881	4.1	Speed up array container union: remove qsort from the SIMD tail, add an AVX-512 bitonic merge (#851)
2026-08-21	22ffe0d2f61d		iterate64/census1881	3041.5	Speed up array container union: remove qsort from the SIMD tail, add an AVX-512 bitonic merge (#851)
2026-08-21	22ffe0d2f61d		or_successive64/census1881	999.3	Speed up array container union: remove qsort from the SIMD tail, add an AVX-512 bitonic merge (#851)
2026-08-21	22ffe0d2f61d		or_successive/census-income	724.8	Speed up array container union: remove qsort from the SIMD tail, add an AVX-512 bitonic merge (#851)
2026-08-21	22ffe0d2f61d		and_successive/census-income	659.7	Speed up array container union: remove qsort from the SIMD tail, add an AVX-512 bitonic merge (#851)
2026-08-21	22ffe0d2f61d		and_cardinality/census-income	443.2	Speed up array container union: remove qsort from the SIMD tail, add an AVX-512 bitonic merge (#851)
2026-08-21	22ffe0d2f61d		contains/census-income	5843.6	Speed up array container union: remove qsort from the SIMD tail, add an AVX-512 bitonic merge (#851)
2026-08-21	22ffe0d2f61d		iterate/census-income	32606.4	Speed up array container union: remove qsort from the SIMD tail, add an AVX-512 bitonic merge (#851)
2026-08-21	22ffe0d2f61d		to_array/census-income	1341.1	Speed up array container union: remove qsort from the SIMD tail, add an AVX-512 bitonic merge (#851)
2026-08-21	22ffe0d2f61d		deserialize/census-income	122.3	Speed up array container union: remove qsort from the SIMD tail, add an AVX-512 bitonic merge (#851)
2026-08-21	22ffe0d2f61d		cardinality64/census-income	2.7	Speed up array container union: remove qsort from the SIMD tail, add an AVX-512 bitonic merge (#851)
2026-08-21	22ffe0d2f61d		iterate64/census-income	18725.8	Speed up array container union: remove qsort from the SIMD tail, add an AVX-512 bitonic merge (#851)
2026-08-21	22ffe0d2f61d		or_successive64/census-income	411.2	Speed up array container union: remove qsort from the SIMD tail, add an AVX-512 bitonic merge (#851)
2026-08-21	22ffe0d2f61d		or_successive/weather_sept_85	2928.7	Speed up array container union: remove qsort from the SIMD tail, add an AVX-512 bitonic merge (#851)
2026-08-21	22ffe0d2f61d		and_successive/weather_sept_85	2029.1	Speed up array container union: remove qsort from the SIMD tail, add an AVX-512 bitonic merge (#851)
2026-08-21	22ffe0d2f61d		and_cardinality/weather_sept_85	1606.4	Speed up array container union: remove qsort from the SIMD tail, add an AVX-512 bitonic merge (#851)
2026-08-21	22ffe0d2f61d		contains/weather_sept_85	9238.5	Speed up array container union: remove qsort from the SIMD tail, add an AVX-512 bitonic merge (#851)
2026-08-21	22ffe0d2f61d		iterate/weather_sept_85	59344.9	Speed up array container union: remove qsort from the SIMD tail, add an AVX-512 bitonic merge (#851)
2026-08-21	22ffe0d2f61d		to_array/weather_sept_85	5186.4	Speed up array container union: remove qsort from the SIMD tail, add an AVX-512 bitonic merge (#851)
2026-08-21	22ffe0d2f61d		deserialize/weather_sept_85	564.3	Speed up array container union: remove qsort from the SIMD tail, add an AVX-512 bitonic merge (#851)
2026-08-21	22ffe0d2f61d		cardinality64/weather_sept_85	6.0	Speed up array container union: remove qsort from the SIMD tail, add an AVX-512 bitonic merge (#851)
2026-08-21	22ffe0d2f61d		iterate64/weather_sept_85	36088.8	Speed up array container union: remove qsort from the SIMD tail, add an AVX-512 bitonic merge (#851)
2026-08-21	22ffe0d2f61d		or_successive64/weather_sept_85	1488.3	Speed up array container union: remove qsort from the SIMD tail, add an AVX-512 bitonic merge (#851)
2026-08-21	2138bd877416		or_successive/census1881	674.3	Return NULL from roaring_bitmap_portable_deserialize_frozen on big-endian
2026-08-21	2138bd877416		and_successive/census1881	21.2	Return NULL from roaring_bitmap_portable_deserialize_frozen on big-endian
2026-08-21	2138bd877416		and_cardinality/census1881	17.3	Return NULL from roaring_bitmap_portable_deserialize_frozen on big-endian
2026-08-21	2138bd877416		contains/census1881	3324.8	Return NULL from roaring_bitmap_portable_deserialize_frozen on big-endian
2026-08-21	2138bd877416		iterate/census1881	2062.6	Return NULL from roaring_bitmap_portable_deserialize_frozen on big-endian
2026-08-21	2138bd877416		to_array/census1881	122.5	Return NULL from roaring_bitmap_portable_deserialize_frozen on big-endian
2026-08-21	2138bd877416		deserialize/census1881	337.2	Return NULL from roaring_bitmap_portable_deserialize_frozen on big-endian
2026-08-21	2138bd877416		cardinality64/census1881	4.1	Return NULL from roaring_bitmap_portable_deserialize_frozen on big-endian
2026-08-21	2138bd877416		iterate64/census1881	3019.2	Return NULL from roaring_bitmap_portable_deserialize_frozen on big-endian
2026-08-21	2138bd877416		or_successive64/census1881	999.0	Return NULL from roaring_bitmap_portable_deserialize_frozen on big-endian
2026-08-21	2138bd877416		or_successive/census-income	729.7	Return NULL from roaring_bitmap_portable_deserialize_frozen on big-endian
2026-08-21	2138bd877416		and_successive/census-income	662.8	Return NULL from roaring_bitmap_portable_deserialize_frozen on big-endian
2026-08-21	2138bd877416		and_cardinality/census-income	446.8	Return NULL from roaring_bitmap_portable_deserialize_frozen on big-endian
2026-08-21	2138bd877416		contains/census-income	5847.2	Return NULL from roaring_bitmap_portable_deserialize_frozen on big-endian
2026-08-21	2138bd877416		iterate/census-income	32322.0	Return NULL from roaring_bitmap_portable_deserialize_frozen on big-endian
2026-08-21	2138bd877416		to_array/census-income	1341.0	Return NULL from roaring_bitmap_portable_deserialize_frozen on big-endian
2026-08-21	2138bd877416		deserialize/census-income	120.9	Return NULL from roaring_bitmap_portable_deserialize_frozen on big-endian
2026-08-21	2138bd877416		cardinality64/census-income	2.6	Return NULL from roaring_bitmap_portable_deserialize_frozen on big-endian
2026-08-21	2138bd877416		iterate64/census-income	17677.4	Return NULL from roaring_bitmap_portable_deserialize_frozen on big-endian
2026-08-21	2138bd877416		or_successive64/census-income	407.2	Return NULL from roaring_bitmap_portable_deserialize_frozen on big-endian
2026-08-21	2138bd877416		or_successive/weather_sept_85	2929.5	Return NULL from roaring_bitmap_portable_deserialize_frozen on big-endian
2026-08-21	2138bd877416		and_successive/weather_sept_85	2031.3	Return NULL from roaring_bitmap_portable_deserialize_frozen on big-endian
2026-08-21	2138bd877416		and_cardinality/weather_sept_85	1615.9	Return NULL from roaring_bitmap_portable_deserialize_frozen on big-endian
2026-08-21	2138bd877416		contains/weather_sept_85	9185.4	Return NULL from roaring_bitmap_portable_deserialize_frozen on big-endian
2026-08-21	2138bd877416		iterate/weather_sept_85	59318.3	Return NULL from roaring_bitmap_portable_deserialize_frozen on big-endian
2026-08-21	2138bd877416		to_array/weather_sept_85	5211.3	Return NULL from roaring_bitmap_portable_deserialize_frozen on big-endian
2026-08-21	2138bd877416		deserialize/weather_sept_85	561.4	Return NULL from roaring_bitmap_portable_deserialize_frozen on big-endian
2026-08-21	2138bd877416		cardinality64/weather_sept_85	6.3	Return NULL from roaring_bitmap_portable_deserialize_frozen on big-endian
2026-08-21	2138bd877416		iterate64/weather_sept_85	36462.9	Return NULL from roaring_bitmap_portable_deserialize_frozen on big-endian
2026-08-21	2138bd877416		or_successive64/weather_sept_85	1495.3	Return NULL from roaring_bitmap_portable_deserialize_frozen on big-endian
2026-08-21	57753e32e33b		or_successive/census1881	678.6	5.1.0
2026-08-21	57753e32e33b		and_successive/census1881	21.6	5.1.0
2026-08-21	57753e32e33b		and_cardinality/census1881	16.1	5.1.0
2026-08-21	57753e32e33b		contains/census1881	3319.9	5.1.0
2026-08-21	57753e32e33b		iterate/census1881	2069.8	5.1.0
2026-08-21	57753e32e33b		to_array/census1881	119.3	5.1.0
2026-08-21	57753e32e33b		deserialize/census1881	336.9	5.1.0
2026-08-21	57753e32e33b		cardinality64/census1881	4.0	5.1.0
2026-08-21	57753e32e33b		iterate64/census1881	3046.9	5.1.0
2026-08-21	57753e32e33b		or_successive64/census1881	993.1	5.1.0
2026-08-21	57753e32e33b		or_successive/census-income	719.7	5.1.0
2026-08-21	57753e32e33b		and_successive/census-income	661.8	5.1.0
2026-08-21	57753e32e33b		and_cardinality/census-income	439.7	5.1.0
2026-08-21	57753e32e33b		contains/census-income	5845.8	5.1.0
2026-08-21	57753e32e33b		iterate/census-income	32274.9	5.1.0
2026-08-21	57753e32e33b		to_array/census-income	1338.8	5.1.0
2026-08-21	57753e32e33b		deserialize/census-income	120.4	5.1.0
2026-08-21	57753e32e33b		cardinality64/census-income	2.7	5.1.0
2026-08-21	57753e32e33b		iterate64/census-income	17813.7	5.1.0
2026-08-21	57753e32e33b		or_successive64/census-income	405.6	5.1.0
2026-08-21	57753e32e33b		or_successive/weather_sept_85	2917.1	5.1.0
2026-08-21	57753e32e33b		and_successive/weather_sept_85	2029.4	5.1.0
2026-08-21	57753e32e33b		and_cardinality/weather_sept_85	1606.9	5.1.0
2026-08-21	57753e32e33b		contains/weather_sept_85	9228.6	5.1.0
2026-08-21	57753e32e33b		iterate/weather_sept_85	59344.6	5.1.0
2026-08-21	57753e32e33b		to_array/weather_sept_85	5223.3	5.1.0
2026-08-21	57753e32e33b		deserialize/weather_sept_85	563.0	5.1.0
2026-08-21	57753e32e33b		cardinality64/weather_sept_85	6.2	5.1.0
2026-08-21	57753e32e33b		iterate64/weather_sept_85	34607.3	5.1.0
2026-08-21	57753e32e33b		or_successive64/weather_sept_85	1491.0	5.1.0
2026-08-21	0489dd47c1ff	v5.1.0	or_successive/census1881	671.1	Speed up roaring64 deserialization, and add a portable frozen view (#867)
2026-08-21	0489dd47c1ff	v5.1.0	and_successive/census1881	21.0	Speed up roaring64 deserialization, and add a portable frozen view (#867)
2026-08-21	0489dd47c1ff	v5.1.0	and_cardinality/census1881	18.8	Speed up roaring64 deserialization, and add a portable frozen view (#867)
2026-08-21	0489dd47c1ff	v5.1.0	contains/census1881	3277.9	Speed up roaring64 deserialization, and add a portable frozen view (#867)
2026-08-21	0489dd47c1ff	v5.1.0	iterate/census1881	2060.8	Speed up roaring64 deserialization, and add a portable frozen view (#867)
2026-08-21	0489dd47c1ff	v5.1.0	to_array/census1881	119.1	Speed up roaring64 deserialization, and add a portable frozen view (#867)
2026-08-21	0489dd47c1ff	v5.1.0	deserialize/census1881	336.4	Speed up roaring64 deserialization, and add a portable frozen view (#867)
2026-08-21	0489dd47c1ff	v5.1.0	cardinality64/census1881	3.9	Speed up roaring64 deserialization, and add a portable frozen view (#867)
2026-08-21	0489dd47c1ff	v5.1.0	iterate64/census1881	3005.4	Speed up roaring64 deserialization, and add a portable frozen view (#867)
2026-08-21	0489dd47c1ff	v5.1.0	or_successive64/census1881	989.5	Speed up roaring64 deserialization, and add a portable frozen view (#867)
2026-08-21	0489dd47c1ff	v5.1.0	or_successive/census-income	718.6	Speed up roaring64 deserialization, and add a portable frozen view (#867)
2026-08-21	0489dd47c1ff	v5.1.0	and_successive/census-income	655.2	Speed up roaring64 deserialization, and add a portable frozen view (#867)
2026-08-21	0489dd47c1ff	v5.1.0	and_cardinality/census-income	445.4	Speed up roaring64 deserialization, and add a portable frozen view (#867)
2026-08-21	0489dd47c1ff	v5.1.0	contains/census-income	5824.6	Speed up roaring64 deserialization, and add a portable frozen view (#867)
2026-08-21	0489dd47c1ff	v5.1.0	iterate/census-income	32433.0	Speed up roaring64 deserialization, and add a portable frozen view (#867)
2026-08-21	0489dd47c1ff	v5.1.0	to_array/census-income	1358.3	Speed up roaring64 deserialization, and add a portable frozen view (#867)
2026-08-21	0489dd47c1ff	v5.1.0	deserialize/census-income	116.3	Speed up roaring64 deserialization, and add a portable frozen view (#867)
2026-08-21	0489dd47c1ff	v5.1.0	cardinality64/census-income	2.6	Speed up roaring64 deserialization, and add a portable frozen view (#867)
2026-08-21	0489dd47c1ff	v5.1.0	iterate64/census-income	17365.5	Speed up roaring64 deserialization, and add a portable frozen view (#867)
2026-08-21	0489dd47c1ff	v5.1.0	or_successive64/census-income	408.1	Speed up roaring64 deserialization, and add a portable frozen view (#867)
2026-08-21	0489dd47c1ff	v5.1.0	or_successive/weather_sept_85	2906.5	Speed up roaring64 deserialization, and add a portable frozen view (#867)
2026-08-21	0489dd47c1ff	v5.1.0	and_successive/weather_sept_85	2027.0	Speed up roaring64 deserialization, and add a portable frozen view (#867)
2026-08-21	0489dd47c1ff	v5.1.0	and_cardinality/weather_sept_85	1610.2	Speed up roaring64 deserialization, and add a portable frozen view (#867)
2026-08-21	0489dd47c1ff	v5.1.0	contains/weather_sept_85	9235.1	Speed up roaring64 deserialization, and add a portable frozen view (#867)
2026-08-21	0489dd47c1ff	v5.1.0	iterate/weather_sept_85	60181.6	Speed up roaring64 deserialization, and add a portable frozen view (#867)
2026-08-21	0489dd47c1ff	v5.1.0	to_array/weather_sept_85	5197.9	Speed up roaring64 deserialization, and add a portable frozen view (#867)
2026-08-21	0489dd47c1ff	v5.1.0	deserialize/weather_sept_85	544.6	Speed up roaring64 deserialization, and add a portable frozen view (#867)
2026-08-21	0489dd47c1ff	v5.1.0	cardinality64/weather_sept_85	6.0	Speed up roaring64 deserialization, and add a portable frozen view (#867)
2026-08-21	0489dd47c1ff	v5.1.0	iterate64/weather_sept_85	34630.7	Speed up roaring64 deserialization, and add a portable frozen view (#867)
2026-08-21	0489dd47c1ff	v5.1.0	or_successive64/weather_sept_85	1504.6	Speed up roaring64 deserialization, and add a portable frozen view (#867)
2026-08-27	1a3d613218bf		or_successive/census1881	679.8	Speed up the AVX-512 VBMI2 bitset decoders (#868)
2026-08-27	1a3d613218bf		and_successive/census1881	21.1	Speed up the AVX-512 VBMI2 bitset decoders (#868)
2026-08-27	1a3d613218bf		and_cardinality/census1881	16.3	Speed up the AVX-512 VBMI2 bitset decoders (#868)
2026-08-27	1a3d613218bf		contains/census1881	3306.9	Speed up the AVX-512 VBMI2 bitset decoders (#868)
2026-08-27	1a3d613218bf		iterate/census1881	2063.3	Speed up the AVX-512 VBMI2 bitset decoders (#868)
2026-08-27	1a3d613218bf		to_array/census1881	121.3	Speed up the AVX-512 VBMI2 bitset decoders (#868)
2026-08-27	1a3d613218bf		deserialize/census1881	340.9	Speed up the AVX-512 VBMI2 bitset decoders (#868)
2026-08-27	1a3d613218bf		cardinality64/census1881	4.1	Speed up the AVX-512 VBMI2 bitset decoders (#868)
2026-08-27	1a3d613218bf		iterate64/census1881	3119.5	Speed up the AVX-512 VBMI2 bitset decoders (#868)
2026-08-27	1a3d613218bf		or_successive64/census1881	999.4	Speed up the AVX-512 VBMI2 bitset decoders (#868)
2026-08-27	1a3d613218bf		or_successive/census-income	726.5	Speed up the AVX-512 VBMI2 bitset decoders (#868)
2026-08-27	1a3d613218bf		and_successive/census-income	654.6	Speed up the AVX-512 VBMI2 bitset decoders (#868)
2026-08-27	1a3d613218bf		and_cardinality/census-income	440.7	Speed up the AVX-512 VBMI2 bitset decoders (#868)
2026-08-27	1a3d613218bf		contains/census-income	5838.3	Speed up the AVX-512 VBMI2 bitset decoders (#868)
2026-08-27	1a3d613218bf		iterate/census-income	32912.6	Speed up the AVX-512 VBMI2 bitset decoders (#868)
2026-08-27	1a3d613218bf		to_array/census-income	954.3	Speed up the AVX-512 VBMI2 bitset decoders (#868)
2026-08-27	1a3d613218bf		deserialize/census-income	115.2	Speed up the AVX-512 VBMI2 bitset decoders (#868)
2026-08-27	1a3d613218bf		cardinality64/census-income	2.8	Speed up the AVX-512 VBMI2 bitset decoders (#868)
2026-08-27	1a3d613218bf		iterate64/census-income	17342.6	Speed up the AVX-512 VBMI2 bitset decoders (#868)
2026-08-27	1a3d613218bf		or_successive64/census-income	399.9	Speed up the AVX-512 VBMI2 bitset decoders (#868)
2026-08-27	1a3d613218bf		or_successive/weather_sept_85	2923.3	Speed up the AVX-512 VBMI2 bitset decoders (#868)
2026-08-27	1a3d613218bf		and_successive/weather_sept_85	2020.9	Speed up the AVX-512 VBMI2 bitset decoders (#868)
2026-08-27	1a3d613218bf		and_cardinality/weather_sept_85	1610.4	Speed up the AVX-512 VBMI2 bitset decoders (#868)
2026-08-27	1a3d613218bf		contains/weather_sept_85	9241.9	Speed up the AVX-512 VBMI2 bitset decoders (#868)
2026-08-27	1a3d613218bf		iterate/weather_sept_85	59595.6	Speed up the AVX-512 VBMI2 bitset decoders (#868)
2026-08-27	1a3d613218bf		to_array/weather_sept_85	2355.5	Speed up the AVX-512 VBMI2 bitset decoders (#868)
2026-08-27	1a3d613218bf		deserialize/weather_sept_85	544.4	Speed up the AVX-512 VBMI2 bitset decoders (#868)
2026-08-27	1a3d613218bf		cardinality64/weather_sept_85	6.2	Speed up the AVX-512 VBMI2 bitset decoders (#868)
2026-08-27	1a3d613218bf		iterate64/weather_sept_85	34710.1	Speed up the AVX-512 VBMI2 bitset decoders (#868)
2026-08-27	1a3d613218bf		or_successive64/weather_sept_85	1505.6	Speed up the AVX-512 VBMI2 bitset decoders (#868)
2026-08-27	342463b31b90	v5.1.1	or_successive/census1881	680.8	5.1.1
2026-08-27	342463b31b90	v5.1.1	and_successive/census1881	21.2	5.1.1
2026-08-27	342463b31b90	v5.1.1	and_cardinality/census1881	16.7	5.1.1
2026-08-27	342463b31b90	v5.1.1	contains/census1881	3270.3	5.1.1
2026-08-27	342463b31b90	v5.1.1	iterate/census1881	2062.4	5.1.1
2026-08-27	342463b31b90	v5.1.1	to_array/census1881	121.2	5.1.1
2026-08-27	342463b31b90	v5.1.1	deserialize/census1881	338.4	5.1.1
2026-08-27	342463b31b90	v5.1.1	cardinality64/census1881	3.8	5.1.1
2026-08-27	342463b31b90	v5.1.1	iterate64/census1881	3073.4	5.1.1
2026-08-27	342463b31b90	v5.1.1	or_successive64/census1881	992.6	5.1.1
2026-08-27	342463b31b90	v5.1.1	or_successive/census-income	717.7	5.1.1
2026-08-27	342463b31b90	v5.1.1	and_successive/census-income	660.6	5.1.1
2026-08-27	342463b31b90	v5.1.1	and_cardinality/census-income	444.7	5.1.1
2026-08-27	342463b31b90	v5.1.1	contains/census-income	5830.0	5.1.1
2026-08-27	342463b31b90	v5.1.1	iterate/census-income	32646.2	5.1.1
2026-08-27	342463b31b90	v5.1.1	to_array/census-income	945.5	5.1.1
2026-08-27	342463b31b90	v5.1.1	deserialize/census-income	119.5	5.1.1
2026-08-27	342463b31b90	v5.1.1	cardinality64/census-income	2.7	5.1.1
2026-08-27	342463b31b90	v5.1.1	iterate64/census-income	17406.7	5.1.1
2026-08-27	342463b31b90	v5.1.1	or_successive64/census-income	406.5	5.1.1
2026-08-27	342463b31b90	v5.1.1	or_successive/weather_sept_85	2919.0	5.1.1
2026-08-27	342463b31b90	v5.1.1	and_successive/weather_sept_85	2030.6	5.1.1
2026-08-27	342463b31b90	v5.1.1	and_cardinality/weather_sept_85	1611.1	5.1.1
2026-08-27	342463b31b90	v5.1.1	contains/weather_sept_85	9251.9	5.1.1
2026-08-27	342463b31b90	v5.1.1	iterate/weather_sept_85	60094.2	5.1.1
2026-08-27	342463b31b90	v5.1.1	to_array/weather_sept_85	2345.2	5.1.1
2026-08-27	342463b31b90	v5.1.1	deserialize/weather_sept_85	542.8	5.1.1
2026-08-27	342463b31b90	v5.1.1	cardinality64/weather_sept_85	6.1	5.1.1
2026-08-27	342463b31b90	v5.1.1	iterate64/weather_sept_85	34131.9	5.1.1
2026-08-27	342463b31b90	v5.1.1	or_successive64/weather_sept_85	1509.5	5.1.1
2026-09-04	7dd6eda73ddf		or_successive/census1881	679.0	Add set-cardinality methods to Roaring64Map (#875)
2026-09-04	7dd6eda73ddf		and_successive/census1881	21.0	Add set-cardinality methods to Roaring64Map (#875)
2026-09-04	7dd6eda73ddf		and_cardinality/census1881	17.5	Add set-cardinality methods to Roaring64Map (#875)
2026-09-04	7dd6eda73ddf		contains/census1881	3306.2	Add set-cardinality methods to Roaring64Map (#875)
2026-09-04	7dd6eda73ddf		iterate/census1881	2066.3	Add set-cardinality methods to Roaring64Map (#875)
2026-09-04	7dd6eda73ddf		to_array/census1881	120.6	Add set-cardinality methods to Roaring64Map (#875)
2026-09-04	7dd6eda73ddf		deserialize/census1881	338.2	Add set-cardinality methods to Roaring64Map (#875)
2026-09-04	7dd6eda73ddf		cardinality64/census1881	4.0	Add set-cardinality methods to Roaring64Map (#875)
2026-09-04	7dd6eda73ddf		iterate64/census1881	2980.8	Add set-cardinality methods to Roaring64Map (#875)
2026-09-04	7dd6eda73ddf		or_successive64/census1881	995.9	Add set-cardinality methods to Roaring64Map (#875)
2026-09-04	7dd6eda73ddf		or_successive/census-income	717.2	Add set-cardinality methods to Roaring64Map (#875)
2026-09-04	7dd6eda73ddf		and_successive/census-income	660.1	Add set-cardinality methods to Roaring64Map (#875)
2026-09-04	7dd6eda73ddf		and_cardinality/census-income	440.8	Add set-cardinality methods to Roaring64Map (#875)
2026-09-04	7dd6eda73ddf		contains/census-income	5841.9	Add set-cardinality methods to Roaring64Map (#875)
2026-09-04	7dd6eda73ddf		iterate/census-income	32685.8	Add set-cardinality methods to Roaring64Map (#875)
2026-09-04	7dd6eda73ddf		to_array/census-income	949.7	Add set-cardinality methods to Roaring64Map (#875)
2026-09-04	7dd6eda73ddf		deserialize/census-income	119.2	Add set-cardinality methods to Roaring64Map (#875)
2026-09-04	7dd6eda73ddf		cardinality64/census-income	2.6	Add set-cardinality methods to Roaring64Map (#875)
2026-09-04	7dd6eda73ddf		iterate64/census-income	17197.0	Add set-cardinality methods to Roaring64Map (#875)
2026-09-04	7dd6eda73ddf		or_successive64/census-income	408.7	Add set-cardinality methods to Roaring64Map (#875)
2026-09-04	7dd6eda73ddf		or_successive/weather_sept_85	2916.0	Add set-cardinality methods to Roaring64Map (#875)
2026-09-04	7dd6eda73ddf		and_successive/weather_sept_85	2033.6	Add set-cardinality methods to Roaring64Map (#875)
2026-09-04	7dd6eda73ddf		and_cardinality/weather_sept_85	1606.6	Add set-cardinality methods to Roaring64Map (#875)
2026-09-04	7dd6eda73ddf		contains/weather_sept_85	9255.0	Add set-cardinality methods to Roaring64Map (#875)
2026-09-04	7dd6eda73ddf		iterate/weather_sept_85	59944.1	Add set-cardinality methods to Roaring64Map (#875)
2026-09-04	7dd6eda73ddf		to_array/weather_sept_85	2346.2	Add set-cardinality methods to Roaring64Map (#875)
2026-09-04	7dd6eda73ddf		deserialize/weather_sept_85	543.2	Add set-cardinality methods to Roaring64Map (#875)
2026-09-04	7dd6eda73ddf		cardinality64/weather_sept_85	6.1	Add set-cardinality methods to Roaring64Map (#875)
2026-09-04	7dd6eda73ddf		iterate64/weather_sept_85	34073.8	Add set-cardinality methods to Roaring64Map (#875)
2026-09-04	7dd6eda73ddf		or_successive64/weather_sept_85	1499.5	Add set-cardinality methods to Roaring64Map (#875)
2026-09-08	4e060a0cf79b		or_successive/census1881	681.2	Update README.md
2026-09-08	4e060a0cf79b		and_successive/census1881	20.6	Update README.md
2026-09-08	4e060a0cf79b		and_cardinality/census1881	18.2	Update README.md
2026-09-08	4e060a0cf79b		contains/census1881	3283.3	Update README.md
2026-09-08	4e060a0cf79b		iterate/census1881	2064.6	Update README.md
2026-09-08	4e060a0cf79b		to_array/census1881	119.7	Update README.md
2026-09-08	4e060a0cf79b		deserialize/census1881	346.8	Update README.md
2026-09-08	4e060a0cf79b		cardinality64/census1881	3.9	Update README.md
2026-09-08	4e060a0cf79b		iterate64/census1881	2988.1	Update README.md
2026-09-08	4e060a0cf79b		or_successive64/census1881	1002.4	Update README.md
2026-09-08	4e060a0cf79b		or_successive/census-income	724.5	Update README.md
2026-09-08	4e060a0cf79b		and_successive/census-income	663.5	Update README.md
2026-09-08	4e060a0cf79b		and_cardinality/census-income	445.3	Update README.md
2026-09-08	4e060a0cf79b		contains/census-income	5822.1	Update README.md
2026-09-08	4e060a0cf79b		iterate/census-income	32482.0	Update README.md
2026-09-08	4e060a0cf79b		to_array/census-income	940.1	Update README.md
2026-09-08	4e060a0cf79b		deserialize/census-income	117.1	Update README.md
2026-09-08	4e060a0cf79b		cardinality64/census-income	2.6	Update README.md
2026-09-08	4e060a0cf79b		iterate64/census-income	17670.9	Update README.md
2026-09-08	4e060a0cf79b		or_successive64/census-income	402.6	Update README.md
2026-09-08	4e060a0cf79b		or_successive/weather_sept_85	2909.3	Update README.md
2026-09-08	4e060a0cf79b		and_successive/weather_sept_85	2035.1	Update README.md
2026-09-08	4e060a0cf79b		and_cardinality/weather_sept_85	1614.6	Update README.md
2026-09-08	4e060a0cf79b		contains/weather_sept_85	9213.9	Update README.md
2026-09-08	4e060a0cf79b		iterate/weather_sept_85	59504.0	Update README.md
2026-09-08	4e060a0cf79b		to_array/weather_sept_85	2344.3	Update README.md
2026-09-08	4e060a0cf79b		deserialize/weather_sept_85	544.7	Update README.md
2026-09-08	4e060a0cf79b		cardinality64/weather_sept_85	6.1	Update README.md
2026-09-08	4e060a0cf79b		iterate64/weather_sept_85	34657.3	Update README.md
2026-09-08	4e060a0cf79b		or_successive64/weather_sept_85	1508.1	Update README.md
2026-09-08	23e57ae5c963		or_successive/census1881	676.3	Update README with copy-on-write explanation
2026-09-08	23e57ae5c963		and_successive/census1881	20.8	Update README with copy-on-write explanation
2026-09-08	23e57ae5c963		and_cardinality/census1881	17.9	Update README with copy-on-write explanation
2026-09-08	23e57ae5c963		contains/census1881	3292.4	Update README with copy-on-write explanation
2026-09-08	23e57ae5c963		iterate/census1881	2067.3	Update README with copy-on-write explanation
2026-09-08	23e57ae5c963		to_array/census1881	119.9	Update README with copy-on-write explanation
2026-09-08	23e57ae5c963		deserialize/census1881	340.1	Update README with copy-on-write explanation
2026-09-08	23e57ae5c963		cardinality64/census1881	3.9	Update README with copy-on-write explanation
2026-09-08	23e57ae5c963		iterate64/census1881	3035.8	Update README with copy-on-write explanation
2026-09-08	23e57ae5c963		or_successive64/census1881	990.4	Update README with copy-on-write explanation
2026-09-08	23e57ae5c963		or_successive/census-income	727.5	Update README with copy-on-write explanation
2026-09-08	23e57ae5c963		and_successive/census-income	675.9	Update README with copy-on-write explanation
2026-09-08	23e57ae5c963		and_cardinality/census-income	440.9	Update README with copy-on-write explanation
2026-09-08	23e57ae5c963		contains/census-income	5860.0	Update README with copy-on-write explanation
2026-09-08	23e57ae5c963		iterate/census-income	32320.4	Update README with copy-on-write explanation
2026-09-08	23e57ae5c963		to_array/census-income	946.5	Update README with copy-on-write explanation
2026-09-08	23e57ae5c963		deserialize/census-income	115.6	Update README with copy-on-write explanation
2026-09-08	23e57ae5c963		cardinality64/census-income	2.7	Update README with copy-on-write explanation
2026-09-08	23e57ae5c963		iterate64/census-income	16874.1	Update README with copy-on-write explanation
2026-09-08	23e57ae5c963		or_successive64/census-income	406.1	Update README with copy-on-write explanation
2026-09-08	23e57ae5c963		or_successive/weather_sept_85	2902.7	Update README with copy-on-write explanation
2026-09-08	23e57ae5c963		and_successive/weather_sept_85	2030.5	Update README with copy-on-write explanation
2026-09-08	23e57ae5c963		and_cardinality/weather_sept_85	1602.0	Update README with copy-on-write explanation
2026-09-08	23e57ae5c963		contains/weather_sept_85	9266.1	Update README with copy-on-write explanation
2026-09-08	23e57ae5c963		iterate/weather_sept_85	59216.1	Update README with copy-on-write explanation
2026-09-08	23e57ae5c963		to_array/weather_sept_85	2348.2	Update README with copy-on-write explanation
2026-09-08	23e57ae5c963		deserialize/weather_sept_85	547.2	Update README with copy-on-write explanation
2026-09-08	23e57ae5c963		cardinality64/weather_sept_85	6.0	Update README with copy-on-write explanation
2026-09-08	23e57ae5c963		iterate64/weather_sept_85	34184.3	Update README with copy-on-write explanation
2026-09-08	23e57ae5c963		or_successive64/weather_sept_85	1510.2	Update README with copy-on-write explanation
2026-09-08	1ee1ff93513e		or_successive/census1881	689.5	Bump github/codeql-action/init from 4.37.3 to 4.37.9 (#869)
2026-09-08	1ee1ff93513e		and_successive/census1881	20.5	Bump github/codeql-action/init from 4.37.3 to 4.37.9 (#869)
2026-09-08	1ee1ff93513e		and_cardinality/census1881	17.0	Bump github/codeql-action/init from 4.37.3 to 4.37.9 (#869)
2026-09-08	1ee1ff93513e		contains/census1881	3281.2	Bump github/codeql-action/init from 4.37.3 to 4.37.9 (#869)
2026-09-08	1ee1ff93513e		iterate/census1881	2072.4	Bump github/codeql-action/init from 4.37.3 to 4.37.9 (#869)
2026-09-08	1ee1ff93513e		to_array/census1881	120.2	Bump github/codeql-action/init from 4.37.3 to 4.37.9 (#869)
2026-09-08	1ee1ff93513e		deserialize/census1881	341.0	Bump github/codeql-action/init from 4.37.3 to 4.37.9 (#869)
2026-09-08	1ee1ff93513e		cardinality64/census1881	3.8	Bump github/codeql-action/init from 4.37.3 to 4.37.9 (#869)
2026-09-08	1ee1ff93513e		iterate64/census1881	3059.3	Bump github/codeql-action/init from 4.37.3 to 4.37.9 (#869)
2026-09-08	1ee1ff93513e		or_successive64/census1881	1000.8	Bump github/codeql-action/init from 4.37.3 to 4.37.9 (#869)
2026-09-08	1ee1ff93513e		or_successive/census-income	725.7	Bump github/codeql-action/init from 4.37.3 to 4.37.9 (#869)
2026-09-08	1ee1ff93513e		and_successive/census-income	667.0	Bump github/codeql-action/init from 4.37.3 to 4.37.9 (#869)
2026-09-08	1ee1ff93513e		and_cardinality/census-income	446.8	Bump github/codeql-action/init from 4.37.3 to 4.37.9 (#869)
2026-09-08	1ee1ff93513e		contains/census-income	5844.4	Bump github/codeql-action/init from 4.37.3 to 4.37.9 (#869)
2026-09-08	1ee1ff93513e		iterate/census-income	32748.7	Bump github/codeql-action/init from 4.37.3 to 4.37.9 (#869)
2026-09-08	1ee1ff93513e		to_array/census-income	935.0	Bump github/codeql-action/init from 4.37.3 to 4.37.9 (#869)
2026-09-08	1ee1ff93513e		deserialize/census-income	120.8	Bump github/codeql-action/init from 4.37.3 to 4.37.9 (#869)
2026-09-08	1ee1ff93513e		cardinality64/census-income	2.7	Bump github/codeql-action/init from 4.37.3 to 4.37.9 (#869)
2026-09-08	1ee1ff93513e		iterate64/census-income	17218.7	Bump github/codeql-action/init from 4.37.3 to 4.37.9 (#869)
2026-09-08	1ee1ff93513e		or_successive64/census-income	404.9	Bump github/codeql-action/init from 4.37.3 to 4.37.9 (#869)
2026-09-08	1ee1ff93513e		or_successive/weather_sept_85	2925.7	Bump github/codeql-action/init from 4.37.3 to 4.37.9 (#869)
2026-09-08	1ee1ff93513e		and_successive/weather_sept_85	2030.8	Bump github/codeql-action/init from 4.37.3 to 4.37.9 (#869)
2026-09-08	1ee1ff93513e		and_cardinality/weather_sept_85	1614.1	Bump github/codeql-action/init from 4.37.3 to 4.37.9 (#869)
2026-09-08	1ee1ff93513e		contains/weather_sept_85	9239.0	Bump github/codeql-action/init from 4.37.3 to 4.37.9 (#869)
2026-09-08	1ee1ff93513e		iterate/weather_sept_85	59882.9	Bump github/codeql-action/init from 4.37.3 to 4.37.9 (#869)
2026-09-08	1ee1ff93513e		to_array/weather_sept_85	2341.2	Bump github/codeql-action/init from 4.37.3 to 4.37.9 (#869)
2026-09-08	1ee1ff93513e		deserialize/weather_sept_85	543.0	Bump github/codeql-action/init from 4.37.3 to 4.37.9 (#869)
2026-09-08	1ee1ff93513e		cardinality64/weather_sept_85	6.2	Bump github/codeql-action/init from 4.37.3 to 4.37.9 (#869)
2026-09-08	1ee1ff93513e		iterate64/weather_sept_85	34168.4	Bump github/codeql-action/init from 4.37.3 to 4.37.9 (#869)
2026-09-08	1ee1ff93513e		or_successive64/weather_sept_85	1494.2	Bump github/codeql-action/init from 4.37.3 to 4.37.9 (#869)
2026-09-08	7f0efdd1b533		or_successive/census1881	680.9	Bump github/codeql-action/autobuild from 4.35.3 to 4.37.9 (#873)
2026-09-08	7f0efdd1b533		and_successive/census1881	20.8	Bump github/codeql-action/autobuild from 4.35.3 to 4.37.9 (#873)
2026-09-08	7f0efdd1b533		and_cardinality/census1881	17.5	Bump github/codeql-action/autobuild from 4.35.3 to 4.37.9 (#873)
2026-09-08	7f0efdd1b533		contains/census1881	3288.8	Bump github/codeql-action/autobuild from 4.35.3 to 4.37.9 (#873)
2026-09-08	7f0efdd1b533		iterate/census1881	2342.9	Bump github/codeql-action/autobuild from 4.35.3 to 4.37.9 (#873)
2026-09-08	7f0efdd1b533		to_array/census1881	121.1	Bump github/codeql-action/autobuild from 4.35.3 to 4.37.9 (#873)
2026-09-08	7f0efdd1b533		deserialize/census1881	338.7	Bump github/codeql-action/autobuild from 4.35.3 to 4.37.9 (#873)
2026-09-08	7f0efdd1b533		cardinality64/census1881	3.8	Bump github/codeql-action/autobuild from 4.35.3 to 4.37.9 (#873)
2026-09-08	7f0efdd1b533		iterate64/census1881	3031.5	Bump github/codeql-action/autobuild from 4.35.3 to 4.37.9 (#873)
2026-09-08	7f0efdd1b533		or_successive64/census1881	990.5	Bump github/codeql-action/autobuild from 4.35.3 to 4.37.9 (#873)
2026-09-08	7f0efdd1b533		or_successive/census-income	729.3	Bump github/codeql-action/autobuild from 4.35.3 to 4.37.9 (#873)
2026-09-08	7f0efdd1b533		and_successive/census-income	666.2	Bump github/codeql-action/autobuild from 4.35.3 to 4.37.9 (#873)
2026-09-08	7f0efdd1b533		and_cardinality/census-income	450.5	Bump github/codeql-action/autobuild from 4.35.3 to 4.37.9 (#873)
2026-09-08	7f0efdd1b533		contains/census-income	5832.8	Bump github/codeql-action/autobuild from 4.35.3 to 4.37.9 (#873)
2026-09-08	7f0efdd1b533		iterate/census-income	32430.9	Bump github/codeql-action/autobuild from 4.35.3 to 4.37.9 (#873)
2026-09-08	7f0efdd1b533		to_array/census-income	938.7	Bump github/codeql-action/autobuild from 4.35.3 to 4.37.9 (#873)
2026-09-08	7f0efdd1b533		deserialize/census-income	115.4	Bump github/codeql-action/autobuild from 4.35.3 to 4.37.9 (#873)
2026-09-08	7f0efdd1b533		cardinality64/census-income	2.8	Bump github/codeql-action/autobuild from 4.35.3 to 4.37.9 (#873)
2026-09-08	7f0efdd1b533		iterate64/census-income	17038.1	Bump github/codeql-action/autobuild from 4.35.3 to 4.37.9 (#873)
2026-09-08	7f0efdd1b533		or_successive64/census-income	407.7	Bump github/codeql-action/autobuild from 4.35.3 to 4.37.9 (#873)
2026-09-08	7f0efdd1b533		or_successive/weather_sept_85	2915.1	Bump github/codeql-action/autobuild from 4.35.3 to 4.37.9 (#873)
2026-09-08	7f0efdd1b533		and_successive/weather_sept_85	2019.8	Bump github/codeql-action/autobuild from 4.35.3 to 4.37.9 (#873)
2026-09-08	7f0efdd1b533		and_cardinality/weather_sept_85	1606.3	Bump github/codeql-action/autobuild from 4.35.3 to 4.37.9 (#873)
2026-09-08	7f0efdd1b533		contains/weather_sept_85	9235.5	Bump github/codeql-action/autobuild from 4.35.3 to 4.37.9 (#873)
2026-09-08	7f0efdd1b533		iterate/weather_sept_85	59565.1	Bump github/codeql-action/autobuild from 4.35.3 to 4.37.9 (#873)
2026-09-08	7f0efdd1b533		to_array/weather_sept_85	2354.0	Bump github/codeql-action/autobuild from 4.35.3 to 4.37.9 (#873)
2026-09-08	7f0efdd1b533		deserialize/weather_sept_85	545.0	Bump github/codeql-action/autobuild from 4.35.3 to 4.37.9 (#873)
2026-09-08	7f0efdd1b533		cardinality64/weather_sept_85	6.1	Bump github/codeql-action/autobuild from 4.35.3 to 4.37.9 (#873)
2026-09-08	7f0efdd1b533		iterate64/weather_sept_85	34333.7	Bump github/codeql-action/autobuild from 4.35.3 to 4.37.9 (#873)
2026-09-08	7f0efdd1b533		or_successive64/weather_sept_85	1502.4	Bump github/codeql-action/autobuild from 4.35.3 to 4.37.9 (#873)
2026-09-08	fa52d6f0dd04		or_successive/census1881	672.7	Bump actions/checkout from 7.0.0 to 7.0.1 (#870)
2026-09-08	fa52d6f0dd04		and_successive/census1881	20.9	Bump actions/checkout from 7.0.0 to 7.0.1 (#870)
2026-09-08	fa52d6f0dd04		and_cardinality/census1881	17.4	Bump actions/checkout from 7.0.0 to 7.0.1 (#870)
2026-09-08	fa52d6f0dd04		contains/census1881	3294.0	Bump actions/checkout from 7.0.0 to 7.0.1 (#870)
2026-09-08	fa52d6f0dd04		iterate/census1881	2069.7	Bump actions/checkout from 7.0.0 to 7.0.1 (#870)
2026-09-08	fa52d6f0dd04		to_array/census1881	119.8	Bump actions/checkout from 7.0.0 to 7.0.1 (#870)
2026-09-08	fa52d6f0dd04		deserialize/census1881	336.6	Bump actions/checkout from 7.0.0 to 7.0.1 (#870)
2026-09-08	fa52d6f0dd04		cardinality64/census1881	3.9	Bump actions/checkout from 7.0.0 to 7.0.1 (#870)
2026-09-08	fa52d6f0dd04		iterate64/census1881	3073.7	Bump actions/checkout from 7.0.0 to 7.0.1 (#870)
2026-09-08	fa52d6f0dd04		or_successive64/census1881	995.1	Bump actions/checkout from 7.0.0 to 7.0.1 (#870)
2026-09-08	fa52d6f0dd04		or_successive/census-income	716.4	Bump actions/checkout from 7.0.0 to 7.0.1 (#870)
2026-09-08	fa52d6f0dd04		and_successive/census-income	659.8	Bump actions/checkout from 7.0.0 to 7.0.1 (#870)
2026-09-08	fa52d6f0dd04		and_cardinality/census-income	444.5	Bump actions/checkout from 7.0.0 to 7.0.1 (#870)
2026-09-08	fa52d6f0dd04		contains/census-income	5824.2	Bump actions/checkout from 7.0.0 to 7.0.1 (#870)
2026-09-08	fa52d6f0dd04		iterate/census-income	32636.8	Bump actions/checkout from 7.0.0 to 7.0.1 (#870)
2026-09-08	fa52d6f0dd04		to_array/census-income	940.2	Bump actions/checkout from 7.0.0 to 7.0.1 (#870)
2026-09-08	fa52d6f0dd04		deserialize/census-income	121.9	Bump actions/checkout from 7.0.0 to 7.0.1 (#870)
2026-09-08	fa52d6f0dd04		cardinality64/census-income	2.7	Bump actions/checkout from 7.0.0 to 7.0.1 (#870)
2026-09-08	fa52d6f0dd04		iterate64/census-income	17095.9	Bump actions/checkout from 7.0.0 to 7.0.1 (#870)
2026-09-08	fa52d6f0dd04		or_successive64/census-income	409.2	Bump actions/checkout from 7.0.0 to 7.0.1 (#870)
2026-09-08	fa52d6f0dd04		or_successive/weather_sept_85	2926.9	Bump actions/checkout from 7.0.0 to 7.0.1 (#870)
2026-09-08	fa52d6f0dd04		and_successive/weather_sept_85	2019.0	Bump actions/checkout from 7.0.0 to 7.0.1 (#870)
2026-09-08	fa52d6f0dd04		and_cardinality/weather_sept_85	1607.3	Bump actions/checkout from 7.0.0 to 7.0.1 (#870)
2026-09-08	fa52d6f0dd04		contains/weather_sept_85	9252.3	Bump actions/checkout from 7.0.0 to 7.0.1 (#870)
2026-09-08	fa52d6f0dd04		iterate/weather_sept_85	59764.6	Bump actions/checkout from 7.0.0 to 7.0.1 (#870)
2026-09-08	fa52d6f0dd04		to_array/weather_sept_85	2350.1	Bump actions/checkout from 7.0.0 to 7.0.1 (#870)
2026-09-08	fa52d6f0dd04		deserialize/weather_sept_85	542.4	Bump actions/checkout from 7.0.0 to 7.0.1 (#870)
2026-09-08	fa52d6f0dd04		cardinality64/weather_sept_85	6.1	Bump actions/checkout from 7.0.0 to 7.0.1 (#870)
2026-09-08	fa52d6f0dd04		iterate64/weather_sept_85	35201.9	Bump actions/checkout from 7.0.0 to 7.0.1 (#870)
2026-09-08	fa52d6f0dd04		or_successive64/weather_sept_85	1502.2	Bump actions/checkout from 7.0.0 to 7.0.1 (#870)
2026-09-08	11f70198a7fc		or_successive/census1881	678.3	Bump github/codeql-action/upload-sarif from 4.37.3 to 4.37.9 (#871)
2026-09-08	11f70198a7fc		and_successive/census1881	21.0	Bump github/codeql-action/upload-sarif from 4.37.3 to 4.37.9 (#871)
2026-09-08	11f70198a7fc		and_cardinality/census1881	17.5	Bump github/codeql-action/upload-sarif from 4.37.3 to 4.37.9 (#871)
2026-09-08	11f70198a7fc		contains/census1881	3292.6	Bump github/codeql-action/upload-sarif from 4.37.3 to 4.37.9 (#871)
2026-09-08	11f70198a7fc		iterate/census1881	2059.3	Bump github/codeql-action/upload-sarif from 4.37.3 to 4.37.9 (#871)
2026-09-08	11f70198a7fc		to_array/census1881	119.2	Bump github/codeql-action/upload-sarif from 4.37.3 to 4.37.9 (#871)
2026-09-08	11f70198a7fc		deserialize/census1881	341.5	Bump github/codeql-action/upload-sarif from 4.37.3 to 4.37.9 (#871)
2026-09-08	11f70198a7fc		cardinality64/census1881	4.0	Bump github/codeql-action/upload-sarif from 4.37.3 to 4.37.9 (#871)
2026-09-08	11f70198a7fc		iterate64/census1881	3074.0	Bump github/codeql-action/upload-sarif from 4.37.3 to 4.37.9 (#871)
2026-09-08	11f70198a7fc		or_successive64/census1881	999.6	Bump github/codeql-action/upload-sarif from 4.37.3 to 4.37.9 (#871)
2026-09-08	11f70198a7fc		or_successive/census-income	724.9	Bump github/codeql-action/upload-sarif from 4.37.3 to 4.37.9 (#871)
2026-09-08	11f70198a7fc		and_successive/census-income	663.9	Bump github/codeql-action/upload-sarif from 4.37.3 to 4.37.9 (#871)
2026-09-08	11f70198a7fc		and_cardinality/census-income	443.9	Bump github/codeql-action/upload-sarif from 4.37.3 to 4.37.9 (#871)
2026-09-08	11f70198a7fc		contains/census-income	5820.1	Bump github/codeql-action/upload-sarif from 4.37.3 to 4.37.9 (#871)
2026-09-08	11f70198a7fc		iterate/census-income	32595.2	Bump github/codeql-action/upload-sarif from 4.37.3 to 4.37.9 (#871)
2026-09-08	11f70198a7fc		to_array/census-income	948.7	Bump github/codeql-action/upload-sarif from 4.37.3 to 4.37.9 (#871)
2026-09-08	11f70198a7fc		deserialize/census-income	119.8	Bump github/codeql-action/upload-sarif from 4.37.3 to 4.37.9 (#871)
2026-09-08	11f70198a7fc		cardinality64/census-income	2.7	Bump github/codeql-action/upload-sarif from 4.37.3 to 4.37.9 (#871)
2026-09-08	11f70198a7fc		iterate64/census-income	17329.3	Bump github/codeql-action/upload-sarif from 4.37.3 to 4.37.9 (#871)
2026-09-08	11f70198a7fc		or_successive64/census-income	405.7	Bump github/codeql-action/upload-sarif from 4.37.3 to 4.37.9 (#871)
2026-09-08	11f70198a7fc		or_successive/weather_sept_85	2906.5	Bump github/codeql-action/upload-sarif from 4.37.3 to 4.37.9 (#871)
2026-09-08	11f70198a7fc		and_successive/weather_sept_85	2033.0	Bump github/codeql-action/upload-sarif from 4.37.3 to 4.37.9 (#871)
2026-09-08	11f70198a7fc		and_cardinality/weather_sept_85	1612.4	Bump github/codeql-action/upload-sarif from 4.37.3 to 4.37.9 (#871)
2026-09-08	11f70198a7fc		contains/weather_sept_85	9224.5	Bump github/codeql-action/upload-sarif from 4.37.3 to 4.37.9 (#871)
2026-09-08	11f70198a7fc		iterate/weather_sept_85	60162.6	Bump github/codeql-action/upload-sarif from 4.37.3 to 4.37.9 (#871)
2026-09-08	11f70198a7fc		to_array/weather_sept_85	2346.5	Bump github/codeql-action/upload-sarif from 4.37.3 to 4.37.9 (#871)
2026-09-08	11f70198a7fc		deserialize/weather_sept_85	541.8	Bump github/codeql-action/upload-sarif from 4.37.3 to 4.37.9 (#871)
2026-09-08	11f70198a7fc		cardinality64/weather_sept_85	6.1	Bump github/codeql-action/upload-sarif from 4.37.3 to 4.37.9 (#871)
2026-09-08	11f70198a7fc		iterate64/weather_sept_85	34185.5	Bump github/codeql-action/upload-sarif from 4.37.3 to 4.37.9 (#871)
2026-09-08	11f70198a7fc		or_successive64/weather_sept_85	1501.9	Bump github/codeql-action/upload-sarif from 4.37.3 to 4.37.9 (#871)
2026-09-08	dd7c24f91ddb		or_successive/census1881	677.2	Bump github/codeql-action/analyze from 4.37.3 to 4.37.9 (#872)
2026-09-08	dd7c24f91ddb		and_successive/census1881	21.6	Bump github/codeql-action/analyze from 4.37.3 to 4.37.9 (#872)
2026-09-08	dd7c24f91ddb		and_cardinality/census1881	15.6	Bump github/codeql-action/analyze from 4.37.3 to 4.37.9 (#872)
2026-09-08	dd7c24f91ddb		contains/census1881	3307.3	Bump github/codeql-action/analyze from 4.37.3 to 4.37.9 (#872)
2026-09-08	dd7c24f91ddb		iterate/census1881	2061.6	Bump github/codeql-action/analyze from 4.37.3 to 4.37.9 (#872)
2026-09-08	dd7c24f91ddb		to_array/census1881	118.8	Bump github/codeql-action/analyze from 4.37.3 to 4.37.9 (#872)
2026-09-08	dd7c24f91ddb		deserialize/census1881	338.9	Bump github/codeql-action/analyze from 4.37.3 to 4.37.9 (#872)
2026-09-08	dd7c24f91ddb		cardinality64/census1881	3.8	Bump github/codeql-action/analyze from 4.37.3 to 4.37.9 (#872)
2026-09-08	dd7c24f91ddb		iterate64/census1881	2898.9	Bump github/codeql-action/analyze from 4.37.3 to 4.37.9 (#872)
2026-09-08	dd7c24f91ddb		or_successive64/census1881	994.8	Bump github/codeql-action/analyze from 4.37.3 to 4.37.9 (#872)
2026-09-08	dd7c24f91ddb		or_successive/census-income	713.9	Bump github/codeql-action/analyze from 4.37.3 to 4.37.9 (#872)
2026-09-08	dd7c24f91ddb		and_successive/census-income	668.9	Bump github/codeql-action/analyze from 4.37.3 to 4.37.9 (#872)
2026-09-08	dd7c24f91ddb		and_cardinality/census-income	441.2	Bump github/codeql-action/analyze from 4.37.3 to 4.37.9 (#872)
2026-09-08	dd7c24f91ddb		contains/census-income	5843.9	Bump github/codeql-action/analyze from 4.37.3 to 4.37.9 (#872)
2026-09-08	dd7c24f91ddb		iterate/census-income	32773.5	Bump github/codeql-action/analyze from 4.37.3 to 4.37.9 (#872)
2026-09-08	dd7c24f91ddb		to_array/census-income	935.3	Bump github/codeql-action/analyze from 4.37.3 to 4.37.9 (#872)
2026-09-08	dd7c24f91ddb		deserialize/census-income	118.0	Bump github/codeql-action/analyze from 4.37.3 to 4.37.9 (#872)
2026-09-08	dd7c24f91ddb		cardinality64/census-income	2.6	Bump github/codeql-action/analyze from 4.37.3 to 4.37.9 (#872)
2026-09-08	dd7c24f91ddb		iterate64/census-income	17085.5	Bump github/codeql-action/analyze from 4.37.3 to 4.37.9 (#872)
2026-09-08	dd7c24f91ddb		or_successive64/census-income	402.9	Bump github/codeql-action/analyze from 4.37.3 to 4.37.9 (#872)
2026-09-08	dd7c24f91ddb		or_successive/weather_sept_85	2911.1	Bump github/codeql-action/analyze from 4.37.3 to 4.37.9 (#872)
2026-09-08	dd7c24f91ddb		and_successive/weather_sept_85	2029.5	Bump github/codeql-action/analyze from 4.37.3 to 4.37.9 (#872)
2026-09-08	dd7c24f91ddb		and_cardinality/weather_sept_85	1610.0	Bump github/codeql-action/analyze from 4.37.3 to 4.37.9 (#872)
2026-09-08	dd7c24f91ddb		contains/weather_sept_85	9247.4	Bump github/codeql-action/analyze from 4.37.3 to 4.37.9 (#872)
2026-09-08	dd7c24f91ddb		iterate/weather_sept_85	59487.3	Bump github/codeql-action/analyze from 4.37.3 to 4.37.9 (#872)
2026-09-08	dd7c24f91ddb		to_array/weather_sept_85	2351.8	Bump github/codeql-action/analyze from 4.37.3 to 4.37.9 (#872)
2026-09-08	dd7c24f91ddb		deserialize/weather_sept_85	548.3	Bump github/codeql-action/analyze from 4.37.3 to 4.37.9 (#872)
2026-09-08	dd7c24f91ddb		cardinality64/weather_sept_85	6.1	Bump github/codeql-action/analyze from 4.37.3 to 4.37.9 (#872)
2026-09-08	dd7c24f91ddb		iterate64/weather_sept_85	35347.3	Bump github/codeql-action/analyze from 4.37.3 to 4.37.9 (#872)
2026-09-08	dd7c24f91ddb		or_successive64/weather_sept_85	1506.3	Bump github/codeql-action/analyze from 4.37.3 to 4.37.9 (#872)
2026-09-08	21ba4444ae62		or_successive/census1881	680.7	fix data race (#877)
2026-09-08	21ba4444ae62		and_successive/census1881	21.4	fix data race (#877)
2026-09-08	21ba4444ae62		and_cardinality/census1881	16.9	fix data race (#877)
2026-09-08	21ba4444ae62		contains/census1881	3272.0	fix data race (#877)
2026-09-08	21ba4444ae62		iterate/census1881	2062.6	fix data race (#877)
2026-09-08	21ba4444ae62		to_array/census1881	118.6	fix data race (#877)
2026-09-08	21ba4444ae62		deserialize/census1881	338.2	fix data race (#877)
2026-09-08	21ba4444ae62		cardinality64/census1881	4.2	fix data race (#877)
2026-09-08	21ba4444ae62		iterate64/census1881	3025.7	fix data race (#877)
2026-09-08	21ba4444ae62		or_successive64/census1881	996.7	fix data race (#877)
2026-09-08	21ba4444ae62		or_successive/census-income	716.2	fix data race (#877)
2026-09-08	21ba4444ae62		and_successive/census-income	659.9	fix data race (#877)
2026-09-08	21ba4444ae62		and_cardinality/census-income	444.5	fix data race (#877)
2026-09-08	21ba4444ae62		contains/census-income	5853.8	fix data race (#877)
2026-09-08	21ba4444ae62		iterate/census-income	33068.2	fix data race (#877)
2026-09-08	21ba4444ae62		to_array/census-income	943.0	fix data race (#877)
2026-09-08	21ba4444ae62		deserialize/census-income	115.9	fix data race (#877)
2026-09-08	21ba4444ae62		cardinality64/census-income	2.6	fix data race (#877)
2026-09-08	21ba4444ae62		iterate64/census-income	16881.5	fix data race (#877)
2026-09-08	21ba4444ae62		or_successive64/census-income	400.7	fix data race (#877)
2026-09-08	21ba4444ae62		or_successive/weather_sept_85	2914.2	fix data race (#877)
2026-09-08	21ba4444ae62		and_successive/weather_sept_85	2021.4	fix data race (#877)
2026-09-08	21ba4444ae62		and_cardinality/weather_sept_85	1615.3	fix data race (#877)
2026-09-08	21ba4444ae62		contains/weather_sept_85	9222.9	fix data race (#877)
2026-09-08	21ba4444ae62		iterate/weather_sept_85	59559.3	fix data race (#877)
2026-09-08	21ba4444ae62		to_array/weather_sept_85	2346.8	fix data race (#877)
2026-09-08	21ba4444ae62		deserialize/weather_sept_85	546.7	fix data race (#877)
2026-09-08	21ba4444ae62		cardinality64/weather_sept_85	6.2	fix data race (#877)
2026-09-08	21ba4444ae62		iterate64/weather_sept_85	34879.5	fix data race (#877)
2026-09-08	21ba4444ae62		or_successive64/weather_sept_85	1499.9	fix data race (#877)
2026-09-08	68f5b613125e		or_successive/census1881	668.0	5.1.2
2026-09-08	68f5b613125e		and_successive/census1881	21.3	5.1.2
2026-09-08	68f5b613125e		and_cardinality/census1881	17.9	5.1.2
2026-09-08	68f5b613125e		contains/census1881	3278.1	5.1.2
2026-09-08	68f5b613125e		iterate/census1881	2061.1	5.1.2
2026-09-08	68f5b613125e		to_array/census1881	119.4	5.1.2
2026-09-08	68f5b613125e		deserialize/census1881	340.3	5.1.2
2026-09-08	68f5b613125e		cardinality64/census1881	4.0	5.1.2
2026-09-08	68f5b613125e		iterate64/census1881	2953.6	5.1.2
2026-09-08	68f5b613125e		or_successive64/census1881	992.8	5.1.2
2026-09-08	68f5b613125e		or_successive/census-income	725.5	5.1.2
2026-09-08	68f5b613125e		and_successive/census-income	661.1	5.1.2
2026-09-08	68f5b613125e		and_cardinality/census-income	442.5	5.1.2
2026-09-08	68f5b613125e		contains/census-income	5842.0	5.1.2
2026-09-08	68f5b613125e		iterate/census-income	32569.3	5.1.2
2026-09-08	68f5b613125e		to_array/census-income	932.4	5.1.2
2026-09-08	68f5b613125e		deserialize/census-income	114.8	5.1.2
2026-09-08	68f5b613125e		cardinality64/census-income	2.7	5.1.2
2026-09-08	68f5b613125e		iterate64/census-income	17541.7	5.1.2
2026-09-08	68f5b613125e		or_successive64/census-income	404.5	5.1.2
2026-09-08	68f5b613125e		or_successive/weather_sept_85	2923.9	5.1.2
2026-09-08	68f5b613125e		and_successive/weather_sept_85	2025.0	5.1.2
2026-09-08	68f5b613125e		and_cardinality/weather_sept_85	1605.8	5.1.2
2026-09-08	68f5b613125e		contains/weather_sept_85	9211.5	5.1.2
2026-09-08	68f5b613125e		iterate/weather_sept_85	59774.8	5.1.2
2026-09-08	68f5b613125e		to_array/weather_sept_85	3267.2	5.1.2
2026-09-08	68f5b613125e		deserialize/weather_sept_85	724.0	5.1.2
2026-09-08	68f5b613125e		cardinality64/weather_sept_85	8.2	5.1.2
2026-09-08	68f5b613125e		iterate64/weather_sept_85	34861.3	5.1.2
2026-09-08	68f5b613125e		or_successive64/weather_sept_85	1513.7	5.1.2
2026-09-08	de7ea45dd106	v5.2.0	or_successive/census1881	683.1	5.2.0
2026-09-08	de7ea45dd106	v5.2.0	and_successive/census1881	21.0	5.2.0
2026-09-08	de7ea45dd106	v5.2.0	and_cardinality/census1881	17.2	5.2.0
2026-09-08	de7ea45dd106	v5.2.0	contains/census1881	3334.5	5.2.0
2026-09-08	de7ea45dd106	v5.2.0	iterate/census1881	2068.8	5.2.0
2026-09-08	de7ea45dd106	v5.2.0	to_array/census1881	120.2	5.2.0
2026-09-08	de7ea45dd106	v5.2.0	deserialize/census1881	340.7	5.2.0
2026-09-08	de7ea45dd106	v5.2.0	cardinality64/census1881	3.9	5.2.0
2026-09-08	de7ea45dd106	v5.2.0	iterate64/census1881	3041.1	5.2.0
2026-09-08	de7ea45dd106	v5.2.0	or_successive64/census1881	993.3	5.2.0
2026-09-08	de7ea45dd106	v5.2.0	or_successive/census-income	721.3	5.2.0
2026-09-08	de7ea45dd106	v5.2.0	and_successive/census-income	661.8	5.2.0
2026-09-08	de7ea45dd106	v5.2.0	and_cardinality/census-income	441.0	5.2.0
2026-09-08	de7ea45dd106	v5.2.0	contains/census-income	5823.2	5.2.0
2026-09-08	de7ea45dd106	v5.2.0	iterate/census-income	32558.4	5.2.0
2026-09-08	de7ea45dd106	v5.2.0	to_array/census-income	937.0	5.2.0
2026-09-08	de7ea45dd106	v5.2.0	deserialize/census-income	115.8	5.2.0
2026-09-08	de7ea45dd106	v5.2.0	cardinality64/census-income	2.7	5.2.0
2026-09-08	de7ea45dd106	v5.2.0	iterate64/census-income	17235.3	5.2.0
2026-09-08	de7ea45dd106	v5.2.0	or_successive64/census-income	409.1	5.2.0
2026-09-08	de7ea45dd106	v5.2.0	or_successive/weather_sept_85	2923.8	5.2.0
2026-09-08	de7ea45dd106	v5.2.0	and_successive/weather_sept_85	2030.6	5.2.0
2026-09-08	de7ea45dd106	v5.2.0	and_cardinality/weather_sept_85	1606.6	5.2.0
2026-09-08	de7ea45dd106	v5.2.0	contains/weather_sept_85	9248.4	5.2.0
2026-09-08	de7ea45dd106	v5.2.0	iterate/weather_sept_85	59283.2	5.2.0
2026-09-08	de7ea45dd106	v5.2.0	to_array/weather_sept_85	2353.1	5.2.0
2026-09-08	de7ea45dd106	v5.2.0	deserialize/weather_sept_85	544.6	5.2.0
2026-09-08	de7ea45dd106	v5.2.0	cardinality64/weather_sept_85	6.2	5.2.0
2026-09-08	de7ea45dd106	v5.2.0	iterate64/weather_sept_85	34220.6	5.2.0
2026-09-08	de7ea45dd106	v5.2.0	or_successive64/weather_sept_85	1500.6	5.2.0
2026-09-11	abb34b566298		or_successive/census1881	669.0	armv7 FreeBSD fixes (#879)
2026-09-11	abb34b566298		and_successive/census1881	20.8	armv7 FreeBSD fixes (#879)
2026-09-11	abb34b566298		and_cardinality/census1881	17.2	armv7 FreeBSD fixes (#879)
2026-09-11	abb34b566298		contains/census1881	3286.6	armv7 FreeBSD fixes (#879)
2026-09-11	abb34b566298		iterate/census1881	2061.2	armv7 FreeBSD fixes (#879)
2026-09-11	abb34b566298		to_array/census1881	119.1	armv7 FreeBSD fixes (#879)
2026-09-11	abb34b566298		deserialize/census1881	340.4	armv7 FreeBSD fixes (#879)
2026-09-11	abb34b566298		cardinality64/census1881	3.8	armv7 FreeBSD fixes (#879)
2026-09-11	abb34b566298		iterate64/census1881	3065.7	armv7 FreeBSD fixes (#879)
2026-09-11	abb34b566298		or_successive64/census1881	995.2	armv7 FreeBSD fixes (#879)
2026-09-11	abb34b566298		or_successive/census-income	720.7	armv7 FreeBSD fixes (#879)
2026-09-11	abb34b566298		and_successive/census-income	654.6	armv7 FreeBSD fixes (#879)
2026-09-11	abb34b566298		and_cardinality/census-income	447.7	armv7 FreeBSD fixes (#879)
2026-09-11	abb34b566298		contains/census-income	5851.3	armv7 FreeBSD fixes (#879)
2026-09-11	abb34b566298		iterate/census-income	32274.3	armv7 FreeBSD fixes (#879)
2026-09-11	abb34b566298		to_array/census-income	940.0	armv7 FreeBSD fixes (#879)
2026-09-11	abb34b566298		deserialize/census-income	115.4	armv7 FreeBSD fixes (#879)
2026-09-11	abb34b566298		cardinality64/census-income	2.7	armv7 FreeBSD fixes (#879)
2026-09-11	abb34b566298		iterate64/census-income	17244.0	armv7 FreeBSD fixes (#879)
2026-09-11	abb34b566298		or_successive64/census-income	407.5	armv7 FreeBSD fixes (#879)
2026-09-11	abb34b566298		or_successive/weather_sept_85	2912.8	armv7 FreeBSD fixes (#879)
2026-09-11	abb34b566298		and_successive/weather_sept_85	2029.9	armv7 FreeBSD fixes (#879)
2026-09-11	abb34b566298		and_cardinality/weather_sept_85	1613.8	armv7 FreeBSD fixes (#879)
2026-09-11	abb34b566298		contains/weather_sept_85	9227.0	armv7 FreeBSD fixes (#879)
2026-09-11	abb34b566298		iterate/weather_sept_85	60030.7	armv7 FreeBSD fixes (#879)
2026-09-11	abb34b566298		to_array/weather_sept_85	2345.5	armv7 FreeBSD fixes (#879)
2026-09-11	abb34b566298		deserialize/weather_sept_85	544.7	armv7 FreeBSD fixes (#879)
2026-09-11	abb34b566298		cardinality64/weather_sept_85	6.1	armv7 FreeBSD fixes (#879)
2026-09-11	abb34b566298		iterate64/weather_sept_85	34066.4	armv7 FreeBSD fixes (#879)
2026-09-11	abb34b566298		or_successive64/weather_sept_85	1490.7	armv7 FreeBSD fixes (#879)
2026-09-11	feda8904fdc0		or_successive/census1881	682.7	Add a Fil-C CI job (#881)
2026-09-11	feda8904fdc0		and_successive/census1881	20.6	Add a Fil-C CI job (#881)
2026-09-11	feda8904fdc0		and_cardinality/census1881	17.4	Add a Fil-C CI job (#881)
2026-09-11	feda8904fdc0		contains/census1881	3292.3	Add a Fil-C CI job (#881)
2026-09-11	feda8904fdc0		iterate/census1881	2064.6	Add a Fil-C CI job (#881)
2026-09-11	feda8904fdc0		to_array/census1881	120.4	Add a Fil-C CI job (#881)
2026-09-11	feda8904fdc0		deserialize/census1881	342.1	Add a Fil-C CI job (#881)
2026-09-11	feda8904fdc0		cardinality64/census1881	3.9	Add a Fil-C CI job (#881)
2026-09-11	feda8904fdc0		iterate64/census1881	3084.8	Add a Fil-C CI job (#881)
2026-09-11	feda8904fdc0		or_successive64/census1881	1005.6	Add a Fil-C CI job (#881)
2026-09-11	feda8904fdc0		or_successive/census-income	725.3	Add a Fil-C CI job (#881)
2026-09-11	feda8904fdc0		and_successive/census-income	663.5	Add a Fil-C CI job (#881)
2026-09-11	feda8904fdc0		and_cardinality/census-income	444.9	Add a Fil-C CI job (#881)
2026-09-11	feda8904fdc0		contains/census-income	5832.3	Add a Fil-C CI job (#881)
2026-09-11	feda8904fdc0		iterate/census-income	33083.4	Add a Fil-C CI job (#881)
2026-09-11	feda8904fdc0		to_array/census-income	932.5	Add a Fil-C CI job (#881)
2026-09-11	feda8904fdc0		deserialize/census-income	117.2	Add a Fil-C CI job (#881)
2026-09-11	feda8904fdc0		cardinality64/census-income	2.9	Add a Fil-C CI job (#881)
2026-09-11	feda8904fdc0		iterate64/census-income	17141.9	Add a Fil-C CI job (#881)
2026-09-11	feda8904fdc0		or_successive64/census-income	410.2	Add a Fil-C CI job (#881)
2026-09-11	feda8904fdc0		or_successive/weather_sept_85	2905.5	Add a Fil-C CI job (#881)
2026-09-11	feda8904fdc0		and_successive/weather_sept_85	2030.5	Add a Fil-C CI job (#881)
2026-09-11	feda8904fdc0		and_cardinality/weather_sept_85	1604.2	Add a Fil-C CI job (#881)
2026-09-11	feda8904fdc0		contains/weather_sept_85	9239.7	Add a Fil-C CI job (#881)
2026-09-11	feda8904fdc0		iterate/weather_sept_85	59788.6	Add a Fil-C CI job (#881)
2026-09-11	feda8904fdc0		to_array/weather_sept_85	2335.8	Add a Fil-C CI job (#881)
2026-09-11	feda8904fdc0		deserialize/weather_sept_85	543.3	Add a Fil-C CI job (#881)
2026-09-11	feda8904fdc0		cardinality64/weather_sept_85	6.0	Add a Fil-C CI job (#881)
2026-09-11	feda8904fdc0		iterate64/weather_sept_85	34345.5	Add a Fil-C CI job (#881)
2026-09-11	feda8904fdc0		or_successive64/weather_sept_85	1496.3	Add a Fil-C CI job (#881)
2026-09-15	21252bd0e7c4		or_successive/census1881	674.0	Add manually triggered release workflow
2026-09-15	21252bd0e7c4		and_successive/census1881	20.8	Add manually triggered release workflow
2026-09-15	21252bd0e7c4		and_cardinality/census1881	17.2	Add manually triggered release workflow
2026-09-15	21252bd0e7c4		contains/census1881	3321.1	Add manually triggered release workflow
2026-09-15	21252bd0e7c4		iterate/census1881	2067.8	Add manually triggered release workflow
2026-09-15	21252bd0e7c4		to_array/census1881	124.4	Add manually triggered release workflow
2026-09-15	21252bd0e7c4		deserialize/census1881	336.8	Add manually triggered release workflow
2026-09-15	21252bd0e7c4		cardinality64/census1881	3.9	Add manually triggered release workflow
2026-09-15	21252bd0e7c4		iterate64/census1881	3065.4	Add manually triggered release workflow
2026-09-15	21252bd0e7c4		or_successive64/census1881	990.1	Add manually triggered release workflow
2026-09-15	21252bd0e7c4		or_successive/census-income	721.4	Add manually triggered release workflow
2026-09-15	21252bd0e7c4		and_successive/census-income	666.1	Add manually triggered release workflow
2026-09-15	21252bd0e7c4		and_cardinality/census-income	442.8	Add manually triggered release workflow
2026-09-15	21252bd0e7c4		contains/census-income	5856.2	Add manually triggered release workflow
2026-09-15	21252bd0e7c4		iterate/census-income	32772.2	Add manually triggered release workflow
2026-09-15	21252bd0e7c4		to_array/census-income	937.2	Add manually triggered release workflow
2026-09-15	21252bd0e7c4		deserialize/census-income	115.2	Add manually triggered release workflow
2026-09-15	21252bd0e7c4		cardinality64/census-income	2.7	Add manually triggered release workflow
2026-09-15	21252bd0e7c4		iterate64/census-income	17064.3	Add manually triggered release workflow
2026-09-15	21252bd0e7c4		or_successive64/census-income	413.4	Add manually triggered release workflow
2026-09-15	21252bd0e7c4		or_successive/weather_sept_85	2883.9	Add manually triggered release workflow
2026-09-15	21252bd0e7c4		and_successive/weather_sept_85	2025.2	Add manually triggered release workflow
2026-09-15	21252bd0e7c4		and_cardinality/weather_sept_85	1609.8	Add manually triggered release workflow
2026-09-15	21252bd0e7c4		contains/weather_sept_85	9237.2	Add manually triggered release workflow
2026-09-15	21252bd0e7c4		iterate/weather_sept_85	60147.6	Add manually triggered release workflow
2026-09-15	21252bd0e7c4		to_array/weather_sept_85	2358.3	Add manually triggered release workflow
2026-09-15	21252bd0e7c4		deserialize/weather_sept_85	543.6	Add manually triggered release workflow
2026-09-15	21252bd0e7c4		cardinality64/weather_sept_85	6.2	Add manually triggered release workflow
2026-09-15	21252bd0e7c4		iterate64/weather_sept_85	34810.4	Add manually triggered release workflow
2026-09-15	21252bd0e7c4		or_successive64/weather_sept_85	1501.7	Add manually triggered release workflow
2026-09-15	44498eba71b3	v5.2.1	or_successive/census1881	673.7	5.2.1
2026-09-15	44498eba71b3	v5.2.1	and_successive/census1881	21.1	5.2.1
2026-09-15	44498eba71b3	v5.2.1	and_cardinality/census1881	16.2	5.2.1
2026-09-15	44498eba71b3	v5.2.1	contains/census1881	3313.0	5.2.1
2026-09-15	44498eba71b3	v5.2.1	iterate/census1881	2062.7	5.2.1
2026-09-15	44498eba71b3	v5.2.1	to_array/census1881	119.0	5.2.1
2026-09-15	44498eba71b3	v5.2.1	deserialize/census1881	342.1	5.2.1
2026-09-15	44498eba71b3	v5.2.1	cardinality64/census1881	4.1	5.2.1
2026-09-15	44498eba71b3	v5.2.1	iterate64/census1881	3077.3	5.2.1
2026-09-15	44498eba71b3	v5.2.1	or_successive64/census1881	999.7	5.2.1
2026-09-15	44498eba71b3	v5.2.1	or_successive/census-income	721.4	5.2.1
2026-09-15	44498eba71b3	v5.2.1	and_successive/census-income	656.8	5.2.1
2026-09-15	44498eba71b3	v5.2.1	and_cardinality/census-income	444.9	5.2.1
2026-09-15	44498eba71b3	v5.2.1	contains/census-income	5831.0	5.2.1
2026-09-15	44498eba71b3	v5.2.1	iterate/census-income	32434.3	5.2.1
2026-09-15	44498eba71b3	v5.2.1	to_array/census-income	944.0	5.2.1
2026-09-15	44498eba71b3	v5.2.1	deserialize/census-income	115.6	5.2.1
2026-09-15	44498eba71b3	v5.2.1	cardinality64/census-income	2.8	5.2.1
2026-09-15	44498eba71b3	v5.2.1	iterate64/census-income	17119.1	5.2.1
2026-09-15	44498eba71b3	v5.2.1	or_successive64/census-income	407.9	5.2.1
2026-09-15	44498eba71b3	v5.2.1	or_successive/weather_sept_85	2915.6	5.2.1
2026-09-15	44498eba71b3	v5.2.1	and_successive/weather_sept_85	2028.2	5.2.1
2026-09-15	44498eba71b3	v5.2.1	and_cardinality/weather_sept_85	1610.9	5.2.1
2026-09-15	44498eba71b3	v5.2.1	contains/weather_sept_85	9261.5	5.2.1
2026-09-15	44498eba71b3	v5.2.1	iterate/weather_sept_85	59755.5	5.2.1
2026-09-15	44498eba71b3	v5.2.1	to_array/weather_sept_85	2343.8	5.2.1
2026-09-15	44498eba71b3	v5.2.1	deserialize/weather_sept_85	543.8	5.2.1
2026-09-15	44498eba71b3	v5.2.1	cardinality64/weather_sept_85	6.1	5.2.1
2026-09-15	44498eba71b3	v5.2.1	iterate64/weather_sept_85	33909.6	5.2.1
2026-09-15	44498eba71b3	v5.2.1	or_successive64/weather_sept_85	1509.0	5.2.1
2026-09-17	135875745766		or_successive/census1881	682.1	Amalgamation optimization macro fix (#884)
2026-09-17	135875745766		and_successive/census1881	21.0	Amalgamation optimization macro fix (#884)
2026-09-17	135875745766		and_cardinality/census1881	22.1	Amalgamation optimization macro fix (#884)
2026-09-17	135875745766		contains/census1881	3292.6	Amalgamation optimization macro fix (#884)
2026-09-17	135875745766		iterate/census1881	1584.4	Amalgamation optimization macro fix (#884)
2026-09-17	135875745766		to_array/census1881	122.9	Amalgamation optimization macro fix (#884)
2026-09-17	135875745766		deserialize/census1881	335.0	Amalgamation optimization macro fix (#884)
2026-09-17	135875745766		cardinality64/census1881	4.0	Amalgamation optimization macro fix (#884)
2026-09-17	135875745766		iterate64/census1881	3025.1	Amalgamation optimization macro fix (#884)
2026-09-17	135875745766		or_successive64/census1881	989.1	Amalgamation optimization macro fix (#884)
2026-09-17	135875745766		or_successive/census-income	721.3	Amalgamation optimization macro fix (#884)
2026-09-17	135875745766		and_successive/census-income	667.0	Amalgamation optimization macro fix (#884)
2026-09-17	135875745766		and_cardinality/census-income	442.1	Amalgamation optimization macro fix (#884)
2026-09-17	135875745766		contains/census-income	5878.1	Amalgamation optimization macro fix (#884)
2026-09-17	135875745766		iterate/census-income	32783.4	Amalgamation optimization macro fix (#884)
2026-09-17	135875745766		to_array/census-income	944.3	Amalgamation optimization macro fix (#884)
2026-09-17	135875745766		deserialize/census-income	118.1	Amalgamation optimization macro fix (#884)
2026-09-17	135875745766		cardinality64/census-income	2.7	Amalgamation optimization macro fix (#884)
2026-09-17	135875745766		iterate64/census-income	17325.4	Amalgamation optimization macro fix (#884)
2026-09-17	135875745766		or_successive64/census-income	400.6	Amalgamation optimization macro fix (#884)
2026-09-17	135875745766		or_successive/weather_sept_85	2910.7	Amalgamation optimization macro fix (#884)
2026-09-17	135875745766		and_successive/weather_sept_85	2027.6	Amalgamation optimization macro fix (#884)
2026-09-17	135875745766		and_cardinality/weather_sept_85	1609.1	Amalgamation optimization macro fix (#884)
2026-09-17	135875745766		contains/weather_sept_85	9204.7	Amalgamation optimization macro fix (#884)
2026-09-17	135875745766		iterate/weather_sept_85	60113.7	Amalgamation optimization macro fix (#884)
2026-09-17	135875745766		to_array/weather_sept_85	2344.5	Amalgamation optimization macro fix (#884)
2026-09-17	135875745766		deserialize/weather_sept_85	543.7	Amalgamation optimization macro fix (#884)
2026-09-17	135875745766		cardinality64/weather_sept_85	6.0	Amalgamation optimization macro fix (#884)
2026-09-17	135875745766		iterate64/weather_sept_85	35707.9	Amalgamation optimization macro fix (#884)
2026-09-17	135875745766		or_successive64/weather_sept_85	1493.4	Amalgamation optimization macro fix (#884)
2026-09-17	6ef0aaad28eb	v5.2.2	or_successive/census1881	670.4	5.2.2
2026-09-17	6ef0aaad28eb	v5.2.2	and_successive/census1881	21.5	5.2.2
2026-09-17	6ef0aaad28eb	v5.2.2	and_cardinality/census1881	15.4	5.2.2
2026-09-17	6ef0aaad28eb	v5.2.2	contains/census1881	3303.2	5.2.2
2026-09-17	6ef0aaad28eb	v5.2.2	iterate/census1881	1594.2	5.2.2
2026-09-17	6ef0aaad28eb	v5.2.2	to_array/census1881	119.6	5.2.2
2026-09-17	6ef0aaad28eb	v5.2.2	deserialize/census1881	338.2	5.2.2
2026-09-17	6ef0aaad28eb	v5.2.2	cardinality64/census1881	3.8	5.2.2
2026-09-17	6ef0aaad28eb	v5.2.2	iterate64/census1881	3021.7	5.2.2
2026-09-17	6ef0aaad28eb	v5.2.2	or_successive64/census1881	993.5	5.2.2
2026-09-17	6ef0aaad28eb	v5.2.2	or_successive/census-income	807.8	5.2.2
2026-09-17	6ef0aaad28eb	v5.2.2	and_successive/census-income	707.6	5.2.2
2026-09-17	6ef0aaad28eb	v5.2.2	and_cardinality/census-income	458.2	5.2.2
2026-09-17	6ef0aaad28eb	v5.2.2	contains/census-income	5882.1	5.2.2
2026-09-17	6ef0aaad28eb	v5.2.2	iterate/census-income	32759.5	5.2.2
2026-09-17	6ef0aaad28eb	v5.2.2	to_array/census-income	962.9	5.2.2
2026-09-17	6ef0aaad28eb	v5.2.2	deserialize/census-income	116.3	5.2.2
2026-09-17	6ef0aaad28eb	v5.2.2	cardinality64/census-income	2.8	5.2.2
2026-09-17	6ef0aaad28eb	v5.2.2	iterate64/census-income	17206.8	5.2.2
2026-09-17	6ef0aaad28eb	v5.2.2	or_successive64/census-income	407.9	5.2.2
2026-09-17	6ef0aaad28eb	v5.2.2	or_successive/weather_sept_85	2919.7	5.2.2
2026-09-17	6ef0aaad28eb	v5.2.2	and_successive/weather_sept_85	2029.8	5.2.2
2026-09-17	6ef0aaad28eb	v5.2.2	and_cardinality/weather_sept_85	1603.2	5.2.2
2026-09-17	6ef0aaad28eb	v5.2.2	contains/weather_sept_85	9241.5	5.2.2
2026-09-17	6ef0aaad28eb	v5.2.2	iterate/weather_sept_85	60529.9	5.2.2
2026-09-17	6ef0aaad28eb	v5.2.2	to_array/weather_sept_85	2348.9	5.2.2
2026-09-17	6ef0aaad28eb	v5.2.2	deserialize/weather_sept_85	547.4	5.2.2
2026-09-17	6ef0aaad28eb	v5.2.2	cardinality64/weather_sept_85	5.9	5.2.2
2026-09-17	6ef0aaad28eb	v5.2.2	iterate64/weather_sept_85	36857.1	5.2.2
2026-09-17	6ef0aaad28eb	v5.2.2	or_successive64/weather_sept_85	1492.7	5.2.2
2026-09-17	aa8741651b43		or_successive/census1881	675.6	Fix clang-format after macro renaming (#885)
2026-09-17	aa8741651b43		and_successive/census1881	21.4	Fix clang-format after macro renaming (#885)
2026-09-17	aa8741651b43		and_cardinality/census1881	16.1	Fix clang-format after macro renaming (#885)
2026-09-17	aa8741651b43		contains/census1881	3283.0	Fix clang-format after macro renaming (#885)
2026-09-17	aa8741651b43		iterate/census1881	1597.9	Fix clang-format after macro renaming (#885)
2026-09-17	aa8741651b43		to_array/census1881	125.1	Fix clang-format after macro renaming (#885)
2026-09-17	aa8741651b43		deserialize/census1881	356.3	Fix clang-format after macro renaming (#885)
2026-09-17	aa8741651b43		cardinality64/census1881	4.0	Fix clang-format after macro renaming (#885)
2026-09-17	aa8741651b43		iterate64/census1881	2991.5	Fix clang-format after macro renaming (#885)
2026-09-17	aa8741651b43		or_successive64/census1881	989.5	Fix clang-format after macro renaming (#885)
2026-09-17	aa8741651b43		or_successive/census-income	719.0	Fix clang-format after macro renaming (#885)
2026-09-17	aa8741651b43		and_successive/census-income	665.5	Fix clang-format after macro renaming (#885)
2026-09-17	aa8741651b43		and_cardinality/census-income	441.4	Fix clang-format after macro renaming (#885)
2026-09-17	aa8741651b43		contains/census-income	5865.0	Fix clang-format after macro renaming (#885)
2026-09-17	aa8741651b43		iterate/census-income	33081.8	Fix clang-format after macro renaming (#885)
2026-09-17	aa8741651b43		to_array/census-income	947.7	Fix clang-format after macro renaming (#885)
2026-09-17	aa8741651b43		deserialize/census-income	115.9	Fix clang-format after macro renaming (#885)
2026-09-17	aa8741651b43		cardinality64/census-income	2.8	Fix clang-format after macro renaming (#885)
2026-09-17	aa8741651b43		iterate64/census-income	17384.8	Fix clang-format after macro renaming (#885)
2026-09-17	aa8741651b43		or_successive64/census-income	411.3	Fix clang-format after macro renaming (#885)
2026-09-17	aa8741651b43		or_successive/weather_sept_85	2924.0	Fix clang-format after macro renaming (#885)
2026-09-17	aa8741651b43		and_successive/weather_sept_85	2043.9	Fix clang-format after macro renaming (#885)
2026-09-17	aa8741651b43		and_cardinality/weather_sept_85	1608.5	Fix clang-format after macro renaming (#885)
2026-09-17	aa8741651b43		contains/weather_sept_85	9217.6	Fix clang-format after macro renaming (#885)
2026-09-17	aa8741651b43		iterate/weather_sept_85	60346.4	Fix clang-format after macro renaming (#885)
2026-09-17	aa8741651b43		to_array/weather_sept_85	2339.5	Fix clang-format after macro renaming (#885)
2026-09-17	aa8741651b43		deserialize/weather_sept_85	545.7	Fix clang-format after macro renaming (#885)
2026-09-17	aa8741651b43		cardinality64/weather_sept_85	6.0	Fix clang-format after macro renaming (#885)
2026-09-17	aa8741651b43		iterate64/weather_sept_85	39186.5	Fix clang-format after macro renaming (#885)
2026-09-17	aa8741651b43		or_successive64/weather_sept_85	1498.9	Fix clang-format after macro renaming (#885)
