date	sha	tag	metric	value	subject
2024-08-02	bbff6e9780ed	v2.3.2	or_successive/census1881	3104.3	Merge pull request #441 from RoaringBitmap/issue440
2024-08-02	bbff6e9780ed	v2.3.2	and_successive/census1881	38.6	Merge pull request #441 from RoaringBitmap/issue440
2024-08-02	bbff6e9780ed	v2.3.2	and_cardinality/census1881	31.3	Merge pull request #441 from RoaringBitmap/issue440
2024-08-02	bbff6e9780ed	v2.3.2	fast_or/census1881	5011.5	Merge pull request #441 from RoaringBitmap/issue440
2024-08-02	bbff6e9780ed	v2.3.2	contains/census1881	6428.4	Merge pull request #441 from RoaringBitmap/issue440
2024-08-02	bbff6e9780ed	v2.3.2	iterate/census1881	3383.0	Merge pull request #441 from RoaringBitmap/issue440
2024-08-02	bbff6e9780ed	v2.3.2	iterate_many/census1881	489.1	Merge pull request #441 from RoaringBitmap/issue440
2024-08-02	bbff6e9780ed	v2.3.2	to_array/census1881	858.0	Merge pull request #441 from RoaringBitmap/issue440
2024-08-02	bbff6e9780ed	v2.3.2	deserialize/census1881	372.9	Merge pull request #441 from RoaringBitmap/issue440
2024-08-02	bbff6e9780ed	v2.3.2	or_successive/census-income	2245.9	Merge pull request #441 from RoaringBitmap/issue440
2024-08-02	bbff6e9780ed	v2.3.2	and_successive/census-income	1929.6	Merge pull request #441 from RoaringBitmap/issue440
2024-08-02	bbff6e9780ed	v2.3.2	and_cardinality/census-income	1478.1	Merge pull request #441 from RoaringBitmap/issue440
2024-08-02	bbff6e9780ed	v2.3.2	fast_or/census-income	1051.7	Merge pull request #441 from RoaringBitmap/issue440
2024-08-02	bbff6e9780ed	v2.3.2	contains/census-income	17775.6	Merge pull request #441 from RoaringBitmap/issue440
2024-08-02	bbff6e9780ed	v2.3.2	iterate/census-income	33237.1	Merge pull request #441 from RoaringBitmap/issue440
2024-08-02	bbff6e9780ed	v2.3.2	iterate_many/census-income	8010.3	Merge pull request #441 from RoaringBitmap/issue440
2024-08-02	bbff6e9780ed	v2.3.2	to_array/census-income	7412.1	Merge pull request #441 from RoaringBitmap/issue440
2024-08-02	bbff6e9780ed	v2.3.2	deserialize/census-income	533.9	Merge pull request #441 from RoaringBitmap/issue440
2024-08-02	bbff6e9780ed	v2.3.2	or_successive/weather_sept_85	8781.9	Merge pull request #441 from RoaringBitmap/issue440
2024-08-02	bbff6e9780ed	v2.3.2	and_successive/weather_sept_85	7601.4	Merge pull request #441 from RoaringBitmap/issue440
2024-08-02	bbff6e9780ed	v2.3.2	and_cardinality/weather_sept_85	6750.7	Merge pull request #441 from RoaringBitmap/issue440
2024-08-02	bbff6e9780ed	v2.3.2	fast_or/weather_sept_85	1952.4	Merge pull request #441 from RoaringBitmap/issue440
2024-08-02	bbff6e9780ed	v2.3.2	contains/weather_sept_85	21466.3	Merge pull request #441 from RoaringBitmap/issue440
2024-08-02	bbff6e9780ed	v2.3.2	iterate/weather_sept_85	63808.4	Merge pull request #441 from RoaringBitmap/issue440
2024-08-02	bbff6e9780ed	v2.3.2	iterate_many/weather_sept_85	16367.1	Merge pull request #441 from RoaringBitmap/issue440
2024-08-02	bbff6e9780ed	v2.3.2	to_array/weather_sept_85	16883.6	Merge pull request #441 from RoaringBitmap/issue440
2024-08-02	bbff6e9780ed	v2.3.2	deserialize/weather_sept_85	1237.3	Merge pull request #441 from RoaringBitmap/issue440
2024-08-05	add9cb01c733	v2.3.3	or_successive/census1881	3079.6	Merge pull request #442 from RoaringBitmap/issue440
2024-08-05	add9cb01c733	v2.3.3	and_successive/census1881	45.1	Merge pull request #442 from RoaringBitmap/issue440
2024-08-05	add9cb01c733	v2.3.3	and_cardinality/census1881	25.9	Merge pull request #442 from RoaringBitmap/issue440
2024-08-05	add9cb01c733	v2.3.3	fast_or/census1881	5059.6	Merge pull request #442 from RoaringBitmap/issue440
2024-08-05	add9cb01c733	v2.3.3	contains/census1881	6419.7	Merge pull request #442 from RoaringBitmap/issue440
2024-08-05	add9cb01c733	v2.3.3	iterate/census1881	3407.5	Merge pull request #442 from RoaringBitmap/issue440
2024-08-05	add9cb01c733	v2.3.3	iterate_many/census1881	470.8	Merge pull request #442 from RoaringBitmap/issue440
2024-08-05	add9cb01c733	v2.3.3	to_array/census1881	913.3	Merge pull request #442 from RoaringBitmap/issue440
2024-08-05	add9cb01c733	v2.3.3	deserialize/census1881	315.1	Merge pull request #442 from RoaringBitmap/issue440
2024-08-05	add9cb01c733	v2.3.3	or_successive/census-income	2268.9	Merge pull request #442 from RoaringBitmap/issue440
2024-08-05	add9cb01c733	v2.3.3	and_successive/census-income	1919.0	Merge pull request #442 from RoaringBitmap/issue440
2024-08-05	add9cb01c733	v2.3.3	and_cardinality/census-income	1478.4	Merge pull request #442 from RoaringBitmap/issue440
2024-08-05	add9cb01c733	v2.3.3	fast_or/census-income	1028.6	Merge pull request #442 from RoaringBitmap/issue440
2024-08-05	add9cb01c733	v2.3.3	contains/census-income	17789.0	Merge pull request #442 from RoaringBitmap/issue440
2024-08-05	add9cb01c733	v2.3.3	iterate/census-income	32786.0	Merge pull request #442 from RoaringBitmap/issue440
2024-08-05	add9cb01c733	v2.3.3	iterate_many/census-income	7997.5	Merge pull request #442 from RoaringBitmap/issue440
2024-08-05	add9cb01c733	v2.3.3	to_array/census-income	7676.2	Merge pull request #442 from RoaringBitmap/issue440
2024-08-05	add9cb01c733	v2.3.3	deserialize/census-income	407.2	Merge pull request #442 from RoaringBitmap/issue440
2024-08-05	add9cb01c733	v2.3.3	or_successive/weather_sept_85	8618.7	Merge pull request #442 from RoaringBitmap/issue440
2024-08-05	add9cb01c733	v2.3.3	and_successive/weather_sept_85	7574.4	Merge pull request #442 from RoaringBitmap/issue440
2024-08-05	add9cb01c733	v2.3.3	and_cardinality/weather_sept_85	6713.7	Merge pull request #442 from RoaringBitmap/issue440
2024-08-05	add9cb01c733	v2.3.3	fast_or/weather_sept_85	1968.0	Merge pull request #442 from RoaringBitmap/issue440
2024-08-05	add9cb01c733	v2.3.3	contains/weather_sept_85	21435.4	Merge pull request #442 from RoaringBitmap/issue440
2024-08-05	add9cb01c733	v2.3.3	iterate/weather_sept_85	64277.3	Merge pull request #442 from RoaringBitmap/issue440
2024-08-05	add9cb01c733	v2.3.3	iterate_many/weather_sept_85	16392.9	Merge pull request #442 from RoaringBitmap/issue440
2024-08-05	add9cb01c733	v2.3.3	to_array/weather_sept_85	16696.1	Merge pull request #442 from RoaringBitmap/issue440
2024-08-05	add9cb01c733	v2.3.3	deserialize/weather_sept_85	1337.1	Merge pull request #442 from RoaringBitmap/issue440
2024-08-05	de7ededa5d0c	v2.3.4	or_successive/census1881	3106.9	Merge pull request #443 from RoaringBitmap/issue440
2024-08-05	de7ededa5d0c	v2.3.4	and_successive/census1881	40.5	Merge pull request #443 from RoaringBitmap/issue440
2024-08-05	de7ededa5d0c	v2.3.4	and_cardinality/census1881	32.0	Merge pull request #443 from RoaringBitmap/issue440
2024-08-05	de7ededa5d0c	v2.3.4	fast_or/census1881	5044.6	Merge pull request #443 from RoaringBitmap/issue440
2024-08-05	de7ededa5d0c	v2.3.4	contains/census1881	6426.4	Merge pull request #443 from RoaringBitmap/issue440
2024-08-05	de7ededa5d0c	v2.3.4	iterate/census1881	3384.1	Merge pull request #443 from RoaringBitmap/issue440
2024-08-05	de7ededa5d0c	v2.3.4	iterate_many/census1881	471.7	Merge pull request #443 from RoaringBitmap/issue440
2024-08-05	de7ededa5d0c	v2.3.4	to_array/census1881	843.2	Merge pull request #443 from RoaringBitmap/issue440
2024-08-05	de7ededa5d0c	v2.3.4	deserialize/census1881	374.0	Merge pull request #443 from RoaringBitmap/issue440
2024-08-05	de7ededa5d0c	v2.3.4	or_successive/census-income	2254.8	Merge pull request #443 from RoaringBitmap/issue440
2024-08-05	de7ededa5d0c	v2.3.4	and_successive/census-income	1920.0	Merge pull request #443 from RoaringBitmap/issue440
2024-08-05	de7ededa5d0c	v2.3.4	and_cardinality/census-income	1471.1	Merge pull request #443 from RoaringBitmap/issue440
2024-08-05	de7ededa5d0c	v2.3.4	fast_or/census-income	1020.1	Merge pull request #443 from RoaringBitmap/issue440
2024-08-05	de7ededa5d0c	v2.3.4	contains/census-income	17796.5	Merge pull request #443 from RoaringBitmap/issue440
2024-08-05	de7ededa5d0c	v2.3.4	iterate/census-income	32779.7	Merge pull request #443 from RoaringBitmap/issue440
2024-08-05	de7ededa5d0c	v2.3.4	iterate_many/census-income	8008.1	Merge pull request #443 from RoaringBitmap/issue440
2024-08-05	de7ededa5d0c	v2.3.4	to_array/census-income	7450.0	Merge pull request #443 from RoaringBitmap/issue440
2024-08-05	de7ededa5d0c	v2.3.4	deserialize/census-income	392.8	Merge pull request #443 from RoaringBitmap/issue440
2024-08-05	de7ededa5d0c	v2.3.4	or_successive/weather_sept_85	8368.2	Merge pull request #443 from RoaringBitmap/issue440
2024-08-05	de7ededa5d0c	v2.3.4	and_successive/weather_sept_85	7564.1	Merge pull request #443 from RoaringBitmap/issue440
2024-08-05	de7ededa5d0c	v2.3.4	and_cardinality/weather_sept_85	6723.9	Merge pull request #443 from RoaringBitmap/issue440
2024-08-05	de7ededa5d0c	v2.3.4	fast_or/weather_sept_85	1949.8	Merge pull request #443 from RoaringBitmap/issue440
2024-08-05	de7ededa5d0c	v2.3.4	contains/weather_sept_85	21421.3	Merge pull request #443 from RoaringBitmap/issue440
2024-08-05	de7ededa5d0c	v2.3.4	iterate/weather_sept_85	64835.3	Merge pull request #443 from RoaringBitmap/issue440
2024-08-05	de7ededa5d0c	v2.3.4	iterate_many/weather_sept_85	16391.7	Merge pull request #443 from RoaringBitmap/issue440
2024-08-05	de7ededa5d0c	v2.3.4	to_array/weather_sept_85	17652.8	Merge pull request #443 from RoaringBitmap/issue440
2024-08-05	de7ededa5d0c	v2.3.4	deserialize/weather_sept_85	1288.8	Merge pull request #443 from RoaringBitmap/issue440
2024-09-16	a3dd01adcb73		or_successive/census1881	3084.6	doc: minor documentation update
2024-09-16	a3dd01adcb73		and_successive/census1881	36.9	doc: minor documentation update
2024-09-16	a3dd01adcb73		and_cardinality/census1881	29.7	doc: minor documentation update
2024-09-16	a3dd01adcb73		fast_or/census1881	5115.9	doc: minor documentation update
2024-09-16	a3dd01adcb73		contains/census1881	6445.6	doc: minor documentation update
2024-09-16	a3dd01adcb73		iterate/census1881	3366.6	doc: minor documentation update
2024-09-16	a3dd01adcb73		iterate_many/census1881	472.7	doc: minor documentation update
2024-09-16	a3dd01adcb73		to_array/census1881	877.7	doc: minor documentation update
2024-09-16	a3dd01adcb73		deserialize/census1881	404.5	doc: minor documentation update
2024-09-16	a3dd01adcb73		or_successive/census-income	2231.7	doc: minor documentation update
2024-09-16	a3dd01adcb73		and_successive/census-income	1931.9	doc: minor documentation update
2024-09-16	a3dd01adcb73		and_cardinality/census-income	1487.3	doc: minor documentation update
2024-09-16	a3dd01adcb73		fast_or/census-income	1021.4	doc: minor documentation update
2024-09-16	a3dd01adcb73		contains/census-income	17724.7	doc: minor documentation update
2024-09-16	a3dd01adcb73		iterate/census-income	32846.3	doc: minor documentation update
2024-09-16	a3dd01adcb73		iterate_many/census-income	7991.4	doc: minor documentation update
2024-09-16	a3dd01adcb73		to_array/census-income	7405.5	doc: minor documentation update
2024-09-16	a3dd01adcb73		deserialize/census-income	377.1	doc: minor documentation update
2024-09-16	a3dd01adcb73		or_successive/weather_sept_85	8670.5	doc: minor documentation update
2024-09-16	a3dd01adcb73		and_successive/weather_sept_85	7510.5	doc: minor documentation update
2024-09-16	a3dd01adcb73		and_cardinality/weather_sept_85	6732.0	doc: minor documentation update
2024-09-16	a3dd01adcb73		fast_or/weather_sept_85	1947.5	doc: minor documentation update
2024-09-16	a3dd01adcb73		contains/weather_sept_85	21489.5	doc: minor documentation update
2024-09-16	a3dd01adcb73		iterate/weather_sept_85	65027.6	doc: minor documentation update
2024-09-16	a3dd01adcb73		iterate_many/weather_sept_85	16392.2	doc: minor documentation update
2024-09-16	a3dd01adcb73		to_array/weather_sept_85	15949.7	doc: minor documentation update
2024-09-16	a3dd01adcb73		deserialize/weather_sept_85	1283.2	doc: minor documentation update
2024-09-16	11e18ed04d18		or_successive/census1881	3096.9	trimming ka
2024-09-16	11e18ed04d18		and_successive/census1881	41.3	trimming ka
2024-09-16	11e18ed04d18		and_cardinality/census1881	25.4	trimming ka
2024-09-16	11e18ed04d18		fast_or/census1881	5133.6	trimming ka
2024-09-16	11e18ed04d18		contains/census1881	6444.0	trimming ka
2024-09-16	11e18ed04d18		iterate/census1881	3375.3	trimming ka
2024-09-16	11e18ed04d18		iterate_many/census1881	470.5	trimming ka
2024-09-16	11e18ed04d18		to_array/census1881	854.6	trimming ka
2024-09-16	11e18ed04d18		deserialize/census1881	407.7	trimming ka
2024-09-16	11e18ed04d18		or_successive/census-income	2248.4	trimming ka
2024-09-16	11e18ed04d18		and_successive/census-income	1911.1	trimming ka
2024-09-16	11e18ed04d18		and_cardinality/census-income	1481.6	trimming ka
2024-09-16	11e18ed04d18		fast_or/census-income	1026.3	trimming ka
2024-09-16	11e18ed04d18		contains/census-income	17738.4	trimming ka
2024-09-16	11e18ed04d18		iterate/census-income	32080.3	trimming ka
2024-09-16	11e18ed04d18		iterate_many/census-income	7992.0	trimming ka
2024-09-16	11e18ed04d18		to_array/census-income	7382.0	trimming ka
2024-09-16	11e18ed04d18		deserialize/census-income	395.7	trimming ka
2024-09-16	11e18ed04d18		or_successive/weather_sept_85	8527.4	trimming ka
2024-09-16	11e18ed04d18		and_successive/weather_sept_85	7467.4	trimming ka
2024-09-16	11e18ed04d18		and_cardinality/weather_sept_85	6710.7	trimming ka
2024-09-16	11e18ed04d18		fast_or/weather_sept_85	1942.9	trimming ka
2024-09-16	11e18ed04d18		contains/weather_sept_85	21569.2	trimming ka
2024-09-16	11e18ed04d18		iterate/weather_sept_85	63963.0	trimming ka
2024-09-16	11e18ed04d18		iterate_many/weather_sept_85	16430.1	trimming ka
2024-09-16	11e18ed04d18		to_array/weather_sept_85	17384.3	trimming ka
2024-09-16	11e18ed04d18		deserialize/weather_sept_85	1274.3	trimming ka
2024-09-16	6fa0aeff4b73		or_successive/census1881	3122.0	doc: fix comment
2024-09-16	6fa0aeff4b73		and_successive/census1881	47.8	doc: fix comment
2024-09-16	6fa0aeff4b73		and_cardinality/census1881	26.9	doc: fix comment
2024-09-16	6fa0aeff4b73		fast_or/census1881	5061.0	doc: fix comment
2024-09-16	6fa0aeff4b73		contains/census1881	6441.3	doc: fix comment
2024-09-16	6fa0aeff4b73		iterate/census1881	3346.5	doc: fix comment
2024-09-16	6fa0aeff4b73		iterate_many/census1881	472.5	doc: fix comment
2024-09-16	6fa0aeff4b73		to_array/census1881	850.0	doc: fix comment
2024-09-16	6fa0aeff4b73		deserialize/census1881	368.8	doc: fix comment
2024-09-16	6fa0aeff4b73		or_successive/census-income	2233.2	doc: fix comment
2024-09-16	6fa0aeff4b73		and_successive/census-income	1949.4	doc: fix comment
2024-09-16	6fa0aeff4b73		and_cardinality/census-income	1491.9	doc: fix comment
2024-09-16	6fa0aeff4b73		fast_or/census-income	1027.3	doc: fix comment
2024-09-16	6fa0aeff4b73		contains/census-income	17768.7	doc: fix comment
2024-09-16	6fa0aeff4b73		iterate/census-income	33382.8	doc: fix comment
2024-09-16	6fa0aeff4b73		iterate_many/census-income	7999.4	doc: fix comment
2024-09-16	6fa0aeff4b73		to_array/census-income	7434.8	doc: fix comment
2024-09-16	6fa0aeff4b73		deserialize/census-income	381.8	doc: fix comment
2024-09-16	6fa0aeff4b73		or_successive/weather_sept_85	8291.2	doc: fix comment
2024-09-16	6fa0aeff4b73		and_successive/weather_sept_85	7531.2	doc: fix comment
2024-09-16	6fa0aeff4b73		and_cardinality/weather_sept_85	6704.6	doc: fix comment
2024-09-16	6fa0aeff4b73		fast_or/weather_sept_85	1933.2	doc: fix comment
2024-09-16	6fa0aeff4b73		contains/weather_sept_85	21522.4	doc: fix comment
2024-09-16	6fa0aeff4b73		iterate/weather_sept_85	65415.0	doc: fix comment
2024-09-16	6fa0aeff4b73		iterate_many/weather_sept_85	16343.0	doc: fix comment
2024-09-16	6fa0aeff4b73		to_array/weather_sept_85	16551.9	doc: fix comment
2024-09-16	6fa0aeff4b73		deserialize/weather_sept_85	1322.2	doc: fix comment
2024-09-17	205a16764a30	v2.3.5	or_successive/census1881	3148.9	Merge pull request #447 from RoaringBitmap/fix_returned_value_roaring64_from_unsafe_bytes
2024-09-17	205a16764a30	v2.3.5	and_successive/census1881	43.1	Merge pull request #447 from RoaringBitmap/fix_returned_value_roaring64_from_unsafe_bytes
2024-09-17	205a16764a30	v2.3.5	and_cardinality/census1881	33.4	Merge pull request #447 from RoaringBitmap/fix_returned_value_roaring64_from_unsafe_bytes
2024-09-17	205a16764a30	v2.3.5	fast_or/census1881	5000.6	Merge pull request #447 from RoaringBitmap/fix_returned_value_roaring64_from_unsafe_bytes
2024-09-17	205a16764a30	v2.3.5	contains/census1881	6408.0	Merge pull request #447 from RoaringBitmap/fix_returned_value_roaring64_from_unsafe_bytes
2024-09-17	205a16764a30	v2.3.5	iterate/census1881	3373.3	Merge pull request #447 from RoaringBitmap/fix_returned_value_roaring64_from_unsafe_bytes
2024-09-17	205a16764a30	v2.3.5	iterate_many/census1881	482.8	Merge pull request #447 from RoaringBitmap/fix_returned_value_roaring64_from_unsafe_bytes
2024-09-17	205a16764a30	v2.3.5	to_array/census1881	865.6	Merge pull request #447 from RoaringBitmap/fix_returned_value_roaring64_from_unsafe_bytes
2024-09-17	205a16764a30	v2.3.5	deserialize/census1881	366.2	Merge pull request #447 from RoaringBitmap/fix_returned_value_roaring64_from_unsafe_bytes
2024-09-17	205a16764a30	v2.3.5	or_successive/census-income	2214.7	Merge pull request #447 from RoaringBitmap/fix_returned_value_roaring64_from_unsafe_bytes
2024-09-17	205a16764a30	v2.3.5	and_successive/census-income	1916.0	Merge pull request #447 from RoaringBitmap/fix_returned_value_roaring64_from_unsafe_bytes
2024-09-17	205a16764a30	v2.3.5	and_cardinality/census-income	1491.1	Merge pull request #447 from RoaringBitmap/fix_returned_value_roaring64_from_unsafe_bytes
2024-09-17	205a16764a30	v2.3.5	fast_or/census-income	1007.0	Merge pull request #447 from RoaringBitmap/fix_returned_value_roaring64_from_unsafe_bytes
2024-09-17	205a16764a30	v2.3.5	contains/census-income	17803.0	Merge pull request #447 from RoaringBitmap/fix_returned_value_roaring64_from_unsafe_bytes
2024-09-17	205a16764a30	v2.3.5	iterate/census-income	33801.7	Merge pull request #447 from RoaringBitmap/fix_returned_value_roaring64_from_unsafe_bytes
2024-09-17	205a16764a30	v2.3.5	iterate_many/census-income	7999.7	Merge pull request #447 from RoaringBitmap/fix_returned_value_roaring64_from_unsafe_bytes
2024-09-17	205a16764a30	v2.3.5	to_array/census-income	7462.8	Merge pull request #447 from RoaringBitmap/fix_returned_value_roaring64_from_unsafe_bytes
2024-09-17	205a16764a30	v2.3.5	deserialize/census-income	394.7	Merge pull request #447 from RoaringBitmap/fix_returned_value_roaring64_from_unsafe_bytes
2024-09-17	205a16764a30	v2.3.5	or_successive/weather_sept_85	8663.5	Merge pull request #447 from RoaringBitmap/fix_returned_value_roaring64_from_unsafe_bytes
2024-09-17	205a16764a30	v2.3.5	and_successive/weather_sept_85	7640.8	Merge pull request #447 from RoaringBitmap/fix_returned_value_roaring64_from_unsafe_bytes
2024-09-17	205a16764a30	v2.3.5	and_cardinality/weather_sept_85	6721.0	Merge pull request #447 from RoaringBitmap/fix_returned_value_roaring64_from_unsafe_bytes
2024-09-17	205a16764a30	v2.3.5	fast_or/weather_sept_85	1938.2	Merge pull request #447 from RoaringBitmap/fix_returned_value_roaring64_from_unsafe_bytes
2024-09-17	205a16764a30	v2.3.5	contains/weather_sept_85	21610.0	Merge pull request #447 from RoaringBitmap/fix_returned_value_roaring64_from_unsafe_bytes
2024-09-17	205a16764a30	v2.3.5	iterate/weather_sept_85	65104.8	Merge pull request #447 from RoaringBitmap/fix_returned_value_roaring64_from_unsafe_bytes
2024-09-17	205a16764a30	v2.3.5	iterate_many/weather_sept_85	16406.4	Merge pull request #447 from RoaringBitmap/fix_returned_value_roaring64_from_unsafe_bytes
2024-09-17	205a16764a30	v2.3.5	to_array/weather_sept_85	17449.9	Merge pull request #447 from RoaringBitmap/fix_returned_value_roaring64_from_unsafe_bytes
2024-09-17	205a16764a30	v2.3.5	deserialize/weather_sept_85	1366.1	Merge pull request #447 from RoaringBitmap/fix_returned_value_roaring64_from_unsafe_bytes
2024-10-09	273d3419f2d8		or_successive/census1881	3080.0	fix typo
2024-10-09	273d3419f2d8		and_successive/census1881	38.7	fix typo
2024-10-09	273d3419f2d8		and_cardinality/census1881	30.1	fix typo
2024-10-09	273d3419f2d8		fast_or/census1881	5082.1	fix typo
2024-10-09	273d3419f2d8		contains/census1881	6403.9	fix typo
2024-10-09	273d3419f2d8		iterate/census1881	3385.9	fix typo
2024-10-09	273d3419f2d8		iterate_many/census1881	476.4	fix typo
2024-10-09	273d3419f2d8		to_array/census1881	807.2	fix typo
2024-10-09	273d3419f2d8		deserialize/census1881	403.9	fix typo
2024-10-09	273d3419f2d8		or_successive/census-income	2276.3	fix typo
2024-10-09	273d3419f2d8		and_successive/census-income	1895.4	fix typo
2024-10-09	273d3419f2d8		and_cardinality/census-income	1480.6	fix typo
2024-10-09	273d3419f2d8		fast_or/census-income	1025.8	fix typo
2024-10-09	273d3419f2d8		contains/census-income	17834.9	fix typo
2024-10-09	273d3419f2d8		iterate/census-income	33591.5	fix typo
2024-10-09	273d3419f2d8		iterate_many/census-income	8002.7	fix typo
2024-10-09	273d3419f2d8		to_array/census-income	7522.0	fix typo
2024-10-09	273d3419f2d8		deserialize/census-income	420.5	fix typo
2024-10-09	273d3419f2d8		or_successive/weather_sept_85	8332.3	fix typo
2024-10-09	273d3419f2d8		and_successive/weather_sept_85	7601.1	fix typo
2024-10-09	273d3419f2d8		and_cardinality/weather_sept_85	6752.4	fix typo
2024-10-09	273d3419f2d8		fast_or/weather_sept_85	1942.4	fix typo
2024-10-09	273d3419f2d8		contains/weather_sept_85	21518.2	fix typo
2024-10-09	273d3419f2d8		iterate/weather_sept_85	65062.3	fix typo
2024-10-09	273d3419f2d8		iterate_many/weather_sept_85	16419.3	fix typo
2024-10-09	273d3419f2d8		to_array/weather_sept_85	16923.7	fix typo
2024-10-09	273d3419f2d8		deserialize/weather_sept_85	1364.5	fix typo
2024-10-23	7b29fcc24d02		or_successive/census1881	3076.1	Update bigendiantests.yml fix go version
2024-10-23	7b29fcc24d02		and_successive/census1881	43.0	Update bigendiantests.yml fix go version
2024-10-23	7b29fcc24d02		and_cardinality/census1881	31.3	Update bigendiantests.yml fix go version
2024-10-23	7b29fcc24d02		fast_or/census1881	5033.9	Update bigendiantests.yml fix go version
2024-10-23	7b29fcc24d02		contains/census1881	6407.6	Update bigendiantests.yml fix go version
2024-10-23	7b29fcc24d02		iterate/census1881	3435.0	Update bigendiantests.yml fix go version
2024-10-23	7b29fcc24d02		iterate_many/census1881	469.6	Update bigendiantests.yml fix go version
2024-10-23	7b29fcc24d02		to_array/census1881	852.9	Update bigendiantests.yml fix go version
2024-10-23	7b29fcc24d02		deserialize/census1881	307.9	Update bigendiantests.yml fix go version
2024-10-23	7b29fcc24d02		or_successive/census-income	2268.6	Update bigendiantests.yml fix go version
2024-10-23	7b29fcc24d02		and_successive/census-income	1920.8	Update bigendiantests.yml fix go version
2024-10-23	7b29fcc24d02		and_cardinality/census-income	1488.6	Update bigendiantests.yml fix go version
2024-10-23	7b29fcc24d02		fast_or/census-income	1003.4	Update bigendiantests.yml fix go version
2024-10-23	7b29fcc24d02		contains/census-income	17807.5	Update bigendiantests.yml fix go version
2024-10-23	7b29fcc24d02		iterate/census-income	33024.1	Update bigendiantests.yml fix go version
2024-10-23	7b29fcc24d02		iterate_many/census-income	8006.5	Update bigendiantests.yml fix go version
2024-10-23	7b29fcc24d02		to_array/census-income	7484.2	Update bigendiantests.yml fix go version
2024-10-23	7b29fcc24d02		deserialize/census-income	391.3	Update bigendiantests.yml fix go version
2024-10-23	7b29fcc24d02		or_successive/weather_sept_85	8720.4	Update bigendiantests.yml fix go version
2024-10-23	7b29fcc24d02		and_successive/weather_sept_85	7714.6	Update bigendiantests.yml fix go version
2024-10-23	7b29fcc24d02		and_cardinality/weather_sept_85	6729.0	Update bigendiantests.yml fix go version
2024-10-23	7b29fcc24d02		fast_or/weather_sept_85	1958.9	Update bigendiantests.yml fix go version
2024-10-23	7b29fcc24d02		contains/weather_sept_85	21521.8	Update bigendiantests.yml fix go version
2024-10-23	7b29fcc24d02		iterate/weather_sept_85	63601.4	Update bigendiantests.yml fix go version
2024-10-23	7b29fcc24d02		iterate_many/weather_sept_85	16381.4	Update bigendiantests.yml fix go version
2024-10-23	7b29fcc24d02		to_array/weather_sept_85	16684.8	Update bigendiantests.yml fix go version
2024-10-23	7b29fcc24d02		deserialize/weather_sept_85	1307.7	Update bigendiantests.yml fix go version
2024-10-23	444a41dfff8e		or_successive/census1881	3114.9	Update legacytests.yml Fix go version
2024-10-23	444a41dfff8e		and_successive/census1881	46.9	Update legacytests.yml Fix go version
2024-10-23	444a41dfff8e		and_cardinality/census1881	24.9	Update legacytests.yml Fix go version
2024-10-23	444a41dfff8e		fast_or/census1881	5058.8	Update legacytests.yml Fix go version
2024-10-23	444a41dfff8e		contains/census1881	6388.5	Update legacytests.yml Fix go version
2024-10-23	444a41dfff8e		iterate/census1881	3363.1	Update legacytests.yml Fix go version
2024-10-23	444a41dfff8e		iterate_many/census1881	469.6	Update legacytests.yml Fix go version
2024-10-23	444a41dfff8e		to_array/census1881	841.0	Update legacytests.yml Fix go version
2024-10-23	444a41dfff8e		deserialize/census1881	321.7	Update legacytests.yml Fix go version
2024-10-23	444a41dfff8e		or_successive/census-income	2257.3	Update legacytests.yml Fix go version
2024-10-23	444a41dfff8e		and_successive/census-income	1916.0	Update legacytests.yml Fix go version
2024-10-23	444a41dfff8e		and_cardinality/census-income	1474.7	Update legacytests.yml Fix go version
2024-10-23	444a41dfff8e		fast_or/census-income	1038.1	Update legacytests.yml Fix go version
2024-10-23	444a41dfff8e		contains/census-income	17782.5	Update legacytests.yml Fix go version
2024-10-23	444a41dfff8e		iterate/census-income	33273.1	Update legacytests.yml Fix go version
2024-10-23	444a41dfff8e		iterate_many/census-income	8007.4	Update legacytests.yml Fix go version
2024-10-23	444a41dfff8e		to_array/census-income	7390.9	Update legacytests.yml Fix go version
2024-10-23	444a41dfff8e		deserialize/census-income	449.3	Update legacytests.yml Fix go version
2024-10-23	444a41dfff8e		or_successive/weather_sept_85	8442.8	Update legacytests.yml Fix go version
2024-10-23	444a41dfff8e		and_successive/weather_sept_85	7485.9	Update legacytests.yml Fix go version
2024-10-23	444a41dfff8e		and_cardinality/weather_sept_85	6722.9	Update legacytests.yml Fix go version
2024-10-23	444a41dfff8e		fast_or/weather_sept_85	1949.1	Update legacytests.yml Fix go version
2024-10-23	444a41dfff8e		contains/weather_sept_85	21533.5	Update legacytests.yml Fix go version
2024-10-23	444a41dfff8e		iterate/weather_sept_85	63842.6	Update legacytests.yml Fix go version
2024-10-23	444a41dfff8e		iterate_many/weather_sept_85	16402.1	Update legacytests.yml Fix go version
2024-10-23	444a41dfff8e		to_array/weather_sept_85	16567.4	Update legacytests.yml Fix go version
2024-10-23	444a41dfff8e		deserialize/weather_sept_85	1403.3	Update legacytests.yml Fix go version
2024-10-23	bd799d0f1ba0	v2.4.0	or_successive/census1881	3113.8	Merge pull request #451 from RoaringBitmap/bsi-bigvalues
2024-10-23	bd799d0f1ba0	v2.4.0	and_successive/census1881	44.7	Merge pull request #451 from RoaringBitmap/bsi-bigvalues
2024-10-23	bd799d0f1ba0	v2.4.0	and_cardinality/census1881	32.2	Merge pull request #451 from RoaringBitmap/bsi-bigvalues
2024-10-23	bd799d0f1ba0	v2.4.0	fast_or/census1881	5038.0	Merge pull request #451 from RoaringBitmap/bsi-bigvalues
2024-10-23	bd799d0f1ba0	v2.4.0	contains/census1881	6446.7	Merge pull request #451 from RoaringBitmap/bsi-bigvalues
2024-10-23	bd799d0f1ba0	v2.4.0	iterate/census1881	3370.7	Merge pull request #451 from RoaringBitmap/bsi-bigvalues
2024-10-23	bd799d0f1ba0	v2.4.0	iterate_many/census1881	471.3	Merge pull request #451 from RoaringBitmap/bsi-bigvalues
2024-10-23	bd799d0f1ba0	v2.4.0	to_array/census1881	937.0	Merge pull request #451 from RoaringBitmap/bsi-bigvalues
2024-10-23	bd799d0f1ba0	v2.4.0	deserialize/census1881	333.4	Merge pull request #451 from RoaringBitmap/bsi-bigvalues
2024-10-23	bd799d0f1ba0	v2.4.0	or_successive/census-income	2232.0	Merge pull request #451 from RoaringBitmap/bsi-bigvalues
2024-10-23	bd799d0f1ba0	v2.4.0	and_successive/census-income	1933.4	Merge pull request #451 from RoaringBitmap/bsi-bigvalues
2024-10-23	bd799d0f1ba0	v2.4.0	and_cardinality/census-income	1486.5	Merge pull request #451 from RoaringBitmap/bsi-bigvalues
2024-10-23	bd799d0f1ba0	v2.4.0	fast_or/census-income	1023.1	Merge pull request #451 from RoaringBitmap/bsi-bigvalues
2024-10-23	bd799d0f1ba0	v2.4.0	contains/census-income	17773.3	Merge pull request #451 from RoaringBitmap/bsi-bigvalues
2024-10-23	bd799d0f1ba0	v2.4.0	iterate/census-income	33371.7	Merge pull request #451 from RoaringBitmap/bsi-bigvalues
2024-10-23	bd799d0f1ba0	v2.4.0	iterate_many/census-income	7985.8	Merge pull request #451 from RoaringBitmap/bsi-bigvalues
2024-10-23	bd799d0f1ba0	v2.4.0	to_array/census-income	7436.6	Merge pull request #451 from RoaringBitmap/bsi-bigvalues
2024-10-23	bd799d0f1ba0	v2.4.0	deserialize/census-income	408.1	Merge pull request #451 from RoaringBitmap/bsi-bigvalues
2024-10-23	bd799d0f1ba0	v2.4.0	or_successive/weather_sept_85	8897.0	Merge pull request #451 from RoaringBitmap/bsi-bigvalues
2024-10-23	bd799d0f1ba0	v2.4.0	and_successive/weather_sept_85	7505.2	Merge pull request #451 from RoaringBitmap/bsi-bigvalues
2024-10-23	bd799d0f1ba0	v2.4.0	and_cardinality/weather_sept_85	6717.0	Merge pull request #451 from RoaringBitmap/bsi-bigvalues
2024-10-23	bd799d0f1ba0	v2.4.0	fast_or/weather_sept_85	1958.7	Merge pull request #451 from RoaringBitmap/bsi-bigvalues
2024-10-23	bd799d0f1ba0	v2.4.0	contains/weather_sept_85	21462.4	Merge pull request #451 from RoaringBitmap/bsi-bigvalues
2024-10-23	bd799d0f1ba0	v2.4.0	iterate/weather_sept_85	63879.2	Merge pull request #451 from RoaringBitmap/bsi-bigvalues
2024-10-23	bd799d0f1ba0	v2.4.0	iterate_many/weather_sept_85	16441.3	Merge pull request #451 from RoaringBitmap/bsi-bigvalues
2024-10-23	bd799d0f1ba0	v2.4.0	to_array/weather_sept_85	16818.2	Merge pull request #451 from RoaringBitmap/bsi-bigvalues
2024-10-23	bd799d0f1ba0	v2.4.0	deserialize/weather_sept_85	1268.3	Merge pull request #451 from RoaringBitmap/bsi-bigvalues
2024-11-05	1b5ad6ca1d4b		or_successive/census1881	3069.5	Merge pull request #456 from ChicChip/fixDefault
2024-11-05	1b5ad6ca1d4b		and_successive/census1881	41.3	Merge pull request #456 from ChicChip/fixDefault
2024-11-05	1b5ad6ca1d4b		and_cardinality/census1881	30.4	Merge pull request #456 from ChicChip/fixDefault
2024-11-05	1b5ad6ca1d4b		fast_or/census1881	5011.3	Merge pull request #456 from ChicChip/fixDefault
2024-11-05	1b5ad6ca1d4b		contains/census1881	6440.4	Merge pull request #456 from ChicChip/fixDefault
2024-11-05	1b5ad6ca1d4b		iterate/census1881	3388.0	Merge pull request #456 from ChicChip/fixDefault
2024-11-05	1b5ad6ca1d4b		iterate_many/census1881	474.2	Merge pull request #456 from ChicChip/fixDefault
2024-11-05	1b5ad6ca1d4b		to_array/census1881	804.0	Merge pull request #456 from ChicChip/fixDefault
2024-11-05	1b5ad6ca1d4b		deserialize/census1881	388.2	Merge pull request #456 from ChicChip/fixDefault
2024-11-05	1b5ad6ca1d4b		or_successive/census-income	2390.0	Merge pull request #456 from ChicChip/fixDefault
2024-11-05	1b5ad6ca1d4b		and_successive/census-income	2375.4	Merge pull request #456 from ChicChip/fixDefault
2024-11-05	1b5ad6ca1d4b		and_cardinality/census-income	1477.5	Merge pull request #456 from ChicChip/fixDefault
2024-11-05	1b5ad6ca1d4b		fast_or/census-income	1034.7	Merge pull request #456 from ChicChip/fixDefault
2024-11-05	1b5ad6ca1d4b		contains/census-income	17786.4	Merge pull request #456 from ChicChip/fixDefault
2024-11-05	1b5ad6ca1d4b		iterate/census-income	32643.1	Merge pull request #456 from ChicChip/fixDefault
2024-11-05	1b5ad6ca1d4b		iterate_many/census-income	7994.3	Merge pull request #456 from ChicChip/fixDefault
2024-11-05	1b5ad6ca1d4b		to_array/census-income	7623.9	Merge pull request #456 from ChicChip/fixDefault
2024-11-05	1b5ad6ca1d4b		deserialize/census-income	379.4	Merge pull request #456 from ChicChip/fixDefault
2024-11-05	1b5ad6ca1d4b		or_successive/weather_sept_85	8443.5	Merge pull request #456 from ChicChip/fixDefault
2024-11-05	1b5ad6ca1d4b		and_successive/weather_sept_85	7533.8	Merge pull request #456 from ChicChip/fixDefault
2024-11-05	1b5ad6ca1d4b		and_cardinality/weather_sept_85	6755.0	Merge pull request #456 from ChicChip/fixDefault
2024-11-05	1b5ad6ca1d4b		fast_or/weather_sept_85	2519.6	Merge pull request #456 from ChicChip/fixDefault
2024-11-05	1b5ad6ca1d4b		contains/weather_sept_85	21564.5	Merge pull request #456 from ChicChip/fixDefault
2024-11-05	1b5ad6ca1d4b		iterate/weather_sept_85	64478.4	Merge pull request #456 from ChicChip/fixDefault
2024-11-05	1b5ad6ca1d4b		iterate_many/weather_sept_85	16403.9	Merge pull request #456 from ChicChip/fixDefault
2024-11-05	1b5ad6ca1d4b		to_array/weather_sept_85	16418.5	Merge pull request #456 from ChicChip/fixDefault
2024-11-05	1b5ad6ca1d4b		deserialize/weather_sept_85	1290.4	Merge pull request #456 from ChicChip/fixDefault
2024-11-05	3bff4adc18aa		or_successive/census1881	3067.5	Merge pull request #458 from RoaringBitmap/fix-457
2024-11-05	3bff4adc18aa		and_successive/census1881	45.4	Merge pull request #458 from RoaringBitmap/fix-457
2024-11-05	3bff4adc18aa		and_cardinality/census1881	25.2	Merge pull request #458 from RoaringBitmap/fix-457
2024-11-05	3bff4adc18aa		fast_or/census1881	5167.8	Merge pull request #458 from RoaringBitmap/fix-457
2024-11-05	3bff4adc18aa		contains/census1881	6401.9	Merge pull request #458 from RoaringBitmap/fix-457
2024-11-05	3bff4adc18aa		iterate/census1881	3443.4	Merge pull request #458 from RoaringBitmap/fix-457
2024-11-05	3bff4adc18aa		iterate_many/census1881	477.1	Merge pull request #458 from RoaringBitmap/fix-457
2024-11-05	3bff4adc18aa		to_array/census1881	870.6	Merge pull request #458 from RoaringBitmap/fix-457
2024-11-05	3bff4adc18aa		deserialize/census1881	408.9	Merge pull request #458 from RoaringBitmap/fix-457
2024-11-05	3bff4adc18aa		or_successive/census-income	2277.3	Merge pull request #458 from RoaringBitmap/fix-457
2024-11-05	3bff4adc18aa		and_successive/census-income	1907.3	Merge pull request #458 from RoaringBitmap/fix-457
2024-11-05	3bff4adc18aa		and_cardinality/census-income	1482.0	Merge pull request #458 from RoaringBitmap/fix-457
2024-11-05	3bff4adc18aa		fast_or/census-income	1030.3	Merge pull request #458 from RoaringBitmap/fix-457
2024-11-05	3bff4adc18aa		contains/census-income	17807.3	Merge pull request #458 from RoaringBitmap/fix-457
2024-11-05	3bff4adc18aa		iterate/census-income	32373.8	Merge pull request #458 from RoaringBitmap/fix-457
2024-11-05	3bff4adc18aa		iterate_many/census-income	8004.4	Merge pull request #458 from RoaringBitmap/fix-457
2024-11-05	3bff4adc18aa		to_array/census-income	7569.8	Merge pull request #458 from RoaringBitmap/fix-457
2024-11-05	3bff4adc18aa		deserialize/census-income	389.8	Merge pull request #458 from RoaringBitmap/fix-457
2024-11-05	3bff4adc18aa		or_successive/weather_sept_85	8728.1	Merge pull request #458 from RoaringBitmap/fix-457
2024-11-05	3bff4adc18aa		and_successive/weather_sept_85	7540.3	Merge pull request #458 from RoaringBitmap/fix-457
2024-11-05	3bff4adc18aa		and_cardinality/weather_sept_85	6696.4	Merge pull request #458 from RoaringBitmap/fix-457
2024-11-05	3bff4adc18aa		fast_or/weather_sept_85	1949.8	Merge pull request #458 from RoaringBitmap/fix-457
2024-11-05	3bff4adc18aa		contains/weather_sept_85	21441.5	Merge pull request #458 from RoaringBitmap/fix-457
2024-11-05	3bff4adc18aa		iterate/weather_sept_85	65328.4	Merge pull request #458 from RoaringBitmap/fix-457
2024-11-05	3bff4adc18aa		iterate_many/weather_sept_85	16378.9	Merge pull request #458 from RoaringBitmap/fix-457
2024-11-05	3bff4adc18aa		to_array/weather_sept_85	16107.5	Merge pull request #458 from RoaringBitmap/fix-457
2024-11-05	3bff4adc18aa		deserialize/weather_sept_85	1232.9	Merge pull request #458 from RoaringBitmap/fix-457
2024-11-05	b32ae1a8cc38	v2.4.1	or_successive/census1881	3060.6	Merge pull request #453 from RoaringBitmap/dependabot/go_modules/gopkg.in/yaml.v3-3.0.0
2024-11-05	b32ae1a8cc38	v2.4.1	and_successive/census1881	44.7	Merge pull request #453 from RoaringBitmap/dependabot/go_modules/gopkg.in/yaml.v3-3.0.0
2024-11-05	b32ae1a8cc38	v2.4.1	and_cardinality/census1881	30.1	Merge pull request #453 from RoaringBitmap/dependabot/go_modules/gopkg.in/yaml.v3-3.0.0
2024-11-05	b32ae1a8cc38	v2.4.1	fast_or/census1881	5043.1	Merge pull request #453 from RoaringBitmap/dependabot/go_modules/gopkg.in/yaml.v3-3.0.0
2024-11-05	b32ae1a8cc38	v2.4.1	contains/census1881	6413.6	Merge pull request #453 from RoaringBitmap/dependabot/go_modules/gopkg.in/yaml.v3-3.0.0
2024-11-05	b32ae1a8cc38	v2.4.1	iterate/census1881	3384.5	Merge pull request #453 from RoaringBitmap/dependabot/go_modules/gopkg.in/yaml.v3-3.0.0
2024-11-05	b32ae1a8cc38	v2.4.1	iterate_many/census1881	472.4	Merge pull request #453 from RoaringBitmap/dependabot/go_modules/gopkg.in/yaml.v3-3.0.0
2024-11-05	b32ae1a8cc38	v2.4.1	to_array/census1881	856.0	Merge pull request #453 from RoaringBitmap/dependabot/go_modules/gopkg.in/yaml.v3-3.0.0
2024-11-05	b32ae1a8cc38	v2.4.1	deserialize/census1881	312.6	Merge pull request #453 from RoaringBitmap/dependabot/go_modules/gopkg.in/yaml.v3-3.0.0
2024-11-05	b32ae1a8cc38	v2.4.1	or_successive/census-income	2174.6	Merge pull request #453 from RoaringBitmap/dependabot/go_modules/gopkg.in/yaml.v3-3.0.0
2024-11-05	b32ae1a8cc38	v2.4.1	and_successive/census-income	1914.8	Merge pull request #453 from RoaringBitmap/dependabot/go_modules/gopkg.in/yaml.v3-3.0.0
2024-11-05	b32ae1a8cc38	v2.4.1	and_cardinality/census-income	1478.4	Merge pull request #453 from RoaringBitmap/dependabot/go_modules/gopkg.in/yaml.v3-3.0.0
2024-11-05	b32ae1a8cc38	v2.4.1	fast_or/census-income	1026.9	Merge pull request #453 from RoaringBitmap/dependabot/go_modules/gopkg.in/yaml.v3-3.0.0
2024-11-05	b32ae1a8cc38	v2.4.1	contains/census-income	17776.1	Merge pull request #453 from RoaringBitmap/dependabot/go_modules/gopkg.in/yaml.v3-3.0.0
2024-11-05	b32ae1a8cc38	v2.4.1	iterate/census-income	32528.0	Merge pull request #453 from RoaringBitmap/dependabot/go_modules/gopkg.in/yaml.v3-3.0.0
2024-11-05	b32ae1a8cc38	v2.4.1	iterate_many/census-income	8005.1	Merge pull request #453 from RoaringBitmap/dependabot/go_modules/gopkg.in/yaml.v3-3.0.0
2024-11-05	b32ae1a8cc38	v2.4.1	to_array/census-income	7419.4	Merge pull request #453 from RoaringBitmap/dependabot/go_modules/gopkg.in/yaml.v3-3.0.0
2024-11-05	b32ae1a8cc38	v2.4.1	deserialize/census-income	399.1	Merge pull request #453 from RoaringBitmap/dependabot/go_modules/gopkg.in/yaml.v3-3.0.0
2024-11-05	b32ae1a8cc38	v2.4.1	or_successive/weather_sept_85	8528.2	Merge pull request #453 from RoaringBitmap/dependabot/go_modules/gopkg.in/yaml.v3-3.0.0
2024-11-05	b32ae1a8cc38	v2.4.1	and_successive/weather_sept_85	7985.3	Merge pull request #453 from RoaringBitmap/dependabot/go_modules/gopkg.in/yaml.v3-3.0.0
2024-11-05	b32ae1a8cc38	v2.4.1	and_cardinality/weather_sept_85	6754.0	Merge pull request #453 from RoaringBitmap/dependabot/go_modules/gopkg.in/yaml.v3-3.0.0
2024-11-05	b32ae1a8cc38	v2.4.1	fast_or/weather_sept_85	1963.0	Merge pull request #453 from RoaringBitmap/dependabot/go_modules/gopkg.in/yaml.v3-3.0.0
2024-11-05	b32ae1a8cc38	v2.4.1	contains/weather_sept_85	21593.0	Merge pull request #453 from RoaringBitmap/dependabot/go_modules/gopkg.in/yaml.v3-3.0.0
2024-11-05	b32ae1a8cc38	v2.4.1	iterate/weather_sept_85	64266.6	Merge pull request #453 from RoaringBitmap/dependabot/go_modules/gopkg.in/yaml.v3-3.0.0
2024-11-05	b32ae1a8cc38	v2.4.1	iterate_many/weather_sept_85	16382.8	Merge pull request #453 from RoaringBitmap/dependabot/go_modules/gopkg.in/yaml.v3-3.0.0
2024-11-05	b32ae1a8cc38	v2.4.1	to_array/weather_sept_85	16379.1	Merge pull request #453 from RoaringBitmap/dependabot/go_modules/gopkg.in/yaml.v3-3.0.0
2024-11-05	b32ae1a8cc38	v2.4.1	deserialize/weather_sept_85	1334.4	Merge pull request #453 from RoaringBitmap/dependabot/go_modules/gopkg.in/yaml.v3-3.0.0
2024-11-09	84c242d349c0	v2.4.2	or_successive/census1881	3085.4	Merge pull request #460 from RoaringBitmap/fix-459
2024-11-09	84c242d349c0	v2.4.2	and_successive/census1881	43.2	Merge pull request #460 from RoaringBitmap/fix-459
2024-11-09	84c242d349c0	v2.4.2	and_cardinality/census1881	29.9	Merge pull request #460 from RoaringBitmap/fix-459
2024-11-09	84c242d349c0	v2.4.2	fast_or/census1881	5069.2	Merge pull request #460 from RoaringBitmap/fix-459
2024-11-09	84c242d349c0	v2.4.2	contains/census1881	6431.5	Merge pull request #460 from RoaringBitmap/fix-459
2024-11-09	84c242d349c0	v2.4.2	iterate/census1881	3370.2	Merge pull request #460 from RoaringBitmap/fix-459
2024-11-09	84c242d349c0	v2.4.2	iterate_many/census1881	472.5	Merge pull request #460 from RoaringBitmap/fix-459
2024-11-09	84c242d349c0	v2.4.2	to_array/census1881	829.2	Merge pull request #460 from RoaringBitmap/fix-459
2024-11-09	84c242d349c0	v2.4.2	deserialize/census1881	312.8	Merge pull request #460 from RoaringBitmap/fix-459
2024-11-09	84c242d349c0	v2.4.2	or_successive/census-income	2346.0	Merge pull request #460 from RoaringBitmap/fix-459
2024-11-09	84c242d349c0	v2.4.2	and_successive/census-income	1926.9	Merge pull request #460 from RoaringBitmap/fix-459
2024-11-09	84c242d349c0	v2.4.2	and_cardinality/census-income	1477.1	Merge pull request #460 from RoaringBitmap/fix-459
2024-11-09	84c242d349c0	v2.4.2	fast_or/census-income	1040.4	Merge pull request #460 from RoaringBitmap/fix-459
2024-11-09	84c242d349c0	v2.4.2	contains/census-income	17746.7	Merge pull request #460 from RoaringBitmap/fix-459
2024-11-09	84c242d349c0	v2.4.2	iterate/census-income	33547.1	Merge pull request #460 from RoaringBitmap/fix-459
2024-11-09	84c242d349c0	v2.4.2	iterate_many/census-income	8007.3	Merge pull request #460 from RoaringBitmap/fix-459
2024-11-09	84c242d349c0	v2.4.2	to_array/census-income	7656.9	Merge pull request #460 from RoaringBitmap/fix-459
2024-11-09	84c242d349c0	v2.4.2	deserialize/census-income	401.6	Merge pull request #460 from RoaringBitmap/fix-459
2024-11-09	84c242d349c0	v2.4.2	or_successive/weather_sept_85	8701.3	Merge pull request #460 from RoaringBitmap/fix-459
2024-11-09	84c242d349c0	v2.4.2	and_successive/weather_sept_85	7519.4	Merge pull request #460 from RoaringBitmap/fix-459
2024-11-09	84c242d349c0	v2.4.2	and_cardinality/weather_sept_85	6710.2	Merge pull request #460 from RoaringBitmap/fix-459
2024-11-09	84c242d349c0	v2.4.2	fast_or/weather_sept_85	1961.8	Merge pull request #460 from RoaringBitmap/fix-459
2024-11-09	84c242d349c0	v2.4.2	contains/weather_sept_85	21501.7	Merge pull request #460 from RoaringBitmap/fix-459
2024-11-09	84c242d349c0	v2.4.2	iterate/weather_sept_85	64880.6	Merge pull request #460 from RoaringBitmap/fix-459
2024-11-09	84c242d349c0	v2.4.2	iterate_many/weather_sept_85	16394.8	Merge pull request #460 from RoaringBitmap/fix-459
2024-11-09	84c242d349c0	v2.4.2	to_array/weather_sept_85	15628.1	Merge pull request #460 from RoaringBitmap/fix-459
2024-11-09	84c242d349c0	v2.4.2	deserialize/weather_sept_85	1334.8	Merge pull request #460 from RoaringBitmap/fix-459
2024-12-24	fc14622e5da5		or_successive/census1881	3125.6	Merge pull request #464 from dominiquelefevre/fewer-allocations-in-iandNotRunContainer16
2024-12-24	fc14622e5da5		and_successive/census1881	42.3	Merge pull request #464 from dominiquelefevre/fewer-allocations-in-iandNotRunContainer16
2024-12-24	fc14622e5da5		and_cardinality/census1881	30.4	Merge pull request #464 from dominiquelefevre/fewer-allocations-in-iandNotRunContainer16
2024-12-24	fc14622e5da5		fast_or/census1881	5211.8	Merge pull request #464 from dominiquelefevre/fewer-allocations-in-iandNotRunContainer16
2024-12-24	fc14622e5da5		contains/census1881	6435.0	Merge pull request #464 from dominiquelefevre/fewer-allocations-in-iandNotRunContainer16
2024-12-24	fc14622e5da5		iterate/census1881	3408.2	Merge pull request #464 from dominiquelefevre/fewer-allocations-in-iandNotRunContainer16
2024-12-24	fc14622e5da5		iterate_many/census1881	476.3	Merge pull request #464 from dominiquelefevre/fewer-allocations-in-iandNotRunContainer16
2024-12-24	fc14622e5da5		to_array/census1881	891.1	Merge pull request #464 from dominiquelefevre/fewer-allocations-in-iandNotRunContainer16
2024-12-24	fc14622e5da5		deserialize/census1881	415.4	Merge pull request #464 from dominiquelefevre/fewer-allocations-in-iandNotRunContainer16
2024-12-24	fc14622e5da5		or_successive/census-income	2317.4	Merge pull request #464 from dominiquelefevre/fewer-allocations-in-iandNotRunContainer16
2024-12-24	fc14622e5da5		and_successive/census-income	1913.8	Merge pull request #464 from dominiquelefevre/fewer-allocations-in-iandNotRunContainer16
2024-12-24	fc14622e5da5		and_cardinality/census-income	1488.7	Merge pull request #464 from dominiquelefevre/fewer-allocations-in-iandNotRunContainer16
2024-12-24	fc14622e5da5		fast_or/census-income	1041.4	Merge pull request #464 from dominiquelefevre/fewer-allocations-in-iandNotRunContainer16
2024-12-24	fc14622e5da5		contains/census-income	17724.5	Merge pull request #464 from dominiquelefevre/fewer-allocations-in-iandNotRunContainer16
2024-12-24	fc14622e5da5		iterate/census-income	33167.1	Merge pull request #464 from dominiquelefevre/fewer-allocations-in-iandNotRunContainer16
2024-12-24	fc14622e5da5		iterate_many/census-income	8040.1	Merge pull request #464 from dominiquelefevre/fewer-allocations-in-iandNotRunContainer16
2024-12-24	fc14622e5da5		to_array/census-income	7424.0	Merge pull request #464 from dominiquelefevre/fewer-allocations-in-iandNotRunContainer16
2024-12-24	fc14622e5da5		deserialize/census-income	456.6	Merge pull request #464 from dominiquelefevre/fewer-allocations-in-iandNotRunContainer16
2024-12-24	fc14622e5da5		or_successive/weather_sept_85	8500.9	Merge pull request #464 from dominiquelefevre/fewer-allocations-in-iandNotRunContainer16
2024-12-24	fc14622e5da5		and_successive/weather_sept_85	7547.3	Merge pull request #464 from dominiquelefevre/fewer-allocations-in-iandNotRunContainer16
2024-12-24	fc14622e5da5		and_cardinality/weather_sept_85	6688.8	Merge pull request #464 from dominiquelefevre/fewer-allocations-in-iandNotRunContainer16
2024-12-24	fc14622e5da5		fast_or/weather_sept_85	1959.6	Merge pull request #464 from dominiquelefevre/fewer-allocations-in-iandNotRunContainer16
2024-12-24	fc14622e5da5		contains/weather_sept_85	21481.3	Merge pull request #464 from dominiquelefevre/fewer-allocations-in-iandNotRunContainer16
2024-12-24	fc14622e5da5		iterate/weather_sept_85	64762.5	Merge pull request #464 from dominiquelefevre/fewer-allocations-in-iandNotRunContainer16
2024-12-24	fc14622e5da5		iterate_many/weather_sept_85	16385.7	Merge pull request #464 from dominiquelefevre/fewer-allocations-in-iandNotRunContainer16
2024-12-24	fc14622e5da5		to_array/weather_sept_85	15557.8	Merge pull request #464 from dominiquelefevre/fewer-allocations-in-iandNotRunContainer16
2024-12-24	fc14622e5da5		deserialize/weather_sept_85	1389.2	Merge pull request #464 from dominiquelefevre/fewer-allocations-in-iandNotRunContainer16
2025-01-10	95eeba4b6a6f		or_successive/census1881	3109.1	Merge pull request #466 from starius/update-readme
2025-01-10	95eeba4b6a6f		and_successive/census1881	51.8	Merge pull request #466 from starius/update-readme
2025-01-10	95eeba4b6a6f		and_cardinality/census1881	27.4	Merge pull request #466 from starius/update-readme
2025-01-10	95eeba4b6a6f		fast_or/census1881	5053.6	Merge pull request #466 from starius/update-readme
2025-01-10	95eeba4b6a6f		contains/census1881	6444.6	Merge pull request #466 from starius/update-readme
2025-01-10	95eeba4b6a6f		iterate/census1881	3358.7	Merge pull request #466 from starius/update-readme
2025-01-10	95eeba4b6a6f		iterate_many/census1881	473.6	Merge pull request #466 from starius/update-readme
2025-01-10	95eeba4b6a6f		to_array/census1881	1001.3	Merge pull request #466 from starius/update-readme
2025-01-10	95eeba4b6a6f		deserialize/census1881	454.8	Merge pull request #466 from starius/update-readme
2025-01-10	95eeba4b6a6f		or_successive/census-income	2250.7	Merge pull request #466 from starius/update-readme
2025-01-10	95eeba4b6a6f		and_successive/census-income	1906.8	Merge pull request #466 from starius/update-readme
2025-01-10	95eeba4b6a6f		and_cardinality/census-income	1501.9	Merge pull request #466 from starius/update-readme
2025-01-10	95eeba4b6a6f		fast_or/census-income	1037.4	Merge pull request #466 from starius/update-readme
2025-01-10	95eeba4b6a6f		contains/census-income	17762.9	Merge pull request #466 from starius/update-readme
2025-01-10	95eeba4b6a6f		iterate/census-income	33414.2	Merge pull request #466 from starius/update-readme
2025-01-10	95eeba4b6a6f		iterate_many/census-income	8012.3	Merge pull request #466 from starius/update-readme
2025-01-10	95eeba4b6a6f		to_array/census-income	7716.2	Merge pull request #466 from starius/update-readme
2025-01-10	95eeba4b6a6f		deserialize/census-income	361.3	Merge pull request #466 from starius/update-readme
2025-01-10	95eeba4b6a6f		or_successive/weather_sept_85	8766.9	Merge pull request #466 from starius/update-readme
2025-01-10	95eeba4b6a6f		and_successive/weather_sept_85	7542.2	Merge pull request #466 from starius/update-readme
2025-01-10	95eeba4b6a6f		and_cardinality/weather_sept_85	6712.7	Merge pull request #466 from starius/update-readme
2025-01-10	95eeba4b6a6f		fast_or/weather_sept_85	1926.0	Merge pull request #466 from starius/update-readme
2025-01-10	95eeba4b6a6f		contains/weather_sept_85	21430.4	Merge pull request #466 from starius/update-readme
2025-01-10	95eeba4b6a6f		iterate/weather_sept_85	64671.0	Merge pull request #466 from starius/update-readme
2025-01-10	95eeba4b6a6f		iterate_many/weather_sept_85	16406.7	Merge pull request #466 from starius/update-readme
2025-01-10	95eeba4b6a6f		to_array/weather_sept_85	16398.3	Merge pull request #466 from starius/update-readme
2025-01-10	95eeba4b6a6f		deserialize/weather_sept_85	1281.4	Merge pull request #466 from starius/update-readme
2025-01-31	461d7ec424b7	v2.4.3	or_successive/census1881	3118.2	Merge pull request #468 from RoaringBitmap/issue467
2025-01-31	461d7ec424b7	v2.4.3	and_successive/census1881	41.9	Merge pull request #468 from RoaringBitmap/issue467
2025-01-31	461d7ec424b7	v2.4.3	and_cardinality/census1881	29.9	Merge pull request #468 from RoaringBitmap/issue467
2025-01-31	461d7ec424b7	v2.4.3	fast_or/census1881	5044.4	Merge pull request #468 from RoaringBitmap/issue467
2025-01-31	461d7ec424b7	v2.4.3	contains/census1881	6437.2	Merge pull request #468 from RoaringBitmap/issue467
2025-01-31	461d7ec424b7	v2.4.3	iterate/census1881	3347.8	Merge pull request #468 from RoaringBitmap/issue467
2025-01-31	461d7ec424b7	v2.4.3	iterate_many/census1881	474.2	Merge pull request #468 from RoaringBitmap/issue467
2025-01-31	461d7ec424b7	v2.4.3	to_array/census1881	877.7	Merge pull request #468 from RoaringBitmap/issue467
2025-01-31	461d7ec424b7	v2.4.3	deserialize/census1881	313.2	Merge pull request #468 from RoaringBitmap/issue467
2025-01-31	461d7ec424b7	v2.4.3	or_successive/census-income	2237.4	Merge pull request #468 from RoaringBitmap/issue467
2025-01-31	461d7ec424b7	v2.4.3	and_successive/census-income	1935.3	Merge pull request #468 from RoaringBitmap/issue467
2025-01-31	461d7ec424b7	v2.4.3	and_cardinality/census-income	1483.0	Merge pull request #468 from RoaringBitmap/issue467
2025-01-31	461d7ec424b7	v2.4.3	fast_or/census-income	1020.9	Merge pull request #468 from RoaringBitmap/issue467
2025-01-31	461d7ec424b7	v2.4.3	contains/census-income	17835.8	Merge pull request #468 from RoaringBitmap/issue467
2025-01-31	461d7ec424b7	v2.4.3	iterate/census-income	33111.6	Merge pull request #468 from RoaringBitmap/issue467
2025-01-31	461d7ec424b7	v2.4.3	iterate_many/census-income	8008.7	Merge pull request #468 from RoaringBitmap/issue467
2025-01-31	461d7ec424b7	v2.4.3	to_array/census-income	7458.3	Merge pull request #468 from RoaringBitmap/issue467
2025-01-31	461d7ec424b7	v2.4.3	deserialize/census-income	379.3	Merge pull request #468 from RoaringBitmap/issue467
2025-01-31	461d7ec424b7	v2.4.3	or_successive/weather_sept_85	8343.6	Merge pull request #468 from RoaringBitmap/issue467
2025-01-31	461d7ec424b7	v2.4.3	and_successive/weather_sept_85	7570.3	Merge pull request #468 from RoaringBitmap/issue467
2025-01-31	461d7ec424b7	v2.4.3	and_cardinality/weather_sept_85	6734.6	Merge pull request #468 from RoaringBitmap/issue467
2025-01-31	461d7ec424b7	v2.4.3	fast_or/weather_sept_85	1970.4	Merge pull request #468 from RoaringBitmap/issue467
2025-01-31	461d7ec424b7	v2.4.3	contains/weather_sept_85	21519.1	Merge pull request #468 from RoaringBitmap/issue467
2025-01-31	461d7ec424b7	v2.4.3	iterate/weather_sept_85	65075.6	Merge pull request #468 from RoaringBitmap/issue467
2025-01-31	461d7ec424b7	v2.4.3	iterate_many/weather_sept_85	16397.9	Merge pull request #468 from RoaringBitmap/issue467
2025-01-31	461d7ec424b7	v2.4.3	to_array/weather_sept_85	16214.4	Merge pull request #468 from RoaringBitmap/issue467
2025-01-31	461d7ec424b7	v2.4.3	deserialize/weather_sept_85	1665.0	Merge pull request #468 from RoaringBitmap/issue467
2025-02-04	a21b4b2da684	v2.4.4	or_successive/census1881	3100.0	Merge pull request #470 from RoaringBitmap/issue469
2025-02-04	a21b4b2da684	v2.4.4	and_successive/census1881	41.9	Merge pull request #470 from RoaringBitmap/issue469
2025-02-04	a21b4b2da684	v2.4.4	and_cardinality/census1881	26.4	Merge pull request #470 from RoaringBitmap/issue469
2025-02-04	a21b4b2da684	v2.4.4	fast_or/census1881	5086.9	Merge pull request #470 from RoaringBitmap/issue469
2025-02-04	a21b4b2da684	v2.4.4	contains/census1881	6404.7	Merge pull request #470 from RoaringBitmap/issue469
2025-02-04	a21b4b2da684	v2.4.4	iterate/census1881	3374.4	Merge pull request #470 from RoaringBitmap/issue469
2025-02-04	a21b4b2da684	v2.4.4	iterate_many/census1881	473.6	Merge pull request #470 from RoaringBitmap/issue469
2025-02-04	a21b4b2da684	v2.4.4	to_array/census1881	848.9	Merge pull request #470 from RoaringBitmap/issue469
2025-02-04	a21b4b2da684	v2.4.4	deserialize/census1881	384.1	Merge pull request #470 from RoaringBitmap/issue469
2025-02-04	a21b4b2da684	v2.4.4	or_successive/census-income	2277.6	Merge pull request #470 from RoaringBitmap/issue469
2025-02-04	a21b4b2da684	v2.4.4	and_successive/census-income	1924.3	Merge pull request #470 from RoaringBitmap/issue469
2025-02-04	a21b4b2da684	v2.4.4	and_cardinality/census-income	1482.8	Merge pull request #470 from RoaringBitmap/issue469
2025-02-04	a21b4b2da684	v2.4.4	fast_or/census-income	1026.4	Merge pull request #470 from RoaringBitmap/issue469
2025-02-04	a21b4b2da684	v2.4.4	contains/census-income	17766.2	Merge pull request #470 from RoaringBitmap/issue469
2025-02-04	a21b4b2da684	v2.4.4	iterate/census-income	33004.7	Merge pull request #470 from RoaringBitmap/issue469
2025-02-04	a21b4b2da684	v2.4.4	iterate_many/census-income	8024.1	Merge pull request #470 from RoaringBitmap/issue469
2025-02-04	a21b4b2da684	v2.4.4	to_array/census-income	7443.9	Merge pull request #470 from RoaringBitmap/issue469
2025-02-04	a21b4b2da684	v2.4.4	deserialize/census-income	388.3	Merge pull request #470 from RoaringBitmap/issue469
2025-02-04	a21b4b2da684	v2.4.4	or_successive/weather_sept_85	8586.5	Merge pull request #470 from RoaringBitmap/issue469
2025-02-04	a21b4b2da684	v2.4.4	and_successive/weather_sept_85	7561.3	Merge pull request #470 from RoaringBitmap/issue469
2025-02-04	a21b4b2da684	v2.4.4	and_cardinality/weather_sept_85	6717.7	Merge pull request #470 from RoaringBitmap/issue469
2025-02-04	a21b4b2da684	v2.4.4	fast_or/weather_sept_85	1952.4	Merge pull request #470 from RoaringBitmap/issue469
2025-02-04	a21b4b2da684	v2.4.4	contains/weather_sept_85	21390.5	Merge pull request #470 from RoaringBitmap/issue469
2025-02-04	a21b4b2da684	v2.4.4	iterate/weather_sept_85	64623.7	Merge pull request #470 from RoaringBitmap/issue469
2025-02-04	a21b4b2da684	v2.4.4	iterate_many/weather_sept_85	16385.2	Merge pull request #470 from RoaringBitmap/issue469
2025-02-04	a21b4b2da684	v2.4.4	to_array/weather_sept_85	16944.4	Merge pull request #470 from RoaringBitmap/issue469
2025-02-04	a21b4b2da684	v2.4.4	deserialize/weather_sept_85	1323.4	Merge pull request #470 from RoaringBitmap/issue469
2025-02-06	773047c1e89d	v2.4.5	or_successive/census1881	3087.3	removing leftover printout
2025-02-06	773047c1e89d	v2.4.5	and_successive/census1881	38.4	removing leftover printout
2025-02-06	773047c1e89d	v2.4.5	and_cardinality/census1881	30.8	removing leftover printout
2025-02-06	773047c1e89d	v2.4.5	fast_or/census1881	5032.4	removing leftover printout
2025-02-06	773047c1e89d	v2.4.5	contains/census1881	6421.0	removing leftover printout
2025-02-06	773047c1e89d	v2.4.5	iterate/census1881	3329.2	removing leftover printout
2025-02-06	773047c1e89d	v2.4.5	iterate_many/census1881	469.9	removing leftover printout
2025-02-06	773047c1e89d	v2.4.5	to_array/census1881	863.8	removing leftover printout
2025-02-06	773047c1e89d	v2.4.5	deserialize/census1881	371.1	removing leftover printout
2025-02-06	773047c1e89d	v2.4.5	or_successive/census-income	2225.7	removing leftover printout
2025-02-06	773047c1e89d	v2.4.5	and_successive/census-income	1955.0	removing leftover printout
2025-02-06	773047c1e89d	v2.4.5	and_cardinality/census-income	1487.0	removing leftover printout
2025-02-06	773047c1e89d	v2.4.5	fast_or/census-income	1025.0	removing leftover printout
2025-02-06	773047c1e89d	v2.4.5	contains/census-income	17824.8	removing leftover printout
2025-02-06	773047c1e89d	v2.4.5	iterate/census-income	33350.0	removing leftover printout
2025-02-06	773047c1e89d	v2.4.5	iterate_many/census-income	8014.0	removing leftover printout
2025-02-06	773047c1e89d	v2.4.5	to_array/census-income	7388.5	removing leftover printout
2025-02-06	773047c1e89d	v2.4.5	deserialize/census-income	422.2	removing leftover printout
2025-02-06	773047c1e89d	v2.4.5	or_successive/weather_sept_85	8747.4	removing leftover printout
2025-02-06	773047c1e89d	v2.4.5	and_successive/weather_sept_85	7488.8	removing leftover printout
2025-02-06	773047c1e89d	v2.4.5	and_cardinality/weather_sept_85	6714.4	removing leftover printout
2025-02-06	773047c1e89d	v2.4.5	fast_or/weather_sept_85	1945.5	removing leftover printout
2025-02-06	773047c1e89d	v2.4.5	contains/weather_sept_85	21468.1	removing leftover printout
2025-02-06	773047c1e89d	v2.4.5	iterate/weather_sept_85	64933.6	removing leftover printout
2025-02-06	773047c1e89d	v2.4.5	iterate_many/weather_sept_85	16387.4	removing leftover printout
2025-02-06	773047c1e89d	v2.4.5	to_array/weather_sept_85	15894.2	removing leftover printout
2025-02-06	773047c1e89d	v2.4.5	deserialize/weather_sept_85	1260.8	removing leftover printout
2025-04-08	46b0acff1646		or_successive/census1881	3037.3	Merge pull request #473 from TheHippo/reusable-slices
2025-04-08	46b0acff1646		and_successive/census1881	44.4	Merge pull request #473 from TheHippo/reusable-slices
2025-04-08	46b0acff1646		and_cardinality/census1881	28.2	Merge pull request #473 from TheHippo/reusable-slices
2025-04-08	46b0acff1646		fast_or/census1881	5069.1	Merge pull request #473 from TheHippo/reusable-slices
2025-04-08	46b0acff1646		contains/census1881	6432.3	Merge pull request #473 from TheHippo/reusable-slices
2025-04-08	46b0acff1646		iterate/census1881	3346.6	Merge pull request #473 from TheHippo/reusable-slices
2025-04-08	46b0acff1646		iterate_many/census1881	480.5	Merge pull request #473 from TheHippo/reusable-slices
2025-04-08	46b0acff1646		to_array/census1881	853.1	Merge pull request #473 from TheHippo/reusable-slices
2025-04-08	46b0acff1646		deserialize/census1881	390.0	Merge pull request #473 from TheHippo/reusable-slices
2025-04-08	46b0acff1646		or_successive/census-income	2274.9	Merge pull request #473 from TheHippo/reusable-slices
2025-04-08	46b0acff1646		and_successive/census-income	1913.3	Merge pull request #473 from TheHippo/reusable-slices
2025-04-08	46b0acff1646		and_cardinality/census-income	1484.5	Merge pull request #473 from TheHippo/reusable-slices
2025-04-08	46b0acff1646		fast_or/census-income	1026.9	Merge pull request #473 from TheHippo/reusable-slices
2025-04-08	46b0acff1646		contains/census-income	17859.1	Merge pull request #473 from TheHippo/reusable-slices
2025-04-08	46b0acff1646		iterate/census-income	33163.0	Merge pull request #473 from TheHippo/reusable-slices
2025-04-08	46b0acff1646		iterate_many/census-income	7995.7	Merge pull request #473 from TheHippo/reusable-slices
2025-04-08	46b0acff1646		to_array/census-income	7409.4	Merge pull request #473 from TheHippo/reusable-slices
2025-04-08	46b0acff1646		deserialize/census-income	406.1	Merge pull request #473 from TheHippo/reusable-slices
2025-04-08	46b0acff1646		or_successive/weather_sept_85	8971.8	Merge pull request #473 from TheHippo/reusable-slices
2025-04-08	46b0acff1646		and_successive/weather_sept_85	7654.8	Merge pull request #473 from TheHippo/reusable-slices
2025-04-08	46b0acff1646		and_cardinality/weather_sept_85	6737.8	Merge pull request #473 from TheHippo/reusable-slices
2025-04-08	46b0acff1646		fast_or/weather_sept_85	1990.4	Merge pull request #473 from TheHippo/reusable-slices
2025-04-08	46b0acff1646		contains/weather_sept_85	21336.5	Merge pull request #473 from TheHippo/reusable-slices
2025-04-08	46b0acff1646		iterate/weather_sept_85	64913.1	Merge pull request #473 from TheHippo/reusable-slices
2025-04-08	46b0acff1646		iterate_many/weather_sept_85	16366.1	Merge pull request #473 from TheHippo/reusable-slices
2025-04-08	46b0acff1646		to_array/weather_sept_85	17366.3	Merge pull request #473 from TheHippo/reusable-slices
2025-04-08	46b0acff1646		deserialize/weather_sept_85	1325.9	Merge pull request #473 from TheHippo/reusable-slices
2025-05-19	fb67118dd4dc	v2.4.6	or_successive/census1881	3120.7	Merge pull request #474 from dzairi/master
2025-05-19	fb67118dd4dc	v2.4.6	and_successive/census1881	42.5	Merge pull request #474 from dzairi/master
2025-05-19	fb67118dd4dc	v2.4.6	and_cardinality/census1881	25.6	Merge pull request #474 from dzairi/master
2025-05-19	fb67118dd4dc	v2.4.6	fast_or/census1881	5078.4	Merge pull request #474 from dzairi/master
2025-05-19	fb67118dd4dc	v2.4.6	contains/census1881	6426.1	Merge pull request #474 from dzairi/master
2025-05-19	fb67118dd4dc	v2.4.6	iterate/census1881	3345.3	Merge pull request #474 from dzairi/master
2025-05-19	fb67118dd4dc	v2.4.6	iterate_many/census1881	489.1	Merge pull request #474 from dzairi/master
2025-05-19	fb67118dd4dc	v2.4.6	to_array/census1881	920.9	Merge pull request #474 from dzairi/master
2025-05-19	fb67118dd4dc	v2.4.6	deserialize/census1881	352.4	Merge pull request #474 from dzairi/master
2025-05-19	fb67118dd4dc	v2.4.6	or_successive/census-income	2313.6	Merge pull request #474 from dzairi/master
2025-05-19	fb67118dd4dc	v2.4.6	and_successive/census-income	1923.4	Merge pull request #474 from dzairi/master
2025-05-19	fb67118dd4dc	v2.4.6	and_cardinality/census-income	1485.0	Merge pull request #474 from dzairi/master
2025-05-19	fb67118dd4dc	v2.4.6	fast_or/census-income	1027.3	Merge pull request #474 from dzairi/master
2025-05-19	fb67118dd4dc	v2.4.6	contains/census-income	17801.1	Merge pull request #474 from dzairi/master
2025-05-19	fb67118dd4dc	v2.4.6	iterate/census-income	33696.2	Merge pull request #474 from dzairi/master
2025-05-19	fb67118dd4dc	v2.4.6	iterate_many/census-income	7991.4	Merge pull request #474 from dzairi/master
2025-05-19	fb67118dd4dc	v2.4.6	to_array/census-income	7360.3	Merge pull request #474 from dzairi/master
2025-05-19	fb67118dd4dc	v2.4.6	deserialize/census-income	374.3	Merge pull request #474 from dzairi/master
2025-05-19	fb67118dd4dc	v2.4.6	or_successive/weather_sept_85	8869.0	Merge pull request #474 from dzairi/master
2025-05-19	fb67118dd4dc	v2.4.6	and_successive/weather_sept_85	7792.5	Merge pull request #474 from dzairi/master
2025-05-19	fb67118dd4dc	v2.4.6	and_cardinality/weather_sept_85	6749.6	Merge pull request #474 from dzairi/master
2025-05-19	fb67118dd4dc	v2.4.6	fast_or/weather_sept_85	1995.1	Merge pull request #474 from dzairi/master
2025-05-19	fb67118dd4dc	v2.4.6	contains/weather_sept_85	21371.2	Merge pull request #474 from dzairi/master
2025-05-19	fb67118dd4dc	v2.4.6	iterate/weather_sept_85	65473.4	Merge pull request #474 from dzairi/master
2025-05-19	fb67118dd4dc	v2.4.6	iterate_many/weather_sept_85	16392.6	Merge pull request #474 from dzairi/master
2025-05-19	fb67118dd4dc	v2.4.6	to_array/weather_sept_85	16469.3	Merge pull request #474 from dzairi/master
2025-05-19	fb67118dd4dc	v2.4.6	deserialize/weather_sept_85	1234.1	Merge pull request #474 from dzairi/master
2025-06-05	b705c37f2c34		or_successive/census1881	3093.3	correct typo
2025-06-05	b705c37f2c34		and_successive/census1881	50.5	correct typo
2025-06-05	b705c37f2c34		and_cardinality/census1881	27.7	correct typo
2025-06-05	b705c37f2c34		fast_or/census1881	5057.3	correct typo
2025-06-05	b705c37f2c34		contains/census1881	6402.6	correct typo
2025-06-05	b705c37f2c34		iterate/census1881	3372.3	correct typo
2025-06-05	b705c37f2c34		iterate_many/census1881	473.9	correct typo
2025-06-05	b705c37f2c34		to_array/census1881	879.2	correct typo
2025-06-05	b705c37f2c34		deserialize/census1881	323.3	correct typo
2025-06-05	b705c37f2c34		or_successive/census-income	2327.6	correct typo
2025-06-05	b705c37f2c34		and_successive/census-income	1914.1	correct typo
2025-06-05	b705c37f2c34		and_cardinality/census-income	1482.9	correct typo
2025-06-05	b705c37f2c34		fast_or/census-income	1033.9	correct typo
2025-06-05	b705c37f2c34		contains/census-income	17803.9	correct typo
2025-06-05	b705c37f2c34		iterate/census-income	33562.7	correct typo
2025-06-05	b705c37f2c34		iterate_many/census-income	8007.2	correct typo
2025-06-05	b705c37f2c34		to_array/census-income	7418.5	correct typo
2025-06-05	b705c37f2c34		deserialize/census-income	405.6	correct typo
2025-06-05	b705c37f2c34		or_successive/weather_sept_85	8675.4	correct typo
2025-06-05	b705c37f2c34		and_successive/weather_sept_85	7645.1	correct typo
2025-06-05	b705c37f2c34		and_cardinality/weather_sept_85	6769.2	correct typo
2025-06-05	b705c37f2c34		fast_or/weather_sept_85	2004.0	correct typo
2025-06-05	b705c37f2c34		contains/weather_sept_85	21335.6	correct typo
2025-06-05	b705c37f2c34		iterate/weather_sept_85	64627.8	correct typo
2025-06-05	b705c37f2c34		iterate_many/weather_sept_85	16409.3	correct typo
2025-06-05	b705c37f2c34		to_array/weather_sept_85	16457.7	correct typo
2025-06-05	b705c37f2c34		deserialize/weather_sept_85	1270.3	correct typo
2025-06-28	09c46a0a47d2	v2.6.0	or_successive/census1881	3046.4	Merge pull request #476 from customerio/roaring64_ParOr
2025-06-28	09c46a0a47d2	v2.6.0	and_successive/census1881	47.3	Merge pull request #476 from customerio/roaring64_ParOr
2025-06-28	09c46a0a47d2	v2.6.0	and_cardinality/census1881	27.9	Merge pull request #476 from customerio/roaring64_ParOr
2025-06-28	09c46a0a47d2	v2.6.0	fast_or/census1881	5061.2	Merge pull request #476 from customerio/roaring64_ParOr
2025-06-28	09c46a0a47d2	v2.6.0	contains/census1881	6425.8	Merge pull request #476 from customerio/roaring64_ParOr
2025-06-28	09c46a0a47d2	v2.6.0	iterate/census1881	3360.3	Merge pull request #476 from customerio/roaring64_ParOr
2025-06-28	09c46a0a47d2	v2.6.0	iterate_many/census1881	474.2	Merge pull request #476 from customerio/roaring64_ParOr
2025-06-28	09c46a0a47d2	v2.6.0	to_array/census1881	878.4	Merge pull request #476 from customerio/roaring64_ParOr
2025-06-28	09c46a0a47d2	v2.6.0	deserialize/census1881	310.2	Merge pull request #476 from customerio/roaring64_ParOr
2025-06-28	09c46a0a47d2	v2.6.0	or_successive/census-income	2253.9	Merge pull request #476 from customerio/roaring64_ParOr
2025-06-28	09c46a0a47d2	v2.6.0	and_successive/census-income	1901.6	Merge pull request #476 from customerio/roaring64_ParOr
2025-06-28	09c46a0a47d2	v2.6.0	and_cardinality/census-income	1492.9	Merge pull request #476 from customerio/roaring64_ParOr
2025-06-28	09c46a0a47d2	v2.6.0	fast_or/census-income	1029.1	Merge pull request #476 from customerio/roaring64_ParOr
2025-06-28	09c46a0a47d2	v2.6.0	contains/census-income	17790.3	Merge pull request #476 from customerio/roaring64_ParOr
2025-06-28	09c46a0a47d2	v2.6.0	iterate/census-income	33379.3	Merge pull request #476 from customerio/roaring64_ParOr
2025-06-28	09c46a0a47d2	v2.6.0	iterate_many/census-income	8027.0	Merge pull request #476 from customerio/roaring64_ParOr
2025-06-28	09c46a0a47d2	v2.6.0	to_array/census-income	7429.9	Merge pull request #476 from customerio/roaring64_ParOr
2025-06-28	09c46a0a47d2	v2.6.0	deserialize/census-income	377.4	Merge pull request #476 from customerio/roaring64_ParOr
2025-06-28	09c46a0a47d2	v2.6.0	or_successive/weather_sept_85	8497.1	Merge pull request #476 from customerio/roaring64_ParOr
2025-06-28	09c46a0a47d2	v2.6.0	and_successive/weather_sept_85	7555.8	Merge pull request #476 from customerio/roaring64_ParOr
2025-06-28	09c46a0a47d2	v2.6.0	and_cardinality/weather_sept_85	6752.8	Merge pull request #476 from customerio/roaring64_ParOr
2025-06-28	09c46a0a47d2	v2.6.0	fast_or/weather_sept_85	2003.9	Merge pull request #476 from customerio/roaring64_ParOr
2025-06-28	09c46a0a47d2	v2.6.0	contains/weather_sept_85	21324.9	Merge pull request #476 from customerio/roaring64_ParOr
2025-06-28	09c46a0a47d2	v2.6.0	iterate/weather_sept_85	63826.2	Merge pull request #476 from customerio/roaring64_ParOr
2025-06-28	09c46a0a47d2	v2.6.0	iterate_many/weather_sept_85	16387.8	Merge pull request #476 from customerio/roaring64_ParOr
2025-06-28	09c46a0a47d2	v2.6.0	to_array/weather_sept_85	16833.8	Merge pull request #476 from customerio/roaring64_ParOr
2025-06-28	09c46a0a47d2	v2.6.0	deserialize/weather_sept_85	1326.3	Merge pull request #476 from customerio/roaring64_ParOr
2025-07-10	2893d51f7c70		or_successive/census1881	3062.2	Merge pull request #475 from amikai/go-1.23-iterator
2025-07-10	2893d51f7c70		and_successive/census1881	45.5	Merge pull request #475 from amikai/go-1.23-iterator
2025-07-10	2893d51f7c70		and_cardinality/census1881	25.9	Merge pull request #475 from amikai/go-1.23-iterator
2025-07-10	2893d51f7c70		fast_or/census1881	5088.7	Merge pull request #475 from amikai/go-1.23-iterator
2025-07-10	2893d51f7c70		contains/census1881	6386.3	Merge pull request #475 from amikai/go-1.23-iterator
2025-07-10	2893d51f7c70		iterate/census1881	3329.7	Merge pull request #475 from amikai/go-1.23-iterator
2025-07-10	2893d51f7c70		iterate_many/census1881	472.6	Merge pull request #475 from amikai/go-1.23-iterator
2025-07-10	2893d51f7c70		to_array/census1881	883.8	Merge pull request #475 from amikai/go-1.23-iterator
2025-07-10	2893d51f7c70		deserialize/census1881	376.3	Merge pull request #475 from amikai/go-1.23-iterator
2025-07-10	2893d51f7c70		or_successive/census-income	2308.5	Merge pull request #475 from amikai/go-1.23-iterator
2025-07-10	2893d51f7c70		and_successive/census-income	1923.2	Merge pull request #475 from amikai/go-1.23-iterator
2025-07-10	2893d51f7c70		and_cardinality/census-income	1480.1	Merge pull request #475 from amikai/go-1.23-iterator
2025-07-10	2893d51f7c70		fast_or/census-income	1012.4	Merge pull request #475 from amikai/go-1.23-iterator
2025-07-10	2893d51f7c70		contains/census-income	17795.7	Merge pull request #475 from amikai/go-1.23-iterator
2025-07-10	2893d51f7c70		iterate/census-income	33381.2	Merge pull request #475 from amikai/go-1.23-iterator
2025-07-10	2893d51f7c70		iterate_many/census-income	7995.7	Merge pull request #475 from amikai/go-1.23-iterator
2025-07-10	2893d51f7c70		to_array/census-income	7403.9	Merge pull request #475 from amikai/go-1.23-iterator
2025-07-10	2893d51f7c70		deserialize/census-income	419.6	Merge pull request #475 from amikai/go-1.23-iterator
2025-07-10	2893d51f7c70		or_successive/weather_sept_85	8405.6	Merge pull request #475 from amikai/go-1.23-iterator
2025-07-10	2893d51f7c70		and_successive/weather_sept_85	7695.9	Merge pull request #475 from amikai/go-1.23-iterator
2025-07-10	2893d51f7c70		and_cardinality/weather_sept_85	6729.9	Merge pull request #475 from amikai/go-1.23-iterator
2025-07-10	2893d51f7c70		fast_or/weather_sept_85	2006.0	Merge pull request #475 from amikai/go-1.23-iterator
2025-07-10	2893d51f7c70		contains/weather_sept_85	21291.6	Merge pull request #475 from amikai/go-1.23-iterator
2025-07-10	2893d51f7c70		iterate/weather_sept_85	64531.7	Merge pull request #475 from amikai/go-1.23-iterator
2025-07-10	2893d51f7c70		iterate_many/weather_sept_85	16360.6	Merge pull request #475 from amikai/go-1.23-iterator
2025-07-10	2893d51f7c70		to_array/weather_sept_85	17063.3	Merge pull request #475 from amikai/go-1.23-iterator
2025-07-10	2893d51f7c70		deserialize/weather_sept_85	1399.1	Merge pull request #475 from amikai/go-1.23-iterator
2025-07-10	3ef13b7a28f3	v2.7.0	or_successive/census1881	3072.0	Merge pull request #465 from starius/fix-timestamp-test
2025-07-10	3ef13b7a28f3	v2.7.0	and_successive/census1881	37.9	Merge pull request #465 from starius/fix-timestamp-test
2025-07-10	3ef13b7a28f3	v2.7.0	and_cardinality/census1881	28.4	Merge pull request #465 from starius/fix-timestamp-test
2025-07-10	3ef13b7a28f3	v2.7.0	fast_or/census1881	5194.6	Merge pull request #465 from starius/fix-timestamp-test
2025-07-10	3ef13b7a28f3	v2.7.0	contains/census1881	6421.6	Merge pull request #465 from starius/fix-timestamp-test
2025-07-10	3ef13b7a28f3	v2.7.0	iterate/census1881	3384.4	Merge pull request #465 from starius/fix-timestamp-test
2025-07-10	3ef13b7a28f3	v2.7.0	iterate_many/census1881	491.4	Merge pull request #465 from starius/fix-timestamp-test
2025-07-10	3ef13b7a28f3	v2.7.0	to_array/census1881	901.5	Merge pull request #465 from starius/fix-timestamp-test
2025-07-10	3ef13b7a28f3	v2.7.0	deserialize/census1881	401.6	Merge pull request #465 from starius/fix-timestamp-test
2025-07-10	3ef13b7a28f3	v2.7.0	or_successive/census-income	2255.3	Merge pull request #465 from starius/fix-timestamp-test
2025-07-10	3ef13b7a28f3	v2.7.0	and_successive/census-income	1903.6	Merge pull request #465 from starius/fix-timestamp-test
2025-07-10	3ef13b7a28f3	v2.7.0	and_cardinality/census-income	1468.0	Merge pull request #465 from starius/fix-timestamp-test
2025-07-10	3ef13b7a28f3	v2.7.0	fast_or/census-income	1042.1	Merge pull request #465 from starius/fix-timestamp-test
2025-07-10	3ef13b7a28f3	v2.7.0	contains/census-income	17909.7	Merge pull request #465 from starius/fix-timestamp-test
2025-07-10	3ef13b7a28f3	v2.7.0	iterate/census-income	33895.2	Merge pull request #465 from starius/fix-timestamp-test
2025-07-10	3ef13b7a28f3	v2.7.0	iterate_many/census-income	7977.7	Merge pull request #465 from starius/fix-timestamp-test
2025-07-10	3ef13b7a28f3	v2.7.0	to_array/census-income	7486.2	Merge pull request #465 from starius/fix-timestamp-test
2025-07-10	3ef13b7a28f3	v2.7.0	deserialize/census-income	381.5	Merge pull request #465 from starius/fix-timestamp-test
2025-07-10	3ef13b7a28f3	v2.7.0	or_successive/weather_sept_85	8524.2	Merge pull request #465 from starius/fix-timestamp-test
2025-07-10	3ef13b7a28f3	v2.7.0	and_successive/weather_sept_85	7523.9	Merge pull request #465 from starius/fix-timestamp-test
2025-07-10	3ef13b7a28f3	v2.7.0	and_cardinality/weather_sept_85	6738.5	Merge pull request #465 from starius/fix-timestamp-test
2025-07-10	3ef13b7a28f3	v2.7.0	fast_or/weather_sept_85	1981.4	Merge pull request #465 from starius/fix-timestamp-test
2025-07-10	3ef13b7a28f3	v2.7.0	contains/weather_sept_85	21315.5	Merge pull request #465 from starius/fix-timestamp-test
2025-07-10	3ef13b7a28f3	v2.7.0	iterate/weather_sept_85	64230.1	Merge pull request #465 from starius/fix-timestamp-test
2025-07-10	3ef13b7a28f3	v2.7.0	iterate_many/weather_sept_85	16409.2	Merge pull request #465 from starius/fix-timestamp-test
2025-07-10	3ef13b7a28f3	v2.7.0	to_array/weather_sept_85	15735.7	Merge pull request #465 from starius/fix-timestamp-test
2025-07-10	3ef13b7a28f3	v2.7.0	deserialize/weather_sept_85	1258.3	Merge pull request #465 from starius/fix-timestamp-test
2025-07-14	6d5d9b0dfaab	v2.8.0	or_successive/census1881	3054.4	Merge pull request #478 from happygiraffe/master
2025-07-14	6d5d9b0dfaab	v2.8.0	and_successive/census1881	43.7	Merge pull request #478 from happygiraffe/master
2025-07-14	6d5d9b0dfaab	v2.8.0	and_cardinality/census1881	33.6	Merge pull request #478 from happygiraffe/master
2025-07-14	6d5d9b0dfaab	v2.8.0	fast_or/census1881	5038.3	Merge pull request #478 from happygiraffe/master
2025-07-14	6d5d9b0dfaab	v2.8.0	contains/census1881	6495.0	Merge pull request #478 from happygiraffe/master
2025-07-14	6d5d9b0dfaab	v2.8.0	iterate/census1881	3332.2	Merge pull request #478 from happygiraffe/master
2025-07-14	6d5d9b0dfaab	v2.8.0	iterate_many/census1881	471.4	Merge pull request #478 from happygiraffe/master
2025-07-14	6d5d9b0dfaab	v2.8.0	to_array/census1881	882.6	Merge pull request #478 from happygiraffe/master
2025-07-14	6d5d9b0dfaab	v2.8.0	deserialize/census1881	314.5	Merge pull request #478 from happygiraffe/master
2025-07-14	6d5d9b0dfaab	v2.8.0	or_successive/census-income	2242.3	Merge pull request #478 from happygiraffe/master
2025-07-14	6d5d9b0dfaab	v2.8.0	and_successive/census-income	1927.0	Merge pull request #478 from happygiraffe/master
2025-07-14	6d5d9b0dfaab	v2.8.0	and_cardinality/census-income	1489.4	Merge pull request #478 from happygiraffe/master
2025-07-14	6d5d9b0dfaab	v2.8.0	fast_or/census-income	991.1	Merge pull request #478 from happygiraffe/master
2025-07-14	6d5d9b0dfaab	v2.8.0	contains/census-income	17857.5	Merge pull request #478 from happygiraffe/master
2025-07-14	6d5d9b0dfaab	v2.8.0	iterate/census-income	33739.7	Merge pull request #478 from happygiraffe/master
2025-07-14	6d5d9b0dfaab	v2.8.0	iterate_many/census-income	7997.8	Merge pull request #478 from happygiraffe/master
2025-07-14	6d5d9b0dfaab	v2.8.0	to_array/census-income	7454.5	Merge pull request #478 from happygiraffe/master
2025-07-14	6d5d9b0dfaab	v2.8.0	deserialize/census-income	374.7	Merge pull request #478 from happygiraffe/master
2025-07-14	6d5d9b0dfaab	v2.8.0	or_successive/weather_sept_85	8347.7	Merge pull request #478 from happygiraffe/master
2025-07-14	6d5d9b0dfaab	v2.8.0	and_successive/weather_sept_85	7515.5	Merge pull request #478 from happygiraffe/master
2025-07-14	6d5d9b0dfaab	v2.8.0	and_cardinality/weather_sept_85	6725.7	Merge pull request #478 from happygiraffe/master
2025-07-14	6d5d9b0dfaab	v2.8.0	fast_or/weather_sept_85	2001.4	Merge pull request #478 from happygiraffe/master
2025-07-14	6d5d9b0dfaab	v2.8.0	contains/weather_sept_85	21398.1	Merge pull request #478 from happygiraffe/master
2025-07-14	6d5d9b0dfaab	v2.8.0	iterate/weather_sept_85	64663.8	Merge pull request #478 from happygiraffe/master
2025-07-14	6d5d9b0dfaab	v2.8.0	iterate_many/weather_sept_85	16387.8	Merge pull request #478 from happygiraffe/master
2025-07-14	6d5d9b0dfaab	v2.8.0	to_array/weather_sept_85	18143.9	Merge pull request #478 from happygiraffe/master
2025-07-14	6d5d9b0dfaab	v2.8.0	deserialize/weather_sept_85	1255.2	Merge pull request #478 from happygiraffe/master
2025-07-23	4fe1f0ad92e4		or_successive/census1881	3078.8	Merge pull request #479 from amikai/doc-iterator
2025-07-23	4fe1f0ad92e4		and_successive/census1881	49.1	Merge pull request #479 from amikai/doc-iterator
2025-07-23	4fe1f0ad92e4		and_cardinality/census1881	28.6	Merge pull request #479 from amikai/doc-iterator
2025-07-23	4fe1f0ad92e4		fast_or/census1881	5072.2	Merge pull request #479 from amikai/doc-iterator
2025-07-23	4fe1f0ad92e4		contains/census1881	6432.6	Merge pull request #479 from amikai/doc-iterator
2025-07-23	4fe1f0ad92e4		iterate/census1881	3328.8	Merge pull request #479 from amikai/doc-iterator
2025-07-23	4fe1f0ad92e4		iterate_many/census1881	470.8	Merge pull request #479 from amikai/doc-iterator
2025-07-23	4fe1f0ad92e4		to_array/census1881	873.5	Merge pull request #479 from amikai/doc-iterator
2025-07-23	4fe1f0ad92e4		deserialize/census1881	403.1	Merge pull request #479 from amikai/doc-iterator
2025-07-23	4fe1f0ad92e4		or_successive/census-income	2328.4	Merge pull request #479 from amikai/doc-iterator
2025-07-23	4fe1f0ad92e4		and_successive/census-income	1908.5	Merge pull request #479 from amikai/doc-iterator
2025-07-23	4fe1f0ad92e4		and_cardinality/census-income	1478.9	Merge pull request #479 from amikai/doc-iterator
2025-07-23	4fe1f0ad92e4		fast_or/census-income	1034.8	Merge pull request #479 from amikai/doc-iterator
2025-07-23	4fe1f0ad92e4		contains/census-income	17774.4	Merge pull request #479 from amikai/doc-iterator
2025-07-23	4fe1f0ad92e4		iterate/census-income	33904.4	Merge pull request #479 from amikai/doc-iterator
2025-07-23	4fe1f0ad92e4		iterate_many/census-income	8018.4	Merge pull request #479 from amikai/doc-iterator
2025-07-23	4fe1f0ad92e4		to_array/census-income	7830.8	Merge pull request #479 from amikai/doc-iterator
2025-07-23	4fe1f0ad92e4		deserialize/census-income	414.5	Merge pull request #479 from amikai/doc-iterator
2025-07-23	4fe1f0ad92e4		or_successive/weather_sept_85	8652.6	Merge pull request #479 from amikai/doc-iterator
2025-07-23	4fe1f0ad92e4		and_successive/weather_sept_85	7576.7	Merge pull request #479 from amikai/doc-iterator
2025-07-23	4fe1f0ad92e4		and_cardinality/weather_sept_85	6750.0	Merge pull request #479 from amikai/doc-iterator
2025-07-23	4fe1f0ad92e4		fast_or/weather_sept_85	1986.2	Merge pull request #479 from amikai/doc-iterator
2025-07-23	4fe1f0ad92e4		contains/weather_sept_85	21359.2	Merge pull request #479 from amikai/doc-iterator
2025-07-23	4fe1f0ad92e4		iterate/weather_sept_85	64344.7	Merge pull request #479 from amikai/doc-iterator
2025-07-23	4fe1f0ad92e4		iterate_many/weather_sept_85	16411.2	Merge pull request #479 from amikai/doc-iterator
2025-07-23	4fe1f0ad92e4		to_array/weather_sept_85	15532.9	Merge pull request #479 from amikai/doc-iterator
2025-07-23	4fe1f0ad92e4		deserialize/weather_sept_85	1272.5	Merge pull request #479 from amikai/doc-iterator
2025-08-07	51c006d348f5	v2.9.0	or_successive/census1881	3105.8	Merge pull request #480 from customerio/clear_bits
2025-08-07	51c006d348f5	v2.9.0	and_successive/census1881	45.9	Merge pull request #480 from customerio/clear_bits
2025-08-07	51c006d348f5	v2.9.0	and_cardinality/census1881	26.0	Merge pull request #480 from customerio/clear_bits
2025-08-07	51c006d348f5	v2.9.0	fast_or/census1881	5057.5	Merge pull request #480 from customerio/clear_bits
2025-08-07	51c006d348f5	v2.9.0	contains/census1881	6451.2	Merge pull request #480 from customerio/clear_bits
2025-08-07	51c006d348f5	v2.9.0	iterate/census1881	3410.9	Merge pull request #480 from customerio/clear_bits
2025-08-07	51c006d348f5	v2.9.0	iterate_many/census1881	490.7	Merge pull request #480 from customerio/clear_bits
2025-08-07	51c006d348f5	v2.9.0	to_array/census1881	833.9	Merge pull request #480 from customerio/clear_bits
2025-08-07	51c006d348f5	v2.9.0	deserialize/census1881	398.4	Merge pull request #480 from customerio/clear_bits
2025-08-07	51c006d348f5	v2.9.0	or_successive/census-income	2227.6	Merge pull request #480 from customerio/clear_bits
2025-08-07	51c006d348f5	v2.9.0	and_successive/census-income	1901.4	Merge pull request #480 from customerio/clear_bits
2025-08-07	51c006d348f5	v2.9.0	and_cardinality/census-income	1477.1	Merge pull request #480 from customerio/clear_bits
2025-08-07	51c006d348f5	v2.9.0	fast_or/census-income	1030.7	Merge pull request #480 from customerio/clear_bits
2025-08-07	51c006d348f5	v2.9.0	contains/census-income	17830.9	Merge pull request #480 from customerio/clear_bits
2025-08-07	51c006d348f5	v2.9.0	iterate/census-income	33554.6	Merge pull request #480 from customerio/clear_bits
2025-08-07	51c006d348f5	v2.9.0	iterate_many/census-income	7987.5	Merge pull request #480 from customerio/clear_bits
2025-08-07	51c006d348f5	v2.9.0	to_array/census-income	7529.3	Merge pull request #480 from customerio/clear_bits
2025-08-07	51c006d348f5	v2.9.0	deserialize/census-income	415.5	Merge pull request #480 from customerio/clear_bits
2025-08-07	51c006d348f5	v2.9.0	or_successive/weather_sept_85	8608.7	Merge pull request #480 from customerio/clear_bits
2025-08-07	51c006d348f5	v2.9.0	and_successive/weather_sept_85	7546.7	Merge pull request #480 from customerio/clear_bits
2025-08-07	51c006d348f5	v2.9.0	and_cardinality/weather_sept_85	6741.5	Merge pull request #480 from customerio/clear_bits
2025-08-07	51c006d348f5	v2.9.0	fast_or/weather_sept_85	2011.7	Merge pull request #480 from customerio/clear_bits
2025-08-07	51c006d348f5	v2.9.0	contains/weather_sept_85	21378.7	Merge pull request #480 from customerio/clear_bits
2025-08-07	51c006d348f5	v2.9.0	iterate/weather_sept_85	64711.9	Merge pull request #480 from customerio/clear_bits
2025-08-07	51c006d348f5	v2.9.0	iterate_many/weather_sept_85	16386.4	Merge pull request #480 from customerio/clear_bits
2025-08-07	51c006d348f5	v2.9.0	to_array/weather_sept_85	15994.4	Merge pull request #480 from customerio/clear_bits
2025-08-07	51c006d348f5	v2.9.0	deserialize/weather_sept_85	1254.0	Merge pull request #480 from customerio/clear_bits
2025-08-18	294b39e07865		or_successive/census1881	3060.1	Update README.md
2025-08-18	294b39e07865		and_successive/census1881	42.0	Update README.md
2025-08-18	294b39e07865		and_cardinality/census1881	31.5	Update README.md
2025-08-18	294b39e07865		fast_or/census1881	5076.0	Update README.md
2025-08-18	294b39e07865		contains/census1881	6405.9	Update README.md
2025-08-18	294b39e07865		iterate/census1881	3424.6	Update README.md
2025-08-18	294b39e07865		iterate_many/census1881	470.9	Update README.md
2025-08-18	294b39e07865		to_array/census1881	894.7	Update README.md
2025-08-18	294b39e07865		deserialize/census1881	343.5	Update README.md
2025-08-18	294b39e07865		or_successive/census-income	2245.5	Update README.md
2025-08-18	294b39e07865		and_successive/census-income	1913.6	Update README.md
2025-08-18	294b39e07865		and_cardinality/census-income	1475.9	Update README.md
2025-08-18	294b39e07865		fast_or/census-income	1054.5	Update README.md
2025-08-18	294b39e07865		contains/census-income	17782.8	Update README.md
2025-08-18	294b39e07865		iterate/census-income	33471.7	Update README.md
2025-08-18	294b39e07865		iterate_many/census-income	8008.9	Update README.md
2025-08-18	294b39e07865		to_array/census-income	7394.4	Update README.md
2025-08-18	294b39e07865		deserialize/census-income	411.8	Update README.md
2025-08-18	294b39e07865		or_successive/weather_sept_85	8509.4	Update README.md
2025-08-18	294b39e07865		and_successive/weather_sept_85	7525.2	Update README.md
2025-08-18	294b39e07865		and_cardinality/weather_sept_85	6748.5	Update README.md
2025-08-18	294b39e07865		fast_or/weather_sept_85	2013.7	Update README.md
2025-08-18	294b39e07865		contains/weather_sept_85	21315.2	Update README.md
2025-08-18	294b39e07865		iterate/weather_sept_85	64163.4	Update README.md
2025-08-18	294b39e07865		iterate_many/weather_sept_85	16483.9	Update README.md
2025-08-18	294b39e07865		to_array/weather_sept_85	16285.7	Update README.md
2025-08-18	294b39e07865		deserialize/weather_sept_85	1297.7	Update README.md
2025-08-19	9239847485c6		or_successive/census1881	3075.7	Update README.md
2025-08-19	9239847485c6		and_successive/census1881	44.7	Update README.md
2025-08-19	9239847485c6		and_cardinality/census1881	29.0	Update README.md
2025-08-19	9239847485c6		fast_or/census1881	5086.1	Update README.md
2025-08-19	9239847485c6		contains/census1881	6448.9	Update README.md
2025-08-19	9239847485c6		iterate/census1881	3390.4	Update README.md
2025-08-19	9239847485c6		iterate_many/census1881	474.6	Update README.md
2025-08-19	9239847485c6		to_array/census1881	861.6	Update README.md
2025-08-19	9239847485c6		deserialize/census1881	316.5	Update README.md
2025-08-19	9239847485c6		or_successive/census-income	2253.5	Update README.md
2025-08-19	9239847485c6		and_successive/census-income	1903.8	Update README.md
2025-08-19	9239847485c6		and_cardinality/census-income	1476.8	Update README.md
2025-08-19	9239847485c6		fast_or/census-income	1040.5	Update README.md
2025-08-19	9239847485c6		contains/census-income	17847.8	Update README.md
2025-08-19	9239847485c6		iterate/census-income	33624.7	Update README.md
2025-08-19	9239847485c6		iterate_many/census-income	7993.8	Update README.md
2025-08-19	9239847485c6		to_array/census-income	7393.2	Update README.md
2025-08-19	9239847485c6		deserialize/census-income	420.7	Update README.md
2025-08-19	9239847485c6		or_successive/weather_sept_85	9112.2	Update README.md
2025-08-19	9239847485c6		and_successive/weather_sept_85	7508.7	Update README.md
2025-08-19	9239847485c6		and_cardinality/weather_sept_85	6754.0	Update README.md
2025-08-19	9239847485c6		fast_or/weather_sept_85	1991.4	Update README.md
2025-08-19	9239847485c6		contains/weather_sept_85	21314.5	Update README.md
2025-08-19	9239847485c6		iterate/weather_sept_85	64130.9	Update README.md
2025-08-19	9239847485c6		iterate_many/weather_sept_85	16440.5	Update README.md
2025-08-19	9239847485c6		to_array/weather_sept_85	16433.2	Update README.md
2025-08-19	9239847485c6		deserialize/weather_sept_85	1362.0	Update README.md
2025-08-25	49caae55f855	v2.10.0	or_successive/census1881	3123.0	Merge pull request #481 from customerio/bit_slice_bulk
2025-08-25	49caae55f855	v2.10.0	and_successive/census1881	40.9	Merge pull request #481 from customerio/bit_slice_bulk
2025-08-25	49caae55f855	v2.10.0	and_cardinality/census1881	26.7	Merge pull request #481 from customerio/bit_slice_bulk
2025-08-25	49caae55f855	v2.10.0	fast_or/census1881	5082.9	Merge pull request #481 from customerio/bit_slice_bulk
2025-08-25	49caae55f855	v2.10.0	contains/census1881	6431.3	Merge pull request #481 from customerio/bit_slice_bulk
2025-08-25	49caae55f855	v2.10.0	iterate/census1881	3361.0	Merge pull request #481 from customerio/bit_slice_bulk
2025-08-25	49caae55f855	v2.10.0	iterate_many/census1881	473.6	Merge pull request #481 from customerio/bit_slice_bulk
2025-08-25	49caae55f855	v2.10.0	to_array/census1881	843.2	Merge pull request #481 from customerio/bit_slice_bulk
2025-08-25	49caae55f855	v2.10.0	deserialize/census1881	354.7	Merge pull request #481 from customerio/bit_slice_bulk
2025-08-25	49caae55f855	v2.10.0	or_successive/census-income	2256.3	Merge pull request #481 from customerio/bit_slice_bulk
2025-08-25	49caae55f855	v2.10.0	and_successive/census-income	1942.2	Merge pull request #481 from customerio/bit_slice_bulk
2025-08-25	49caae55f855	v2.10.0	and_cardinality/census-income	1491.0	Merge pull request #481 from customerio/bit_slice_bulk
2025-08-25	49caae55f855	v2.10.0	fast_or/census-income	990.5	Merge pull request #481 from customerio/bit_slice_bulk
2025-08-25	49caae55f855	v2.10.0	contains/census-income	17814.8	Merge pull request #481 from customerio/bit_slice_bulk
2025-08-25	49caae55f855	v2.10.0	iterate/census-income	33686.3	Merge pull request #481 from customerio/bit_slice_bulk
2025-08-25	49caae55f855	v2.10.0	iterate_many/census-income	7990.1	Merge pull request #481 from customerio/bit_slice_bulk
2025-08-25	49caae55f855	v2.10.0	to_array/census-income	7378.2	Merge pull request #481 from customerio/bit_slice_bulk
2025-08-25	49caae55f855	v2.10.0	deserialize/census-income	343.7	Merge pull request #481 from customerio/bit_slice_bulk
2025-08-25	49caae55f855	v2.10.0	or_successive/weather_sept_85	8639.2	Merge pull request #481 from customerio/bit_slice_bulk
2025-08-25	49caae55f855	v2.10.0	and_successive/weather_sept_85	7594.1	Merge pull request #481 from customerio/bit_slice_bulk
2025-08-25	49caae55f855	v2.10.0	and_cardinality/weather_sept_85	6718.6	Merge pull request #481 from customerio/bit_slice_bulk
2025-08-25	49caae55f855	v2.10.0	fast_or/weather_sept_85	1988.2	Merge pull request #481 from customerio/bit_slice_bulk
2025-08-25	49caae55f855	v2.10.0	contains/weather_sept_85	21400.8	Merge pull request #481 from customerio/bit_slice_bulk
2025-08-25	49caae55f855	v2.10.0	iterate/weather_sept_85	64157.6	Merge pull request #481 from customerio/bit_slice_bulk
2025-08-25	49caae55f855	v2.10.0	iterate_many/weather_sept_85	16429.2	Merge pull request #481 from customerio/bit_slice_bulk
2025-08-25	49caae55f855	v2.10.0	to_array/weather_sept_85	17232.7	Merge pull request #481 from customerio/bit_slice_bulk
2025-08-25	49caae55f855	v2.10.0	deserialize/weather_sept_85	1209.8	Merge pull request #481 from customerio/bit_slice_bulk
2025-10-10	0533b392b88f		or_successive/census1881	3030.0	Add stars section with star history chart
2025-10-10	0533b392b88f		and_successive/census1881	41.2	Add stars section with star history chart
2025-10-10	0533b392b88f		and_cardinality/census1881	30.1	Add stars section with star history chart
2025-10-10	0533b392b88f		fast_or/census1881	5052.2	Add stars section with star history chart
2025-10-10	0533b392b88f		contains/census1881	6461.6	Add stars section with star history chart
2025-10-10	0533b392b88f		iterate/census1881	3307.9	Add stars section with star history chart
2025-10-10	0533b392b88f		iterate_many/census1881	479.3	Add stars section with star history chart
2025-10-10	0533b392b88f		to_array/census1881	861.5	Add stars section with star history chart
2025-10-10	0533b392b88f		deserialize/census1881	310.1	Add stars section with star history chart
2025-10-10	0533b392b88f		or_successive/census-income	2248.2	Add stars section with star history chart
2025-10-10	0533b392b88f		and_successive/census-income	1926.5	Add stars section with star history chart
2025-10-10	0533b392b88f		and_cardinality/census-income	1485.9	Add stars section with star history chart
2025-10-10	0533b392b88f		fast_or/census-income	1016.9	Add stars section with star history chart
2025-10-10	0533b392b88f		contains/census-income	17867.8	Add stars section with star history chart
2025-10-10	0533b392b88f		iterate/census-income	34230.4	Add stars section with star history chart
2025-10-10	0533b392b88f		iterate_many/census-income	7986.5	Add stars section with star history chart
2025-10-10	0533b392b88f		to_array/census-income	7471.0	Add stars section with star history chart
2025-10-10	0533b392b88f		deserialize/census-income	403.0	Add stars section with star history chart
2025-10-10	0533b392b88f		or_successive/weather_sept_85	9039.8	Add stars section with star history chart
2025-10-10	0533b392b88f		and_successive/weather_sept_85	7496.1	Add stars section with star history chart
2025-10-10	0533b392b88f		and_cardinality/weather_sept_85	6710.5	Add stars section with star history chart
2025-10-10	0533b392b88f		fast_or/weather_sept_85	2006.4	Add stars section with star history chart
2025-10-10	0533b392b88f		contains/weather_sept_85	21303.7	Add stars section with star history chart
2025-10-10	0533b392b88f		iterate/weather_sept_85	64171.6	Add stars section with star history chart
2025-10-10	0533b392b88f		iterate_many/weather_sept_85	16367.6	Add stars section with star history chart
2025-10-10	0533b392b88f		to_array/weather_sept_85	16796.2	Add stars section with star history chart
2025-10-10	0533b392b88f		deserialize/weather_sept_85	1300.2	Add stars section with star history chart
2025-10-17	b25cb8bb17d7	v2.11.0	or_successive/census1881	3159.6	Merge pull request #485 from RoaringBitmap/various_and_issues
2025-10-17	b25cb8bb17d7	v2.11.0	and_successive/census1881	44.7	Merge pull request #485 from RoaringBitmap/various_and_issues
2025-10-17	b25cb8bb17d7	v2.11.0	and_cardinality/census1881	28.4	Merge pull request #485 from RoaringBitmap/various_and_issues
2025-10-17	b25cb8bb17d7	v2.11.0	fast_or/census1881	5130.6	Merge pull request #485 from RoaringBitmap/various_and_issues
2025-10-17	b25cb8bb17d7	v2.11.0	contains/census1881	6119.5	Merge pull request #485 from RoaringBitmap/various_and_issues
2025-10-17	b25cb8bb17d7	v2.11.0	iterate/census1881	3549.5	Merge pull request #485 from RoaringBitmap/various_and_issues
2025-10-17	b25cb8bb17d7	v2.11.0	iterate_many/census1881	601.5	Merge pull request #485 from RoaringBitmap/various_and_issues
2025-10-17	b25cb8bb17d7	v2.11.0	to_array/census1881	806.0	Merge pull request #485 from RoaringBitmap/various_and_issues
2025-10-17	b25cb8bb17d7	v2.11.0	deserialize/census1881	412.4	Merge pull request #485 from RoaringBitmap/various_and_issues
2025-10-17	b25cb8bb17d7	v2.11.0	or_successive/census-income	2311.4	Merge pull request #485 from RoaringBitmap/various_and_issues
2025-10-17	b25cb8bb17d7	v2.11.0	and_successive/census-income	1904.6	Merge pull request #485 from RoaringBitmap/various_and_issues
2025-10-17	b25cb8bb17d7	v2.11.0	and_cardinality/census-income	1453.6	Merge pull request #485 from RoaringBitmap/various_and_issues
2025-10-17	b25cb8bb17d7	v2.11.0	fast_or/census-income	1023.8	Merge pull request #485 from RoaringBitmap/various_and_issues
2025-10-17	b25cb8bb17d7	v2.11.0	contains/census-income	15956.3	Merge pull request #485 from RoaringBitmap/various_and_issues
2025-10-17	b25cb8bb17d7	v2.11.0	iterate/census-income	33593.8	Merge pull request #485 from RoaringBitmap/various_and_issues
2025-10-17	b25cb8bb17d7	v2.11.0	iterate_many/census-income	7944.7	Merge pull request #485 from RoaringBitmap/various_and_issues
2025-10-17	b25cb8bb17d7	v2.11.0	to_array/census-income	7367.6	Merge pull request #485 from RoaringBitmap/various_and_issues
2025-10-17	b25cb8bb17d7	v2.11.0	deserialize/census-income	347.9	Merge pull request #485 from RoaringBitmap/various_and_issues
2025-10-17	b25cb8bb17d7	v2.11.0	or_successive/weather_sept_85	8446.4	Merge pull request #485 from RoaringBitmap/various_and_issues
2025-10-17	b25cb8bb17d7	v2.11.0	and_successive/weather_sept_85	7491.4	Merge pull request #485 from RoaringBitmap/various_and_issues
2025-10-17	b25cb8bb17d7	v2.11.0	and_cardinality/weather_sept_85	6596.4	Merge pull request #485 from RoaringBitmap/various_and_issues
2025-10-17	b25cb8bb17d7	v2.11.0	fast_or/weather_sept_85	2000.2	Merge pull request #485 from RoaringBitmap/various_and_issues
2025-10-17	b25cb8bb17d7	v2.11.0	contains/weather_sept_85	19367.0	Merge pull request #485 from RoaringBitmap/various_and_issues
2025-10-17	b25cb8bb17d7	v2.11.0	iterate/weather_sept_85	63199.2	Merge pull request #485 from RoaringBitmap/various_and_issues
2025-10-17	b25cb8bb17d7	v2.11.0	iterate_many/weather_sept_85	16676.5	Merge pull request #485 from RoaringBitmap/various_and_issues
2025-10-17	b25cb8bb17d7	v2.11.0	to_array/weather_sept_85	16613.5	Merge pull request #485 from RoaringBitmap/various_and_issues
2025-10-17	b25cb8bb17d7	v2.11.0	deserialize/weather_sept_85	1286.7	Merge pull request #485 from RoaringBitmap/various_and_issues
2025-10-21	311bb0ec1c12	v2.12.0	or_successive/census1881	3087.1	Merge pull request #487 from RoaringBitmap/fixing_issue_486
2025-10-21	311bb0ec1c12	v2.12.0	and_successive/census1881	45.7	Merge pull request #487 from RoaringBitmap/fixing_issue_486
2025-10-21	311bb0ec1c12	v2.12.0	and_cardinality/census1881	27.8	Merge pull request #487 from RoaringBitmap/fixing_issue_486
2025-10-21	311bb0ec1c12	v2.12.0	fast_or/census1881	5074.1	Merge pull request #487 from RoaringBitmap/fixing_issue_486
2025-10-21	311bb0ec1c12	v2.12.0	contains/census1881	6279.6	Merge pull request #487 from RoaringBitmap/fixing_issue_486
2025-10-21	311bb0ec1c12	v2.12.0	iterate/census1881	3330.0	Merge pull request #487 from RoaringBitmap/fixing_issue_486
2025-10-21	311bb0ec1c12	v2.12.0	iterate_many/census1881	600.4	Merge pull request #487 from RoaringBitmap/fixing_issue_486
2025-10-21	311bb0ec1c12	v2.12.0	to_array/census1881	862.8	Merge pull request #487 from RoaringBitmap/fixing_issue_486
2025-10-21	311bb0ec1c12	v2.12.0	deserialize/census1881	340.8	Merge pull request #487 from RoaringBitmap/fixing_issue_486
2025-10-21	311bb0ec1c12	v2.12.0	or_successive/census-income	2233.4	Merge pull request #487 from RoaringBitmap/fixing_issue_486
2025-10-21	311bb0ec1c12	v2.12.0	and_successive/census-income	2176.8	Merge pull request #487 from RoaringBitmap/fixing_issue_486
2025-10-21	311bb0ec1c12	v2.12.0	and_cardinality/census-income	1482.8	Merge pull request #487 from RoaringBitmap/fixing_issue_486
2025-10-21	311bb0ec1c12	v2.12.0	fast_or/census-income	1029.1	Merge pull request #487 from RoaringBitmap/fixing_issue_486
2025-10-21	311bb0ec1c12	v2.12.0	contains/census-income	17807.7	Merge pull request #487 from RoaringBitmap/fixing_issue_486
2025-10-21	311bb0ec1c12	v2.12.0	iterate/census-income	32041.8	Merge pull request #487 from RoaringBitmap/fixing_issue_486
2025-10-21	311bb0ec1c12	v2.12.0	iterate_many/census-income	7946.5	Merge pull request #487 from RoaringBitmap/fixing_issue_486
2025-10-21	311bb0ec1c12	v2.12.0	to_array/census-income	7469.0	Merge pull request #487 from RoaringBitmap/fixing_issue_486
2025-10-21	311bb0ec1c12	v2.12.0	deserialize/census-income	392.8	Merge pull request #487 from RoaringBitmap/fixing_issue_486
2025-10-21	311bb0ec1c12	v2.12.0	or_successive/weather_sept_85	8719.9	Merge pull request #487 from RoaringBitmap/fixing_issue_486
2025-10-21	311bb0ec1c12	v2.12.0	and_successive/weather_sept_85	7634.4	Merge pull request #487 from RoaringBitmap/fixing_issue_486
2025-10-21	311bb0ec1c12	v2.12.0	and_cardinality/weather_sept_85	6677.8	Merge pull request #487 from RoaringBitmap/fixing_issue_486
2025-10-21	311bb0ec1c12	v2.12.0	fast_or/weather_sept_85	1980.1	Merge pull request #487 from RoaringBitmap/fixing_issue_486
2025-10-21	311bb0ec1c12	v2.12.0	contains/weather_sept_85	21220.8	Merge pull request #487 from RoaringBitmap/fixing_issue_486
2025-10-21	311bb0ec1c12	v2.12.0	iterate/weather_sept_85	60912.1	Merge pull request #487 from RoaringBitmap/fixing_issue_486
2025-10-21	311bb0ec1c12	v2.12.0	iterate_many/weather_sept_85	16683.7	Merge pull request #487 from RoaringBitmap/fixing_issue_486
2025-10-21	311bb0ec1c12	v2.12.0	to_array/weather_sept_85	16954.8	Merge pull request #487 from RoaringBitmap/fixing_issue_486
2025-10-21	311bb0ec1c12	v2.12.0	deserialize/weather_sept_85	1252.5	Merge pull request #487 from RoaringBitmap/fixing_issue_486
2025-10-22	fd435b72e003	v2.13.0	or_successive/census1881	3098.8	Merge pull request #489 from RoaringBitmap/better_fuzzing
2025-10-22	fd435b72e003	v2.13.0	and_successive/census1881	40.6	Merge pull request #489 from RoaringBitmap/better_fuzzing
2025-10-22	fd435b72e003	v2.13.0	and_cardinality/census1881	26.0	Merge pull request #489 from RoaringBitmap/better_fuzzing
2025-10-22	fd435b72e003	v2.13.0	fast_or/census1881	5034.9	Merge pull request #489 from RoaringBitmap/better_fuzzing
2025-10-22	fd435b72e003	v2.13.0	contains/census1881	6298.3	Merge pull request #489 from RoaringBitmap/better_fuzzing
2025-10-22	fd435b72e003	v2.13.0	iterate/census1881	3296.7	Merge pull request #489 from RoaringBitmap/better_fuzzing
2025-10-22	fd435b72e003	v2.13.0	iterate_many/census1881	603.3	Merge pull request #489 from RoaringBitmap/better_fuzzing
2025-10-22	fd435b72e003	v2.13.0	to_array/census1881	948.2	Merge pull request #489 from RoaringBitmap/better_fuzzing
2025-10-22	fd435b72e003	v2.13.0	deserialize/census1881	401.0	Merge pull request #489 from RoaringBitmap/better_fuzzing
2025-10-22	fd435b72e003	v2.13.0	or_successive/census-income	2215.7	Merge pull request #489 from RoaringBitmap/better_fuzzing
2025-10-22	fd435b72e003	v2.13.0	and_successive/census-income	2225.0	Merge pull request #489 from RoaringBitmap/better_fuzzing
2025-10-22	fd435b72e003	v2.13.0	and_cardinality/census-income	1479.5	Merge pull request #489 from RoaringBitmap/better_fuzzing
2025-10-22	fd435b72e003	v2.13.0	fast_or/census-income	1032.3	Merge pull request #489 from RoaringBitmap/better_fuzzing
2025-10-22	fd435b72e003	v2.13.0	contains/census-income	17872.7	Merge pull request #489 from RoaringBitmap/better_fuzzing
2025-10-22	fd435b72e003	v2.13.0	iterate/census-income	31910.6	Merge pull request #489 from RoaringBitmap/better_fuzzing
2025-10-22	fd435b72e003	v2.13.0	iterate_many/census-income	7987.9	Merge pull request #489 from RoaringBitmap/better_fuzzing
2025-10-22	fd435b72e003	v2.13.0	to_array/census-income	7519.4	Merge pull request #489 from RoaringBitmap/better_fuzzing
2025-10-22	fd435b72e003	v2.13.0	deserialize/census-income	418.1	Merge pull request #489 from RoaringBitmap/better_fuzzing
2025-10-22	fd435b72e003	v2.13.0	or_successive/weather_sept_85	8346.4	Merge pull request #489 from RoaringBitmap/better_fuzzing
2025-10-22	fd435b72e003	v2.13.0	and_successive/weather_sept_85	7655.0	Merge pull request #489 from RoaringBitmap/better_fuzzing
2025-10-22	fd435b72e003	v2.13.0	and_cardinality/weather_sept_85	6710.5	Merge pull request #489 from RoaringBitmap/better_fuzzing
2025-10-22	fd435b72e003	v2.13.0	fast_or/weather_sept_85	1952.1	Merge pull request #489 from RoaringBitmap/better_fuzzing
2025-10-22	fd435b72e003	v2.13.0	contains/weather_sept_85	21198.3	Merge pull request #489 from RoaringBitmap/better_fuzzing
2025-10-22	fd435b72e003	v2.13.0	iterate/weather_sept_85	61538.2	Merge pull request #489 from RoaringBitmap/better_fuzzing
2025-10-22	fd435b72e003	v2.13.0	iterate_many/weather_sept_85	16732.0	Merge pull request #489 from RoaringBitmap/better_fuzzing
2025-10-22	fd435b72e003	v2.13.0	to_array/weather_sept_85	18349.3	Merge pull request #489 from RoaringBitmap/better_fuzzing
2025-10-22	fd435b72e003	v2.13.0	deserialize/weather_sept_85	1250.5	Merge pull request #489 from RoaringBitmap/better_fuzzing
2025-10-22	e1115dbf60e4		or_successive/census1881	3095.8	Update README.md
2025-10-22	e1115dbf60e4		and_successive/census1881	41.8	Update README.md
2025-10-22	e1115dbf60e4		and_cardinality/census1881	32.8	Update README.md
2025-10-22	e1115dbf60e4		fast_or/census1881	5065.9	Update README.md
2025-10-22	e1115dbf60e4		contains/census1881	6325.9	Update README.md
2025-10-22	e1115dbf60e4		iterate/census1881	3307.1	Update README.md
2025-10-22	e1115dbf60e4		iterate_many/census1881	601.8	Update README.md
2025-10-22	e1115dbf60e4		to_array/census1881	932.7	Update README.md
2025-10-22	e1115dbf60e4		deserialize/census1881	374.1	Update README.md
2025-10-22	e1115dbf60e4		or_successive/census-income	2204.9	Update README.md
2025-10-22	e1115dbf60e4		and_successive/census-income	2242.3	Update README.md
2025-10-22	e1115dbf60e4		and_cardinality/census-income	1470.1	Update README.md
2025-10-22	e1115dbf60e4		fast_or/census-income	1012.5	Update README.md
2025-10-22	e1115dbf60e4		contains/census-income	17821.0	Update README.md
2025-10-22	e1115dbf60e4		iterate/census-income	32071.1	Update README.md
2025-10-22	e1115dbf60e4		iterate_many/census-income	8018.3	Update README.md
2025-10-22	e1115dbf60e4		to_array/census-income	7675.2	Update README.md
2025-10-22	e1115dbf60e4		deserialize/census-income	765.1	Update README.md
2025-10-22	e1115dbf60e4		or_successive/weather_sept_85	8608.3	Update README.md
2025-10-22	e1115dbf60e4		and_successive/weather_sept_85	7565.0	Update README.md
2025-10-22	e1115dbf60e4		and_cardinality/weather_sept_85	6713.1	Update README.md
2025-10-22	e1115dbf60e4		fast_or/weather_sept_85	1930.7	Update README.md
2025-10-22	e1115dbf60e4		contains/weather_sept_85	21176.1	Update README.md
2025-10-22	e1115dbf60e4		iterate/weather_sept_85	61626.8	Update README.md
2025-10-22	e1115dbf60e4		iterate_many/weather_sept_85	16541.2	Update README.md
2025-10-22	e1115dbf60e4		to_array/weather_sept_85	17042.2	Update README.md
2025-10-22	e1115dbf60e4		deserialize/weather_sept_85	1325.7	Update README.md
2025-10-26	64d53dfb72b8		or_successive/census1881	3126.5	Merge pull request #490 from RoaringBitmap/version_bumps
2025-10-26	64d53dfb72b8		and_successive/census1881	38.9	Merge pull request #490 from RoaringBitmap/version_bumps
2025-10-26	64d53dfb72b8		and_cardinality/census1881	31.0	Merge pull request #490 from RoaringBitmap/version_bumps
2025-10-26	64d53dfb72b8		fast_or/census1881	5085.0	Merge pull request #490 from RoaringBitmap/version_bumps
2025-10-26	64d53dfb72b8		contains/census1881	6298.6	Merge pull request #490 from RoaringBitmap/version_bumps
2025-10-26	64d53dfb72b8		iterate/census1881	3308.1	Merge pull request #490 from RoaringBitmap/version_bumps
2025-10-26	64d53dfb72b8		iterate_many/census1881	605.4	Merge pull request #490 from RoaringBitmap/version_bumps
2025-10-26	64d53dfb72b8		to_array/census1881	865.9	Merge pull request #490 from RoaringBitmap/version_bumps
2025-10-26	64d53dfb72b8		deserialize/census1881	377.1	Merge pull request #490 from RoaringBitmap/version_bumps
2025-10-26	64d53dfb72b8		or_successive/census-income	2261.5	Merge pull request #490 from RoaringBitmap/version_bumps
2025-10-26	64d53dfb72b8		and_successive/census-income	2187.4	Merge pull request #490 from RoaringBitmap/version_bumps
2025-10-26	64d53dfb72b8		and_cardinality/census-income	1472.1	Merge pull request #490 from RoaringBitmap/version_bumps
2025-10-26	64d53dfb72b8		fast_or/census-income	1022.1	Merge pull request #490 from RoaringBitmap/version_bumps
2025-10-26	64d53dfb72b8		contains/census-income	17880.6	Merge pull request #490 from RoaringBitmap/version_bumps
2025-10-26	64d53dfb72b8		iterate/census-income	32235.4	Merge pull request #490 from RoaringBitmap/version_bumps
2025-10-26	64d53dfb72b8		iterate_many/census-income	8033.6	Merge pull request #490 from RoaringBitmap/version_bumps
2025-10-26	64d53dfb72b8		to_array/census-income	7461.4	Merge pull request #490 from RoaringBitmap/version_bumps
2025-10-26	64d53dfb72b8		deserialize/census-income	385.6	Merge pull request #490 from RoaringBitmap/version_bumps
2025-10-26	64d53dfb72b8		or_successive/weather_sept_85	8371.6	Merge pull request #490 from RoaringBitmap/version_bumps
2025-10-26	64d53dfb72b8		and_successive/weather_sept_85	7530.5	Merge pull request #490 from RoaringBitmap/version_bumps
2025-10-26	64d53dfb72b8		and_cardinality/weather_sept_85	6663.6	Merge pull request #490 from RoaringBitmap/version_bumps
2025-10-26	64d53dfb72b8		fast_or/weather_sept_85	1925.6	Merge pull request #490 from RoaringBitmap/version_bumps
2025-10-26	64d53dfb72b8		contains/weather_sept_85	21195.2	Merge pull request #490 from RoaringBitmap/version_bumps
2025-10-26	64d53dfb72b8		iterate/weather_sept_85	62281.0	Merge pull request #490 from RoaringBitmap/version_bumps
2025-10-26	64d53dfb72b8		iterate_many/weather_sept_85	16667.1	Merge pull request #490 from RoaringBitmap/version_bumps
2025-10-26	64d53dfb72b8		to_array/weather_sept_85	15832.2	Merge pull request #490 from RoaringBitmap/version_bumps
2025-10-26	64d53dfb72b8		deserialize/weather_sept_85	1268.5	Merge pull request #490 from RoaringBitmap/version_bumps
2025-11-06	2e9b4b9583f4	v2.14.0	or_successive/census1881	3081.0	Merge pull request #492 from RoaringBitmap/issue22
2025-11-06	2e9b4b9583f4	v2.14.0	and_successive/census1881	48.3	Merge pull request #492 from RoaringBitmap/issue22
2025-11-06	2e9b4b9583f4	v2.14.0	and_cardinality/census1881	32.1	Merge pull request #492 from RoaringBitmap/issue22
2025-11-06	2e9b4b9583f4	v2.14.0	fast_or/census1881	5052.7	Merge pull request #492 from RoaringBitmap/issue22
2025-11-06	2e9b4b9583f4	v2.14.0	contains/census1881	6296.6	Merge pull request #492 from RoaringBitmap/issue22
2025-11-06	2e9b4b9583f4	v2.14.0	iterate/census1881	3303.8	Merge pull request #492 from RoaringBitmap/issue22
2025-11-06	2e9b4b9583f4	v2.14.0	iterate_many/census1881	600.8	Merge pull request #492 from RoaringBitmap/issue22
2025-11-06	2e9b4b9583f4	v2.14.0	to_array/census1881	922.1	Merge pull request #492 from RoaringBitmap/issue22
2025-11-06	2e9b4b9583f4	v2.14.0	deserialize/census1881	413.9	Merge pull request #492 from RoaringBitmap/issue22
2025-11-06	2e9b4b9583f4	v2.14.0	or_successive/census-income	2202.8	Merge pull request #492 from RoaringBitmap/issue22
2025-11-06	2e9b4b9583f4	v2.14.0	and_successive/census-income	2290.9	Merge pull request #492 from RoaringBitmap/issue22
2025-11-06	2e9b4b9583f4	v2.14.0	and_cardinality/census-income	1468.0	Merge pull request #492 from RoaringBitmap/issue22
2025-11-06	2e9b4b9583f4	v2.14.0	fast_or/census-income	1026.5	Merge pull request #492 from RoaringBitmap/issue22
2025-11-06	2e9b4b9583f4	v2.14.0	contains/census-income	17867.2	Merge pull request #492 from RoaringBitmap/issue22
2025-11-06	2e9b4b9583f4	v2.14.0	iterate/census-income	32109.7	Merge pull request #492 from RoaringBitmap/issue22
2025-11-06	2e9b4b9583f4	v2.14.0	iterate_many/census-income	7979.5	Merge pull request #492 from RoaringBitmap/issue22
2025-11-06	2e9b4b9583f4	v2.14.0	to_array/census-income	7650.0	Merge pull request #492 from RoaringBitmap/issue22
2025-11-06	2e9b4b9583f4	v2.14.0	deserialize/census-income	415.4	Merge pull request #492 from RoaringBitmap/issue22
2025-11-06	2e9b4b9583f4	v2.14.0	or_successive/weather_sept_85	8489.1	Merge pull request #492 from RoaringBitmap/issue22
2025-11-06	2e9b4b9583f4	v2.14.0	and_successive/weather_sept_85	7546.6	Merge pull request #492 from RoaringBitmap/issue22
2025-11-06	2e9b4b9583f4	v2.14.0	and_cardinality/weather_sept_85	6723.8	Merge pull request #492 from RoaringBitmap/issue22
2025-11-06	2e9b4b9583f4	v2.14.0	fast_or/weather_sept_85	1949.8	Merge pull request #492 from RoaringBitmap/issue22
2025-11-06	2e9b4b9583f4	v2.14.0	contains/weather_sept_85	21204.3	Merge pull request #492 from RoaringBitmap/issue22
2025-11-06	2e9b4b9583f4	v2.14.0	iterate/weather_sept_85	62406.0	Merge pull request #492 from RoaringBitmap/issue22
2025-11-06	2e9b4b9583f4	v2.14.0	iterate_many/weather_sept_85	16579.1	Merge pull request #492 from RoaringBitmap/issue22
2025-11-06	2e9b4b9583f4	v2.14.0	to_array/weather_sept_85	17006.8	Merge pull request #492 from RoaringBitmap/issue22
2025-11-06	2e9b4b9583f4	v2.14.0	deserialize/weather_sept_85	1316.6	Merge pull request #492 from RoaringBitmap/issue22
2025-11-07	e2c9e47edc15	v2.14.1	or_successive/census1881	3090.1	Merge pull request #496 from rogpeppe-contrib/fix-unset-iterator
2025-11-07	e2c9e47edc15	v2.14.1	and_successive/census1881	44.2	Merge pull request #496 from rogpeppe-contrib/fix-unset-iterator
2025-11-07	e2c9e47edc15	v2.14.1	and_cardinality/census1881	31.1	Merge pull request #496 from rogpeppe-contrib/fix-unset-iterator
2025-11-07	e2c9e47edc15	v2.14.1	fast_or/census1881	5072.3	Merge pull request #496 from rogpeppe-contrib/fix-unset-iterator
2025-11-07	e2c9e47edc15	v2.14.1	contains/census1881	6303.3	Merge pull request #496 from rogpeppe-contrib/fix-unset-iterator
2025-11-07	e2c9e47edc15	v2.14.1	iterate/census1881	3306.6	Merge pull request #496 from rogpeppe-contrib/fix-unset-iterator
2025-11-07	e2c9e47edc15	v2.14.1	iterate_many/census1881	600.1	Merge pull request #496 from rogpeppe-contrib/fix-unset-iterator
2025-11-07	e2c9e47edc15	v2.14.1	to_array/census1881	885.0	Merge pull request #496 from rogpeppe-contrib/fix-unset-iterator
2025-11-07	e2c9e47edc15	v2.14.1	deserialize/census1881	391.1	Merge pull request #496 from rogpeppe-contrib/fix-unset-iterator
2025-11-07	e2c9e47edc15	v2.14.1	or_successive/census-income	2232.8	Merge pull request #496 from rogpeppe-contrib/fix-unset-iterator
2025-11-07	e2c9e47edc15	v2.14.1	and_successive/census-income	2173.8	Merge pull request #496 from rogpeppe-contrib/fix-unset-iterator
2025-11-07	e2c9e47edc15	v2.14.1	and_cardinality/census-income	1470.9	Merge pull request #496 from rogpeppe-contrib/fix-unset-iterator
2025-11-07	e2c9e47edc15	v2.14.1	fast_or/census-income	1044.3	Merge pull request #496 from rogpeppe-contrib/fix-unset-iterator
2025-11-07	e2c9e47edc15	v2.14.1	contains/census-income	17854.9	Merge pull request #496 from rogpeppe-contrib/fix-unset-iterator
2025-11-07	e2c9e47edc15	v2.14.1	iterate/census-income	32675.7	Merge pull request #496 from rogpeppe-contrib/fix-unset-iterator
2025-11-07	e2c9e47edc15	v2.14.1	iterate_many/census-income	8013.5	Merge pull request #496 from rogpeppe-contrib/fix-unset-iterator
2025-11-07	e2c9e47edc15	v2.14.1	to_array/census-income	7520.7	Merge pull request #496 from rogpeppe-contrib/fix-unset-iterator
2025-11-07	e2c9e47edc15	v2.14.1	deserialize/census-income	394.4	Merge pull request #496 from rogpeppe-contrib/fix-unset-iterator
2025-11-07	e2c9e47edc15	v2.14.1	or_successive/weather_sept_85	8824.6	Merge pull request #496 from rogpeppe-contrib/fix-unset-iterator
2025-11-07	e2c9e47edc15	v2.14.1	and_successive/weather_sept_85	7603.2	Merge pull request #496 from rogpeppe-contrib/fix-unset-iterator
2025-11-07	e2c9e47edc15	v2.14.1	and_cardinality/weather_sept_85	6718.5	Merge pull request #496 from rogpeppe-contrib/fix-unset-iterator
2025-11-07	e2c9e47edc15	v2.14.1	fast_or/weather_sept_85	1948.1	Merge pull request #496 from rogpeppe-contrib/fix-unset-iterator
2025-11-07	e2c9e47edc15	v2.14.1	contains/weather_sept_85	21179.5	Merge pull request #496 from rogpeppe-contrib/fix-unset-iterator
2025-11-07	e2c9e47edc15	v2.14.1	iterate/weather_sept_85	63088.8	Merge pull request #496 from rogpeppe-contrib/fix-unset-iterator
2025-11-07	e2c9e47edc15	v2.14.1	iterate_many/weather_sept_85	16744.5	Merge pull request #496 from rogpeppe-contrib/fix-unset-iterator
2025-11-07	e2c9e47edc15	v2.14.1	to_array/weather_sept_85	17527.0	Merge pull request #496 from rogpeppe-contrib/fix-unset-iterator
2025-11-07	e2c9e47edc15	v2.14.1	deserialize/weather_sept_85	1288.0	Merge pull request #496 from rogpeppe-contrib/fix-unset-iterator
2025-11-07	45a0bacbf2a4	v2.14.2	or_successive/census1881	3086.9	Merge pull request #500 from rogpeppe-contrib/unsetiterator-open-range
2025-11-07	45a0bacbf2a4	v2.14.2	and_successive/census1881	46.9	Merge pull request #500 from rogpeppe-contrib/unsetiterator-open-range
2025-11-07	45a0bacbf2a4	v2.14.2	and_cardinality/census1881	30.4	Merge pull request #500 from rogpeppe-contrib/unsetiterator-open-range
2025-11-07	45a0bacbf2a4	v2.14.2	fast_or/census1881	5078.7	Merge pull request #500 from rogpeppe-contrib/unsetiterator-open-range
2025-11-07	45a0bacbf2a4	v2.14.2	contains/census1881	6280.7	Merge pull request #500 from rogpeppe-contrib/unsetiterator-open-range
2025-11-07	45a0bacbf2a4	v2.14.2	iterate/census1881	3306.6	Merge pull request #500 from rogpeppe-contrib/unsetiterator-open-range
2025-11-07	45a0bacbf2a4	v2.14.2	iterate_many/census1881	603.5	Merge pull request #500 from rogpeppe-contrib/unsetiterator-open-range
2025-11-07	45a0bacbf2a4	v2.14.2	to_array/census1881	891.8	Merge pull request #500 from rogpeppe-contrib/unsetiterator-open-range
2025-11-07	45a0bacbf2a4	v2.14.2	deserialize/census1881	358.4	Merge pull request #500 from rogpeppe-contrib/unsetiterator-open-range
2025-11-07	45a0bacbf2a4	v2.14.2	or_successive/census-income	2232.8	Merge pull request #500 from rogpeppe-contrib/unsetiterator-open-range
2025-11-07	45a0bacbf2a4	v2.14.2	and_successive/census-income	2216.3	Merge pull request #500 from rogpeppe-contrib/unsetiterator-open-range
2025-11-07	45a0bacbf2a4	v2.14.2	and_cardinality/census-income	1470.9	Merge pull request #500 from rogpeppe-contrib/unsetiterator-open-range
2025-11-07	45a0bacbf2a4	v2.14.2	fast_or/census-income	1048.2	Merge pull request #500 from rogpeppe-contrib/unsetiterator-open-range
2025-11-07	45a0bacbf2a4	v2.14.2	contains/census-income	17887.8	Merge pull request #500 from rogpeppe-contrib/unsetiterator-open-range
2025-11-07	45a0bacbf2a4	v2.14.2	iterate/census-income	32227.4	Merge pull request #500 from rogpeppe-contrib/unsetiterator-open-range
2025-11-07	45a0bacbf2a4	v2.14.2	iterate_many/census-income	8017.7	Merge pull request #500 from rogpeppe-contrib/unsetiterator-open-range
2025-11-07	45a0bacbf2a4	v2.14.2	to_array/census-income	7422.2	Merge pull request #500 from rogpeppe-contrib/unsetiterator-open-range
2025-11-07	45a0bacbf2a4	v2.14.2	deserialize/census-income	373.2	Merge pull request #500 from rogpeppe-contrib/unsetiterator-open-range
2025-11-07	45a0bacbf2a4	v2.14.2	or_successive/weather_sept_85	8776.6	Merge pull request #500 from rogpeppe-contrib/unsetiterator-open-range
2025-11-07	45a0bacbf2a4	v2.14.2	and_successive/weather_sept_85	7601.9	Merge pull request #500 from rogpeppe-contrib/unsetiterator-open-range
2025-11-07	45a0bacbf2a4	v2.14.2	and_cardinality/weather_sept_85	6706.3	Merge pull request #500 from rogpeppe-contrib/unsetiterator-open-range
2025-11-07	45a0bacbf2a4	v2.14.2	fast_or/weather_sept_85	1956.3	Merge pull request #500 from rogpeppe-contrib/unsetiterator-open-range
2025-11-07	45a0bacbf2a4	v2.14.2	contains/weather_sept_85	21196.0	Merge pull request #500 from rogpeppe-contrib/unsetiterator-open-range
2025-11-07	45a0bacbf2a4	v2.14.2	iterate/weather_sept_85	62269.3	Merge pull request #500 from rogpeppe-contrib/unsetiterator-open-range
2025-11-07	45a0bacbf2a4	v2.14.2	iterate_many/weather_sept_85	16546.1	Merge pull request #500 from rogpeppe-contrib/unsetiterator-open-range
2025-11-07	45a0bacbf2a4	v2.14.2	to_array/weather_sept_85	15730.7	Merge pull request #500 from rogpeppe-contrib/unsetiterator-open-range
2025-11-07	45a0bacbf2a4	v2.14.2	deserialize/weather_sept_85	1218.2	Merge pull request #500 from rogpeppe-contrib/unsetiterator-open-range
2025-11-10	daab0fdd28d9	v2.14.3	or_successive/census1881	3063.8	Merge pull request #501 from rogpeppe-contrib/004-new-unsetbits-pr
2025-11-10	daab0fdd28d9	v2.14.3	and_successive/census1881	41.0	Merge pull request #501 from rogpeppe-contrib/004-new-unsetbits-pr
2025-11-10	daab0fdd28d9	v2.14.3	and_cardinality/census1881	30.1	Merge pull request #501 from rogpeppe-contrib/004-new-unsetbits-pr
2025-11-10	daab0fdd28d9	v2.14.3	fast_or/census1881	5171.4	Merge pull request #501 from rogpeppe-contrib/004-new-unsetbits-pr
2025-11-10	daab0fdd28d9	v2.14.3	contains/census1881	6289.8	Merge pull request #501 from rogpeppe-contrib/004-new-unsetbits-pr
2025-11-10	daab0fdd28d9	v2.14.3	iterate/census1881	3309.2	Merge pull request #501 from rogpeppe-contrib/004-new-unsetbits-pr
2025-11-10	daab0fdd28d9	v2.14.3	iterate_many/census1881	602.1	Merge pull request #501 from rogpeppe-contrib/004-new-unsetbits-pr
2025-11-10	daab0fdd28d9	v2.14.3	to_array/census1881	838.9	Merge pull request #501 from rogpeppe-contrib/004-new-unsetbits-pr
2025-11-10	daab0fdd28d9	v2.14.3	deserialize/census1881	395.3	Merge pull request #501 from rogpeppe-contrib/004-new-unsetbits-pr
2025-11-10	daab0fdd28d9	v2.14.3	or_successive/census-income	2254.3	Merge pull request #501 from rogpeppe-contrib/004-new-unsetbits-pr
2025-11-10	daab0fdd28d9	v2.14.3	and_successive/census-income	2190.6	Merge pull request #501 from rogpeppe-contrib/004-new-unsetbits-pr
2025-11-10	daab0fdd28d9	v2.14.3	and_cardinality/census-income	1473.0	Merge pull request #501 from rogpeppe-contrib/004-new-unsetbits-pr
2025-11-10	daab0fdd28d9	v2.14.3	fast_or/census-income	1029.5	Merge pull request #501 from rogpeppe-contrib/004-new-unsetbits-pr
2025-11-10	daab0fdd28d9	v2.14.3	contains/census-income	17868.7	Merge pull request #501 from rogpeppe-contrib/004-new-unsetbits-pr
2025-11-10	daab0fdd28d9	v2.14.3	iterate/census-income	31923.7	Merge pull request #501 from rogpeppe-contrib/004-new-unsetbits-pr
2025-11-10	daab0fdd28d9	v2.14.3	iterate_many/census-income	8040.6	Merge pull request #501 from rogpeppe-contrib/004-new-unsetbits-pr
2025-11-10	daab0fdd28d9	v2.14.3	to_array/census-income	7389.8	Merge pull request #501 from rogpeppe-contrib/004-new-unsetbits-pr
2025-11-10	daab0fdd28d9	v2.14.3	deserialize/census-income	401.3	Merge pull request #501 from rogpeppe-contrib/004-new-unsetbits-pr
2025-11-10	daab0fdd28d9	v2.14.3	or_successive/weather_sept_85	8773.1	Merge pull request #501 from rogpeppe-contrib/004-new-unsetbits-pr
2025-11-10	daab0fdd28d9	v2.14.3	and_successive/weather_sept_85	7554.9	Merge pull request #501 from rogpeppe-contrib/004-new-unsetbits-pr
2025-11-10	daab0fdd28d9	v2.14.3	and_cardinality/weather_sept_85	6693.4	Merge pull request #501 from rogpeppe-contrib/004-new-unsetbits-pr
2025-11-10	daab0fdd28d9	v2.14.3	fast_or/weather_sept_85	1953.9	Merge pull request #501 from rogpeppe-contrib/004-new-unsetbits-pr
2025-11-10	daab0fdd28d9	v2.14.3	contains/weather_sept_85	21215.0	Merge pull request #501 from rogpeppe-contrib/004-new-unsetbits-pr
2025-11-10	daab0fdd28d9	v2.14.3	iterate/weather_sept_85	61830.0	Merge pull request #501 from rogpeppe-contrib/004-new-unsetbits-pr
2025-11-10	daab0fdd28d9	v2.14.3	iterate_many/weather_sept_85	16594.8	Merge pull request #501 from rogpeppe-contrib/004-new-unsetbits-pr
2025-11-10	daab0fdd28d9	v2.14.3	to_array/weather_sept_85	16355.2	Merge pull request #501 from rogpeppe-contrib/004-new-unsetbits-pr
2025-11-10	daab0fdd28d9	v2.14.3	deserialize/weather_sept_85	1235.9	Merge pull request #501 from rogpeppe-contrib/004-new-unsetbits-pr
2025-11-10	45a287ebd943		or_successive/census1881	3124.8	Merge pull request #503 from RoaringBitmap/add_go_fmt
2025-11-10	45a287ebd943		and_successive/census1881	43.6	Merge pull request #503 from RoaringBitmap/add_go_fmt
2025-11-10	45a287ebd943		and_cardinality/census1881	33.6	Merge pull request #503 from RoaringBitmap/add_go_fmt
2025-11-10	45a287ebd943		fast_or/census1881	5087.3	Merge pull request #503 from RoaringBitmap/add_go_fmt
2025-11-10	45a287ebd943		contains/census1881	6273.5	Merge pull request #503 from RoaringBitmap/add_go_fmt
2025-11-10	45a287ebd943		iterate/census1881	3316.9	Merge pull request #503 from RoaringBitmap/add_go_fmt
2025-11-10	45a287ebd943		iterate_many/census1881	602.4	Merge pull request #503 from RoaringBitmap/add_go_fmt
2025-11-10	45a287ebd943		to_array/census1881	872.6	Merge pull request #503 from RoaringBitmap/add_go_fmt
2025-11-10	45a287ebd943		deserialize/census1881	319.7	Merge pull request #503 from RoaringBitmap/add_go_fmt
2025-11-10	45a287ebd943		or_successive/census-income	2245.3	Merge pull request #503 from RoaringBitmap/add_go_fmt
2025-11-10	45a287ebd943		and_successive/census-income	2262.0	Merge pull request #503 from RoaringBitmap/add_go_fmt
2025-11-10	45a287ebd943		and_cardinality/census-income	1476.1	Merge pull request #503 from RoaringBitmap/add_go_fmt
2025-11-10	45a287ebd943		fast_or/census-income	1044.9	Merge pull request #503 from RoaringBitmap/add_go_fmt
2025-11-10	45a287ebd943		contains/census-income	17879.5	Merge pull request #503 from RoaringBitmap/add_go_fmt
2025-11-10	45a287ebd943		iterate/census-income	32343.5	Merge pull request #503 from RoaringBitmap/add_go_fmt
2025-11-10	45a287ebd943		iterate_many/census-income	7981.5	Merge pull request #503 from RoaringBitmap/add_go_fmt
2025-11-10	45a287ebd943		to_array/census-income	7486.0	Merge pull request #503 from RoaringBitmap/add_go_fmt
2025-11-10	45a287ebd943		deserialize/census-income	372.4	Merge pull request #503 from RoaringBitmap/add_go_fmt
2025-11-10	45a287ebd943		or_successive/weather_sept_85	8957.3	Merge pull request #503 from RoaringBitmap/add_go_fmt
2025-11-10	45a287ebd943		and_successive/weather_sept_85	7725.1	Merge pull request #503 from RoaringBitmap/add_go_fmt
2025-11-10	45a287ebd943		and_cardinality/weather_sept_85	6690.2	Merge pull request #503 from RoaringBitmap/add_go_fmt
2025-11-10	45a287ebd943		fast_or/weather_sept_85	1950.3	Merge pull request #503 from RoaringBitmap/add_go_fmt
2025-11-10	45a287ebd943		contains/weather_sept_85	21215.5	Merge pull request #503 from RoaringBitmap/add_go_fmt
2025-11-10	45a287ebd943		iterate/weather_sept_85	62053.2	Merge pull request #503 from RoaringBitmap/add_go_fmt
2025-11-10	45a287ebd943		iterate_many/weather_sept_85	16659.8	Merge pull request #503 from RoaringBitmap/add_go_fmt
2025-11-10	45a287ebd943		to_array/weather_sept_85	15781.9	Merge pull request #503 from RoaringBitmap/add_go_fmt
2025-11-10	45a287ebd943		deserialize/weather_sept_85	1196.8	Merge pull request #503 from RoaringBitmap/add_go_fmt
2025-11-10	80986ef343ab	v2.14.4	or_successive/census1881	3179.5	Merge pull request #502 from happygiraffe/master
2025-11-10	80986ef343ab	v2.14.4	and_successive/census1881	37.3	Merge pull request #502 from happygiraffe/master
2025-11-10	80986ef343ab	v2.14.4	and_cardinality/census1881	32.1	Merge pull request #502 from happygiraffe/master
2025-11-10	80986ef343ab	v2.14.4	fast_or/census1881	5066.4	Merge pull request #502 from happygiraffe/master
2025-11-10	80986ef343ab	v2.14.4	contains/census1881	6334.3	Merge pull request #502 from happygiraffe/master
2025-11-10	80986ef343ab	v2.14.4	iterate/census1881	3325.4	Merge pull request #502 from happygiraffe/master
2025-11-10	80986ef343ab	v2.14.4	iterate_many/census1881	601.4	Merge pull request #502 from happygiraffe/master
2025-11-10	80986ef343ab	v2.14.4	to_array/census1881	810.1	Merge pull request #502 from happygiraffe/master
2025-11-10	80986ef343ab	v2.14.4	deserialize/census1881	415.5	Merge pull request #502 from happygiraffe/master
2025-11-10	80986ef343ab	v2.14.4	or_successive/census-income	2251.5	Merge pull request #502 from happygiraffe/master
2025-11-10	80986ef343ab	v2.14.4	and_successive/census-income	2207.1	Merge pull request #502 from happygiraffe/master
2025-11-10	80986ef343ab	v2.14.4	and_cardinality/census-income	1462.3	Merge pull request #502 from happygiraffe/master
2025-11-10	80986ef343ab	v2.14.4	fast_or/census-income	1058.4	Merge pull request #502 from happygiraffe/master
2025-11-10	80986ef343ab	v2.14.4	contains/census-income	17898.4	Merge pull request #502 from happygiraffe/master
2025-11-10	80986ef343ab	v2.14.4	iterate/census-income	32350.9	Merge pull request #502 from happygiraffe/master
2025-11-10	80986ef343ab	v2.14.4	iterate_many/census-income	7993.3	Merge pull request #502 from happygiraffe/master
2025-11-10	80986ef343ab	v2.14.4	to_array/census-income	7413.8	Merge pull request #502 from happygiraffe/master
2025-11-10	80986ef343ab	v2.14.4	deserialize/census-income	372.1	Merge pull request #502 from happygiraffe/master
2025-11-10	80986ef343ab	v2.14.4	or_successive/weather_sept_85	8490.8	Merge pull request #502 from happygiraffe/master
2025-11-10	80986ef343ab	v2.14.4	and_successive/weather_sept_85	7540.0	Merge pull request #502 from happygiraffe/master
2025-11-10	80986ef343ab	v2.14.4	and_cardinality/weather_sept_85	6686.7	Merge pull request #502 from happygiraffe/master
2025-11-10	80986ef343ab	v2.14.4	fast_or/weather_sept_85	1957.7	Merge pull request #502 from happygiraffe/master
2025-11-10	80986ef343ab	v2.14.4	contains/weather_sept_85	21187.3	Merge pull request #502 from happygiraffe/master
2025-11-10	80986ef343ab	v2.14.4	iterate/weather_sept_85	61828.7	Merge pull request #502 from happygiraffe/master
2025-11-10	80986ef343ab	v2.14.4	iterate_many/weather_sept_85	16596.0	Merge pull request #502 from happygiraffe/master
2025-11-10	80986ef343ab	v2.14.4	to_array/weather_sept_85	16748.3	Merge pull request #502 from happygiraffe/master
2025-11-10	80986ef343ab	v2.14.4	deserialize/weather_sept_85	1279.0	Merge pull request #502 from happygiraffe/master
2025-11-24	2d93a7e7a75f		or_successive/census1881	3157.4	Merge pull request #504 from happygiraffe/master
2025-11-24	2d93a7e7a75f		and_successive/census1881	43.1	Merge pull request #504 from happygiraffe/master
2025-11-24	2d93a7e7a75f		and_cardinality/census1881	32.3	Merge pull request #504 from happygiraffe/master
2025-11-24	2d93a7e7a75f		fast_or/census1881	4994.0	Merge pull request #504 from happygiraffe/master
2025-11-24	2d93a7e7a75f		contains/census1881	6156.2	Merge pull request #504 from happygiraffe/master
2025-11-24	2d93a7e7a75f		iterate/census1881	3522.7	Merge pull request #504 from happygiraffe/master
2025-11-24	2d93a7e7a75f		iterate_many/census1881	598.8	Merge pull request #504 from happygiraffe/master
2025-11-24	2d93a7e7a75f		to_array/census1881	867.2	Merge pull request #504 from happygiraffe/master
2025-11-24	2d93a7e7a75f		deserialize/census1881	344.5	Merge pull request #504 from happygiraffe/master
2025-11-24	2d93a7e7a75f		or_successive/census-income	2232.9	Merge pull request #504 from happygiraffe/master
2025-11-24	2d93a7e7a75f		and_successive/census-income	2165.5	Merge pull request #504 from happygiraffe/master
2025-11-24	2d93a7e7a75f		and_cardinality/census-income	1453.9	Merge pull request #504 from happygiraffe/master
2025-11-24	2d93a7e7a75f		fast_or/census-income	1038.4	Merge pull request #504 from happygiraffe/master
2025-11-24	2d93a7e7a75f		contains/census-income	16054.3	Merge pull request #504 from happygiraffe/master
2025-11-24	2d93a7e7a75f		iterate/census-income	31687.1	Merge pull request #504 from happygiraffe/master
2025-11-24	2d93a7e7a75f		iterate_many/census-income	7979.4	Merge pull request #504 from happygiraffe/master
2025-11-24	2d93a7e7a75f		to_array/census-income	7492.4	Merge pull request #504 from happygiraffe/master
2025-11-24	2d93a7e7a75f		deserialize/census-income	337.5	Merge pull request #504 from happygiraffe/master
2025-11-24	2d93a7e7a75f		or_successive/weather_sept_85	8788.8	Merge pull request #504 from happygiraffe/master
2025-11-24	2d93a7e7a75f		and_successive/weather_sept_85	7507.6	Merge pull request #504 from happygiraffe/master
2025-11-24	2d93a7e7a75f		and_cardinality/weather_sept_85	6610.8	Merge pull request #504 from happygiraffe/master
2025-11-24	2d93a7e7a75f		fast_or/weather_sept_85	1969.1	Merge pull request #504 from happygiraffe/master
2025-11-24	2d93a7e7a75f		contains/weather_sept_85	19265.1	Merge pull request #504 from happygiraffe/master
2025-11-24	2d93a7e7a75f		iterate/weather_sept_85	62163.0	Merge pull request #504 from happygiraffe/master
2025-11-24	2d93a7e7a75f		iterate_many/weather_sept_85	16764.6	Merge pull request #504 from happygiraffe/master
2025-11-24	2d93a7e7a75f		to_array/weather_sept_85	16395.5	Merge pull request #504 from happygiraffe/master
2025-11-24	2d93a7e7a75f		deserialize/weather_sept_85	1307.3	Merge pull request #504 from happygiraffe/master
2025-12-15	97741272a7e1		or_successive/census1881	3093.3	Merge pull request #506 from damz/patch-1
2025-12-15	97741272a7e1		and_successive/census1881	43.1	Merge pull request #506 from damz/patch-1
2025-12-15	97741272a7e1		and_cardinality/census1881	26.3	Merge pull request #506 from damz/patch-1
2025-12-15	97741272a7e1		fast_or/census1881	5034.2	Merge pull request #506 from damz/patch-1
2025-12-15	97741272a7e1		contains/census1881	6122.6	Merge pull request #506 from damz/patch-1
2025-12-15	97741272a7e1		iterate/census1881	3563.3	Merge pull request #506 from damz/patch-1
2025-12-15	97741272a7e1		iterate_many/census1881	602.6	Merge pull request #506 from damz/patch-1
2025-12-15	97741272a7e1		to_array/census1881	904.7	Merge pull request #506 from damz/patch-1
2025-12-15	97741272a7e1		deserialize/census1881	380.3	Merge pull request #506 from damz/patch-1
2025-12-15	97741272a7e1		or_successive/census-income	2330.3	Merge pull request #506 from damz/patch-1
2025-12-15	97741272a7e1		and_successive/census-income	2196.5	Merge pull request #506 from damz/patch-1
2025-12-15	97741272a7e1		and_cardinality/census-income	1456.5	Merge pull request #506 from damz/patch-1
2025-12-15	97741272a7e1		fast_or/census-income	1014.5	Merge pull request #506 from damz/patch-1
2025-12-15	97741272a7e1		contains/census-income	16015.0	Merge pull request #506 from damz/patch-1
2025-12-15	97741272a7e1		iterate/census-income	32069.0	Merge pull request #506 from damz/patch-1
2025-12-15	97741272a7e1		iterate_many/census-income	8041.4	Merge pull request #506 from damz/patch-1
2025-12-15	97741272a7e1		to_array/census-income	7754.7	Merge pull request #506 from damz/patch-1
2025-12-15	97741272a7e1		deserialize/census-income	381.2	Merge pull request #506 from damz/patch-1
2025-12-15	97741272a7e1		or_successive/weather_sept_85	9117.8	Merge pull request #506 from damz/patch-1
2025-12-15	97741272a7e1		and_successive/weather_sept_85	7497.0	Merge pull request #506 from damz/patch-1
2025-12-15	97741272a7e1		and_cardinality/weather_sept_85	6604.3	Merge pull request #506 from damz/patch-1
2025-12-15	97741272a7e1		fast_or/weather_sept_85	1936.7	Merge pull request #506 from damz/patch-1
2025-12-15	97741272a7e1		contains/weather_sept_85	19250.4	Merge pull request #506 from damz/patch-1
2025-12-15	97741272a7e1		iterate/weather_sept_85	62286.9	Merge pull request #506 from damz/patch-1
2025-12-15	97741272a7e1		iterate_many/weather_sept_85	16582.9	Merge pull request #506 from damz/patch-1
2025-12-15	97741272a7e1		to_array/weather_sept_85	17565.0	Merge pull request #506 from damz/patch-1
2025-12-15	97741272a7e1		deserialize/weather_sept_85	1406.5	Merge pull request #506 from damz/patch-1
2026-01-27	53026c2c18ea		or_successive/census1881	3098.3	Merge pull request #508 from happygiraffe/push-pxxlrstrlzku
2026-01-27	53026c2c18ea		and_successive/census1881	39.9	Merge pull request #508 from happygiraffe/push-pxxlrstrlzku
2026-01-27	53026c2c18ea		and_cardinality/census1881	32.3	Merge pull request #508 from happygiraffe/push-pxxlrstrlzku
2026-01-27	53026c2c18ea		fast_or/census1881	5015.5	Merge pull request #508 from happygiraffe/push-pxxlrstrlzku
2026-01-27	53026c2c18ea		contains/census1881	6130.2	Merge pull request #508 from happygiraffe/push-pxxlrstrlzku
2026-01-27	53026c2c18ea		iterate/census1881	3447.0	Merge pull request #508 from happygiraffe/push-pxxlrstrlzku
2026-01-27	53026c2c18ea		iterate_many/census1881	603.4	Merge pull request #508 from happygiraffe/push-pxxlrstrlzku
2026-01-27	53026c2c18ea		to_array/census1881	805.1	Merge pull request #508 from happygiraffe/push-pxxlrstrlzku
2026-01-27	53026c2c18ea		deserialize/census1881	391.7	Merge pull request #508 from happygiraffe/push-pxxlrstrlzku
2026-01-27	53026c2c18ea		or_successive/census-income	2298.4	Merge pull request #508 from happygiraffe/push-pxxlrstrlzku
2026-01-27	53026c2c18ea		and_successive/census-income	2204.8	Merge pull request #508 from happygiraffe/push-pxxlrstrlzku
2026-01-27	53026c2c18ea		and_cardinality/census-income	1461.5	Merge pull request #508 from happygiraffe/push-pxxlrstrlzku
2026-01-27	53026c2c18ea		fast_or/census-income	1042.5	Merge pull request #508 from happygiraffe/push-pxxlrstrlzku
2026-01-27	53026c2c18ea		contains/census-income	15987.9	Merge pull request #508 from happygiraffe/push-pxxlrstrlzku
2026-01-27	53026c2c18ea		iterate/census-income	31845.6	Merge pull request #508 from happygiraffe/push-pxxlrstrlzku
2026-01-27	53026c2c18ea		iterate_many/census-income	8015.6	Merge pull request #508 from happygiraffe/push-pxxlrstrlzku
2026-01-27	53026c2c18ea		to_array/census-income	7453.2	Merge pull request #508 from happygiraffe/push-pxxlrstrlzku
2026-01-27	53026c2c18ea		deserialize/census-income	380.9	Merge pull request #508 from happygiraffe/push-pxxlrstrlzku
2026-01-27	53026c2c18ea		or_successive/weather_sept_85	8539.8	Merge pull request #508 from happygiraffe/push-pxxlrstrlzku
2026-01-27	53026c2c18ea		and_successive/weather_sept_85	7432.0	Merge pull request #508 from happygiraffe/push-pxxlrstrlzku
2026-01-27	53026c2c18ea		and_cardinality/weather_sept_85	6626.4	Merge pull request #508 from happygiraffe/push-pxxlrstrlzku
2026-01-27	53026c2c18ea		fast_or/weather_sept_85	1944.0	Merge pull request #508 from happygiraffe/push-pxxlrstrlzku
2026-01-27	53026c2c18ea		contains/weather_sept_85	19346.9	Merge pull request #508 from happygiraffe/push-pxxlrstrlzku
2026-01-27	53026c2c18ea		iterate/weather_sept_85	61422.5	Merge pull request #508 from happygiraffe/push-pxxlrstrlzku
2026-01-27	53026c2c18ea		iterate_many/weather_sept_85	16896.3	Merge pull request #508 from happygiraffe/push-pxxlrstrlzku
2026-01-27	53026c2c18ea		to_array/weather_sept_85	15539.7	Merge pull request #508 from happygiraffe/push-pxxlrstrlzku
2026-01-27	53026c2c18ea		deserialize/weather_sept_85	1226.6	Merge pull request #508 from happygiraffe/push-pxxlrstrlzku
2026-02-09	eb3b07a3a8a1		or_successive/census1881	3117.6	Merge pull request #510 from DhruvilK7/removal
2026-02-09	eb3b07a3a8a1		and_successive/census1881	46.8	Merge pull request #510 from DhruvilK7/removal
2026-02-09	eb3b07a3a8a1		and_cardinality/census1881	28.1	Merge pull request #510 from DhruvilK7/removal
2026-02-09	eb3b07a3a8a1		fast_or/census1881	5105.0	Merge pull request #510 from DhruvilK7/removal
2026-02-09	eb3b07a3a8a1		contains/census1881	6108.6	Merge pull request #510 from DhruvilK7/removal
2026-02-09	eb3b07a3a8a1		iterate/census1881	3520.4	Merge pull request #510 from DhruvilK7/removal
2026-02-09	eb3b07a3a8a1		iterate_many/census1881	599.1	Merge pull request #510 from DhruvilK7/removal
2026-02-09	eb3b07a3a8a1		to_array/census1881	918.9	Merge pull request #510 from DhruvilK7/removal
2026-02-09	eb3b07a3a8a1		deserialize/census1881	306.3	Merge pull request #510 from DhruvilK7/removal
2026-02-09	eb3b07a3a8a1		or_successive/census-income	2253.3	Merge pull request #510 from DhruvilK7/removal
2026-02-09	eb3b07a3a8a1		and_successive/census-income	2185.3	Merge pull request #510 from DhruvilK7/removal
2026-02-09	eb3b07a3a8a1		and_cardinality/census-income	1450.9	Merge pull request #510 from DhruvilK7/removal
2026-02-09	eb3b07a3a8a1		fast_or/census-income	1056.3	Merge pull request #510 from DhruvilK7/removal
2026-02-09	eb3b07a3a8a1		contains/census-income	16035.1	Merge pull request #510 from DhruvilK7/removal
2026-02-09	eb3b07a3a8a1		iterate/census-income	31921.6	Merge pull request #510 from DhruvilK7/removal
2026-02-09	eb3b07a3a8a1		iterate_many/census-income	8114.5	Merge pull request #510 from DhruvilK7/removal
2026-02-09	eb3b07a3a8a1		to_array/census-income	7454.6	Merge pull request #510 from DhruvilK7/removal
2026-02-09	eb3b07a3a8a1		deserialize/census-income	413.2	Merge pull request #510 from DhruvilK7/removal
2026-02-09	eb3b07a3a8a1		or_successive/weather_sept_85	8712.7	Merge pull request #510 from DhruvilK7/removal
2026-02-09	eb3b07a3a8a1		and_successive/weather_sept_85	7478.5	Merge pull request #510 from DhruvilK7/removal
2026-02-09	eb3b07a3a8a1		and_cardinality/weather_sept_85	6606.7	Merge pull request #510 from DhruvilK7/removal
2026-02-09	eb3b07a3a8a1		fast_or/weather_sept_85	1960.4	Merge pull request #510 from DhruvilK7/removal
2026-02-09	eb3b07a3a8a1		contains/weather_sept_85	19402.2	Merge pull request #510 from DhruvilK7/removal
2026-02-09	eb3b07a3a8a1		iterate/weather_sept_85	61449.1	Merge pull request #510 from DhruvilK7/removal
2026-02-09	eb3b07a3a8a1		iterate_many/weather_sept_85	16881.5	Merge pull request #510 from DhruvilK7/removal
2026-02-09	eb3b07a3a8a1		to_array/weather_sept_85	15906.3	Merge pull request #510 from DhruvilK7/removal
2026-02-09	eb3b07a3a8a1		deserialize/weather_sept_85	1253.3	Merge pull request #510 from DhruvilK7/removal
2026-02-09	3def95fe4ce9		or_successive/census1881	3076.3	Merge pull request #511 from DhruvilK7/unconvert
2026-02-09	3def95fe4ce9		and_successive/census1881	42.4	Merge pull request #511 from DhruvilK7/unconvert
2026-02-09	3def95fe4ce9		and_cardinality/census1881	32.7	Merge pull request #511 from DhruvilK7/unconvert
2026-02-09	3def95fe4ce9		fast_or/census1881	5014.7	Merge pull request #511 from DhruvilK7/unconvert
2026-02-09	3def95fe4ce9		contains/census1881	6096.5	Merge pull request #511 from DhruvilK7/unconvert
2026-02-09	3def95fe4ce9		iterate/census1881	3487.1	Merge pull request #511 from DhruvilK7/unconvert
2026-02-09	3def95fe4ce9		iterate_many/census1881	604.3	Merge pull request #511 from DhruvilK7/unconvert
2026-02-09	3def95fe4ce9		to_array/census1881	866.4	Merge pull request #511 from DhruvilK7/unconvert
2026-02-09	3def95fe4ce9		deserialize/census1881	399.5	Merge pull request #511 from DhruvilK7/unconvert
2026-02-09	3def95fe4ce9		or_successive/census-income	2244.9	Merge pull request #511 from DhruvilK7/unconvert
2026-02-09	3def95fe4ce9		and_successive/census-income	2156.0	Merge pull request #511 from DhruvilK7/unconvert
2026-02-09	3def95fe4ce9		and_cardinality/census-income	1456.8	Merge pull request #511 from DhruvilK7/unconvert
2026-02-09	3def95fe4ce9		fast_or/census-income	1017.4	Merge pull request #511 from DhruvilK7/unconvert
2026-02-09	3def95fe4ce9		contains/census-income	15979.9	Merge pull request #511 from DhruvilK7/unconvert
2026-02-09	3def95fe4ce9		iterate/census-income	31637.8	Merge pull request #511 from DhruvilK7/unconvert
2026-02-09	3def95fe4ce9		iterate_many/census-income	7980.9	Merge pull request #511 from DhruvilK7/unconvert
2026-02-09	3def95fe4ce9		to_array/census-income	7545.2	Merge pull request #511 from DhruvilK7/unconvert
2026-02-09	3def95fe4ce9		deserialize/census-income	469.2	Merge pull request #511 from DhruvilK7/unconvert
2026-02-09	3def95fe4ce9		or_successive/weather_sept_85	8415.6	Merge pull request #511 from DhruvilK7/unconvert
2026-02-09	3def95fe4ce9		and_successive/weather_sept_85	7485.1	Merge pull request #511 from DhruvilK7/unconvert
2026-02-09	3def95fe4ce9		and_cardinality/weather_sept_85	6611.5	Merge pull request #511 from DhruvilK7/unconvert
2026-02-09	3def95fe4ce9		fast_or/weather_sept_85	1943.8	Merge pull request #511 from DhruvilK7/unconvert
2026-02-09	3def95fe4ce9		contains/weather_sept_85	19364.9	Merge pull request #511 from DhruvilK7/unconvert
2026-02-09	3def95fe4ce9		iterate/weather_sept_85	61736.0	Merge pull request #511 from DhruvilK7/unconvert
2026-02-09	3def95fe4ce9		iterate_many/weather_sept_85	16843.4	Merge pull request #511 from DhruvilK7/unconvert
2026-02-09	3def95fe4ce9		to_array/weather_sept_85	16816.7	Merge pull request #511 from DhruvilK7/unconvert
2026-02-09	3def95fe4ce9		deserialize/weather_sept_85	1282.9	Merge pull request #511 from DhruvilK7/unconvert
2026-02-09	3fe77fa3b775		or_successive/census1881	3115.3	Merge pull request #509 from DhruvilK7/master
2026-02-09	3fe77fa3b775		and_successive/census1881	41.3	Merge pull request #509 from DhruvilK7/master
2026-02-09	3fe77fa3b775		and_cardinality/census1881	32.0	Merge pull request #509 from DhruvilK7/master
2026-02-09	3fe77fa3b775		fast_or/census1881	5098.2	Merge pull request #509 from DhruvilK7/master
2026-02-09	3fe77fa3b775		contains/census1881	6470.6	Merge pull request #509 from DhruvilK7/master
2026-02-09	3fe77fa3b775		iterate/census1881	3450.2	Merge pull request #509 from DhruvilK7/master
2026-02-09	3fe77fa3b775		iterate_many/census1881	478.5	Merge pull request #509 from DhruvilK7/master
2026-02-09	3fe77fa3b775		to_array/census1881	845.1	Merge pull request #509 from DhruvilK7/master
2026-02-09	3fe77fa3b775		deserialize/census1881	346.9	Merge pull request #509 from DhruvilK7/master
2026-02-09	3fe77fa3b775		or_successive/census-income	2336.0	Merge pull request #509 from DhruvilK7/master
2026-02-09	3fe77fa3b775		and_successive/census-income	2178.3	Merge pull request #509 from DhruvilK7/master
2026-02-09	3fe77fa3b775		and_cardinality/census-income	1480.1	Merge pull request #509 from DhruvilK7/master
2026-02-09	3fe77fa3b775		fast_or/census-income	1051.4	Merge pull request #509 from DhruvilK7/master
2026-02-09	3fe77fa3b775		contains/census-income	17783.7	Merge pull request #509 from DhruvilK7/master
2026-02-09	3fe77fa3b775		iterate/census-income	33143.2	Merge pull request #509 from DhruvilK7/master
2026-02-09	3fe77fa3b775		iterate_many/census-income	8003.7	Merge pull request #509 from DhruvilK7/master
2026-02-09	3fe77fa3b775		to_array/census-income	7483.6	Merge pull request #509 from DhruvilK7/master
2026-02-09	3fe77fa3b775		deserialize/census-income	427.7	Merge pull request #509 from DhruvilK7/master
2026-02-09	3fe77fa3b775		or_successive/weather_sept_85	8480.3	Merge pull request #509 from DhruvilK7/master
2026-02-09	3fe77fa3b775		and_successive/weather_sept_85	7540.9	Merge pull request #509 from DhruvilK7/master
2026-02-09	3fe77fa3b775		and_cardinality/weather_sept_85	6674.9	Merge pull request #509 from DhruvilK7/master
2026-02-09	3fe77fa3b775		fast_or/weather_sept_85	2014.9	Merge pull request #509 from DhruvilK7/master
2026-02-09	3fe77fa3b775		contains/weather_sept_85	21070.9	Merge pull request #509 from DhruvilK7/master
2026-02-09	3fe77fa3b775		iterate/weather_sept_85	63614.4	Merge pull request #509 from DhruvilK7/master
2026-02-09	3fe77fa3b775		iterate_many/weather_sept_85	16551.9	Merge pull request #509 from DhruvilK7/master
2026-02-09	3fe77fa3b775		to_array/weather_sept_85	16190.2	Merge pull request #509 from DhruvilK7/master
2026-02-09	3fe77fa3b775		deserialize/weather_sept_85	1285.3	Merge pull request #509 from DhruvilK7/master
2026-02-25	8e538ba3f190		or_successive/census1881	3156.0	Merge pull request #512 from DhruvilK7/master
2026-02-25	8e538ba3f190		and_successive/census1881	45.0	Merge pull request #512 from DhruvilK7/master
2026-02-25	8e538ba3f190		and_cardinality/census1881	28.2	Merge pull request #512 from DhruvilK7/master
2026-02-25	8e538ba3f190		fast_or/census1881	5119.2	Merge pull request #512 from DhruvilK7/master
2026-02-25	8e538ba3f190		contains/census1881	6447.5	Merge pull request #512 from DhruvilK7/master
2026-02-25	8e538ba3f190		iterate/census1881	3536.1	Merge pull request #512 from DhruvilK7/master
2026-02-25	8e538ba3f190		iterate_many/census1881	473.7	Merge pull request #512 from DhruvilK7/master
2026-02-25	8e538ba3f190		to_array/census1881	887.9	Merge pull request #512 from DhruvilK7/master
2026-02-25	8e538ba3f190		deserialize/census1881	352.5	Merge pull request #512 from DhruvilK7/master
2026-02-25	8e538ba3f190		or_successive/census-income	2223.7	Merge pull request #512 from DhruvilK7/master
2026-02-25	8e538ba3f190		and_successive/census-income	2195.0	Merge pull request #512 from DhruvilK7/master
2026-02-25	8e538ba3f190		and_cardinality/census-income	1489.2	Merge pull request #512 from DhruvilK7/master
2026-02-25	8e538ba3f190		fast_or/census-income	1027.6	Merge pull request #512 from DhruvilK7/master
2026-02-25	8e538ba3f190		contains/census-income	17739.9	Merge pull request #512 from DhruvilK7/master
2026-02-25	8e538ba3f190		iterate/census-income	33689.1	Merge pull request #512 from DhruvilK7/master
2026-02-25	8e538ba3f190		iterate_many/census-income	8049.8	Merge pull request #512 from DhruvilK7/master
2026-02-25	8e538ba3f190		to_array/census-income	7415.9	Merge pull request #512 from DhruvilK7/master
2026-02-25	8e538ba3f190		deserialize/census-income	344.2	Merge pull request #512 from DhruvilK7/master
2026-02-25	8e538ba3f190		or_successive/weather_sept_85	8842.5	Merge pull request #512 from DhruvilK7/master
2026-02-25	8e538ba3f190		and_successive/weather_sept_85	7503.1	Merge pull request #512 from DhruvilK7/master
2026-02-25	8e538ba3f190		and_cardinality/weather_sept_85	6715.0	Merge pull request #512 from DhruvilK7/master
2026-02-25	8e538ba3f190		fast_or/weather_sept_85	1995.3	Merge pull request #512 from DhruvilK7/master
2026-02-25	8e538ba3f190		contains/weather_sept_85	21180.7	Merge pull request #512 from DhruvilK7/master
2026-02-25	8e538ba3f190		iterate/weather_sept_85	63407.3	Merge pull request #512 from DhruvilK7/master
2026-02-25	8e538ba3f190		iterate_many/weather_sept_85	16627.9	Merge pull request #512 from DhruvilK7/master
2026-02-25	8e538ba3f190		to_array/weather_sept_85	16300.4	Merge pull request #512 from DhruvilK7/master
2026-02-25	8e538ba3f190		deserialize/weather_sept_85	1220.2	Merge pull request #512 from DhruvilK7/master
2026-02-27	6e38489bfadb	v2.14.5	or_successive/census1881	3051.4	Merge pull request #514 from ahxxm/unroll-scalar-fill
2026-02-27	6e38489bfadb	v2.14.5	and_successive/census1881	42.8	Merge pull request #514 from ahxxm/unroll-scalar-fill
2026-02-27	6e38489bfadb	v2.14.5	and_cardinality/census1881	29.5	Merge pull request #514 from ahxxm/unroll-scalar-fill
2026-02-27	6e38489bfadb	v2.14.5	fast_or/census1881	5034.4	Merge pull request #514 from ahxxm/unroll-scalar-fill
2026-02-27	6e38489bfadb	v2.14.5	contains/census1881	6188.9	Merge pull request #514 from ahxxm/unroll-scalar-fill
2026-02-27	6e38489bfadb	v2.14.5	iterate/census1881	3682.8	Merge pull request #514 from ahxxm/unroll-scalar-fill
2026-02-27	6e38489bfadb	v2.14.5	iterate_many/census1881	480.1	Merge pull request #514 from ahxxm/unroll-scalar-fill
2026-02-27	6e38489bfadb	v2.14.5	to_array/census1881	1426.6	Merge pull request #514 from ahxxm/unroll-scalar-fill
2026-02-27	6e38489bfadb	v2.14.5	deserialize/census1881	559.0	Merge pull request #514 from ahxxm/unroll-scalar-fill
2026-02-27	6e38489bfadb	v2.14.5	or_successive/census-income	2229.4	Merge pull request #514 from ahxxm/unroll-scalar-fill
2026-02-27	6e38489bfadb	v2.14.5	and_successive/census-income	2183.0	Merge pull request #514 from ahxxm/unroll-scalar-fill
2026-02-27	6e38489bfadb	v2.14.5	and_cardinality/census-income	1465.3	Merge pull request #514 from ahxxm/unroll-scalar-fill
2026-02-27	6e38489bfadb	v2.14.5	fast_or/census-income	1037.0	Merge pull request #514 from ahxxm/unroll-scalar-fill
2026-02-27	6e38489bfadb	v2.14.5	contains/census-income	16063.1	Merge pull request #514 from ahxxm/unroll-scalar-fill
2026-02-27	6e38489bfadb	v2.14.5	iterate/census-income	33163.2	Merge pull request #514 from ahxxm/unroll-scalar-fill
2026-02-27	6e38489bfadb	v2.14.5	iterate_many/census-income	8048.1	Merge pull request #514 from ahxxm/unroll-scalar-fill
2026-02-27	6e38489bfadb	v2.14.5	to_array/census-income	7376.3	Merge pull request #514 from ahxxm/unroll-scalar-fill
2026-02-27	6e38489bfadb	v2.14.5	deserialize/census-income	381.2	Merge pull request #514 from ahxxm/unroll-scalar-fill
2026-02-27	6e38489bfadb	v2.14.5	or_successive/weather_sept_85	8970.2	Merge pull request #514 from ahxxm/unroll-scalar-fill
2026-02-27	6e38489bfadb	v2.14.5	and_successive/weather_sept_85	7523.9	Merge pull request #514 from ahxxm/unroll-scalar-fill
2026-02-27	6e38489bfadb	v2.14.5	and_cardinality/weather_sept_85	6643.1	Merge pull request #514 from ahxxm/unroll-scalar-fill
2026-02-27	6e38489bfadb	v2.14.5	fast_or/weather_sept_85	2034.7	Merge pull request #514 from ahxxm/unroll-scalar-fill
2026-02-27	6e38489bfadb	v2.14.5	contains/weather_sept_85	19414.5	Merge pull request #514 from ahxxm/unroll-scalar-fill
2026-02-27	6e38489bfadb	v2.14.5	iterate/weather_sept_85	64790.4	Merge pull request #514 from ahxxm/unroll-scalar-fill
2026-02-27	6e38489bfadb	v2.14.5	iterate_many/weather_sept_85	16659.7	Merge pull request #514 from ahxxm/unroll-scalar-fill
2026-02-27	6e38489bfadb	v2.14.5	to_array/weather_sept_85	16201.0	Merge pull request #514 from ahxxm/unroll-scalar-fill
2026-02-27	6e38489bfadb	v2.14.5	deserialize/weather_sept_85	1320.8	Merge pull request #514 from ahxxm/unroll-scalar-fill
2026-03-09	b4a7332a9603		or_successive/census1881	3093.6	Merge pull request #518 from anacrolix/bsi-uuid-fix
2026-03-09	b4a7332a9603		and_successive/census1881	46.4	Merge pull request #518 from anacrolix/bsi-uuid-fix
2026-03-09	b4a7332a9603		and_cardinality/census1881	32.5	Merge pull request #518 from anacrolix/bsi-uuid-fix
2026-03-09	b4a7332a9603		fast_or/census1881	5113.7	Merge pull request #518 from anacrolix/bsi-uuid-fix
2026-03-09	b4a7332a9603		contains/census1881	6162.6	Merge pull request #518 from anacrolix/bsi-uuid-fix
2026-03-09	b4a7332a9603		iterate/census1881	3733.3	Merge pull request #518 from anacrolix/bsi-uuid-fix
2026-03-09	b4a7332a9603		iterate_many/census1881	472.1	Merge pull request #518 from anacrolix/bsi-uuid-fix
2026-03-09	b4a7332a9603		to_array/census1881	839.0	Merge pull request #518 from anacrolix/bsi-uuid-fix
2026-03-09	b4a7332a9603		deserialize/census1881	309.3	Merge pull request #518 from anacrolix/bsi-uuid-fix
2026-03-09	b4a7332a9603		or_successive/census-income	2351.4	Merge pull request #518 from anacrolix/bsi-uuid-fix
2026-03-09	b4a7332a9603		and_successive/census-income	2183.7	Merge pull request #518 from anacrolix/bsi-uuid-fix
2026-03-09	b4a7332a9603		and_cardinality/census-income	1467.7	Merge pull request #518 from anacrolix/bsi-uuid-fix
2026-03-09	b4a7332a9603		fast_or/census-income	1055.1	Merge pull request #518 from anacrolix/bsi-uuid-fix
2026-03-09	b4a7332a9603		contains/census-income	16001.3	Merge pull request #518 from anacrolix/bsi-uuid-fix
2026-03-09	b4a7332a9603		iterate/census-income	33128.3	Merge pull request #518 from anacrolix/bsi-uuid-fix
2026-03-09	b4a7332a9603		iterate_many/census-income	8054.4	Merge pull request #518 from anacrolix/bsi-uuid-fix
2026-03-09	b4a7332a9603		to_array/census-income	7634.8	Merge pull request #518 from anacrolix/bsi-uuid-fix
2026-03-09	b4a7332a9603		deserialize/census-income	451.8	Merge pull request #518 from anacrolix/bsi-uuid-fix
2026-03-09	b4a7332a9603		or_successive/weather_sept_85	8607.7	Merge pull request #518 from anacrolix/bsi-uuid-fix
2026-03-09	b4a7332a9603		and_successive/weather_sept_85	7524.9	Merge pull request #518 from anacrolix/bsi-uuid-fix
2026-03-09	b4a7332a9603		and_cardinality/weather_sept_85	6628.4	Merge pull request #518 from anacrolix/bsi-uuid-fix
2026-03-09	b4a7332a9603		fast_or/weather_sept_85	2001.6	Merge pull request #518 from anacrolix/bsi-uuid-fix
2026-03-09	b4a7332a9603		contains/weather_sept_85	19410.3	Merge pull request #518 from anacrolix/bsi-uuid-fix
2026-03-09	b4a7332a9603		iterate/weather_sept_85	64257.4	Merge pull request #518 from anacrolix/bsi-uuid-fix
2026-03-09	b4a7332a9603		iterate_many/weather_sept_85	16754.2	Merge pull request #518 from anacrolix/bsi-uuid-fix
2026-03-09	b4a7332a9603		to_array/weather_sept_85	15541.2	Merge pull request #518 from anacrolix/bsi-uuid-fix
2026-03-09	b4a7332a9603		deserialize/weather_sept_85	1183.5	Merge pull request #518 from anacrolix/bsi-uuid-fix
2026-03-09	60bc5504def9		or_successive/census1881	3091.0	Merge pull request #515 from anacrolix/bsi-clearvalues-serial
2026-03-09	60bc5504def9		and_successive/census1881	48.2	Merge pull request #515 from anacrolix/bsi-clearvalues-serial
2026-03-09	60bc5504def9		and_cardinality/census1881	31.9	Merge pull request #515 from anacrolix/bsi-clearvalues-serial
2026-03-09	60bc5504def9		fast_or/census1881	5027.5	Merge pull request #515 from anacrolix/bsi-clearvalues-serial
2026-03-09	60bc5504def9		contains/census1881	6191.4	Merge pull request #515 from anacrolix/bsi-clearvalues-serial
2026-03-09	60bc5504def9		iterate/census1881	3672.0	Merge pull request #515 from anacrolix/bsi-clearvalues-serial
2026-03-09	60bc5504def9		iterate_many/census1881	504.7	Merge pull request #515 from anacrolix/bsi-clearvalues-serial
2026-03-09	60bc5504def9		to_array/census1881	898.9	Merge pull request #515 from anacrolix/bsi-clearvalues-serial
2026-03-09	60bc5504def9		deserialize/census1881	377.1	Merge pull request #515 from anacrolix/bsi-clearvalues-serial
2026-03-09	60bc5504def9		or_successive/census-income	2251.2	Merge pull request #515 from anacrolix/bsi-clearvalues-serial
2026-03-09	60bc5504def9		and_successive/census-income	2249.9	Merge pull request #515 from anacrolix/bsi-clearvalues-serial
2026-03-09	60bc5504def9		and_cardinality/census-income	1469.5	Merge pull request #515 from anacrolix/bsi-clearvalues-serial
2026-03-09	60bc5504def9		fast_or/census-income	1047.1	Merge pull request #515 from anacrolix/bsi-clearvalues-serial
2026-03-09	60bc5504def9		contains/census-income	16086.4	Merge pull request #515 from anacrolix/bsi-clearvalues-serial
2026-03-09	60bc5504def9		iterate/census-income	33266.4	Merge pull request #515 from anacrolix/bsi-clearvalues-serial
2026-03-09	60bc5504def9		iterate_many/census-income	8398.3	Merge pull request #515 from anacrolix/bsi-clearvalues-serial
2026-03-09	60bc5504def9		to_array/census-income	7588.6	Merge pull request #515 from anacrolix/bsi-clearvalues-serial
2026-03-09	60bc5504def9		deserialize/census-income	439.0	Merge pull request #515 from anacrolix/bsi-clearvalues-serial
2026-03-09	60bc5504def9		or_successive/weather_sept_85	8543.1	Merge pull request #515 from anacrolix/bsi-clearvalues-serial
2026-03-09	60bc5504def9		and_successive/weather_sept_85	7418.9	Merge pull request #515 from anacrolix/bsi-clearvalues-serial
2026-03-09	60bc5504def9		and_cardinality/weather_sept_85	6621.0	Merge pull request #515 from anacrolix/bsi-clearvalues-serial
2026-03-09	60bc5504def9		fast_or/weather_sept_85	2010.3	Merge pull request #515 from anacrolix/bsi-clearvalues-serial
2026-03-09	60bc5504def9		contains/weather_sept_85	19424.8	Merge pull request #515 from anacrolix/bsi-clearvalues-serial
2026-03-09	60bc5504def9		iterate/weather_sept_85	64387.8	Merge pull request #515 from anacrolix/bsi-clearvalues-serial
2026-03-09	60bc5504def9		iterate_many/weather_sept_85	16515.8	Merge pull request #515 from anacrolix/bsi-clearvalues-serial
2026-03-09	60bc5504def9		to_array/weather_sept_85	16779.4	Merge pull request #515 from anacrolix/bsi-clearvalues-serial
2026-03-09	60bc5504def9		deserialize/weather_sept_85	1233.8	Merge pull request #515 from anacrolix/bsi-clearvalues-serial
2026-03-09	aa431fd52442		or_successive/census1881	3066.2	Merge pull request #513 from DhruvilK7/rankrange
2026-03-09	aa431fd52442		and_successive/census1881	41.3	Merge pull request #513 from DhruvilK7/rankrange
2026-03-09	aa431fd52442		and_cardinality/census1881	32.3	Merge pull request #513 from DhruvilK7/rankrange
2026-03-09	aa431fd52442		fast_or/census1881	5178.9	Merge pull request #513 from DhruvilK7/rankrange
2026-03-09	aa431fd52442		contains/census1881	6174.7	Merge pull request #513 from DhruvilK7/rankrange
2026-03-09	aa431fd52442		iterate/census1881	3645.2	Merge pull request #513 from DhruvilK7/rankrange
2026-03-09	aa431fd52442		iterate_many/census1881	476.6	Merge pull request #513 from DhruvilK7/rankrange
2026-03-09	aa431fd52442		to_array/census1881	867.5	Merge pull request #513 from DhruvilK7/rankrange
2026-03-09	aa431fd52442		deserialize/census1881	391.9	Merge pull request #513 from DhruvilK7/rankrange
2026-03-09	aa431fd52442		or_successive/census-income	2309.1	Merge pull request #513 from DhruvilK7/rankrange
2026-03-09	aa431fd52442		and_successive/census-income	2227.9	Merge pull request #513 from DhruvilK7/rankrange
2026-03-09	aa431fd52442		and_cardinality/census-income	1469.0	Merge pull request #513 from DhruvilK7/rankrange
2026-03-09	aa431fd52442		fast_or/census-income	1057.2	Merge pull request #513 from DhruvilK7/rankrange
2026-03-09	aa431fd52442		contains/census-income	16101.2	Merge pull request #513 from DhruvilK7/rankrange
2026-03-09	aa431fd52442		iterate/census-income	33002.6	Merge pull request #513 from DhruvilK7/rankrange
2026-03-09	aa431fd52442		iterate_many/census-income	8104.8	Merge pull request #513 from DhruvilK7/rankrange
2026-03-09	aa431fd52442		to_array/census-income	7346.1	Merge pull request #513 from DhruvilK7/rankrange
2026-03-09	aa431fd52442		deserialize/census-income	374.6	Merge pull request #513 from DhruvilK7/rankrange
2026-03-09	aa431fd52442		or_successive/weather_sept_85	8753.2	Merge pull request #513 from DhruvilK7/rankrange
2026-03-09	aa431fd52442		and_successive/weather_sept_85	7430.8	Merge pull request #513 from DhruvilK7/rankrange
2026-03-09	aa431fd52442		and_cardinality/weather_sept_85	6645.4	Merge pull request #513 from DhruvilK7/rankrange
2026-03-09	aa431fd52442		fast_or/weather_sept_85	2011.7	Merge pull request #513 from DhruvilK7/rankrange
2026-03-09	aa431fd52442		contains/weather_sept_85	19415.2	Merge pull request #513 from DhruvilK7/rankrange
2026-03-09	aa431fd52442		iterate/weather_sept_85	64686.2	Merge pull request #513 from DhruvilK7/rankrange
2026-03-09	aa431fd52442		iterate_many/weather_sept_85	16699.3	Merge pull request #513 from DhruvilK7/rankrange
2026-03-09	aa431fd52442		to_array/weather_sept_85	16611.8	Merge pull request #513 from DhruvilK7/rankrange
2026-03-09	aa431fd52442		deserialize/weather_sept_85	1297.7	Merge pull request #513 from DhruvilK7/rankrange
2026-03-09	c92e658d5603		or_successive/census1881	3073.6	Merge pull request #505 from RoaringBitmap/simplify_checksum
2026-03-09	c92e658d5603		and_successive/census1881	42.1	Merge pull request #505 from RoaringBitmap/simplify_checksum
2026-03-09	c92e658d5603		and_cardinality/census1881	26.0	Merge pull request #505 from RoaringBitmap/simplify_checksum
2026-03-09	c92e658d5603		fast_or/census1881	5004.5	Merge pull request #505 from RoaringBitmap/simplify_checksum
2026-03-09	c92e658d5603		contains/census1881	6166.3	Merge pull request #505 from RoaringBitmap/simplify_checksum
2026-03-09	c92e658d5603		iterate/census1881	3691.8	Merge pull request #505 from RoaringBitmap/simplify_checksum
2026-03-09	c92e658d5603		iterate_many/census1881	478.6	Merge pull request #505 from RoaringBitmap/simplify_checksum
2026-03-09	c92e658d5603		to_array/census1881	824.7	Merge pull request #505 from RoaringBitmap/simplify_checksum
2026-03-09	c92e658d5603		deserialize/census1881	394.7	Merge pull request #505 from RoaringBitmap/simplify_checksum
2026-03-09	c92e658d5603		or_successive/census-income	2286.9	Merge pull request #505 from RoaringBitmap/simplify_checksum
2026-03-09	c92e658d5603		and_successive/census-income	2210.3	Merge pull request #505 from RoaringBitmap/simplify_checksum
2026-03-09	c92e658d5603		and_cardinality/census-income	1467.8	Merge pull request #505 from RoaringBitmap/simplify_checksum
2026-03-09	c92e658d5603		fast_or/census-income	1033.7	Merge pull request #505 from RoaringBitmap/simplify_checksum
2026-03-09	c92e658d5603		contains/census-income	16015.6	Merge pull request #505 from RoaringBitmap/simplify_checksum
2026-03-09	c92e658d5603		iterate/census-income	33305.9	Merge pull request #505 from RoaringBitmap/simplify_checksum
2026-03-09	c92e658d5603		iterate_many/census-income	8129.1	Merge pull request #505 from RoaringBitmap/simplify_checksum
2026-03-09	c92e658d5603		to_array/census-income	7550.8	Merge pull request #505 from RoaringBitmap/simplify_checksum
2026-03-09	c92e658d5603		deserialize/census-income	372.6	Merge pull request #505 from RoaringBitmap/simplify_checksum
2026-03-09	c92e658d5603		or_successive/weather_sept_85	8413.0	Merge pull request #505 from RoaringBitmap/simplify_checksum
2026-03-09	c92e658d5603		and_successive/weather_sept_85	7449.9	Merge pull request #505 from RoaringBitmap/simplify_checksum
2026-03-09	c92e658d5603		and_cardinality/weather_sept_85	6644.2	Merge pull request #505 from RoaringBitmap/simplify_checksum
2026-03-09	c92e658d5603		fast_or/weather_sept_85	1986.1	Merge pull request #505 from RoaringBitmap/simplify_checksum
2026-03-09	c92e658d5603		contains/weather_sept_85	19373.8	Merge pull request #505 from RoaringBitmap/simplify_checksum
2026-03-09	c92e658d5603		iterate/weather_sept_85	63434.0	Merge pull request #505 from RoaringBitmap/simplify_checksum
2026-03-09	c92e658d5603		iterate_many/weather_sept_85	16803.6	Merge pull request #505 from RoaringBitmap/simplify_checksum
2026-03-09	c92e658d5603		to_array/weather_sept_85	17601.8	Merge pull request #505 from RoaringBitmap/simplify_checksum
2026-03-09	c92e658d5603		deserialize/weather_sept_85	1331.2	Merge pull request #505 from RoaringBitmap/simplify_checksum
2026-03-09	584d5999abe0		or_successive/census1881	3154.6	Merge pull request #516 from anacrolix/bsi-frombitmaps
2026-03-09	584d5999abe0		and_successive/census1881	42.7	Merge pull request #516 from anacrolix/bsi-frombitmaps
2026-03-09	584d5999abe0		and_cardinality/census1881	30.7	Merge pull request #516 from anacrolix/bsi-frombitmaps
2026-03-09	584d5999abe0		fast_or/census1881	5021.2	Merge pull request #516 from anacrolix/bsi-frombitmaps
2026-03-09	584d5999abe0		contains/census1881	6219.0	Merge pull request #516 from anacrolix/bsi-frombitmaps
2026-03-09	584d5999abe0		iterate/census1881	3663.8	Merge pull request #516 from anacrolix/bsi-frombitmaps
2026-03-09	584d5999abe0		iterate_many/census1881	473.1	Merge pull request #516 from anacrolix/bsi-frombitmaps
2026-03-09	584d5999abe0		to_array/census1881	820.4	Merge pull request #516 from anacrolix/bsi-frombitmaps
2026-03-09	584d5999abe0		deserialize/census1881	395.2	Merge pull request #516 from anacrolix/bsi-frombitmaps
2026-03-09	584d5999abe0		or_successive/census-income	2258.3	Merge pull request #516 from anacrolix/bsi-frombitmaps
2026-03-09	584d5999abe0		and_successive/census-income	2220.2	Merge pull request #516 from anacrolix/bsi-frombitmaps
2026-03-09	584d5999abe0		and_cardinality/census-income	1471.3	Merge pull request #516 from anacrolix/bsi-frombitmaps
2026-03-09	584d5999abe0		fast_or/census-income	1077.7	Merge pull request #516 from anacrolix/bsi-frombitmaps
2026-03-09	584d5999abe0		contains/census-income	16053.0	Merge pull request #516 from anacrolix/bsi-frombitmaps
2026-03-09	584d5999abe0		iterate/census-income	33408.8	Merge pull request #516 from anacrolix/bsi-frombitmaps
2026-03-09	584d5999abe0		iterate_many/census-income	8072.2	Merge pull request #516 from anacrolix/bsi-frombitmaps
2026-03-09	584d5999abe0		to_array/census-income	7388.7	Merge pull request #516 from anacrolix/bsi-frombitmaps
2026-03-09	584d5999abe0		deserialize/census-income	400.8	Merge pull request #516 from anacrolix/bsi-frombitmaps
2026-03-09	584d5999abe0		or_successive/weather_sept_85	8653.5	Merge pull request #516 from anacrolix/bsi-frombitmaps
2026-03-09	584d5999abe0		and_successive/weather_sept_85	7462.3	Merge pull request #516 from anacrolix/bsi-frombitmaps
2026-03-09	584d5999abe0		and_cardinality/weather_sept_85	6645.0	Merge pull request #516 from anacrolix/bsi-frombitmaps
2026-03-09	584d5999abe0		fast_or/weather_sept_85	1986.7	Merge pull request #516 from anacrolix/bsi-frombitmaps
2026-03-09	584d5999abe0		contains/weather_sept_85	19386.8	Merge pull request #516 from anacrolix/bsi-frombitmaps
2026-03-09	584d5999abe0		iterate/weather_sept_85	64435.2	Merge pull request #516 from anacrolix/bsi-frombitmaps
2026-03-09	584d5999abe0		iterate_many/weather_sept_85	16905.3	Merge pull request #516 from anacrolix/bsi-frombitmaps
2026-03-09	584d5999abe0		to_array/weather_sept_85	15455.1	Merge pull request #516 from anacrolix/bsi-frombitmaps
2026-03-09	584d5999abe0		deserialize/weather_sept_85	1311.6	Merge pull request #516 from anacrolix/bsi-frombitmaps
2026-03-09	3a8d6b513adc		or_successive/census1881	3175.2	Merge pull request #517 from anacrolix/bsi-retain
2026-03-09	3a8d6b513adc		and_successive/census1881	52.1	Merge pull request #517 from anacrolix/bsi-retain
2026-03-09	3a8d6b513adc		and_cardinality/census1881	27.1	Merge pull request #517 from anacrolix/bsi-retain
2026-03-09	3a8d6b513adc		fast_or/census1881	5007.1	Merge pull request #517 from anacrolix/bsi-retain
2026-03-09	3a8d6b513adc		contains/census1881	6218.6	Merge pull request #517 from anacrolix/bsi-retain
2026-03-09	3a8d6b513adc		iterate/census1881	3677.2	Merge pull request #517 from anacrolix/bsi-retain
2026-03-09	3a8d6b513adc		iterate_many/census1881	479.2	Merge pull request #517 from anacrolix/bsi-retain
2026-03-09	3a8d6b513adc		to_array/census1881	847.4	Merge pull request #517 from anacrolix/bsi-retain
2026-03-09	3a8d6b513adc		deserialize/census1881	353.5	Merge pull request #517 from anacrolix/bsi-retain
2026-03-09	3a8d6b513adc		or_successive/census-income	2262.0	Merge pull request #517 from anacrolix/bsi-retain
2026-03-09	3a8d6b513adc		and_successive/census-income	2229.2	Merge pull request #517 from anacrolix/bsi-retain
2026-03-09	3a8d6b513adc		and_cardinality/census-income	1468.9	Merge pull request #517 from anacrolix/bsi-retain
2026-03-09	3a8d6b513adc		fast_or/census-income	1047.3	Merge pull request #517 from anacrolix/bsi-retain
2026-03-09	3a8d6b513adc		contains/census-income	16087.4	Merge pull request #517 from anacrolix/bsi-retain
2026-03-09	3a8d6b513adc		iterate/census-income	32904.1	Merge pull request #517 from anacrolix/bsi-retain
2026-03-09	3a8d6b513adc		iterate_many/census-income	8121.6	Merge pull request #517 from anacrolix/bsi-retain
2026-03-09	3a8d6b513adc		to_array/census-income	7365.9	Merge pull request #517 from anacrolix/bsi-retain
2026-03-09	3a8d6b513adc		deserialize/census-income	385.0	Merge pull request #517 from anacrolix/bsi-retain
2026-03-09	3a8d6b513adc		or_successive/weather_sept_85	8740.6	Merge pull request #517 from anacrolix/bsi-retain
2026-03-09	3a8d6b513adc		and_successive/weather_sept_85	7612.6	Merge pull request #517 from anacrolix/bsi-retain
2026-03-09	3a8d6b513adc		and_cardinality/weather_sept_85	6613.4	Merge pull request #517 from anacrolix/bsi-retain
2026-03-09	3a8d6b513adc		fast_or/weather_sept_85	1990.1	Merge pull request #517 from anacrolix/bsi-retain
2026-03-09	3a8d6b513adc		contains/weather_sept_85	19404.4	Merge pull request #517 from anacrolix/bsi-retain
2026-03-09	3a8d6b513adc		iterate/weather_sept_85	64250.2	Merge pull request #517 from anacrolix/bsi-retain
2026-03-09	3a8d6b513adc		iterate_many/weather_sept_85	16760.9	Merge pull request #517 from anacrolix/bsi-retain
2026-03-09	3a8d6b513adc		to_array/weather_sept_85	16838.6	Merge pull request #517 from anacrolix/bsi-retain
2026-03-09	3a8d6b513adc		deserialize/weather_sept_85	1376.7	Merge pull request #517 from anacrolix/bsi-retain
2026-03-09	0dfbcec124ce	v2.15.0	or_successive/census1881	3140.2	removing unnecessary unconvert
2026-03-09	0dfbcec124ce	v2.15.0	and_successive/census1881	45.5	removing unnecessary unconvert
2026-03-09	0dfbcec124ce	v2.15.0	and_cardinality/census1881	36.6	removing unnecessary unconvert
2026-03-09	0dfbcec124ce	v2.15.0	fast_or/census1881	5100.5	removing unnecessary unconvert
2026-03-09	0dfbcec124ce	v2.15.0	contains/census1881	6137.0	removing unnecessary unconvert
2026-03-09	0dfbcec124ce	v2.15.0	iterate/census1881	3689.0	removing unnecessary unconvert
2026-03-09	0dfbcec124ce	v2.15.0	iterate_many/census1881	476.0	removing unnecessary unconvert
2026-03-09	0dfbcec124ce	v2.15.0	to_array/census1881	852.3	removing unnecessary unconvert
2026-03-09	0dfbcec124ce	v2.15.0	deserialize/census1881	322.1	removing unnecessary unconvert
2026-03-09	0dfbcec124ce	v2.15.0	or_successive/census-income	2254.1	removing unnecessary unconvert
2026-03-09	0dfbcec124ce	v2.15.0	and_successive/census-income	2230.6	removing unnecessary unconvert
2026-03-09	0dfbcec124ce	v2.15.0	and_cardinality/census-income	1471.0	removing unnecessary unconvert
2026-03-09	0dfbcec124ce	v2.15.0	fast_or/census-income	1070.5	removing unnecessary unconvert
2026-03-09	0dfbcec124ce	v2.15.0	contains/census-income	16009.1	removing unnecessary unconvert
2026-03-09	0dfbcec124ce	v2.15.0	iterate/census-income	33189.6	removing unnecessary unconvert
2026-03-09	0dfbcec124ce	v2.15.0	iterate_many/census-income	8041.9	removing unnecessary unconvert
2026-03-09	0dfbcec124ce	v2.15.0	to_array/census-income	7608.2	removing unnecessary unconvert
2026-03-09	0dfbcec124ce	v2.15.0	deserialize/census-income	421.9	removing unnecessary unconvert
2026-03-09	0dfbcec124ce	v2.15.0	or_successive/weather_sept_85	8616.0	removing unnecessary unconvert
2026-03-09	0dfbcec124ce	v2.15.0	and_successive/weather_sept_85	7458.1	removing unnecessary unconvert
2026-03-09	0dfbcec124ce	v2.15.0	and_cardinality/weather_sept_85	6625.4	removing unnecessary unconvert
2026-03-09	0dfbcec124ce	v2.15.0	fast_or/weather_sept_85	2020.8	removing unnecessary unconvert
2026-03-09	0dfbcec124ce	v2.15.0	contains/weather_sept_85	19458.5	removing unnecessary unconvert
2026-03-09	0dfbcec124ce	v2.15.0	iterate/weather_sept_85	64103.1	removing unnecessary unconvert
2026-03-09	0dfbcec124ce	v2.15.0	iterate_many/weather_sept_85	16756.2	removing unnecessary unconvert
2026-03-09	0dfbcec124ce	v2.15.0	to_array/weather_sept_85	17511.6	removing unnecessary unconvert
2026-03-09	0dfbcec124ce	v2.15.0	deserialize/weather_sept_85	1306.6	removing unnecessary unconvert
2026-03-19	8923a7410f15	v2.16.0	or_successive/census1881	3105.6	Merge pull request #519 from AskAlexSharov/64_stack_iter
2026-03-19	8923a7410f15	v2.16.0	and_successive/census1881	49.5	Merge pull request #519 from AskAlexSharov/64_stack_iter
2026-03-19	8923a7410f15	v2.16.0	and_cardinality/census1881	27.7	Merge pull request #519 from AskAlexSharov/64_stack_iter
2026-03-19	8923a7410f15	v2.16.0	fast_or/census1881	5027.8	Merge pull request #519 from AskAlexSharov/64_stack_iter
2026-03-19	8923a7410f15	v2.16.0	contains/census1881	6143.6	Merge pull request #519 from AskAlexSharov/64_stack_iter
2026-03-19	8923a7410f15	v2.16.0	iterate/census1881	3703.8	Merge pull request #519 from AskAlexSharov/64_stack_iter
2026-03-19	8923a7410f15	v2.16.0	iterate_many/census1881	480.9	Merge pull request #519 from AskAlexSharov/64_stack_iter
2026-03-19	8923a7410f15	v2.16.0	to_array/census1881	824.8	Merge pull request #519 from AskAlexSharov/64_stack_iter
2026-03-19	8923a7410f15	v2.16.0	deserialize/census1881	379.0	Merge pull request #519 from AskAlexSharov/64_stack_iter
2026-03-19	8923a7410f15	v2.16.0	or_successive/census-income	2258.1	Merge pull request #519 from AskAlexSharov/64_stack_iter
2026-03-19	8923a7410f15	v2.16.0	and_successive/census-income	2171.0	Merge pull request #519 from AskAlexSharov/64_stack_iter
2026-03-19	8923a7410f15	v2.16.0	and_cardinality/census-income	1474.2	Merge pull request #519 from AskAlexSharov/64_stack_iter
2026-03-19	8923a7410f15	v2.16.0	fast_or/census-income	1030.4	Merge pull request #519 from AskAlexSharov/64_stack_iter
2026-03-19	8923a7410f15	v2.16.0	contains/census-income	16080.8	Merge pull request #519 from AskAlexSharov/64_stack_iter
2026-03-19	8923a7410f15	v2.16.0	iterate/census-income	33604.1	Merge pull request #519 from AskAlexSharov/64_stack_iter
2026-03-19	8923a7410f15	v2.16.0	iterate_many/census-income	8294.9	Merge pull request #519 from AskAlexSharov/64_stack_iter
2026-03-19	8923a7410f15	v2.16.0	to_array/census-income	7405.4	Merge pull request #519 from AskAlexSharov/64_stack_iter
2026-03-19	8923a7410f15	v2.16.0	deserialize/census-income	401.5	Merge pull request #519 from AskAlexSharov/64_stack_iter
2026-03-19	8923a7410f15	v2.16.0	or_successive/weather_sept_85	8785.0	Merge pull request #519 from AskAlexSharov/64_stack_iter
2026-03-19	8923a7410f15	v2.16.0	and_successive/weather_sept_85	7471.8	Merge pull request #519 from AskAlexSharov/64_stack_iter
2026-03-19	8923a7410f15	v2.16.0	and_cardinality/weather_sept_85	6647.7	Merge pull request #519 from AskAlexSharov/64_stack_iter
2026-03-19	8923a7410f15	v2.16.0	fast_or/weather_sept_85	2005.9	Merge pull request #519 from AskAlexSharov/64_stack_iter
2026-03-19	8923a7410f15	v2.16.0	contains/weather_sept_85	19431.6	Merge pull request #519 from AskAlexSharov/64_stack_iter
2026-03-19	8923a7410f15	v2.16.0	iterate/weather_sept_85	63261.2	Merge pull request #519 from AskAlexSharov/64_stack_iter
2026-03-19	8923a7410f15	v2.16.0	iterate_many/weather_sept_85	16989.9	Merge pull request #519 from AskAlexSharov/64_stack_iter
2026-03-19	8923a7410f15	v2.16.0	to_array/weather_sept_85	16052.0	Merge pull request #519 from AskAlexSharov/64_stack_iter
2026-03-19	8923a7410f15	v2.16.0	deserialize/weather_sept_85	1311.6	Merge pull request #519 from AskAlexSharov/64_stack_iter
2026-04-10	23df12f1d941	v2.16.1	or_successive/census1881	3120.6	Merge pull request #521 from e2b-dev/fix-cardinality-in-range-gap
2026-04-10	23df12f1d941	v2.16.1	and_successive/census1881	39.0	Merge pull request #521 from e2b-dev/fix-cardinality-in-range-gap
2026-04-10	23df12f1d941	v2.16.1	and_cardinality/census1881	31.8	Merge pull request #521 from e2b-dev/fix-cardinality-in-range-gap
2026-04-10	23df12f1d941	v2.16.1	fast_or/census1881	5044.5	Merge pull request #521 from e2b-dev/fix-cardinality-in-range-gap
2026-04-10	23df12f1d941	v2.16.1	contains/census1881	6200.4	Merge pull request #521 from e2b-dev/fix-cardinality-in-range-gap
2026-04-10	23df12f1d941	v2.16.1	iterate/census1881	3713.3	Merge pull request #521 from e2b-dev/fix-cardinality-in-range-gap
2026-04-10	23df12f1d941	v2.16.1	iterate_many/census1881	474.4	Merge pull request #521 from e2b-dev/fix-cardinality-in-range-gap
2026-04-10	23df12f1d941	v2.16.1	to_array/census1881	832.9	Merge pull request #521 from e2b-dev/fix-cardinality-in-range-gap
2026-04-10	23df12f1d941	v2.16.1	deserialize/census1881	380.7	Merge pull request #521 from e2b-dev/fix-cardinality-in-range-gap
2026-04-10	23df12f1d941	v2.16.1	or_successive/census-income	2207.4	Merge pull request #521 from e2b-dev/fix-cardinality-in-range-gap
2026-04-10	23df12f1d941	v2.16.1	and_successive/census-income	2148.0	Merge pull request #521 from e2b-dev/fix-cardinality-in-range-gap
2026-04-10	23df12f1d941	v2.16.1	and_cardinality/census-income	1456.0	Merge pull request #521 from e2b-dev/fix-cardinality-in-range-gap
2026-04-10	23df12f1d941	v2.16.1	fast_or/census-income	1041.0	Merge pull request #521 from e2b-dev/fix-cardinality-in-range-gap
2026-04-10	23df12f1d941	v2.16.1	contains/census-income	16081.1	Merge pull request #521 from e2b-dev/fix-cardinality-in-range-gap
2026-04-10	23df12f1d941	v2.16.1	iterate/census-income	32875.0	Merge pull request #521 from e2b-dev/fix-cardinality-in-range-gap
2026-04-10	23df12f1d941	v2.16.1	iterate_many/census-income	8055.2	Merge pull request #521 from e2b-dev/fix-cardinality-in-range-gap
2026-04-10	23df12f1d941	v2.16.1	to_array/census-income	7607.0	Merge pull request #521 from e2b-dev/fix-cardinality-in-range-gap
2026-04-10	23df12f1d941	v2.16.1	deserialize/census-income	371.4	Merge pull request #521 from e2b-dev/fix-cardinality-in-range-gap
2026-04-10	23df12f1d941	v2.16.1	or_successive/weather_sept_85	8680.4	Merge pull request #521 from e2b-dev/fix-cardinality-in-range-gap
2026-04-10	23df12f1d941	v2.16.1	and_successive/weather_sept_85	7436.8	Merge pull request #521 from e2b-dev/fix-cardinality-in-range-gap
2026-04-10	23df12f1d941	v2.16.1	and_cardinality/weather_sept_85	6631.4	Merge pull request #521 from e2b-dev/fix-cardinality-in-range-gap
2026-04-10	23df12f1d941	v2.16.1	fast_or/weather_sept_85	2014.7	Merge pull request #521 from e2b-dev/fix-cardinality-in-range-gap
2026-04-10	23df12f1d941	v2.16.1	contains/weather_sept_85	19406.8	Merge pull request #521 from e2b-dev/fix-cardinality-in-range-gap
2026-04-10	23df12f1d941	v2.16.1	iterate/weather_sept_85	64822.0	Merge pull request #521 from e2b-dev/fix-cardinality-in-range-gap
2026-04-10	23df12f1d941	v2.16.1	iterate_many/weather_sept_85	16772.8	Merge pull request #521 from e2b-dev/fix-cardinality-in-range-gap
2026-04-10	23df12f1d941	v2.16.1	to_array/weather_sept_85	16645.9	Merge pull request #521 from e2b-dev/fix-cardinality-in-range-gap
2026-04-10	23df12f1d941	v2.16.1	deserialize/weather_sept_85	1227.6	Merge pull request #521 from e2b-dev/fix-cardinality-in-range-gap
2026-04-10	286ea05c357e	v2.16.2	or_successive/census1881	3072.1	Merge pull request #523 from e2b-dev/fix-flaky-test-range-big
2026-04-10	286ea05c357e	v2.16.2	and_successive/census1881	42.3	Merge pull request #523 from e2b-dev/fix-flaky-test-range-big
2026-04-10	286ea05c357e	v2.16.2	and_cardinality/census1881	25.7	Merge pull request #523 from e2b-dev/fix-flaky-test-range-big
2026-04-10	286ea05c357e	v2.16.2	fast_or/census1881	5025.1	Merge pull request #523 from e2b-dev/fix-flaky-test-range-big
2026-04-10	286ea05c357e	v2.16.2	contains/census1881	6257.0	Merge pull request #523 from e2b-dev/fix-flaky-test-range-big
2026-04-10	286ea05c357e	v2.16.2	iterate/census1881	3722.2	Merge pull request #523 from e2b-dev/fix-flaky-test-range-big
2026-04-10	286ea05c357e	v2.16.2	iterate_many/census1881	470.0	Merge pull request #523 from e2b-dev/fix-flaky-test-range-big
2026-04-10	286ea05c357e	v2.16.2	to_array/census1881	898.9	Merge pull request #523 from e2b-dev/fix-flaky-test-range-big
2026-04-10	286ea05c357e	v2.16.2	deserialize/census1881	350.1	Merge pull request #523 from e2b-dev/fix-flaky-test-range-big
2026-04-10	286ea05c357e	v2.16.2	or_successive/census-income	2309.7	Merge pull request #523 from e2b-dev/fix-flaky-test-range-big
2026-04-10	286ea05c357e	v2.16.2	and_successive/census-income	2189.9	Merge pull request #523 from e2b-dev/fix-flaky-test-range-big
2026-04-10	286ea05c357e	v2.16.2	and_cardinality/census-income	1470.1	Merge pull request #523 from e2b-dev/fix-flaky-test-range-big
2026-04-10	286ea05c357e	v2.16.2	fast_or/census-income	1054.1	Merge pull request #523 from e2b-dev/fix-flaky-test-range-big
2026-04-10	286ea05c357e	v2.16.2	contains/census-income	16089.5	Merge pull request #523 from e2b-dev/fix-flaky-test-range-big
2026-04-10	286ea05c357e	v2.16.2	iterate/census-income	33642.4	Merge pull request #523 from e2b-dev/fix-flaky-test-range-big
2026-04-10	286ea05c357e	v2.16.2	iterate_many/census-income	8093.9	Merge pull request #523 from e2b-dev/fix-flaky-test-range-big
2026-04-10	286ea05c357e	v2.16.2	to_array/census-income	7401.8	Merge pull request #523 from e2b-dev/fix-flaky-test-range-big
2026-04-10	286ea05c357e	v2.16.2	deserialize/census-income	385.0	Merge pull request #523 from e2b-dev/fix-flaky-test-range-big
2026-04-10	286ea05c357e	v2.16.2	or_successive/weather_sept_85	8958.0	Merge pull request #523 from e2b-dev/fix-flaky-test-range-big
2026-04-10	286ea05c357e	v2.16.2	and_successive/weather_sept_85	7587.2	Merge pull request #523 from e2b-dev/fix-flaky-test-range-big
2026-04-10	286ea05c357e	v2.16.2	and_cardinality/weather_sept_85	6628.2	Merge pull request #523 from e2b-dev/fix-flaky-test-range-big
2026-04-10	286ea05c357e	v2.16.2	fast_or/weather_sept_85	2014.3	Merge pull request #523 from e2b-dev/fix-flaky-test-range-big
2026-04-10	286ea05c357e	v2.16.2	contains/weather_sept_85	19453.3	Merge pull request #523 from e2b-dev/fix-flaky-test-range-big
2026-04-10	286ea05c357e	v2.16.2	iterate/weather_sept_85	64126.5	Merge pull request #523 from e2b-dev/fix-flaky-test-range-big
2026-04-10	286ea05c357e	v2.16.2	iterate_many/weather_sept_85	16605.2	Merge pull request #523 from e2b-dev/fix-flaky-test-range-big
2026-04-10	286ea05c357e	v2.16.2	to_array/weather_sept_85	16866.8	Merge pull request #523 from e2b-dev/fix-flaky-test-range-big
2026-04-10	286ea05c357e	v2.16.2	deserialize/weather_sept_85	1335.3	Merge pull request #523 from e2b-dev/fix-flaky-test-range-big
2026-04-12	6d1c0c87f75c	v2.17.0	or_successive/census1881	3075.6	Merge pull request #522 from e2b-dev/efficient-range-iteration
2026-04-12	6d1c0c87f75c	v2.17.0	and_successive/census1881	47.0	Merge pull request #522 from e2b-dev/efficient-range-iteration
2026-04-12	6d1c0c87f75c	v2.17.0	and_cardinality/census1881	26.7	Merge pull request #522 from e2b-dev/efficient-range-iteration
2026-04-12	6d1c0c87f75c	v2.17.0	fast_or/census1881	5043.5	Merge pull request #522 from e2b-dev/efficient-range-iteration
2026-04-12	6d1c0c87f75c	v2.17.0	contains/census1881	6213.0	Merge pull request #522 from e2b-dev/efficient-range-iteration
2026-04-12	6d1c0c87f75c	v2.17.0	iterate/census1881	3697.4	Merge pull request #522 from e2b-dev/efficient-range-iteration
2026-04-12	6d1c0c87f75c	v2.17.0	iterate_many/census1881	482.1	Merge pull request #522 from e2b-dev/efficient-range-iteration
2026-04-12	6d1c0c87f75c	v2.17.0	to_array/census1881	835.2	Merge pull request #522 from e2b-dev/efficient-range-iteration
2026-04-12	6d1c0c87f75c	v2.17.0	deserialize/census1881	389.4	Merge pull request #522 from e2b-dev/efficient-range-iteration
2026-04-12	6d1c0c87f75c	v2.17.0	or_successive/census-income	2227.3	Merge pull request #522 from e2b-dev/efficient-range-iteration
2026-04-12	6d1c0c87f75c	v2.17.0	and_successive/census-income	2235.0	Merge pull request #522 from e2b-dev/efficient-range-iteration
2026-04-12	6d1c0c87f75c	v2.17.0	and_cardinality/census-income	1463.1	Merge pull request #522 from e2b-dev/efficient-range-iteration
2026-04-12	6d1c0c87f75c	v2.17.0	fast_or/census-income	1030.1	Merge pull request #522 from e2b-dev/efficient-range-iteration
2026-04-12	6d1c0c87f75c	v2.17.0	contains/census-income	16062.3	Merge pull request #522 from e2b-dev/efficient-range-iteration
2026-04-12	6d1c0c87f75c	v2.17.0	iterate/census-income	33094.2	Merge pull request #522 from e2b-dev/efficient-range-iteration
2026-04-12	6d1c0c87f75c	v2.17.0	iterate_many/census-income	8072.7	Merge pull request #522 from e2b-dev/efficient-range-iteration
2026-04-12	6d1c0c87f75c	v2.17.0	to_array/census-income	7455.8	Merge pull request #522 from e2b-dev/efficient-range-iteration
2026-04-12	6d1c0c87f75c	v2.17.0	deserialize/census-income	356.9	Merge pull request #522 from e2b-dev/efficient-range-iteration
2026-04-12	6d1c0c87f75c	v2.17.0	or_successive/weather_sept_85	8991.7	Merge pull request #522 from e2b-dev/efficient-range-iteration
2026-04-12	6d1c0c87f75c	v2.17.0	and_successive/weather_sept_85	7465.8	Merge pull request #522 from e2b-dev/efficient-range-iteration
2026-04-12	6d1c0c87f75c	v2.17.0	and_cardinality/weather_sept_85	6645.6	Merge pull request #522 from e2b-dev/efficient-range-iteration
2026-04-12	6d1c0c87f75c	v2.17.0	fast_or/weather_sept_85	1988.2	Merge pull request #522 from e2b-dev/efficient-range-iteration
2026-04-12	6d1c0c87f75c	v2.17.0	contains/weather_sept_85	19341.2	Merge pull request #522 from e2b-dev/efficient-range-iteration
2026-04-12	6d1c0c87f75c	v2.17.0	iterate/weather_sept_85	63891.9	Merge pull request #522 from e2b-dev/efficient-range-iteration
2026-04-12	6d1c0c87f75c	v2.17.0	iterate_many/weather_sept_85	16554.3	Merge pull request #522 from e2b-dev/efficient-range-iteration
2026-04-12	6d1c0c87f75c	v2.17.0	to_array/weather_sept_85	16963.5	Merge pull request #522 from e2b-dev/efficient-range-iteration
2026-04-12	6d1c0c87f75c	v2.17.0	deserialize/weather_sept_85	1331.3	Merge pull request #522 from e2b-dev/efficient-range-iteration
2026-04-14	6d3d113bca46	v2.18.0	or_successive/census1881	3081.4	Merge pull request #524 from e2b-dev/efficient-range-iteration
2026-04-14	6d3d113bca46	v2.18.0	and_successive/census1881	44.5	Merge pull request #524 from e2b-dev/efficient-range-iteration
2026-04-14	6d3d113bca46	v2.18.0	and_cardinality/census1881	25.3	Merge pull request #524 from e2b-dev/efficient-range-iteration
2026-04-14	6d3d113bca46	v2.18.0	fast_or/census1881	4991.0	Merge pull request #524 from e2b-dev/efficient-range-iteration
2026-04-14	6d3d113bca46	v2.18.0	contains/census1881	6171.8	Merge pull request #524 from e2b-dev/efficient-range-iteration
2026-04-14	6d3d113bca46	v2.18.0	iterate/census1881	3675.4	Merge pull request #524 from e2b-dev/efficient-range-iteration
2026-04-14	6d3d113bca46	v2.18.0	iterate_many/census1881	469.9	Merge pull request #524 from e2b-dev/efficient-range-iteration
2026-04-14	6d3d113bca46	v2.18.0	to_array/census1881	983.6	Merge pull request #524 from e2b-dev/efficient-range-iteration
2026-04-14	6d3d113bca46	v2.18.0	deserialize/census1881	396.2	Merge pull request #524 from e2b-dev/efficient-range-iteration
2026-04-14	6d3d113bca46	v2.18.0	or_successive/census-income	3044.8	Merge pull request #524 from e2b-dev/efficient-range-iteration
2026-04-14	6d3d113bca46	v2.18.0	and_successive/census-income	2156.5	Merge pull request #524 from e2b-dev/efficient-range-iteration
2026-04-14	6d3d113bca46	v2.18.0	and_cardinality/census-income	1475.8	Merge pull request #524 from e2b-dev/efficient-range-iteration
2026-04-14	6d3d113bca46	v2.18.0	fast_or/census-income	1033.9	Merge pull request #524 from e2b-dev/efficient-range-iteration
2026-04-14	6d3d113bca46	v2.18.0	contains/census-income	16059.1	Merge pull request #524 from e2b-dev/efficient-range-iteration
2026-04-14	6d3d113bca46	v2.18.0	iterate/census-income	33296.8	Merge pull request #524 from e2b-dev/efficient-range-iteration
2026-04-14	6d3d113bca46	v2.18.0	iterate_many/census-income	8174.9	Merge pull request #524 from e2b-dev/efficient-range-iteration
2026-04-14	6d3d113bca46	v2.18.0	to_array/census-income	7472.4	Merge pull request #524 from e2b-dev/efficient-range-iteration
2026-04-14	6d3d113bca46	v2.18.0	deserialize/census-income	421.3	Merge pull request #524 from e2b-dev/efficient-range-iteration
2026-04-14	6d3d113bca46	v2.18.0	or_successive/weather_sept_85	8708.9	Merge pull request #524 from e2b-dev/efficient-range-iteration
2026-04-14	6d3d113bca46	v2.18.0	and_successive/weather_sept_85	7486.0	Merge pull request #524 from e2b-dev/efficient-range-iteration
2026-04-14	6d3d113bca46	v2.18.0	and_cardinality/weather_sept_85	6647.3	Merge pull request #524 from e2b-dev/efficient-range-iteration
2026-04-14	6d3d113bca46	v2.18.0	fast_or/weather_sept_85	2007.1	Merge pull request #524 from e2b-dev/efficient-range-iteration
2026-04-14	6d3d113bca46	v2.18.0	contains/weather_sept_85	19456.7	Merge pull request #524 from e2b-dev/efficient-range-iteration
2026-04-14	6d3d113bca46	v2.18.0	iterate/weather_sept_85	64367.2	Merge pull request #524 from e2b-dev/efficient-range-iteration
2026-04-14	6d3d113bca46	v2.18.0	iterate_many/weather_sept_85	16741.2	Merge pull request #524 from e2b-dev/efficient-range-iteration
2026-04-14	6d3d113bca46	v2.18.0	to_array/weather_sept_85	16897.2	Merge pull request #524 from e2b-dev/efficient-range-iteration
2026-04-14	6d3d113bca46	v2.18.0	deserialize/weather_sept_85	1270.1	Merge pull request #524 from e2b-dev/efficient-range-iteration
2026-05-23	5449c7af9b00	v2.18.1	or_successive/census1881	3128.4	Merge pull request #525 from authzed/fix-roaring64-or-cow
2026-05-23	5449c7af9b00	v2.18.1	and_successive/census1881	46.2	Merge pull request #525 from authzed/fix-roaring64-or-cow
2026-05-23	5449c7af9b00	v2.18.1	and_cardinality/census1881	29.2	Merge pull request #525 from authzed/fix-roaring64-or-cow
2026-05-23	5449c7af9b00	v2.18.1	fast_or/census1881	5020.6	Merge pull request #525 from authzed/fix-roaring64-or-cow
2026-05-23	5449c7af9b00	v2.18.1	contains/census1881	6188.9	Merge pull request #525 from authzed/fix-roaring64-or-cow
2026-05-23	5449c7af9b00	v2.18.1	iterate/census1881	3663.3	Merge pull request #525 from authzed/fix-roaring64-or-cow
2026-05-23	5449c7af9b00	v2.18.1	iterate_many/census1881	470.7	Merge pull request #525 from authzed/fix-roaring64-or-cow
2026-05-23	5449c7af9b00	v2.18.1	to_array/census1881	821.7	Merge pull request #525 from authzed/fix-roaring64-or-cow
2026-05-23	5449c7af9b00	v2.18.1	deserialize/census1881	398.4	Merge pull request #525 from authzed/fix-roaring64-or-cow
2026-05-23	5449c7af9b00	v2.18.1	or_successive/census-income	2276.0	Merge pull request #525 from authzed/fix-roaring64-or-cow
2026-05-23	5449c7af9b00	v2.18.1	and_successive/census-income	2203.2	Merge pull request #525 from authzed/fix-roaring64-or-cow
2026-05-23	5449c7af9b00	v2.18.1	and_cardinality/census-income	1459.2	Merge pull request #525 from authzed/fix-roaring64-or-cow
2026-05-23	5449c7af9b00	v2.18.1	fast_or/census-income	1051.8	Merge pull request #525 from authzed/fix-roaring64-or-cow
2026-05-23	5449c7af9b00	v2.18.1	contains/census-income	16007.3	Merge pull request #525 from authzed/fix-roaring64-or-cow
2026-05-23	5449c7af9b00	v2.18.1	iterate/census-income	33170.3	Merge pull request #525 from authzed/fix-roaring64-or-cow
2026-05-23	5449c7af9b00	v2.18.1	iterate_many/census-income	8166.6	Merge pull request #525 from authzed/fix-roaring64-or-cow
2026-05-23	5449c7af9b00	v2.18.1	to_array/census-income	7431.4	Merge pull request #525 from authzed/fix-roaring64-or-cow
2026-05-23	5449c7af9b00	v2.18.1	deserialize/census-income	403.7	Merge pull request #525 from authzed/fix-roaring64-or-cow
2026-05-23	5449c7af9b00	v2.18.1	or_successive/weather_sept_85	8785.8	Merge pull request #525 from authzed/fix-roaring64-or-cow
2026-05-23	5449c7af9b00	v2.18.1	and_successive/weather_sept_85	7479.4	Merge pull request #525 from authzed/fix-roaring64-or-cow
2026-05-23	5449c7af9b00	v2.18.1	and_cardinality/weather_sept_85	6626.2	Merge pull request #525 from authzed/fix-roaring64-or-cow
2026-05-23	5449c7af9b00	v2.18.1	fast_or/weather_sept_85	1982.2	Merge pull request #525 from authzed/fix-roaring64-or-cow
2026-05-23	5449c7af9b00	v2.18.1	contains/weather_sept_85	19442.5	Merge pull request #525 from authzed/fix-roaring64-or-cow
2026-05-23	5449c7af9b00	v2.18.1	iterate/weather_sept_85	64301.3	Merge pull request #525 from authzed/fix-roaring64-or-cow
2026-05-23	5449c7af9b00	v2.18.1	iterate_many/weather_sept_85	16682.7	Merge pull request #525 from authzed/fix-roaring64-or-cow
2026-05-23	5449c7af9b00	v2.18.1	to_array/weather_sept_85	16559.3	Merge pull request #525 from authzed/fix-roaring64-or-cow
2026-05-23	5449c7af9b00	v2.18.1	deserialize/weather_sept_85	1341.3	Merge pull request #525 from authzed/fix-roaring64-or-cow
2026-05-25	8a91e8f6b785		or_successive/census1881	3125.4	Merge pull request #526 from SAY-5/fix/bsi-sign-bit-growth
2026-05-25	8a91e8f6b785		and_successive/census1881	39.9	Merge pull request #526 from SAY-5/fix/bsi-sign-bit-growth
2026-05-25	8a91e8f6b785		and_cardinality/census1881	30.3	Merge pull request #526 from SAY-5/fix/bsi-sign-bit-growth
2026-05-25	8a91e8f6b785		fast_or/census1881	4980.5	Merge pull request #526 from SAY-5/fix/bsi-sign-bit-growth
2026-05-25	8a91e8f6b785		contains/census1881	6156.7	Merge pull request #526 from SAY-5/fix/bsi-sign-bit-growth
2026-05-25	8a91e8f6b785		iterate/census1881	3722.1	Merge pull request #526 from SAY-5/fix/bsi-sign-bit-growth
2026-05-25	8a91e8f6b785		iterate_many/census1881	471.5	Merge pull request #526 from SAY-5/fix/bsi-sign-bit-growth
2026-05-25	8a91e8f6b785		to_array/census1881	837.6	Merge pull request #526 from SAY-5/fix/bsi-sign-bit-growth
2026-05-25	8a91e8f6b785		deserialize/census1881	399.9	Merge pull request #526 from SAY-5/fix/bsi-sign-bit-growth
2026-05-25	8a91e8f6b785		or_successive/census-income	2248.2	Merge pull request #526 from SAY-5/fix/bsi-sign-bit-growth
2026-05-25	8a91e8f6b785		and_successive/census-income	2175.3	Merge pull request #526 from SAY-5/fix/bsi-sign-bit-growth
2026-05-25	8a91e8f6b785		and_cardinality/census-income	1460.8	Merge pull request #526 from SAY-5/fix/bsi-sign-bit-growth
2026-05-25	8a91e8f6b785		fast_or/census-income	1050.6	Merge pull request #526 from SAY-5/fix/bsi-sign-bit-growth
2026-05-25	8a91e8f6b785		contains/census-income	16071.6	Merge pull request #526 from SAY-5/fix/bsi-sign-bit-growth
2026-05-25	8a91e8f6b785		iterate/census-income	33163.2	Merge pull request #526 from SAY-5/fix/bsi-sign-bit-growth
2026-05-25	8a91e8f6b785		iterate_many/census-income	8073.5	Merge pull request #526 from SAY-5/fix/bsi-sign-bit-growth
2026-05-25	8a91e8f6b785		to_array/census-income	7467.9	Merge pull request #526 from SAY-5/fix/bsi-sign-bit-growth
2026-05-25	8a91e8f6b785		deserialize/census-income	385.5	Merge pull request #526 from SAY-5/fix/bsi-sign-bit-growth
2026-05-25	8a91e8f6b785		or_successive/weather_sept_85	8861.6	Merge pull request #526 from SAY-5/fix/bsi-sign-bit-growth
2026-05-25	8a91e8f6b785		and_successive/weather_sept_85	7428.0	Merge pull request #526 from SAY-5/fix/bsi-sign-bit-growth
2026-05-25	8a91e8f6b785		and_cardinality/weather_sept_85	6648.1	Merge pull request #526 from SAY-5/fix/bsi-sign-bit-growth
2026-05-25	8a91e8f6b785		fast_or/weather_sept_85	1996.7	Merge pull request #526 from SAY-5/fix/bsi-sign-bit-growth
2026-05-25	8a91e8f6b785		contains/weather_sept_85	19323.3	Merge pull request #526 from SAY-5/fix/bsi-sign-bit-growth
2026-05-25	8a91e8f6b785		iterate/weather_sept_85	64878.3	Merge pull request #526 from SAY-5/fix/bsi-sign-bit-growth
2026-05-25	8a91e8f6b785		iterate_many/weather_sept_85	16799.8	Merge pull request #526 from SAY-5/fix/bsi-sign-bit-growth
2026-05-25	8a91e8f6b785		to_array/weather_sept_85	15971.0	Merge pull request #526 from SAY-5/fix/bsi-sign-bit-growth
2026-05-25	8a91e8f6b785		deserialize/weather_sept_85	1290.7	Merge pull request #526 from SAY-5/fix/bsi-sign-bit-growth
2026-05-25	f3ceb59736b0	v2.18.2	or_successive/census1881	3110.5	Merge pull request #527 from tamirms/master
2026-05-25	f3ceb59736b0	v2.18.2	and_successive/census1881	42.4	Merge pull request #527 from tamirms/master
2026-05-25	f3ceb59736b0	v2.18.2	and_cardinality/census1881	30.1	Merge pull request #527 from tamirms/master
2026-05-25	f3ceb59736b0	v2.18.2	fast_or/census1881	3332.4	Merge pull request #527 from tamirms/master
2026-05-25	f3ceb59736b0	v2.18.2	contains/census1881	6403.6	Merge pull request #527 from tamirms/master
2026-05-25	f3ceb59736b0	v2.18.2	iterate/census1881	3210.2	Merge pull request #527 from tamirms/master
2026-05-25	f3ceb59736b0	v2.18.2	iterate_many/census1881	600.4	Merge pull request #527 from tamirms/master
2026-05-25	f3ceb59736b0	v2.18.2	to_array/census1881	854.9	Merge pull request #527 from tamirms/master
2026-05-25	f3ceb59736b0	v2.18.2	deserialize/census1881	370.2	Merge pull request #527 from tamirms/master
2026-05-25	f3ceb59736b0	v2.18.2	or_successive/census-income	2230.7	Merge pull request #527 from tamirms/master
2026-05-25	f3ceb59736b0	v2.18.2	and_successive/census-income	2200.0	Merge pull request #527 from tamirms/master
2026-05-25	f3ceb59736b0	v2.18.2	and_cardinality/census-income	1485.5	Merge pull request #527 from tamirms/master
2026-05-25	f3ceb59736b0	v2.18.2	fast_or/census-income	419.7	Merge pull request #527 from tamirms/master
2026-05-25	f3ceb59736b0	v2.18.2	contains/census-income	17863.3	Merge pull request #527 from tamirms/master
2026-05-25	f3ceb59736b0	v2.18.2	iterate/census-income	32511.5	Merge pull request #527 from tamirms/master
2026-05-25	f3ceb59736b0	v2.18.2	iterate_many/census-income	8045.6	Merge pull request #527 from tamirms/master
2026-05-25	f3ceb59736b0	v2.18.2	to_array/census-income	7601.4	Merge pull request #527 from tamirms/master
2026-05-25	f3ceb59736b0	v2.18.2	deserialize/census-income	387.4	Merge pull request #527 from tamirms/master
2026-05-25	f3ceb59736b0	v2.18.2	or_successive/weather_sept_85	8731.7	Merge pull request #527 from tamirms/master
2026-05-25	f3ceb59736b0	v2.18.2	and_successive/weather_sept_85	7573.4	Merge pull request #527 from tamirms/master
2026-05-25	f3ceb59736b0	v2.18.2	and_cardinality/weather_sept_85	6712.5	Merge pull request #527 from tamirms/master
2026-05-25	f3ceb59736b0	v2.18.2	fast_or/weather_sept_85	1951.1	Merge pull request #527 from tamirms/master
2026-05-25	f3ceb59736b0	v2.18.2	contains/weather_sept_85	21357.6	Merge pull request #527 from tamirms/master
2026-05-25	f3ceb59736b0	v2.18.2	iterate/weather_sept_85	61001.6	Merge pull request #527 from tamirms/master
2026-05-25	f3ceb59736b0	v2.18.2	iterate_many/weather_sept_85	17078.0	Merge pull request #527 from tamirms/master
2026-05-25	f3ceb59736b0	v2.18.2	to_array/weather_sept_85	17548.5	Merge pull request #527 from tamirms/master
2026-05-25	f3ceb59736b0	v2.18.2	deserialize/weather_sept_85	1367.4	Merge pull request #527 from tamirms/master
2026-06-05	4cdfeed78ce8		or_successive/census1881	3077.3	update bitset version.
2026-06-05	4cdfeed78ce8		and_successive/census1881	41.8	update bitset version.
2026-06-05	4cdfeed78ce8		and_cardinality/census1881	30.3	update bitset version.
2026-06-05	4cdfeed78ce8		fast_or/census1881	3330.6	update bitset version.
2026-06-05	4cdfeed78ce8		contains/census1881	6416.7	update bitset version.
2026-06-05	4cdfeed78ce8		iterate/census1881	3234.9	update bitset version.
2026-06-05	4cdfeed78ce8		iterate_many/census1881	599.7	update bitset version.
2026-06-05	4cdfeed78ce8		to_array/census1881	878.2	update bitset version.
2026-06-05	4cdfeed78ce8		deserialize/census1881	386.5	update bitset version.
2026-06-05	4cdfeed78ce8		or_successive/census-income	2306.3	update bitset version.
2026-06-05	4cdfeed78ce8		and_successive/census-income	2192.6	update bitset version.
2026-06-05	4cdfeed78ce8		and_cardinality/census-income	1485.6	update bitset version.
2026-06-05	4cdfeed78ce8		fast_or/census-income	424.2	update bitset version.
2026-06-05	4cdfeed78ce8		contains/census-income	17829.3	update bitset version.
2026-06-05	4cdfeed78ce8		iterate/census-income	31607.1	update bitset version.
2026-06-05	4cdfeed78ce8		iterate_many/census-income	8144.2	update bitset version.
2026-06-05	4cdfeed78ce8		to_array/census-income	7465.6	update bitset version.
2026-06-05	4cdfeed78ce8		deserialize/census-income	442.4	update bitset version.
2026-06-05	4cdfeed78ce8		or_successive/weather_sept_85	8687.7	update bitset version.
2026-06-05	4cdfeed78ce8		and_successive/weather_sept_85	7711.4	update bitset version.
2026-06-05	4cdfeed78ce8		and_cardinality/weather_sept_85	6712.3	update bitset version.
2026-06-05	4cdfeed78ce8		fast_or/weather_sept_85	1937.3	update bitset version.
2026-06-05	4cdfeed78ce8		contains/weather_sept_85	21280.6	update bitset version.
2026-06-05	4cdfeed78ce8		iterate/weather_sept_85	60868.2	update bitset version.
2026-06-05	4cdfeed78ce8		iterate_many/weather_sept_85	16972.2	update bitset version.
2026-06-05	4cdfeed78ce8		to_array/weather_sept_85	16426.1	update bitset version.
2026-06-05	4cdfeed78ce8		deserialize/weather_sept_85	1261.8	update bitset version.
2026-06-10	85819fd208bd		or_successive/census1881	3103.7	our word with our agents.
2026-06-10	85819fd208bd		and_successive/census1881	40.7	our word with our agents.
2026-06-10	85819fd208bd		and_cardinality/census1881	32.2	our word with our agents.
2026-06-10	85819fd208bd		fast_or/census1881	3304.3	our word with our agents.
2026-06-10	85819fd208bd		contains/census1881	6387.5	our word with our agents.
2026-06-10	85819fd208bd		iterate/census1881	3255.3	our word with our agents.
2026-06-10	85819fd208bd		iterate_many/census1881	597.8	our word with our agents.
2026-06-10	85819fd208bd		to_array/census1881	845.2	our word with our agents.
2026-06-10	85819fd208bd		deserialize/census1881	310.9	our word with our agents.
2026-06-10	85819fd208bd		or_successive/census-income	2254.4	our word with our agents.
2026-06-10	85819fd208bd		and_successive/census-income	2221.7	our word with our agents.
2026-06-10	85819fd208bd		and_cardinality/census-income	1482.3	our word with our agents.
2026-06-10	85819fd208bd		fast_or/census-income	420.3	our word with our agents.
2026-06-10	85819fd208bd		contains/census-income	17868.8	our word with our agents.
2026-06-10	85819fd208bd		iterate/census-income	31427.3	our word with our agents.
2026-06-10	85819fd208bd		iterate_many/census-income	8066.5	our word with our agents.
2026-06-10	85819fd208bd		to_array/census-income	7439.4	our word with our agents.
2026-06-10	85819fd208bd		deserialize/census-income	396.2	our word with our agents.
2026-06-10	85819fd208bd		or_successive/weather_sept_85	8828.8	our word with our agents.
2026-06-10	85819fd208bd		and_successive/weather_sept_85	7516.3	our word with our agents.
2026-06-10	85819fd208bd		and_cardinality/weather_sept_85	6732.3	our word with our agents.
2026-06-10	85819fd208bd		fast_or/weather_sept_85	1941.9	our word with our agents.
2026-06-10	85819fd208bd		contains/weather_sept_85	21322.3	our word with our agents.
2026-06-10	85819fd208bd		iterate/weather_sept_85	60821.2	our word with our agents.
2026-06-10	85819fd208bd		iterate_many/weather_sept_85	16906.7	our word with our agents.
2026-06-10	85819fd208bd		to_array/weather_sept_85	16688.3	our word with our agents.
2026-06-10	85819fd208bd		deserialize/weather_sept_85	1293.9	our word with our agents.
2026-06-11	9e2afa4a9135		or_successive/census1881	3090.1	Fix AGENTS.md
2026-06-11	9e2afa4a9135		and_successive/census1881	42.4	Fix AGENTS.md
2026-06-11	9e2afa4a9135		and_cardinality/census1881	30.2	Fix AGENTS.md
2026-06-11	9e2afa4a9135		fast_or/census1881	3329.8	Fix AGENTS.md
2026-06-11	9e2afa4a9135		contains/census1881	6320.1	Fix AGENTS.md
2026-06-11	9e2afa4a9135		iterate/census1881	3236.6	Fix AGENTS.md
2026-06-11	9e2afa4a9135		iterate_many/census1881	598.9	Fix AGENTS.md
2026-06-11	9e2afa4a9135		to_array/census1881	994.5	Fix AGENTS.md
2026-06-11	9e2afa4a9135		deserialize/census1881	450.9	Fix AGENTS.md
2026-06-11	9e2afa4a9135		or_successive/census-income	2217.2	Fix AGENTS.md
2026-06-11	9e2afa4a9135		and_successive/census-income	2203.1	Fix AGENTS.md
2026-06-11	9e2afa4a9135		and_cardinality/census-income	1484.7	Fix AGENTS.md
2026-06-11	9e2afa4a9135		fast_or/census-income	426.6	Fix AGENTS.md
2026-06-11	9e2afa4a9135		contains/census-income	17822.7	Fix AGENTS.md
2026-06-11	9e2afa4a9135		iterate/census-income	31637.7	Fix AGENTS.md
2026-06-11	9e2afa4a9135		iterate_many/census-income	8205.8	Fix AGENTS.md
2026-06-11	9e2afa4a9135		to_array/census-income	7492.5	Fix AGENTS.md
2026-06-11	9e2afa4a9135		deserialize/census-income	372.0	Fix AGENTS.md
2026-06-11	9e2afa4a9135		or_successive/weather_sept_85	8556.0	Fix AGENTS.md
2026-06-11	9e2afa4a9135		and_successive/weather_sept_85	7516.6	Fix AGENTS.md
2026-06-11	9e2afa4a9135		and_cardinality/weather_sept_85	6721.0	Fix AGENTS.md
2026-06-11	9e2afa4a9135		fast_or/weather_sept_85	1939.1	Fix AGENTS.md
2026-06-11	9e2afa4a9135		contains/weather_sept_85	21258.5	Fix AGENTS.md
2026-06-11	9e2afa4a9135		iterate/weather_sept_85	61358.4	Fix AGENTS.md
2026-06-11	9e2afa4a9135		iterate_many/weather_sept_85	16664.9	Fix AGENTS.md
2026-06-11	9e2afa4a9135		to_array/weather_sept_85	17011.3	Fix AGENTS.md
2026-06-11	9e2afa4a9135		deserialize/weather_sept_85	1204.1	Fix AGENTS.md
2026-07-01	f9e9fabd8276		or_successive/census1881	3093.9	Merge pull request #530 from TheHippo/avx2-popcount
2026-07-01	f9e9fabd8276		and_successive/census1881	38.0	Merge pull request #530 from TheHippo/avx2-popcount
2026-07-01	f9e9fabd8276		and_cardinality/census1881	30.7	Merge pull request #530 from TheHippo/avx2-popcount
2026-07-01	f9e9fabd8276		fast_or/census1881	3369.7	Merge pull request #530 from TheHippo/avx2-popcount
2026-07-01	f9e9fabd8276		contains/census1881	6407.0	Merge pull request #530 from TheHippo/avx2-popcount
2026-07-01	f9e9fabd8276		iterate/census1881	3363.9	Merge pull request #530 from TheHippo/avx2-popcount
2026-07-01	f9e9fabd8276		iterate_many/census1881	595.8	Merge pull request #530 from TheHippo/avx2-popcount
2026-07-01	f9e9fabd8276		to_array/census1881	1127.0	Merge pull request #530 from TheHippo/avx2-popcount
2026-07-01	f9e9fabd8276		deserialize/census1881	402.6	Merge pull request #530 from TheHippo/avx2-popcount
2026-07-01	f9e9fabd8276		or_successive/census-income	2224.6	Merge pull request #530 from TheHippo/avx2-popcount
2026-07-01	f9e9fabd8276		and_successive/census-income	2176.9	Merge pull request #530 from TheHippo/avx2-popcount
2026-07-01	f9e9fabd8276		and_cardinality/census-income	1449.8	Merge pull request #530 from TheHippo/avx2-popcount
2026-07-01	f9e9fabd8276		fast_or/census-income	433.4	Merge pull request #530 from TheHippo/avx2-popcount
2026-07-01	f9e9fabd8276		contains/census-income	17916.5	Merge pull request #530 from TheHippo/avx2-popcount
2026-07-01	f9e9fabd8276		iterate/census-income	34622.2	Merge pull request #530 from TheHippo/avx2-popcount
2026-07-01	f9e9fabd8276		iterate_many/census-income	7953.9	Merge pull request #530 from TheHippo/avx2-popcount
2026-07-01	f9e9fabd8276		to_array/census-income	7626.9	Merge pull request #530 from TheHippo/avx2-popcount
2026-07-01	f9e9fabd8276		deserialize/census-income	454.2	Merge pull request #530 from TheHippo/avx2-popcount
2026-07-01	f9e9fabd8276		or_successive/weather_sept_85	8709.2	Merge pull request #530 from TheHippo/avx2-popcount
2026-07-01	f9e9fabd8276		and_successive/weather_sept_85	7547.8	Merge pull request #530 from TheHippo/avx2-popcount
2026-07-01	f9e9fabd8276		and_cardinality/weather_sept_85	6656.8	Merge pull request #530 from TheHippo/avx2-popcount
2026-07-01	f9e9fabd8276		fast_or/weather_sept_85	1961.6	Merge pull request #530 from TheHippo/avx2-popcount
2026-07-01	f9e9fabd8276		contains/weather_sept_85	21490.1	Merge pull request #530 from TheHippo/avx2-popcount
2026-07-01	f9e9fabd8276		iterate/weather_sept_85	66212.5	Merge pull request #530 from TheHippo/avx2-popcount
2026-07-01	f9e9fabd8276		iterate_many/weather_sept_85	16709.4	Merge pull request #530 from TheHippo/avx2-popcount
2026-07-01	f9e9fabd8276		to_array/weather_sept_85	16559.0	Merge pull request #530 from TheHippo/avx2-popcount
2026-07-01	f9e9fabd8276		deserialize/weather_sept_85	1243.7	Merge pull request #530 from TheHippo/avx2-popcount
2026-07-01	22169561dd25	v2.19.0	or_successive/census1881	3231.8	Merge pull request #531 from RoaringBitmap/neon_opti
2026-07-01	22169561dd25	v2.19.0	and_successive/census1881	40.7	Merge pull request #531 from RoaringBitmap/neon_opti
2026-07-01	22169561dd25	v2.19.0	and_cardinality/census1881	30.7	Merge pull request #531 from RoaringBitmap/neon_opti
2026-07-01	22169561dd25	v2.19.0	fast_or/census1881	3358.2	Merge pull request #531 from RoaringBitmap/neon_opti
2026-07-01	22169561dd25	v2.19.0	contains/census1881	6397.3	Merge pull request #531 from RoaringBitmap/neon_opti
2026-07-01	22169561dd25	v2.19.0	iterate/census1881	3536.4	Merge pull request #531 from RoaringBitmap/neon_opti
2026-07-01	22169561dd25	v2.19.0	iterate_many/census1881	594.8	Merge pull request #531 from RoaringBitmap/neon_opti
2026-07-01	22169561dd25	v2.19.0	to_array/census1881	843.2	Merge pull request #531 from RoaringBitmap/neon_opti
2026-07-01	22169561dd25	v2.19.0	deserialize/census1881	392.6	Merge pull request #531 from RoaringBitmap/neon_opti
2026-07-01	22169561dd25	v2.19.0	or_successive/census-income	2203.5	Merge pull request #531 from RoaringBitmap/neon_opti
2026-07-01	22169561dd25	v2.19.0	and_successive/census-income	2185.8	Merge pull request #531 from RoaringBitmap/neon_opti
2026-07-01	22169561dd25	v2.19.0	and_cardinality/census-income	1459.1	Merge pull request #531 from RoaringBitmap/neon_opti
2026-07-01	22169561dd25	v2.19.0	fast_or/census-income	425.9	Merge pull request #531 from RoaringBitmap/neon_opti
2026-07-01	22169561dd25	v2.19.0	contains/census-income	17910.9	Merge pull request #531 from RoaringBitmap/neon_opti
2026-07-01	22169561dd25	v2.19.0	iterate/census-income	34439.3	Merge pull request #531 from RoaringBitmap/neon_opti
2026-07-01	22169561dd25	v2.19.0	iterate_many/census-income	7955.9	Merge pull request #531 from RoaringBitmap/neon_opti
2026-07-01	22169561dd25	v2.19.0	to_array/census-income	7401.3	Merge pull request #531 from RoaringBitmap/neon_opti
2026-07-01	22169561dd25	v2.19.0	deserialize/census-income	436.8	Merge pull request #531 from RoaringBitmap/neon_opti
2026-07-01	22169561dd25	v2.19.0	or_successive/weather_sept_85	9215.0	Merge pull request #531 from RoaringBitmap/neon_opti
2026-07-01	22169561dd25	v2.19.0	and_successive/weather_sept_85	7566.2	Merge pull request #531 from RoaringBitmap/neon_opti
2026-07-01	22169561dd25	v2.19.0	and_cardinality/weather_sept_85	6673.4	Merge pull request #531 from RoaringBitmap/neon_opti
2026-07-01	22169561dd25	v2.19.0	fast_or/weather_sept_85	1960.4	Merge pull request #531 from RoaringBitmap/neon_opti
2026-07-01	22169561dd25	v2.19.0	contains/weather_sept_85	21349.0	Merge pull request #531 from RoaringBitmap/neon_opti
2026-07-01	22169561dd25	v2.19.0	iterate/weather_sept_85	67510.3	Merge pull request #531 from RoaringBitmap/neon_opti
2026-07-01	22169561dd25	v2.19.0	iterate_many/weather_sept_85	16712.9	Merge pull request #531 from RoaringBitmap/neon_opti
2026-07-01	22169561dd25	v2.19.0	to_array/weather_sept_85	17200.5	Merge pull request #531 from RoaringBitmap/neon_opti
2026-07-01	22169561dd25	v2.19.0	deserialize/weather_sept_85	1593.2	Merge pull request #531 from RoaringBitmap/neon_opti
2026-07-01	bd4128b6cfc3		or_successive/census1881	3071.2	Merge pull request #529 from TheHippo/use-bits-LeadingZeros64
2026-07-01	bd4128b6cfc3		and_successive/census1881	37.9	Merge pull request #529 from TheHippo/use-bits-LeadingZeros64
2026-07-01	bd4128b6cfc3		and_cardinality/census1881	31.9	Merge pull request #529 from TheHippo/use-bits-LeadingZeros64
2026-07-01	bd4128b6cfc3		fast_or/census1881	3287.7	Merge pull request #529 from TheHippo/use-bits-LeadingZeros64
2026-07-01	bd4128b6cfc3		contains/census1881	6377.6	Merge pull request #529 from TheHippo/use-bits-LeadingZeros64
2026-07-01	bd4128b6cfc3		iterate/census1881	3400.5	Merge pull request #529 from TheHippo/use-bits-LeadingZeros64
2026-07-01	bd4128b6cfc3		iterate_many/census1881	597.6	Merge pull request #529 from TheHippo/use-bits-LeadingZeros64
2026-07-01	bd4128b6cfc3		to_array/census1881	863.6	Merge pull request #529 from TheHippo/use-bits-LeadingZeros64
2026-07-01	bd4128b6cfc3		deserialize/census1881	364.0	Merge pull request #529 from TheHippo/use-bits-LeadingZeros64
2026-07-01	bd4128b6cfc3		or_successive/census-income	2262.3	Merge pull request #529 from TheHippo/use-bits-LeadingZeros64
2026-07-01	bd4128b6cfc3		and_successive/census-income	2163.3	Merge pull request #529 from TheHippo/use-bits-LeadingZeros64
2026-07-01	bd4128b6cfc3		and_cardinality/census-income	1462.6	Merge pull request #529 from TheHippo/use-bits-LeadingZeros64
2026-07-01	bd4128b6cfc3		fast_or/census-income	424.3	Merge pull request #529 from TheHippo/use-bits-LeadingZeros64
2026-07-01	bd4128b6cfc3		contains/census-income	17904.6	Merge pull request #529 from TheHippo/use-bits-LeadingZeros64
2026-07-01	bd4128b6cfc3		iterate/census-income	34781.3	Merge pull request #529 from TheHippo/use-bits-LeadingZeros64
2026-07-01	bd4128b6cfc3		iterate_many/census-income	7959.1	Merge pull request #529 from TheHippo/use-bits-LeadingZeros64
2026-07-01	bd4128b6cfc3		to_array/census-income	7426.1	Merge pull request #529 from TheHippo/use-bits-LeadingZeros64
2026-07-01	bd4128b6cfc3		deserialize/census-income	407.6	Merge pull request #529 from TheHippo/use-bits-LeadingZeros64
2026-07-01	bd4128b6cfc3		or_successive/weather_sept_85	8646.0	Merge pull request #529 from TheHippo/use-bits-LeadingZeros64
2026-07-01	bd4128b6cfc3		and_successive/weather_sept_85	7556.6	Merge pull request #529 from TheHippo/use-bits-LeadingZeros64
2026-07-01	bd4128b6cfc3		and_cardinality/weather_sept_85	6690.4	Merge pull request #529 from TheHippo/use-bits-LeadingZeros64
2026-07-01	bd4128b6cfc3		fast_or/weather_sept_85	1953.6	Merge pull request #529 from TheHippo/use-bits-LeadingZeros64
2026-07-01	bd4128b6cfc3		contains/weather_sept_85	21403.9	Merge pull request #529 from TheHippo/use-bits-LeadingZeros64
2026-07-01	bd4128b6cfc3		iterate/weather_sept_85	67782.8	Merge pull request #529 from TheHippo/use-bits-LeadingZeros64
2026-07-01	bd4128b6cfc3		iterate_many/weather_sept_85	16699.7	Merge pull request #529 from TheHippo/use-bits-LeadingZeros64
2026-07-01	bd4128b6cfc3		to_array/weather_sept_85	16427.6	Merge pull request #529 from TheHippo/use-bits-LeadingZeros64
2026-07-01	bd4128b6cfc3		deserialize/weather_sept_85	1277.3	Merge pull request #529 from TheHippo/use-bits-LeadingZeros64
2026-07-01	dac837d3bbc8		or_successive/census1881	3158.8	Merge pull request #532 from perfloop/perfloop-pr-open-j88wgmc05t
2026-07-01	dac837d3bbc8		and_successive/census1881	37.2	Merge pull request #532 from perfloop/perfloop-pr-open-j88wgmc05t
2026-07-01	dac837d3bbc8		and_cardinality/census1881	31.3	Merge pull request #532 from perfloop/perfloop-pr-open-j88wgmc05t
2026-07-01	dac837d3bbc8		fast_or/census1881	3322.4	Merge pull request #532 from perfloop/perfloop-pr-open-j88wgmc05t
2026-07-01	dac837d3bbc8		contains/census1881	6386.7	Merge pull request #532 from perfloop/perfloop-pr-open-j88wgmc05t
2026-07-01	dac837d3bbc8		iterate/census1881	3422.8	Merge pull request #532 from perfloop/perfloop-pr-open-j88wgmc05t
2026-07-01	dac837d3bbc8		iterate_many/census1881	596.1	Merge pull request #532 from perfloop/perfloop-pr-open-j88wgmc05t
2026-07-01	dac837d3bbc8		to_array/census1881	927.4	Merge pull request #532 from perfloop/perfloop-pr-open-j88wgmc05t
2026-07-01	dac837d3bbc8		deserialize/census1881	361.1	Merge pull request #532 from perfloop/perfloop-pr-open-j88wgmc05t
2026-07-01	dac837d3bbc8		or_successive/census-income	2182.8	Merge pull request #532 from perfloop/perfloop-pr-open-j88wgmc05t
2026-07-01	dac837d3bbc8		and_successive/census-income	2309.2	Merge pull request #532 from perfloop/perfloop-pr-open-j88wgmc05t
2026-07-01	dac837d3bbc8		and_cardinality/census-income	1453.1	Merge pull request #532 from perfloop/perfloop-pr-open-j88wgmc05t
2026-07-01	dac837d3bbc8		fast_or/census-income	425.4	Merge pull request #532 from perfloop/perfloop-pr-open-j88wgmc05t
2026-07-01	dac837d3bbc8		contains/census-income	17942.6	Merge pull request #532 from perfloop/perfloop-pr-open-j88wgmc05t
2026-07-01	dac837d3bbc8		iterate/census-income	34875.0	Merge pull request #532 from perfloop/perfloop-pr-open-j88wgmc05t
2026-07-01	dac837d3bbc8		iterate_many/census-income	7964.9	Merge pull request #532 from perfloop/perfloop-pr-open-j88wgmc05t
2026-07-01	dac837d3bbc8		to_array/census-income	7448.9	Merge pull request #532 from perfloop/perfloop-pr-open-j88wgmc05t
2026-07-01	dac837d3bbc8		deserialize/census-income	350.8	Merge pull request #532 from perfloop/perfloop-pr-open-j88wgmc05t
2026-07-01	dac837d3bbc8		or_successive/weather_sept_85	8730.6	Merge pull request #532 from perfloop/perfloop-pr-open-j88wgmc05t
2026-07-01	dac837d3bbc8		and_successive/weather_sept_85	7562.6	Merge pull request #532 from perfloop/perfloop-pr-open-j88wgmc05t
2026-07-01	dac837d3bbc8		and_cardinality/weather_sept_85	6671.5	Merge pull request #532 from perfloop/perfloop-pr-open-j88wgmc05t
2026-07-01	dac837d3bbc8		fast_or/weather_sept_85	1957.8	Merge pull request #532 from perfloop/perfloop-pr-open-j88wgmc05t
2026-07-01	dac837d3bbc8		contains/weather_sept_85	21397.9	Merge pull request #532 from perfloop/perfloop-pr-open-j88wgmc05t
2026-07-01	dac837d3bbc8		iterate/weather_sept_85	67915.8	Merge pull request #532 from perfloop/perfloop-pr-open-j88wgmc05t
2026-07-01	dac837d3bbc8		iterate_many/weather_sept_85	16706.5	Merge pull request #532 from perfloop/perfloop-pr-open-j88wgmc05t
2026-07-01	dac837d3bbc8		to_array/weather_sept_85	16123.1	Merge pull request #532 from perfloop/perfloop-pr-open-j88wgmc05t
2026-07-01	dac837d3bbc8		deserialize/weather_sept_85	1265.2	Merge pull request #532 from perfloop/perfloop-pr-open-j88wgmc05t
2026-07-10	873a1e356cf5		or_successive/census1881	3127.3	Remove stars section from README
2026-07-10	873a1e356cf5		and_successive/census1881	38.1	Remove stars section from README
2026-07-10	873a1e356cf5		and_cardinality/census1881	30.9	Remove stars section from README
2026-07-10	873a1e356cf5		fast_or/census1881	3330.5	Remove stars section from README
2026-07-10	873a1e356cf5		contains/census1881	6358.4	Remove stars section from README
2026-07-10	873a1e356cf5		iterate/census1881	3485.8	Remove stars section from README
2026-07-10	873a1e356cf5		iterate_many/census1881	600.1	Remove stars section from README
2026-07-10	873a1e356cf5		to_array/census1881	991.2	Remove stars section from README
2026-07-10	873a1e356cf5		deserialize/census1881	366.0	Remove stars section from README
2026-07-10	873a1e356cf5		or_successive/census-income	2236.9	Remove stars section from README
2026-07-10	873a1e356cf5		and_successive/census-income	2180.7	Remove stars section from README
2026-07-10	873a1e356cf5		and_cardinality/census-income	1459.5	Remove stars section from README
2026-07-10	873a1e356cf5		fast_or/census-income	424.9	Remove stars section from README
2026-07-10	873a1e356cf5		contains/census-income	17910.3	Remove stars section from README
2026-07-10	873a1e356cf5		iterate/census-income	34680.0	Remove stars section from README
2026-07-10	873a1e356cf5		iterate_many/census-income	7967.3	Remove stars section from README
2026-07-10	873a1e356cf5		to_array/census-income	7536.0	Remove stars section from README
2026-07-10	873a1e356cf5		deserialize/census-income	407.2	Remove stars section from README
2026-07-10	873a1e356cf5		or_successive/weather_sept_85	8845.7	Remove stars section from README
2026-07-10	873a1e356cf5		and_successive/weather_sept_85	7586.6	Remove stars section from README
2026-07-10	873a1e356cf5		and_cardinality/weather_sept_85	6686.5	Remove stars section from README
2026-07-10	873a1e356cf5		fast_or/weather_sept_85	1954.9	Remove stars section from README
2026-07-10	873a1e356cf5		contains/weather_sept_85	21351.0	Remove stars section from README
2026-07-10	873a1e356cf5		iterate/weather_sept_85	68600.2	Remove stars section from README
2026-07-10	873a1e356cf5		iterate_many/weather_sept_85	16707.8	Remove stars section from README
2026-07-10	873a1e356cf5		to_array/weather_sept_85	15709.9	Remove stars section from README
2026-07-10	873a1e356cf5		deserialize/weather_sept_85	1309.8	Remove stars section from README
2026-07-10	7900bdcab8fb	2.20.0	or_successive/census1881	3081.2	Merge pull request #533 from perfloop/perfloop-pr-open-knxx61ntcy
2026-07-10	7900bdcab8fb	2.20.0	and_successive/census1881	41.1	Merge pull request #533 from perfloop/perfloop-pr-open-knxx61ntcy
2026-07-10	7900bdcab8fb	2.20.0	and_cardinality/census1881	26.5	Merge pull request #533 from perfloop/perfloop-pr-open-knxx61ntcy
2026-07-10	7900bdcab8fb	2.20.0	fast_or/census1881	3307.9	Merge pull request #533 from perfloop/perfloop-pr-open-knxx61ntcy
2026-07-10	7900bdcab8fb	2.20.0	contains/census1881	6388.0	Merge pull request #533 from perfloop/perfloop-pr-open-knxx61ntcy
2026-07-10	7900bdcab8fb	2.20.0	iterate/census1881	3472.2	Merge pull request #533 from perfloop/perfloop-pr-open-knxx61ntcy
2026-07-10	7900bdcab8fb	2.20.0	iterate_many/census1881	594.9	Merge pull request #533 from perfloop/perfloop-pr-open-knxx61ntcy
2026-07-10	7900bdcab8fb	2.20.0	to_array/census1881	869.7	Merge pull request #533 from perfloop/perfloop-pr-open-knxx61ntcy
2026-07-10	7900bdcab8fb	2.20.0	deserialize/census1881	399.4	Merge pull request #533 from perfloop/perfloop-pr-open-knxx61ntcy
2026-07-10	7900bdcab8fb	2.20.0	or_successive/census-income	2255.0	Merge pull request #533 from perfloop/perfloop-pr-open-knxx61ntcy
2026-07-10	7900bdcab8fb	2.20.0	and_successive/census-income	2176.5	Merge pull request #533 from perfloop/perfloop-pr-open-knxx61ntcy
2026-07-10	7900bdcab8fb	2.20.0	and_cardinality/census-income	1468.7	Merge pull request #533 from perfloop/perfloop-pr-open-knxx61ntcy
2026-07-10	7900bdcab8fb	2.20.0	fast_or/census-income	445.5	Merge pull request #533 from perfloop/perfloop-pr-open-knxx61ntcy
2026-07-10	7900bdcab8fb	2.20.0	contains/census-income	17906.6	Merge pull request #533 from perfloop/perfloop-pr-open-knxx61ntcy
2026-07-10	7900bdcab8fb	2.20.0	iterate/census-income	34658.4	Merge pull request #533 from perfloop/perfloop-pr-open-knxx61ntcy
2026-07-10	7900bdcab8fb	2.20.0	iterate_many/census-income	7951.3	Merge pull request #533 from perfloop/perfloop-pr-open-knxx61ntcy
2026-07-10	7900bdcab8fb	2.20.0	to_array/census-income	7426.2	Merge pull request #533 from perfloop/perfloop-pr-open-knxx61ntcy
2026-07-10	7900bdcab8fb	2.20.0	deserialize/census-income	397.7	Merge pull request #533 from perfloop/perfloop-pr-open-knxx61ntcy
2026-07-10	7900bdcab8fb	2.20.0	or_successive/weather_sept_85	8980.0	Merge pull request #533 from perfloop/perfloop-pr-open-knxx61ntcy
2026-07-10	7900bdcab8fb	2.20.0	and_successive/weather_sept_85	7476.2	Merge pull request #533 from perfloop/perfloop-pr-open-knxx61ntcy
2026-07-10	7900bdcab8fb	2.20.0	and_cardinality/weather_sept_85	6646.7	Merge pull request #533 from perfloop/perfloop-pr-open-knxx61ntcy
2026-07-10	7900bdcab8fb	2.20.0	fast_or/weather_sept_85	1945.3	Merge pull request #533 from perfloop/perfloop-pr-open-knxx61ntcy
2026-07-10	7900bdcab8fb	2.20.0	contains/weather_sept_85	21382.8	Merge pull request #533 from perfloop/perfloop-pr-open-knxx61ntcy
2026-07-10	7900bdcab8fb	2.20.0	iterate/weather_sept_85	67493.8	Merge pull request #533 from perfloop/perfloop-pr-open-knxx61ntcy
2026-07-10	7900bdcab8fb	2.20.0	iterate_many/weather_sept_85	16697.0	Merge pull request #533 from perfloop/perfloop-pr-open-knxx61ntcy
2026-07-10	7900bdcab8fb	2.20.0	to_array/weather_sept_85	16992.1	Merge pull request #533 from perfloop/perfloop-pr-open-knxx61ntcy
2026-07-10	7900bdcab8fb	2.20.0	deserialize/weather_sept_85	1300.9	Merge pull request #533 from perfloop/perfloop-pr-open-knxx61ntcy
2026-07-13	c260295acb30		or_successive/census1881	3124.9	removing silly compatibility layer
2026-07-13	c260295acb30		and_successive/census1881	39.0	removing silly compatibility layer
2026-07-13	c260295acb30		and_cardinality/census1881	30.9	removing silly compatibility layer
2026-07-13	c260295acb30		fast_or/census1881	3230.2	removing silly compatibility layer
2026-07-13	c260295acb30		contains/census1881	6168.4	removing silly compatibility layer
2026-07-13	c260295acb30		iterate/census1881	3651.2	removing silly compatibility layer
2026-07-13	c260295acb30		iterate_many/census1881	476.1	removing silly compatibility layer
2026-07-13	c260295acb30		to_array/census1881	915.3	removing silly compatibility layer
2026-07-13	c260295acb30		deserialize/census1881	391.2	removing silly compatibility layer
2026-07-13	c260295acb30		or_successive/census-income	2244.0	removing silly compatibility layer
2026-07-13	c260295acb30		and_successive/census-income	2126.1	removing silly compatibility layer
2026-07-13	c260295acb30		and_cardinality/census-income	1452.3	removing silly compatibility layer
2026-07-13	c260295acb30		fast_or/census-income	428.5	removing silly compatibility layer
2026-07-13	c260295acb30		contains/census-income	16093.7	removing silly compatibility layer
2026-07-13	c260295acb30		iterate/census-income	32109.0	removing silly compatibility layer
2026-07-13	c260295acb30		iterate_many/census-income	7884.7	removing silly compatibility layer
2026-07-13	c260295acb30		to_array/census-income	7440.4	removing silly compatibility layer
2026-07-13	c260295acb30		deserialize/census-income	659.8	removing silly compatibility layer
2026-07-13	c260295acb30		or_successive/weather_sept_85	8777.7	removing silly compatibility layer
2026-07-13	c260295acb30		and_successive/weather_sept_85	7481.2	removing silly compatibility layer
2026-07-13	c260295acb30		and_cardinality/weather_sept_85	6591.7	removing silly compatibility layer
2026-07-13	c260295acb30		fast_or/weather_sept_85	1948.7	removing silly compatibility layer
2026-07-13	c260295acb30		contains/weather_sept_85	19366.1	removing silly compatibility layer
2026-07-13	c260295acb30		iterate/weather_sept_85	62046.8	removing silly compatibility layer
2026-07-13	c260295acb30		iterate_many/weather_sept_85	16403.3	removing silly compatibility layer
2026-07-13	c260295acb30		to_array/weather_sept_85	16056.6	removing silly compatibility layer
2026-07-13	c260295acb30		deserialize/weather_sept_85	1595.3	removing silly compatibility layer
2026-07-13	44559cd5c0e0	v2.21.0	or_successive/census1881	3118.0	Merge pull request #534 from perfloop/perfloop-pr-open-gtf1q33kjy
2026-07-13	44559cd5c0e0	v2.21.0	and_successive/census1881	45.6	Merge pull request #534 from perfloop/perfloop-pr-open-gtf1q33kjy
2026-07-13	44559cd5c0e0	v2.21.0	and_cardinality/census1881	29.7	Merge pull request #534 from perfloop/perfloop-pr-open-gtf1q33kjy
2026-07-13	44559cd5c0e0	v2.21.0	fast_or/census1881	3273.5	Merge pull request #534 from perfloop/perfloop-pr-open-gtf1q33kjy
2026-07-13	44559cd5c0e0	v2.21.0	contains/census1881	6190.2	Merge pull request #534 from perfloop/perfloop-pr-open-gtf1q33kjy
2026-07-13	44559cd5c0e0	v2.21.0	iterate/census1881	3671.2	Merge pull request #534 from perfloop/perfloop-pr-open-gtf1q33kjy
2026-07-13	44559cd5c0e0	v2.21.0	iterate_many/census1881	498.6	Merge pull request #534 from perfloop/perfloop-pr-open-gtf1q33kjy
2026-07-13	44559cd5c0e0	v2.21.0	to_array/census1881	822.5	Merge pull request #534 from perfloop/perfloop-pr-open-gtf1q33kjy
2026-07-13	44559cd5c0e0	v2.21.0	deserialize/census1881	376.2	Merge pull request #534 from perfloop/perfloop-pr-open-gtf1q33kjy
2026-07-13	44559cd5c0e0	v2.21.0	or_successive/census-income	2241.4	Merge pull request #534 from perfloop/perfloop-pr-open-gtf1q33kjy
2026-07-13	44559cd5c0e0	v2.21.0	and_successive/census-income	2188.4	Merge pull request #534 from perfloop/perfloop-pr-open-gtf1q33kjy
2026-07-13	44559cd5c0e0	v2.21.0	and_cardinality/census-income	1430.9	Merge pull request #534 from perfloop/perfloop-pr-open-gtf1q33kjy
2026-07-13	44559cd5c0e0	v2.21.0	fast_or/census-income	427.2	Merge pull request #534 from perfloop/perfloop-pr-open-gtf1q33kjy
2026-07-13	44559cd5c0e0	v2.21.0	contains/census-income	16124.2	Merge pull request #534 from perfloop/perfloop-pr-open-gtf1q33kjy
2026-07-13	44559cd5c0e0	v2.21.0	iterate/census-income	32144.6	Merge pull request #534 from perfloop/perfloop-pr-open-gtf1q33kjy
2026-07-13	44559cd5c0e0	v2.21.0	iterate_many/census-income	7897.2	Merge pull request #534 from perfloop/perfloop-pr-open-gtf1q33kjy
2026-07-13	44559cd5c0e0	v2.21.0	to_array/census-income	7126.7	Merge pull request #534 from perfloop/perfloop-pr-open-gtf1q33kjy
2026-07-13	44559cd5c0e0	v2.21.0	deserialize/census-income	380.5	Merge pull request #534 from perfloop/perfloop-pr-open-gtf1q33kjy
2026-07-13	44559cd5c0e0	v2.21.0	or_successive/weather_sept_85	8708.2	Merge pull request #534 from perfloop/perfloop-pr-open-gtf1q33kjy
2026-07-13	44559cd5c0e0	v2.21.0	and_successive/weather_sept_85	7634.1	Merge pull request #534 from perfloop/perfloop-pr-open-gtf1q33kjy
2026-07-13	44559cd5c0e0	v2.21.0	and_cardinality/weather_sept_85	6619.9	Merge pull request #534 from perfloop/perfloop-pr-open-gtf1q33kjy
2026-07-13	44559cd5c0e0	v2.21.0	fast_or/weather_sept_85	1955.8	Merge pull request #534 from perfloop/perfloop-pr-open-gtf1q33kjy
2026-07-13	44559cd5c0e0	v2.21.0	contains/weather_sept_85	19417.3	Merge pull request #534 from perfloop/perfloop-pr-open-gtf1q33kjy
2026-07-13	44559cd5c0e0	v2.21.0	iterate/weather_sept_85	62513.6	Merge pull request #534 from perfloop/perfloop-pr-open-gtf1q33kjy
2026-07-13	44559cd5c0e0	v2.21.0	iterate_many/weather_sept_85	16406.9	Merge pull request #534 from perfloop/perfloop-pr-open-gtf1q33kjy
2026-07-13	44559cd5c0e0	v2.21.0	to_array/weather_sept_85	15397.9	Merge pull request #534 from perfloop/perfloop-pr-open-gtf1q33kjy
2026-07-13	44559cd5c0e0	v2.21.0	deserialize/weather_sept_85	1298.0	Merge pull request #534 from perfloop/perfloop-pr-open-gtf1q33kjy
2026-07-20	70d5d210c6c7	v2.22.0	or_successive/census1881	3090.9	Merge pull request #536 from RoaringBitmap/bsi-correctness-benchmarks
2026-07-20	70d5d210c6c7	v2.22.0	and_successive/census1881	44.6	Merge pull request #536 from RoaringBitmap/bsi-correctness-benchmarks
2026-07-20	70d5d210c6c7	v2.22.0	and_cardinality/census1881	35.2	Merge pull request #536 from RoaringBitmap/bsi-correctness-benchmarks
2026-07-20	70d5d210c6c7	v2.22.0	fast_or/census1881	3228.0	Merge pull request #536 from RoaringBitmap/bsi-correctness-benchmarks
2026-07-20	70d5d210c6c7	v2.22.0	contains/census1881	6139.2	Merge pull request #536 from RoaringBitmap/bsi-correctness-benchmarks
2026-07-20	70d5d210c6c7	v2.22.0	iterate/census1881	3641.2	Merge pull request #536 from RoaringBitmap/bsi-correctness-benchmarks
2026-07-20	70d5d210c6c7	v2.22.0	iterate_many/census1881	467.6	Merge pull request #536 from RoaringBitmap/bsi-correctness-benchmarks
2026-07-20	70d5d210c6c7	v2.22.0	to_array/census1881	884.0	Merge pull request #536 from RoaringBitmap/bsi-correctness-benchmarks
2026-07-20	70d5d210c6c7	v2.22.0	deserialize/census1881	411.3	Merge pull request #536 from RoaringBitmap/bsi-correctness-benchmarks
2026-07-20	70d5d210c6c7	v2.22.0	or_successive/census-income	2209.2	Merge pull request #536 from RoaringBitmap/bsi-correctness-benchmarks
2026-07-20	70d5d210c6c7	v2.22.0	and_successive/census-income	2152.8	Merge pull request #536 from RoaringBitmap/bsi-correctness-benchmarks
2026-07-20	70d5d210c6c7	v2.22.0	and_cardinality/census-income	1446.4	Merge pull request #536 from RoaringBitmap/bsi-correctness-benchmarks
2026-07-20	70d5d210c6c7	v2.22.0	fast_or/census-income	430.9	Merge pull request #536 from RoaringBitmap/bsi-correctness-benchmarks
2026-07-20	70d5d210c6c7	v2.22.0	contains/census-income	16098.3	Merge pull request #536 from RoaringBitmap/bsi-correctness-benchmarks
2026-07-20	70d5d210c6c7	v2.22.0	iterate/census-income	32570.5	Merge pull request #536 from RoaringBitmap/bsi-correctness-benchmarks
2026-07-20	70d5d210c6c7	v2.22.0	iterate_many/census-income	7889.6	Merge pull request #536 from RoaringBitmap/bsi-correctness-benchmarks
2026-07-20	70d5d210c6c7	v2.22.0	to_array/census-income	7100.9	Merge pull request #536 from RoaringBitmap/bsi-correctness-benchmarks
2026-07-20	70d5d210c6c7	v2.22.0	deserialize/census-income	388.5	Merge pull request #536 from RoaringBitmap/bsi-correctness-benchmarks
2026-07-20	70d5d210c6c7	v2.22.0	or_successive/weather_sept_85	8815.3	Merge pull request #536 from RoaringBitmap/bsi-correctness-benchmarks
2026-07-20	70d5d210c6c7	v2.22.0	and_successive/weather_sept_85	7510.6	Merge pull request #536 from RoaringBitmap/bsi-correctness-benchmarks
2026-07-20	70d5d210c6c7	v2.22.0	and_cardinality/weather_sept_85	6588.2	Merge pull request #536 from RoaringBitmap/bsi-correctness-benchmarks
2026-07-20	70d5d210c6c7	v2.22.0	fast_or/weather_sept_85	1943.7	Merge pull request #536 from RoaringBitmap/bsi-correctness-benchmarks
2026-07-20	70d5d210c6c7	v2.22.0	contains/weather_sept_85	19366.1	Merge pull request #536 from RoaringBitmap/bsi-correctness-benchmarks
2026-07-20	70d5d210c6c7	v2.22.0	iterate/weather_sept_85	62489.4	Merge pull request #536 from RoaringBitmap/bsi-correctness-benchmarks
2026-07-20	70d5d210c6c7	v2.22.0	iterate_many/weather_sept_85	16392.2	Merge pull request #536 from RoaringBitmap/bsi-correctness-benchmarks
2026-07-20	70d5d210c6c7	v2.22.0	to_array/weather_sept_85	16291.5	Merge pull request #536 from RoaringBitmap/bsi-correctness-benchmarks
2026-07-20	70d5d210c6c7	v2.22.0	deserialize/weather_sept_85	1319.4	Merge pull request #536 from RoaringBitmap/bsi-correctness-benchmarks
2026-07-22	a84c575289e6		or_successive/census1881	3113.5	Merge pull request #535 from perfloop/perfloop-pr-open-801b17cwar
2026-07-22	a84c575289e6		and_successive/census1881	37.4	Merge pull request #535 from perfloop/perfloop-pr-open-801b17cwar
2026-07-22	a84c575289e6		and_cardinality/census1881	31.0	Merge pull request #535 from perfloop/perfloop-pr-open-801b17cwar
2026-07-22	a84c575289e6		fast_or/census1881	3334.4	Merge pull request #535 from perfloop/perfloop-pr-open-801b17cwar
2026-07-22	a84c575289e6		contains/census1881	6477.1	Merge pull request #535 from perfloop/perfloop-pr-open-801b17cwar
2026-07-22	a84c575289e6		iterate/census1881	3492.1	Merge pull request #535 from perfloop/perfloop-pr-open-801b17cwar
2026-07-22	a84c575289e6		iterate_many/census1881	477.4	Merge pull request #535 from perfloop/perfloop-pr-open-801b17cwar
2026-07-22	a84c575289e6		to_array/census1881	876.4	Merge pull request #535 from perfloop/perfloop-pr-open-801b17cwar
2026-07-22	a84c575289e6		deserialize/census1881	439.8	Merge pull request #535 from perfloop/perfloop-pr-open-801b17cwar
2026-07-22	a84c575289e6		or_successive/census-income	2200.9	Merge pull request #535 from perfloop/perfloop-pr-open-801b17cwar
2026-07-22	a84c575289e6		and_successive/census-income	2191.8	Merge pull request #535 from perfloop/perfloop-pr-open-801b17cwar
2026-07-22	a84c575289e6		and_cardinality/census-income	1468.2	Merge pull request #535 from perfloop/perfloop-pr-open-801b17cwar
2026-07-22	a84c575289e6		fast_or/census-income	425.8	Merge pull request #535 from perfloop/perfloop-pr-open-801b17cwar
2026-07-22	a84c575289e6		contains/census-income	17783.3	Merge pull request #535 from perfloop/perfloop-pr-open-801b17cwar
2026-07-22	a84c575289e6		iterate/census-income	31975.6	Merge pull request #535 from perfloop/perfloop-pr-open-801b17cwar
2026-07-22	a84c575289e6		iterate_many/census-income	7901.6	Merge pull request #535 from perfloop/perfloop-pr-open-801b17cwar
2026-07-22	a84c575289e6		to_array/census-income	7124.6	Merge pull request #535 from perfloop/perfloop-pr-open-801b17cwar
2026-07-22	a84c575289e6		deserialize/census-income	422.8	Merge pull request #535 from perfloop/perfloop-pr-open-801b17cwar
2026-07-22	a84c575289e6		or_successive/weather_sept_85	8297.5	Merge pull request #535 from perfloop/perfloop-pr-open-801b17cwar
2026-07-22	a84c575289e6		and_successive/weather_sept_85	7497.8	Merge pull request #535 from perfloop/perfloop-pr-open-801b17cwar
2026-07-22	a84c575289e6		and_cardinality/weather_sept_85	6713.3	Merge pull request #535 from perfloop/perfloop-pr-open-801b17cwar
2026-07-22	a84c575289e6		fast_or/weather_sept_85	1927.2	Merge pull request #535 from perfloop/perfloop-pr-open-801b17cwar
2026-07-22	a84c575289e6		contains/weather_sept_85	21209.5	Merge pull request #535 from perfloop/perfloop-pr-open-801b17cwar
2026-07-22	a84c575289e6		iterate/weather_sept_85	61703.3	Merge pull request #535 from perfloop/perfloop-pr-open-801b17cwar
2026-07-22	a84c575289e6		iterate_many/weather_sept_85	16443.3	Merge pull request #535 from perfloop/perfloop-pr-open-801b17cwar
2026-07-22	a84c575289e6		to_array/weather_sept_85	16090.9	Merge pull request #535 from perfloop/perfloop-pr-open-801b17cwar
2026-07-22	a84c575289e6		deserialize/weather_sept_85	1310.7	Merge pull request #535 from perfloop/perfloop-pr-open-801b17cwar
2026-07-22	81c79f491296	v2.23.0	or_successive/census1881	3076.8	minor cleaning
2026-07-22	81c79f491296	v2.23.0	and_successive/census1881	46.2	minor cleaning
2026-07-22	81c79f491296	v2.23.0	and_cardinality/census1881	27.9	minor cleaning
2026-07-22	81c79f491296	v2.23.0	fast_or/census1881	3241.2	minor cleaning
2026-07-22	81c79f491296	v2.23.0	contains/census1881	6184.3	minor cleaning
2026-07-22	81c79f491296	v2.23.0	iterate/census1881	3594.0	minor cleaning
2026-07-22	81c79f491296	v2.23.0	iterate_many/census1881	484.6	minor cleaning
2026-07-22	81c79f491296	v2.23.0	to_array/census1881	983.9	minor cleaning
2026-07-22	81c79f491296	v2.23.0	deserialize/census1881	394.0	minor cleaning
2026-07-22	81c79f491296	v2.23.0	or_successive/census-income	2199.0	minor cleaning
2026-07-22	81c79f491296	v2.23.0	and_successive/census-income	2208.3	minor cleaning
2026-07-22	81c79f491296	v2.23.0	and_cardinality/census-income	1449.9	minor cleaning
2026-07-22	81c79f491296	v2.23.0	fast_or/census-income	431.7	minor cleaning
2026-07-22	81c79f491296	v2.23.0	contains/census-income	16156.4	minor cleaning
2026-07-22	81c79f491296	v2.23.0	iterate/census-income	32511.9	minor cleaning
2026-07-22	81c79f491296	v2.23.0	iterate_many/census-income	7918.0	minor cleaning
2026-07-22	81c79f491296	v2.23.0	to_array/census-income	7069.8	minor cleaning
2026-07-22	81c79f491296	v2.23.0	deserialize/census-income	389.4	minor cleaning
2026-07-22	81c79f491296	v2.23.0	or_successive/weather_sept_85	8638.7	minor cleaning
2026-07-22	81c79f491296	v2.23.0	and_successive/weather_sept_85	7554.9	minor cleaning
2026-07-22	81c79f491296	v2.23.0	and_cardinality/weather_sept_85	6606.1	minor cleaning
2026-07-22	81c79f491296	v2.23.0	fast_or/weather_sept_85	1935.0	minor cleaning
2026-07-22	81c79f491296	v2.23.0	contains/weather_sept_85	19411.6	minor cleaning
2026-07-22	81c79f491296	v2.23.0	iterate/weather_sept_85	63315.1	minor cleaning
2026-07-22	81c79f491296	v2.23.0	iterate_many/weather_sept_85	16404.1	minor cleaning
2026-07-22	81c79f491296	v2.23.0	to_array/weather_sept_85	15820.6	minor cleaning
2026-07-22	81c79f491296	v2.23.0	deserialize/weather_sept_85	1314.2	minor cleaning
2026-07-23	438e356606d4	v2.24.0	or_successive/census1881	3084.3	Merge pull request #537 from RoaringBitmap/bsi-compare-bsi
2026-07-23	438e356606d4	v2.24.0	and_successive/census1881	39.9	Merge pull request #537 from RoaringBitmap/bsi-compare-bsi
2026-07-23	438e356606d4	v2.24.0	and_cardinality/census1881	30.8	Merge pull request #537 from RoaringBitmap/bsi-compare-bsi
2026-07-23	438e356606d4	v2.24.0	fast_or/census1881	3227.3	Merge pull request #537 from RoaringBitmap/bsi-compare-bsi
2026-07-23	438e356606d4	v2.24.0	contains/census1881	6183.4	Merge pull request #537 from RoaringBitmap/bsi-compare-bsi
2026-07-23	438e356606d4	v2.24.0	iterate/census1881	3638.8	Merge pull request #537 from RoaringBitmap/bsi-compare-bsi
2026-07-23	438e356606d4	v2.24.0	iterate_many/census1881	470.2	Merge pull request #537 from RoaringBitmap/bsi-compare-bsi
2026-07-23	438e356606d4	v2.24.0	to_array/census1881	841.4	Merge pull request #537 from RoaringBitmap/bsi-compare-bsi
2026-07-23	438e356606d4	v2.24.0	deserialize/census1881	381.2	Merge pull request #537 from RoaringBitmap/bsi-compare-bsi
2026-07-23	438e356606d4	v2.24.0	or_successive/census-income	2310.0	Merge pull request #537 from RoaringBitmap/bsi-compare-bsi
2026-07-23	438e356606d4	v2.24.0	and_successive/census-income	2178.9	Merge pull request #537 from RoaringBitmap/bsi-compare-bsi
2026-07-23	438e356606d4	v2.24.0	and_cardinality/census-income	1450.7	Merge pull request #537 from RoaringBitmap/bsi-compare-bsi
2026-07-23	438e356606d4	v2.24.0	fast_or/census-income	433.0	Merge pull request #537 from RoaringBitmap/bsi-compare-bsi
2026-07-23	438e356606d4	v2.24.0	contains/census-income	16111.0	Merge pull request #537 from RoaringBitmap/bsi-compare-bsi
2026-07-23	438e356606d4	v2.24.0	iterate/census-income	32283.3	Merge pull request #537 from RoaringBitmap/bsi-compare-bsi
2026-07-23	438e356606d4	v2.24.0	iterate_many/census-income	7883.8	Merge pull request #537 from RoaringBitmap/bsi-compare-bsi
2026-07-23	438e356606d4	v2.24.0	to_array/census-income	7012.6	Merge pull request #537 from RoaringBitmap/bsi-compare-bsi
2026-07-23	438e356606d4	v2.24.0	deserialize/census-income	403.5	Merge pull request #537 from RoaringBitmap/bsi-compare-bsi
2026-07-23	438e356606d4	v2.24.0	or_successive/weather_sept_85	8391.6	Merge pull request #537 from RoaringBitmap/bsi-compare-bsi
2026-07-23	438e356606d4	v2.24.0	and_successive/weather_sept_85	7452.4	Merge pull request #537 from RoaringBitmap/bsi-compare-bsi
2026-07-23	438e356606d4	v2.24.0	and_cardinality/weather_sept_85	6604.6	Merge pull request #537 from RoaringBitmap/bsi-compare-bsi
2026-07-23	438e356606d4	v2.24.0	fast_or/weather_sept_85	1957.9	Merge pull request #537 from RoaringBitmap/bsi-compare-bsi
2026-07-23	438e356606d4	v2.24.0	contains/weather_sept_85	19462.4	Merge pull request #537 from RoaringBitmap/bsi-compare-bsi
2026-07-23	438e356606d4	v2.24.0	iterate/weather_sept_85	62421.3	Merge pull request #537 from RoaringBitmap/bsi-compare-bsi
2026-07-23	438e356606d4	v2.24.0	iterate_many/weather_sept_85	16426.1	Merge pull request #537 from RoaringBitmap/bsi-compare-bsi
2026-07-23	438e356606d4	v2.24.0	to_array/weather_sept_85	16047.7	Merge pull request #537 from RoaringBitmap/bsi-compare-bsi
2026-07-23	438e356606d4	v2.24.0	deserialize/weather_sept_85	1271.0	Merge pull request #537 from RoaringBitmap/bsi-compare-bsi
2026-08-11	957d6e84f3ec		or_successive/census1881	3096.8	Merge pull request #544 from RoaringBitmap/bsi-value-access-minmax
2026-08-11	957d6e84f3ec		and_successive/census1881	48.2	Merge pull request #544 from RoaringBitmap/bsi-value-access-minmax
2026-08-11	957d6e84f3ec		and_cardinality/census1881	25.7	Merge pull request #544 from RoaringBitmap/bsi-value-access-minmax
2026-08-11	957d6e84f3ec		fast_or/census1881	3272.5	Merge pull request #544 from RoaringBitmap/bsi-value-access-minmax
2026-08-11	957d6e84f3ec		contains/census1881	6216.0	Merge pull request #544 from RoaringBitmap/bsi-value-access-minmax
2026-08-11	957d6e84f3ec		iterate/census1881	3641.0	Merge pull request #544 from RoaringBitmap/bsi-value-access-minmax
2026-08-11	957d6e84f3ec		iterate_many/census1881	481.8	Merge pull request #544 from RoaringBitmap/bsi-value-access-minmax
2026-08-11	957d6e84f3ec		to_array/census1881	882.0	Merge pull request #544 from RoaringBitmap/bsi-value-access-minmax
2026-08-11	957d6e84f3ec		deserialize/census1881	362.7	Merge pull request #544 from RoaringBitmap/bsi-value-access-minmax
2026-08-11	957d6e84f3ec		or_successive/census-income	2263.1	Merge pull request #544 from RoaringBitmap/bsi-value-access-minmax
2026-08-11	957d6e84f3ec		and_successive/census-income	2126.8	Merge pull request #544 from RoaringBitmap/bsi-value-access-minmax
2026-08-11	957d6e84f3ec		and_cardinality/census-income	1443.9	Merge pull request #544 from RoaringBitmap/bsi-value-access-minmax
2026-08-11	957d6e84f3ec		fast_or/census-income	424.1	Merge pull request #544 from RoaringBitmap/bsi-value-access-minmax
2026-08-11	957d6e84f3ec		contains/census-income	16085.4	Merge pull request #544 from RoaringBitmap/bsi-value-access-minmax
2026-08-11	957d6e84f3ec		iterate/census-income	32950.4	Merge pull request #544 from RoaringBitmap/bsi-value-access-minmax
2026-08-11	957d6e84f3ec		iterate_many/census-income	7903.0	Merge pull request #544 from RoaringBitmap/bsi-value-access-minmax
2026-08-11	957d6e84f3ec		to_array/census-income	7246.5	Merge pull request #544 from RoaringBitmap/bsi-value-access-minmax
2026-08-11	957d6e84f3ec		deserialize/census-income	403.3	Merge pull request #544 from RoaringBitmap/bsi-value-access-minmax
2026-08-11	957d6e84f3ec		or_successive/weather_sept_85	8666.2	Merge pull request #544 from RoaringBitmap/bsi-value-access-minmax
2026-08-11	957d6e84f3ec		and_successive/weather_sept_85	7535.8	Merge pull request #544 from RoaringBitmap/bsi-value-access-minmax
2026-08-11	957d6e84f3ec		and_cardinality/weather_sept_85	6604.9	Merge pull request #544 from RoaringBitmap/bsi-value-access-minmax
2026-08-11	957d6e84f3ec		fast_or/weather_sept_85	1949.6	Merge pull request #544 from RoaringBitmap/bsi-value-access-minmax
2026-08-11	957d6e84f3ec		contains/weather_sept_85	19485.3	Merge pull request #544 from RoaringBitmap/bsi-value-access-minmax
2026-08-11	957d6e84f3ec		iterate/weather_sept_85	62336.1	Merge pull request #544 from RoaringBitmap/bsi-value-access-minmax
2026-08-11	957d6e84f3ec		iterate_many/weather_sept_85	16406.8	Merge pull request #544 from RoaringBitmap/bsi-value-access-minmax
2026-08-11	957d6e84f3ec		to_array/weather_sept_85	15148.1	Merge pull request #544 from RoaringBitmap/bsi-value-access-minmax
2026-08-11	957d6e84f3ec		deserialize/weather_sept_85	1864.8	Merge pull request #544 from RoaringBitmap/bsi-value-access-minmax
2026-08-11	4088a42a8e26		or_successive/census1881	3127.6	Merge pull request #545 from RoaringBitmap/fix-validate-strictly-increasing
2026-08-11	4088a42a8e26		and_successive/census1881	41.0	Merge pull request #545 from RoaringBitmap/fix-validate-strictly-increasing
2026-08-11	4088a42a8e26		and_cardinality/census1881	32.0	Merge pull request #545 from RoaringBitmap/fix-validate-strictly-increasing
2026-08-11	4088a42a8e26		fast_or/census1881	3224.4	Merge pull request #545 from RoaringBitmap/fix-validate-strictly-increasing
2026-08-11	4088a42a8e26		contains/census1881	6176.9	Merge pull request #545 from RoaringBitmap/fix-validate-strictly-increasing
2026-08-11	4088a42a8e26		iterate/census1881	3612.7	Merge pull request #545 from RoaringBitmap/fix-validate-strictly-increasing
2026-08-11	4088a42a8e26		iterate_many/census1881	468.5	Merge pull request #545 from RoaringBitmap/fix-validate-strictly-increasing
2026-08-11	4088a42a8e26		to_array/census1881	945.7	Merge pull request #545 from RoaringBitmap/fix-validate-strictly-increasing
2026-08-11	4088a42a8e26		deserialize/census1881	362.9	Merge pull request #545 from RoaringBitmap/fix-validate-strictly-increasing
2026-08-11	4088a42a8e26		or_successive/census-income	2185.6	Merge pull request #545 from RoaringBitmap/fix-validate-strictly-increasing
2026-08-11	4088a42a8e26		and_successive/census-income	2205.7	Merge pull request #545 from RoaringBitmap/fix-validate-strictly-increasing
2026-08-11	4088a42a8e26		and_cardinality/census-income	1452.2	Merge pull request #545 from RoaringBitmap/fix-validate-strictly-increasing
2026-08-11	4088a42a8e26		fast_or/census-income	427.0	Merge pull request #545 from RoaringBitmap/fix-validate-strictly-increasing
2026-08-11	4088a42a8e26		contains/census-income	16160.1	Merge pull request #545 from RoaringBitmap/fix-validate-strictly-increasing
2026-08-11	4088a42a8e26		iterate/census-income	32913.1	Merge pull request #545 from RoaringBitmap/fix-validate-strictly-increasing
2026-08-11	4088a42a8e26		iterate_many/census-income	7895.4	Merge pull request #545 from RoaringBitmap/fix-validate-strictly-increasing
2026-08-11	4088a42a8e26		to_array/census-income	7072.2	Merge pull request #545 from RoaringBitmap/fix-validate-strictly-increasing
2026-08-11	4088a42a8e26		deserialize/census-income	391.5	Merge pull request #545 from RoaringBitmap/fix-validate-strictly-increasing
2026-08-11	4088a42a8e26		or_successive/weather_sept_85	8806.6	Merge pull request #545 from RoaringBitmap/fix-validate-strictly-increasing
2026-08-11	4088a42a8e26		and_successive/weather_sept_85	7465.7	Merge pull request #545 from RoaringBitmap/fix-validate-strictly-increasing
2026-08-11	4088a42a8e26		and_cardinality/weather_sept_85	6602.5	Merge pull request #545 from RoaringBitmap/fix-validate-strictly-increasing
2026-08-11	4088a42a8e26		fast_or/weather_sept_85	1944.7	Merge pull request #545 from RoaringBitmap/fix-validate-strictly-increasing
2026-08-11	4088a42a8e26		contains/weather_sept_85	19478.4	Merge pull request #545 from RoaringBitmap/fix-validate-strictly-increasing
2026-08-11	4088a42a8e26		iterate/weather_sept_85	62313.0	Merge pull request #545 from RoaringBitmap/fix-validate-strictly-increasing
2026-08-11	4088a42a8e26		iterate_many/weather_sept_85	16408.3	Merge pull request #545 from RoaringBitmap/fix-validate-strictly-increasing
2026-08-11	4088a42a8e26		to_array/weather_sept_85	15457.8	Merge pull request #545 from RoaringBitmap/fix-validate-strictly-increasing
2026-08-11	4088a42a8e26		deserialize/weather_sept_85	1248.8	Merge pull request #545 from RoaringBitmap/fix-validate-strictly-increasing
2026-08-11	1bb413dff526		or_successive/census1881	3078.5	Merge pull request #539 from perfloop/perfloop-pr-open-66gs2g3x13
2026-08-11	1bb413dff526		and_successive/census1881	39.5	Merge pull request #539 from perfloop/perfloop-pr-open-66gs2g3x13
2026-08-11	1bb413dff526		and_cardinality/census1881	32.4	Merge pull request #539 from perfloop/perfloop-pr-open-66gs2g3x13
2026-08-11	1bb413dff526		fast_or/census1881	3285.9	Merge pull request #539 from perfloop/perfloop-pr-open-66gs2g3x13
2026-08-11	1bb413dff526		contains/census1881	6250.9	Merge pull request #539 from perfloop/perfloop-pr-open-66gs2g3x13
2026-08-11	1bb413dff526		iterate/census1881	3617.1	Merge pull request #539 from perfloop/perfloop-pr-open-66gs2g3x13
2026-08-11	1bb413dff526		iterate_many/census1881	486.2	Merge pull request #539 from perfloop/perfloop-pr-open-66gs2g3x13
2026-08-11	1bb413dff526		to_array/census1881	925.3	Merge pull request #539 from perfloop/perfloop-pr-open-66gs2g3x13
2026-08-11	1bb413dff526		deserialize/census1881	358.7	Merge pull request #539 from perfloop/perfloop-pr-open-66gs2g3x13
2026-08-11	1bb413dff526		or_successive/census-income	2215.3	Merge pull request #539 from perfloop/perfloop-pr-open-66gs2g3x13
2026-08-11	1bb413dff526		and_successive/census-income	2162.8	Merge pull request #539 from perfloop/perfloop-pr-open-66gs2g3x13
2026-08-11	1bb413dff526		and_cardinality/census-income	1437.9	Merge pull request #539 from perfloop/perfloop-pr-open-66gs2g3x13
2026-08-11	1bb413dff526		fast_or/census-income	424.0	Merge pull request #539 from perfloop/perfloop-pr-open-66gs2g3x13
2026-08-11	1bb413dff526		contains/census-income	16148.7	Merge pull request #539 from perfloop/perfloop-pr-open-66gs2g3x13
2026-08-11	1bb413dff526		iterate/census-income	32136.2	Merge pull request #539 from perfloop/perfloop-pr-open-66gs2g3x13
2026-08-11	1bb413dff526		iterate_many/census-income	7874.3	Merge pull request #539 from perfloop/perfloop-pr-open-66gs2g3x13
2026-08-11	1bb413dff526		to_array/census-income	7113.9	Merge pull request #539 from perfloop/perfloop-pr-open-66gs2g3x13
2026-08-11	1bb413dff526		deserialize/census-income	382.3	Merge pull request #539 from perfloop/perfloop-pr-open-66gs2g3x13
2026-08-11	1bb413dff526		or_successive/weather_sept_85	8833.5	Merge pull request #539 from perfloop/perfloop-pr-open-66gs2g3x13
2026-08-11	1bb413dff526		and_successive/weather_sept_85	7508.5	Merge pull request #539 from perfloop/perfloop-pr-open-66gs2g3x13
2026-08-11	1bb413dff526		and_cardinality/weather_sept_85	6616.7	Merge pull request #539 from perfloop/perfloop-pr-open-66gs2g3x13
2026-08-11	1bb413dff526		fast_or/weather_sept_85	1952.7	Merge pull request #539 from perfloop/perfloop-pr-open-66gs2g3x13
2026-08-11	1bb413dff526		contains/weather_sept_85	19413.5	Merge pull request #539 from perfloop/perfloop-pr-open-66gs2g3x13
2026-08-11	1bb413dff526		iterate/weather_sept_85	62738.9	Merge pull request #539 from perfloop/perfloop-pr-open-66gs2g3x13
2026-08-11	1bb413dff526		iterate_many/weather_sept_85	16401.3	Merge pull request #539 from perfloop/perfloop-pr-open-66gs2g3x13
2026-08-11	1bb413dff526		to_array/weather_sept_85	14508.8	Merge pull request #539 from perfloop/perfloop-pr-open-66gs2g3x13
2026-08-11	1bb413dff526		deserialize/weather_sept_85	1323.4	Merge pull request #539 from perfloop/perfloop-pr-open-66gs2g3x13
2026-08-11	ff191ee15cae		or_successive/census1881	3090.8	Merge pull request #542 from perfloop/perfloop-pr-open-rnjj17ta95
2026-08-11	ff191ee15cae		and_successive/census1881	39.8	Merge pull request #542 from perfloop/perfloop-pr-open-rnjj17ta95
2026-08-11	ff191ee15cae		and_cardinality/census1881	31.4	Merge pull request #542 from perfloop/perfloop-pr-open-rnjj17ta95
2026-08-11	ff191ee15cae		fast_or/census1881	3246.5	Merge pull request #542 from perfloop/perfloop-pr-open-rnjj17ta95
2026-08-11	ff191ee15cae		contains/census1881	6144.2	Merge pull request #542 from perfloop/perfloop-pr-open-rnjj17ta95
2026-08-11	ff191ee15cae		iterate/census1881	3669.4	Merge pull request #542 from perfloop/perfloop-pr-open-rnjj17ta95
2026-08-11	ff191ee15cae		iterate_many/census1881	471.0	Merge pull request #542 from perfloop/perfloop-pr-open-rnjj17ta95
2026-08-11	ff191ee15cae		to_array/census1881	832.6	Merge pull request #542 from perfloop/perfloop-pr-open-rnjj17ta95
2026-08-11	ff191ee15cae		deserialize/census1881	396.4	Merge pull request #542 from perfloop/perfloop-pr-open-rnjj17ta95
2026-08-11	ff191ee15cae		or_successive/census-income	2240.5	Merge pull request #542 from perfloop/perfloop-pr-open-rnjj17ta95
2026-08-11	ff191ee15cae		and_successive/census-income	2170.2	Merge pull request #542 from perfloop/perfloop-pr-open-rnjj17ta95
2026-08-11	ff191ee15cae		and_cardinality/census-income	1443.4	Merge pull request #542 from perfloop/perfloop-pr-open-rnjj17ta95
2026-08-11	ff191ee15cae		fast_or/census-income	388.0	Merge pull request #542 from perfloop/perfloop-pr-open-rnjj17ta95
2026-08-11	ff191ee15cae		contains/census-income	16154.9	Merge pull request #542 from perfloop/perfloop-pr-open-rnjj17ta95
2026-08-11	ff191ee15cae		iterate/census-income	32229.9	Merge pull request #542 from perfloop/perfloop-pr-open-rnjj17ta95
2026-08-11	ff191ee15cae		iterate_many/census-income	7889.4	Merge pull request #542 from perfloop/perfloop-pr-open-rnjj17ta95
2026-08-11	ff191ee15cae		to_array/census-income	7370.9	Merge pull request #542 from perfloop/perfloop-pr-open-rnjj17ta95
2026-08-11	ff191ee15cae		deserialize/census-income	396.1	Merge pull request #542 from perfloop/perfloop-pr-open-rnjj17ta95
2026-08-11	ff191ee15cae		or_successive/weather_sept_85	8210.7	Merge pull request #542 from perfloop/perfloop-pr-open-rnjj17ta95
2026-08-11	ff191ee15cae		and_successive/weather_sept_85	7428.4	Merge pull request #542 from perfloop/perfloop-pr-open-rnjj17ta95
2026-08-11	ff191ee15cae		and_cardinality/weather_sept_85	6598.0	Merge pull request #542 from perfloop/perfloop-pr-open-rnjj17ta95
2026-08-11	ff191ee15cae		fast_or/weather_sept_85	1774.7	Merge pull request #542 from perfloop/perfloop-pr-open-rnjj17ta95
2026-08-11	ff191ee15cae		contains/weather_sept_85	19454.1	Merge pull request #542 from perfloop/perfloop-pr-open-rnjj17ta95
2026-08-11	ff191ee15cae		iterate/weather_sept_85	62926.1	Merge pull request #542 from perfloop/perfloop-pr-open-rnjj17ta95
2026-08-11	ff191ee15cae		iterate_many/weather_sept_85	16380.9	Merge pull request #542 from perfloop/perfloop-pr-open-rnjj17ta95
2026-08-11	ff191ee15cae		to_array/weather_sept_85	16327.7	Merge pull request #542 from perfloop/perfloop-pr-open-rnjj17ta95
2026-08-11	ff191ee15cae		deserialize/weather_sept_85	1314.6	Merge pull request #542 from perfloop/perfloop-pr-open-rnjj17ta95
2026-08-12	b2081aef189b		or_successive/census1881	3100.9	Merge pull request #547 from Gusted/smat-gofuzz
2026-08-12	b2081aef189b		and_successive/census1881	44.8	Merge pull request #547 from Gusted/smat-gofuzz
2026-08-12	b2081aef189b		and_cardinality/census1881	27.1	Merge pull request #547 from Gusted/smat-gofuzz
2026-08-12	b2081aef189b		fast_or/census1881	3342.2	Merge pull request #547 from Gusted/smat-gofuzz
2026-08-12	b2081aef189b		contains/census1881	6370.4	Merge pull request #547 from Gusted/smat-gofuzz
2026-08-12	b2081aef189b		iterate/census1881	3296.7	Merge pull request #547 from Gusted/smat-gofuzz
2026-08-12	b2081aef189b		iterate_many/census1881	603.6	Merge pull request #547 from Gusted/smat-gofuzz
2026-08-12	b2081aef189b		to_array/census1881	825.4	Merge pull request #547 from Gusted/smat-gofuzz
2026-08-12	b2081aef189b		deserialize/census1881	358.9	Merge pull request #547 from Gusted/smat-gofuzz
2026-08-12	b2081aef189b		or_successive/census-income	2287.6	Merge pull request #547 from Gusted/smat-gofuzz
2026-08-12	b2081aef189b		and_successive/census-income	2178.9	Merge pull request #547 from Gusted/smat-gofuzz
2026-08-12	b2081aef189b		and_cardinality/census-income	1459.2	Merge pull request #547 from Gusted/smat-gofuzz
2026-08-12	b2081aef189b		fast_or/census-income	366.4	Merge pull request #547 from Gusted/smat-gofuzz
2026-08-12	b2081aef189b		contains/census-income	17886.1	Merge pull request #547 from Gusted/smat-gofuzz
2026-08-12	b2081aef189b		iterate/census-income	33231.6	Merge pull request #547 from Gusted/smat-gofuzz
2026-08-12	b2081aef189b		iterate_many/census-income	8111.2	Merge pull request #547 from Gusted/smat-gofuzz
2026-08-12	b2081aef189b		to_array/census-income	6628.9	Merge pull request #547 from Gusted/smat-gofuzz
2026-08-12	b2081aef189b		deserialize/census-income	336.1	Merge pull request #547 from Gusted/smat-gofuzz
2026-08-12	b2081aef189b		or_successive/weather_sept_85	8681.3	Merge pull request #547 from Gusted/smat-gofuzz
2026-08-12	b2081aef189b		and_successive/weather_sept_85	7481.6	Merge pull request #547 from Gusted/smat-gofuzz
2026-08-12	b2081aef189b		and_cardinality/weather_sept_85	6679.8	Merge pull request #547 from Gusted/smat-gofuzz
2026-08-12	b2081aef189b		fast_or/weather_sept_85	1786.8	Merge pull request #547 from Gusted/smat-gofuzz
2026-08-12	b2081aef189b		contains/weather_sept_85	21241.5	Merge pull request #547 from Gusted/smat-gofuzz
2026-08-12	b2081aef189b		iterate/weather_sept_85	62478.4	Merge pull request #547 from Gusted/smat-gofuzz
2026-08-12	b2081aef189b		iterate_many/weather_sept_85	16766.5	Merge pull request #547 from Gusted/smat-gofuzz
2026-08-12	b2081aef189b		to_array/weather_sept_85	16500.4	Merge pull request #547 from Gusted/smat-gofuzz
2026-08-12	b2081aef189b		deserialize/weather_sept_85	1289.6	Merge pull request #547 from Gusted/smat-gofuzz
2026-08-17	d5a11fe1c2fa		or_successive/census1881	3104.3	Merge pull request #549 from RoaringBitmap/neon-andnot-vbit
2026-08-17	d5a11fe1c2fa		and_successive/census1881	39.4	Merge pull request #549 from RoaringBitmap/neon-andnot-vbit
2026-08-17	d5a11fe1c2fa		and_cardinality/census1881	33.4	Merge pull request #549 from RoaringBitmap/neon-andnot-vbit
2026-08-17	d5a11fe1c2fa		fast_or/census1881	3308.0	Merge pull request #549 from RoaringBitmap/neon-andnot-vbit
2026-08-17	d5a11fe1c2fa		contains/census1881	6361.3	Merge pull request #549 from RoaringBitmap/neon-andnot-vbit
2026-08-17	d5a11fe1c2fa		iterate/census1881	3299.5	Merge pull request #549 from RoaringBitmap/neon-andnot-vbit
2026-08-17	d5a11fe1c2fa		iterate_many/census1881	598.0	Merge pull request #549 from RoaringBitmap/neon-andnot-vbit
2026-08-17	d5a11fe1c2fa		to_array/census1881	851.1	Merge pull request #549 from RoaringBitmap/neon-andnot-vbit
2026-08-17	d5a11fe1c2fa		deserialize/census1881	387.5	Merge pull request #549 from RoaringBitmap/neon-andnot-vbit
2026-08-17	d5a11fe1c2fa		or_successive/census-income	2223.3	Merge pull request #549 from RoaringBitmap/neon-andnot-vbit
2026-08-17	d5a11fe1c2fa		and_successive/census-income	2126.6	Merge pull request #549 from RoaringBitmap/neon-andnot-vbit
2026-08-17	d5a11fe1c2fa		and_cardinality/census-income	1457.1	Merge pull request #549 from RoaringBitmap/neon-andnot-vbit
2026-08-17	d5a11fe1c2fa		fast_or/census-income	370.8	Merge pull request #549 from RoaringBitmap/neon-andnot-vbit
2026-08-17	d5a11fe1c2fa		contains/census-income	17881.0	Merge pull request #549 from RoaringBitmap/neon-andnot-vbit
2026-08-17	d5a11fe1c2fa		iterate/census-income	32221.9	Merge pull request #549 from RoaringBitmap/neon-andnot-vbit
2026-08-17	d5a11fe1c2fa		iterate_many/census-income	8068.3	Merge pull request #549 from RoaringBitmap/neon-andnot-vbit
2026-08-17	d5a11fe1c2fa		to_array/census-income	6740.6	Merge pull request #549 from RoaringBitmap/neon-andnot-vbit
2026-08-17	d5a11fe1c2fa		deserialize/census-income	352.1	Merge pull request #549 from RoaringBitmap/neon-andnot-vbit
2026-08-17	d5a11fe1c2fa		or_successive/weather_sept_85	8828.8	Merge pull request #549 from RoaringBitmap/neon-andnot-vbit
2026-08-17	d5a11fe1c2fa		and_successive/weather_sept_85	7499.9	Merge pull request #549 from RoaringBitmap/neon-andnot-vbit
2026-08-17	d5a11fe1c2fa		and_cardinality/weather_sept_85	6706.4	Merge pull request #549 from RoaringBitmap/neon-andnot-vbit
2026-08-17	d5a11fe1c2fa		fast_or/weather_sept_85	1786.4	Merge pull request #549 from RoaringBitmap/neon-andnot-vbit
2026-08-17	d5a11fe1c2fa		contains/weather_sept_85	21312.2	Merge pull request #549 from RoaringBitmap/neon-andnot-vbit
2026-08-17	d5a11fe1c2fa		iterate/weather_sept_85	61940.4	Merge pull request #549 from RoaringBitmap/neon-andnot-vbit
2026-08-17	d5a11fe1c2fa		iterate_many/weather_sept_85	16733.9	Merge pull request #549 from RoaringBitmap/neon-andnot-vbit
2026-08-17	d5a11fe1c2fa		to_array/weather_sept_85	15021.2	Merge pull request #549 from RoaringBitmap/neon-andnot-vbit
2026-08-17	d5a11fe1c2fa		deserialize/weather_sept_85	1358.1	Merge pull request #549 from RoaringBitmap/neon-andnot-vbit
2026-08-17	92bd7e516ab3	v2.25.0	or_successive/census1881	3121.9	Merge pull request #546 from RoaringBitmap/avx2-popcnt-sparks
2026-08-17	92bd7e516ab3	v2.25.0	and_successive/census1881	37.5	Merge pull request #546 from RoaringBitmap/avx2-popcnt-sparks
2026-08-17	92bd7e516ab3	v2.25.0	and_cardinality/census1881	30.3	Merge pull request #546 from RoaringBitmap/avx2-popcnt-sparks
2026-08-17	92bd7e516ab3	v2.25.0	fast_or/census1881	3280.7	Merge pull request #546 from RoaringBitmap/avx2-popcnt-sparks
2026-08-17	92bd7e516ab3	v2.25.0	contains/census1881	6339.1	Merge pull request #546 from RoaringBitmap/avx2-popcnt-sparks
2026-08-17	92bd7e516ab3	v2.25.0	iterate/census1881	3304.5	Merge pull request #546 from RoaringBitmap/avx2-popcnt-sparks
2026-08-17	92bd7e516ab3	v2.25.0	iterate_many/census1881	600.5	Merge pull request #546 from RoaringBitmap/avx2-popcnt-sparks
2026-08-17	92bd7e516ab3	v2.25.0	to_array/census1881	943.5	Merge pull request #546 from RoaringBitmap/avx2-popcnt-sparks
2026-08-17	92bd7e516ab3	v2.25.0	deserialize/census1881	372.8	Merge pull request #546 from RoaringBitmap/avx2-popcnt-sparks
2026-08-17	92bd7e516ab3	v2.25.0	or_successive/census-income	2252.1	Merge pull request #546 from RoaringBitmap/avx2-popcnt-sparks
2026-08-17	92bd7e516ab3	v2.25.0	and_successive/census-income	2156.6	Merge pull request #546 from RoaringBitmap/avx2-popcnt-sparks
2026-08-17	92bd7e516ab3	v2.25.0	and_cardinality/census-income	1465.4	Merge pull request #546 from RoaringBitmap/avx2-popcnt-sparks
2026-08-17	92bd7e516ab3	v2.25.0	fast_or/census-income	371.4	Merge pull request #546 from RoaringBitmap/avx2-popcnt-sparks
2026-08-17	92bd7e516ab3	v2.25.0	contains/census-income	17928.0	Merge pull request #546 from RoaringBitmap/avx2-popcnt-sparks
2026-08-17	92bd7e516ab3	v2.25.0	iterate/census-income	32904.3	Merge pull request #546 from RoaringBitmap/avx2-popcnt-sparks
2026-08-17	92bd7e516ab3	v2.25.0	iterate_many/census-income	8158.7	Merge pull request #546 from RoaringBitmap/avx2-popcnt-sparks
2026-08-17	92bd7e516ab3	v2.25.0	to_array/census-income	6589.1	Merge pull request #546 from RoaringBitmap/avx2-popcnt-sparks
2026-08-17	92bd7e516ab3	v2.25.0	deserialize/census-income	332.2	Merge pull request #546 from RoaringBitmap/avx2-popcnt-sparks
2026-08-17	92bd7e516ab3	v2.25.0	or_successive/weather_sept_85	9153.4	Merge pull request #546 from RoaringBitmap/avx2-popcnt-sparks
2026-08-17	92bd7e516ab3	v2.25.0	and_successive/weather_sept_85	7498.1	Merge pull request #546 from RoaringBitmap/avx2-popcnt-sparks
2026-08-17	92bd7e516ab3	v2.25.0	and_cardinality/weather_sept_85	6696.7	Merge pull request #546 from RoaringBitmap/avx2-popcnt-sparks
2026-08-17	92bd7e516ab3	v2.25.0	fast_or/weather_sept_85	1796.8	Merge pull request #546 from RoaringBitmap/avx2-popcnt-sparks
2026-08-17	92bd7e516ab3	v2.25.0	contains/weather_sept_85	21331.9	Merge pull request #546 from RoaringBitmap/avx2-popcnt-sparks
2026-08-17	92bd7e516ab3	v2.25.0	iterate/weather_sept_85	62763.6	Merge pull request #546 from RoaringBitmap/avx2-popcnt-sparks
2026-08-17	92bd7e516ab3	v2.25.0	iterate_many/weather_sept_85	16700.3	Merge pull request #546 from RoaringBitmap/avx2-popcnt-sparks
2026-08-17	92bd7e516ab3	v2.25.0	to_array/weather_sept_85	15674.0	Merge pull request #546 from RoaringBitmap/avx2-popcnt-sparks
2026-08-17	92bd7e516ab3	v2.25.0	deserialize/weather_sept_85	1208.9	Merge pull request #546 from RoaringBitmap/avx2-popcnt-sparks
2026-08-19	e9e1ecc5b8fd		or_successive/census1881	3102.4	Merge pull request #551 from perfloop/perfloop-pr-open-jkhaz4jeyf
2026-08-19	e9e1ecc5b8fd		and_successive/census1881	39.9	Merge pull request #551 from perfloop/perfloop-pr-open-jkhaz4jeyf
2026-08-19	e9e1ecc5b8fd		and_cardinality/census1881	24.0	Merge pull request #551 from perfloop/perfloop-pr-open-jkhaz4jeyf
2026-08-19	e9e1ecc5b8fd		fast_or/census1881	3306.3	Merge pull request #551 from perfloop/perfloop-pr-open-jkhaz4jeyf
2026-08-19	e9e1ecc5b8fd		contains/census1881	6367.0	Merge pull request #551 from perfloop/perfloop-pr-open-jkhaz4jeyf
2026-08-19	e9e1ecc5b8fd		iterate/census1881	3711.8	Merge pull request #551 from perfloop/perfloop-pr-open-jkhaz4jeyf
2026-08-19	e9e1ecc5b8fd		iterate_many/census1881	606.0	Merge pull request #551 from perfloop/perfloop-pr-open-jkhaz4jeyf
2026-08-19	e9e1ecc5b8fd		to_array/census1881	881.6	Merge pull request #551 from perfloop/perfloop-pr-open-jkhaz4jeyf
2026-08-19	e9e1ecc5b8fd		deserialize/census1881	380.6	Merge pull request #551 from perfloop/perfloop-pr-open-jkhaz4jeyf
2026-08-19	e9e1ecc5b8fd		or_successive/census-income	2229.6	Merge pull request #551 from perfloop/perfloop-pr-open-jkhaz4jeyf
2026-08-19	e9e1ecc5b8fd		and_successive/census-income	2224.7	Merge pull request #551 from perfloop/perfloop-pr-open-jkhaz4jeyf
2026-08-19	e9e1ecc5b8fd		and_cardinality/census-income	1346.7	Merge pull request #551 from perfloop/perfloop-pr-open-jkhaz4jeyf
2026-08-19	e9e1ecc5b8fd		fast_or/census-income	366.3	Merge pull request #551 from perfloop/perfloop-pr-open-jkhaz4jeyf
2026-08-19	e9e1ecc5b8fd		contains/census-income	17805.8	Merge pull request #551 from perfloop/perfloop-pr-open-jkhaz4jeyf
2026-08-19	e9e1ecc5b8fd		iterate/census-income	32883.9	Merge pull request #551 from perfloop/perfloop-pr-open-jkhaz4jeyf
2026-08-19	e9e1ecc5b8fd		iterate_many/census-income	8116.2	Merge pull request #551 from perfloop/perfloop-pr-open-jkhaz4jeyf
2026-08-19	e9e1ecc5b8fd		to_array/census-income	6582.6	Merge pull request #551 from perfloop/perfloop-pr-open-jkhaz4jeyf
2026-08-19	e9e1ecc5b8fd		deserialize/census-income	396.5	Merge pull request #551 from perfloop/perfloop-pr-open-jkhaz4jeyf
2026-08-19	e9e1ecc5b8fd		or_successive/weather_sept_85	8272.2	Merge pull request #551 from perfloop/perfloop-pr-open-jkhaz4jeyf
2026-08-19	e9e1ecc5b8fd		and_successive/weather_sept_85	7322.2	Merge pull request #551 from perfloop/perfloop-pr-open-jkhaz4jeyf
2026-08-19	e9e1ecc5b8fd		and_cardinality/weather_sept_85	6070.3	Merge pull request #551 from perfloop/perfloop-pr-open-jkhaz4jeyf
2026-08-19	e9e1ecc5b8fd		fast_or/weather_sept_85	1787.1	Merge pull request #551 from perfloop/perfloop-pr-open-jkhaz4jeyf
2026-08-19	e9e1ecc5b8fd		contains/weather_sept_85	21177.5	Merge pull request #551 from perfloop/perfloop-pr-open-jkhaz4jeyf
2026-08-19	e9e1ecc5b8fd		iterate/weather_sept_85	63735.9	Merge pull request #551 from perfloop/perfloop-pr-open-jkhaz4jeyf
2026-08-19	e9e1ecc5b8fd		iterate_many/weather_sept_85	16740.0	Merge pull request #551 from perfloop/perfloop-pr-open-jkhaz4jeyf
2026-08-19	e9e1ecc5b8fd		to_array/weather_sept_85	15475.0	Merge pull request #551 from perfloop/perfloop-pr-open-jkhaz4jeyf
2026-08-19	e9e1ecc5b8fd		deserialize/weather_sept_85	1294.9	Merge pull request #551 from perfloop/perfloop-pr-open-jkhaz4jeyf
2026-08-24	33d5fbfcc973		or_successive/census1881	3095.4	Merge pull request #555 from perfloop/perfloop-pr-open-r8sx8khc5v
2026-08-24	33d5fbfcc973		and_successive/census1881	46.3	Merge pull request #555 from perfloop/perfloop-pr-open-r8sx8khc5v
2026-08-24	33d5fbfcc973		and_cardinality/census1881	27.4	Merge pull request #555 from perfloop/perfloop-pr-open-r8sx8khc5v
2026-08-24	33d5fbfcc973		fast_or/census1881	3302.2	Merge pull request #555 from perfloop/perfloop-pr-open-r8sx8khc5v
2026-08-24	33d5fbfcc973		contains/census1881	6377.0	Merge pull request #555 from perfloop/perfloop-pr-open-r8sx8khc5v
2026-08-24	33d5fbfcc973		iterate/census1881	3689.5	Merge pull request #555 from perfloop/perfloop-pr-open-r8sx8khc5v
2026-08-24	33d5fbfcc973		iterate_many/census1881	603.0	Merge pull request #555 from perfloop/perfloop-pr-open-r8sx8khc5v
2026-08-24	33d5fbfcc973		to_array/census1881	865.9	Merge pull request #555 from perfloop/perfloop-pr-open-r8sx8khc5v
2026-08-24	33d5fbfcc973		deserialize/census1881	329.5	Merge pull request #555 from perfloop/perfloop-pr-open-r8sx8khc5v
2026-08-24	33d5fbfcc973		or_successive/census-income	2244.5	Merge pull request #555 from perfloop/perfloop-pr-open-r8sx8khc5v
2026-08-24	33d5fbfcc973		and_successive/census-income	2259.5	Merge pull request #555 from perfloop/perfloop-pr-open-r8sx8khc5v
2026-08-24	33d5fbfcc973		and_cardinality/census-income	1356.6	Merge pull request #555 from perfloop/perfloop-pr-open-r8sx8khc5v
2026-08-24	33d5fbfcc973		fast_or/census-income	368.2	Merge pull request #555 from perfloop/perfloop-pr-open-r8sx8khc5v
2026-08-24	33d5fbfcc973		contains/census-income	17809.1	Merge pull request #555 from perfloop/perfloop-pr-open-r8sx8khc5v
2026-08-24	33d5fbfcc973		iterate/census-income	32831.2	Merge pull request #555 from perfloop/perfloop-pr-open-r8sx8khc5v
2026-08-24	33d5fbfcc973		iterate_many/census-income	8305.5	Merge pull request #555 from perfloop/perfloop-pr-open-r8sx8khc5v
2026-08-24	33d5fbfcc973		to_array/census-income	6815.6	Merge pull request #555 from perfloop/perfloop-pr-open-r8sx8khc5v
2026-08-24	33d5fbfcc973		deserialize/census-income	461.0	Merge pull request #555 from perfloop/perfloop-pr-open-r8sx8khc5v
2026-08-24	33d5fbfcc973		or_successive/weather_sept_85	8799.1	Merge pull request #555 from perfloop/perfloop-pr-open-r8sx8khc5v
2026-08-24	33d5fbfcc973		and_successive/weather_sept_85	7352.8	Merge pull request #555 from perfloop/perfloop-pr-open-r8sx8khc5v
2026-08-24	33d5fbfcc973		and_cardinality/weather_sept_85	6099.1	Merge pull request #555 from perfloop/perfloop-pr-open-r8sx8khc5v
2026-08-24	33d5fbfcc973		fast_or/weather_sept_85	1784.9	Merge pull request #555 from perfloop/perfloop-pr-open-r8sx8khc5v
2026-08-24	33d5fbfcc973		contains/weather_sept_85	21078.8	Merge pull request #555 from perfloop/perfloop-pr-open-r8sx8khc5v
2026-08-24	33d5fbfcc973		iterate/weather_sept_85	63703.4	Merge pull request #555 from perfloop/perfloop-pr-open-r8sx8khc5v
2026-08-24	33d5fbfcc973		iterate_many/weather_sept_85	16752.8	Merge pull request #555 from perfloop/perfloop-pr-open-r8sx8khc5v
2026-08-24	33d5fbfcc973		to_array/weather_sept_85	15595.2	Merge pull request #555 from perfloop/perfloop-pr-open-r8sx8khc5v
2026-08-24	33d5fbfcc973		deserialize/weather_sept_85	1235.3	Merge pull request #555 from perfloop/perfloop-pr-open-r8sx8khc5v
2026-08-26	f2e068c9358c		or_successive/census1881	3120.0	Merge pull request #557 from RoaringBitmap/vbmi2-toarray
2026-08-26	f2e068c9358c		and_successive/census1881	41.3	Merge pull request #557 from RoaringBitmap/vbmi2-toarray
2026-08-26	f2e068c9358c		and_cardinality/census1881	27.7	Merge pull request #557 from RoaringBitmap/vbmi2-toarray
2026-08-26	f2e068c9358c		fast_or/census1881	3301.6	Merge pull request #557 from RoaringBitmap/vbmi2-toarray
2026-08-26	f2e068c9358c		contains/census1881	6306.4	Merge pull request #557 from RoaringBitmap/vbmi2-toarray
2026-08-26	f2e068c9358c		iterate/census1881	3309.4	Merge pull request #557 from RoaringBitmap/vbmi2-toarray
2026-08-26	f2e068c9358c		iterate_many/census1881	599.2	Merge pull request #557 from RoaringBitmap/vbmi2-toarray
2026-08-26	f2e068c9358c		to_array/census1881	840.6	Merge pull request #557 from RoaringBitmap/vbmi2-toarray
2026-08-26	f2e068c9358c		deserialize/census1881	299.1	Merge pull request #557 from RoaringBitmap/vbmi2-toarray
2026-08-26	f2e068c9358c		or_successive/census-income	2160.7	Merge pull request #557 from RoaringBitmap/vbmi2-toarray
2026-08-26	f2e068c9358c		and_successive/census-income	2178.2	Merge pull request #557 from RoaringBitmap/vbmi2-toarray
2026-08-26	f2e068c9358c		and_cardinality/census-income	1341.8	Merge pull request #557 from RoaringBitmap/vbmi2-toarray
2026-08-26	f2e068c9358c		fast_or/census-income	363.9	Merge pull request #557 from RoaringBitmap/vbmi2-toarray
2026-08-26	f2e068c9358c		contains/census-income	17708.4	Merge pull request #557 from RoaringBitmap/vbmi2-toarray
2026-08-26	f2e068c9358c		iterate/census-income	32568.7	Merge pull request #557 from RoaringBitmap/vbmi2-toarray
2026-08-26	f2e068c9358c		iterate_many/census-income	8059.4	Merge pull request #557 from RoaringBitmap/vbmi2-toarray
2026-08-26	f2e068c9358c		to_array/census-income	2855.5	Merge pull request #557 from RoaringBitmap/vbmi2-toarray
2026-08-26	f2e068c9358c		deserialize/census-income	420.9	Merge pull request #557 from RoaringBitmap/vbmi2-toarray
2026-08-26	f2e068c9358c		or_successive/weather_sept_85	8516.8	Merge pull request #557 from RoaringBitmap/vbmi2-toarray
2026-08-26	f2e068c9358c		and_successive/weather_sept_85	7212.3	Merge pull request #557 from RoaringBitmap/vbmi2-toarray
2026-08-26	f2e068c9358c		and_cardinality/weather_sept_85	6119.5	Merge pull request #557 from RoaringBitmap/vbmi2-toarray
2026-08-26	f2e068c9358c		fast_or/weather_sept_85	1765.8	Merge pull request #557 from RoaringBitmap/vbmi2-toarray
2026-08-26	f2e068c9358c		contains/weather_sept_85	21076.1	Merge pull request #557 from RoaringBitmap/vbmi2-toarray
2026-08-26	f2e068c9358c		iterate/weather_sept_85	62341.0	Merge pull request #557 from RoaringBitmap/vbmi2-toarray
2026-08-26	f2e068c9358c		iterate_many/weather_sept_85	16627.1	Merge pull request #557 from RoaringBitmap/vbmi2-toarray
2026-08-26	f2e068c9358c		to_array/weather_sept_85	7220.5	Merge pull request #557 from RoaringBitmap/vbmi2-toarray
2026-08-26	f2e068c9358c		deserialize/weather_sept_85	1280.0	Merge pull request #557 from RoaringBitmap/vbmi2-toarray
2026-08-26	7b2850c867dd		or_successive/census1881	3107.8	Merge pull request #558 from RoaringBitmap/avx512-popcnt
2026-08-26	7b2850c867dd		and_successive/census1881	36.6	Merge pull request #558 from RoaringBitmap/avx512-popcnt
2026-08-26	7b2850c867dd		and_cardinality/census1881	30.9	Merge pull request #558 from RoaringBitmap/avx512-popcnt
2026-08-26	7b2850c867dd		fast_or/census1881	3262.0	Merge pull request #558 from RoaringBitmap/avx512-popcnt
2026-08-26	7b2850c867dd		contains/census1881	6315.1	Merge pull request #558 from RoaringBitmap/avx512-popcnt
2026-08-26	7b2850c867dd		iterate/census1881	3312.9	Merge pull request #558 from RoaringBitmap/avx512-popcnt
2026-08-26	7b2850c867dd		iterate_many/census1881	602.4	Merge pull request #558 from RoaringBitmap/avx512-popcnt
2026-08-26	7b2850c867dd		to_array/census1881	841.2	Merge pull request #558 from RoaringBitmap/avx512-popcnt
2026-08-26	7b2850c867dd		deserialize/census1881	374.8	Merge pull request #558 from RoaringBitmap/avx512-popcnt
2026-08-26	7b2850c867dd		or_successive/census-income	2326.9	Merge pull request #558 from RoaringBitmap/avx512-popcnt
2026-08-26	7b2850c867dd		and_successive/census-income	2110.2	Merge pull request #558 from RoaringBitmap/avx512-popcnt
2026-08-26	7b2850c867dd		and_cardinality/census-income	1343.2	Merge pull request #558 from RoaringBitmap/avx512-popcnt
2026-08-26	7b2850c867dd		fast_or/census-income	365.9	Merge pull request #558 from RoaringBitmap/avx512-popcnt
2026-08-26	7b2850c867dd		contains/census-income	17736.9	Merge pull request #558 from RoaringBitmap/avx512-popcnt
2026-08-26	7b2850c867dd		iterate/census-income	32329.7	Merge pull request #558 from RoaringBitmap/avx512-popcnt
2026-08-26	7b2850c867dd		iterate_many/census-income	8057.9	Merge pull request #558 from RoaringBitmap/avx512-popcnt
2026-08-26	7b2850c867dd		to_array/census-income	2871.8	Merge pull request #558 from RoaringBitmap/avx512-popcnt
2026-08-26	7b2850c867dd		deserialize/census-income	365.6	Merge pull request #558 from RoaringBitmap/avx512-popcnt
2026-08-26	7b2850c867dd		or_successive/weather_sept_85	8099.2	Merge pull request #558 from RoaringBitmap/avx512-popcnt
2026-08-26	7b2850c867dd		and_successive/weather_sept_85	7324.8	Merge pull request #558 from RoaringBitmap/avx512-popcnt
2026-08-26	7b2850c867dd		and_cardinality/weather_sept_85	6089.0	Merge pull request #558 from RoaringBitmap/avx512-popcnt
2026-08-26	7b2850c867dd		fast_or/weather_sept_85	1782.7	Merge pull request #558 from RoaringBitmap/avx512-popcnt
2026-08-26	7b2850c867dd		contains/weather_sept_85	21357.7	Merge pull request #558 from RoaringBitmap/avx512-popcnt
2026-08-26	7b2850c867dd		iterate/weather_sept_85	61943.8	Merge pull request #558 from RoaringBitmap/avx512-popcnt
2026-08-26	7b2850c867dd		iterate_many/weather_sept_85	16759.4	Merge pull request #558 from RoaringBitmap/avx512-popcnt
2026-08-26	7b2850c867dd		to_array/weather_sept_85	6640.1	Merge pull request #558 from RoaringBitmap/avx512-popcnt
2026-08-26	7b2850c867dd		deserialize/weather_sept_85	1227.8	Merge pull request #558 from RoaringBitmap/avx512-popcnt
2026-08-26	5d3db85d137e	v2.26.0	or_successive/census1881	3145.9	Merge pull request #559 from RoaringBitmap/avx512-bitset-ops
2026-08-26	5d3db85d137e	v2.26.0	and_successive/census1881	40.6	Merge pull request #559 from RoaringBitmap/avx512-bitset-ops
2026-08-26	5d3db85d137e	v2.26.0	and_cardinality/census1881	23.6	Merge pull request #559 from RoaringBitmap/avx512-bitset-ops
2026-08-26	5d3db85d137e	v2.26.0	fast_or/census1881	3280.9	Merge pull request #559 from RoaringBitmap/avx512-bitset-ops
2026-08-26	5d3db85d137e	v2.26.0	contains/census1881	6312.4	Merge pull request #559 from RoaringBitmap/avx512-bitset-ops
2026-08-26	5d3db85d137e	v2.26.0	iterate/census1881	3689.8	Merge pull request #559 from RoaringBitmap/avx512-bitset-ops
2026-08-26	5d3db85d137e	v2.26.0	iterate_many/census1881	600.0	Merge pull request #559 from RoaringBitmap/avx512-bitset-ops
2026-08-26	5d3db85d137e	v2.26.0	to_array/census1881	864.8	Merge pull request #559 from RoaringBitmap/avx512-bitset-ops
2026-08-26	5d3db85d137e	v2.26.0	deserialize/census1881	374.7	Merge pull request #559 from RoaringBitmap/avx512-bitset-ops
2026-08-26	5d3db85d137e	v2.26.0	or_successive/census-income	2134.7	Merge pull request #559 from RoaringBitmap/avx512-bitset-ops
2026-08-26	5d3db85d137e	v2.26.0	and_successive/census-income	2120.6	Merge pull request #559 from RoaringBitmap/avx512-bitset-ops
2026-08-26	5d3db85d137e	v2.26.0	and_cardinality/census-income	1353.0	Merge pull request #559 from RoaringBitmap/avx512-bitset-ops
2026-08-26	5d3db85d137e	v2.26.0	fast_or/census-income	341.4	Merge pull request #559 from RoaringBitmap/avx512-bitset-ops
2026-08-26	5d3db85d137e	v2.26.0	contains/census-income	17681.1	Merge pull request #559 from RoaringBitmap/avx512-bitset-ops
2026-08-26	5d3db85d137e	v2.26.0	iterate/census-income	33867.4	Merge pull request #559 from RoaringBitmap/avx512-bitset-ops
2026-08-26	5d3db85d137e	v2.26.0	iterate_many/census-income	7940.1	Merge pull request #559 from RoaringBitmap/avx512-bitset-ops
2026-08-26	5d3db85d137e	v2.26.0	to_array/census-income	2896.1	Merge pull request #559 from RoaringBitmap/avx512-bitset-ops
2026-08-26	5d3db85d137e	v2.26.0	deserialize/census-income	410.6	Merge pull request #559 from RoaringBitmap/avx512-bitset-ops
2026-08-26	5d3db85d137e	v2.26.0	or_successive/weather_sept_85	8577.1	Merge pull request #559 from RoaringBitmap/avx512-bitset-ops
2026-08-26	5d3db85d137e	v2.26.0	and_successive/weather_sept_85	7246.4	Merge pull request #559 from RoaringBitmap/avx512-bitset-ops
2026-08-26	5d3db85d137e	v2.26.0	and_cardinality/weather_sept_85	6133.9	Merge pull request #559 from RoaringBitmap/avx512-bitset-ops
2026-08-26	5d3db85d137e	v2.26.0	fast_or/weather_sept_85	1719.9	Merge pull request #559 from RoaringBitmap/avx512-bitset-ops
2026-08-26	5d3db85d137e	v2.26.0	contains/weather_sept_85	21055.0	Merge pull request #559 from RoaringBitmap/avx512-bitset-ops
2026-08-26	5d3db85d137e	v2.26.0	iterate/weather_sept_85	65255.7	Merge pull request #559 from RoaringBitmap/avx512-bitset-ops
2026-08-26	5d3db85d137e	v2.26.0	iterate_many/weather_sept_85	16687.1	Merge pull request #559 from RoaringBitmap/avx512-bitset-ops
2026-08-26	5d3db85d137e	v2.26.0	to_array/weather_sept_85	6204.2	Merge pull request #559 from RoaringBitmap/avx512-bitset-ops
2026-08-26	5d3db85d137e	v2.26.0	deserialize/weather_sept_85	1327.0	Merge pull request #559 from RoaringBitmap/avx512-bitset-ops
2026-09-02	65fb6f82f043	v2.27.0	or_successive/census1881	3140.6	Merge pull request #562 from RoaringBitmap/roaring64-portable-serialization
2026-09-02	65fb6f82f043	v2.27.0	and_successive/census1881	38.6	Merge pull request #562 from RoaringBitmap/roaring64-portable-serialization
2026-09-02	65fb6f82f043	v2.27.0	and_cardinality/census1881	23.5	Merge pull request #562 from RoaringBitmap/roaring64-portable-serialization
2026-09-02	65fb6f82f043	v2.27.0	fast_or/census1881	3279.2	Merge pull request #562 from RoaringBitmap/roaring64-portable-serialization
2026-09-02	65fb6f82f043	v2.27.0	contains/census1881	6378.6	Merge pull request #562 from RoaringBitmap/roaring64-portable-serialization
2026-09-02	65fb6f82f043	v2.27.0	iterate/census1881	3720.2	Merge pull request #562 from RoaringBitmap/roaring64-portable-serialization
2026-09-02	65fb6f82f043	v2.27.0	iterate_many/census1881	611.8	Merge pull request #562 from RoaringBitmap/roaring64-portable-serialization
2026-09-02	65fb6f82f043	v2.27.0	to_array/census1881	900.8	Merge pull request #562 from RoaringBitmap/roaring64-portable-serialization
2026-09-02	65fb6f82f043	v2.27.0	deserialize/census1881	368.2	Merge pull request #562 from RoaringBitmap/roaring64-portable-serialization
2026-09-02	65fb6f82f043	v2.27.0	or_successive/census-income	2208.6	Merge pull request #562 from RoaringBitmap/roaring64-portable-serialization
2026-09-02	65fb6f82f043	v2.27.0	and_successive/census-income	2106.8	Merge pull request #562 from RoaringBitmap/roaring64-portable-serialization
2026-09-02	65fb6f82f043	v2.27.0	and_cardinality/census-income	1338.0	Merge pull request #562 from RoaringBitmap/roaring64-portable-serialization
2026-09-02	65fb6f82f043	v2.27.0	fast_or/census-income	335.9	Merge pull request #562 from RoaringBitmap/roaring64-portable-serialization
2026-09-02	65fb6f82f043	v2.27.0	contains/census-income	17719.5	Merge pull request #562 from RoaringBitmap/roaring64-portable-serialization
2026-09-02	65fb6f82f043	v2.27.0	iterate/census-income	33336.4	Merge pull request #562 from RoaringBitmap/roaring64-portable-serialization
2026-09-02	65fb6f82f043	v2.27.0	iterate_many/census-income	7957.0	Merge pull request #562 from RoaringBitmap/roaring64-portable-serialization
2026-09-02	65fb6f82f043	v2.27.0	to_array/census-income	2942.5	Merge pull request #562 from RoaringBitmap/roaring64-portable-serialization
2026-09-02	65fb6f82f043	v2.27.0	deserialize/census-income	401.0	Merge pull request #562 from RoaringBitmap/roaring64-portable-serialization
2026-09-02	65fb6f82f043	v2.27.0	or_successive/weather_sept_85	8582.6	Merge pull request #562 from RoaringBitmap/roaring64-portable-serialization
2026-09-02	65fb6f82f043	v2.27.0	and_successive/weather_sept_85	7331.3	Merge pull request #562 from RoaringBitmap/roaring64-portable-serialization
2026-09-02	65fb6f82f043	v2.27.0	and_cardinality/weather_sept_85	6073.8	Merge pull request #562 from RoaringBitmap/roaring64-portable-serialization
2026-09-02	65fb6f82f043	v2.27.0	fast_or/weather_sept_85	1711.2	Merge pull request #562 from RoaringBitmap/roaring64-portable-serialization
2026-09-02	65fb6f82f043	v2.27.0	contains/weather_sept_85	21097.3	Merge pull request #562 from RoaringBitmap/roaring64-portable-serialization
2026-09-02	65fb6f82f043	v2.27.0	iterate/weather_sept_85	64999.0	Merge pull request #562 from RoaringBitmap/roaring64-portable-serialization
2026-09-02	65fb6f82f043	v2.27.0	iterate_many/weather_sept_85	16675.6	Merge pull request #562 from RoaringBitmap/roaring64-portable-serialization
2026-09-02	65fb6f82f043	v2.27.0	to_array/weather_sept_85	6556.6	Merge pull request #562 from RoaringBitmap/roaring64-portable-serialization
2026-09-02	65fb6f82f043	v2.27.0	deserialize/weather_sept_85	1262.0	Merge pull request #562 from RoaringBitmap/roaring64-portable-serialization
2026-09-15	7d3e4c82628f	v2.28.0	or_successive/census1881	3094.3	Merge pull request #570 from tamirms/bsi-minmax-bit-planes
2026-09-15	7d3e4c82628f	v2.28.0	and_successive/census1881	38.5	Merge pull request #570 from tamirms/bsi-minmax-bit-planes
2026-09-15	7d3e4c82628f	v2.28.0	and_cardinality/census1881	28.3	Merge pull request #570 from tamirms/bsi-minmax-bit-planes
2026-09-15	7d3e4c82628f	v2.28.0	fast_or/census1881	3299.0	Merge pull request #570 from tamirms/bsi-minmax-bit-planes
2026-09-15	7d3e4c82628f	v2.28.0	contains/census1881	6340.6	Merge pull request #570 from tamirms/bsi-minmax-bit-planes
2026-09-15	7d3e4c82628f	v2.28.0	iterate/census1881	3634.3	Merge pull request #570 from tamirms/bsi-minmax-bit-planes
2026-09-15	7d3e4c82628f	v2.28.0	iterate_many/census1881	601.7	Merge pull request #570 from tamirms/bsi-minmax-bit-planes
2026-09-15	7d3e4c82628f	v2.28.0	to_array/census1881	857.9	Merge pull request #570 from tamirms/bsi-minmax-bit-planes
2026-09-15	7d3e4c82628f	v2.28.0	deserialize/census1881	379.1	Merge pull request #570 from tamirms/bsi-minmax-bit-planes
2026-09-15	7d3e4c82628f	v2.28.0	or_successive/census-income	2141.6	Merge pull request #570 from tamirms/bsi-minmax-bit-planes
2026-09-15	7d3e4c82628f	v2.28.0	and_successive/census-income	2143.8	Merge pull request #570 from tamirms/bsi-minmax-bit-planes
2026-09-15	7d3e4c82628f	v2.28.0	and_cardinality/census-income	1342.8	Merge pull request #570 from tamirms/bsi-minmax-bit-planes
2026-09-15	7d3e4c82628f	v2.28.0	fast_or/census-income	340.5	Merge pull request #570 from tamirms/bsi-minmax-bit-planes
2026-09-15	7d3e4c82628f	v2.28.0	contains/census-income	17743.8	Merge pull request #570 from tamirms/bsi-minmax-bit-planes
2026-09-15	7d3e4c82628f	v2.28.0	iterate/census-income	33890.7	Merge pull request #570 from tamirms/bsi-minmax-bit-planes
2026-09-15	7d3e4c82628f	v2.28.0	iterate_many/census-income	7943.4	Merge pull request #570 from tamirms/bsi-minmax-bit-planes
2026-09-15	7d3e4c82628f	v2.28.0	to_array/census-income	2964.5	Merge pull request #570 from tamirms/bsi-minmax-bit-planes
2026-09-15	7d3e4c82628f	v2.28.0	deserialize/census-income	401.3	Merge pull request #570 from tamirms/bsi-minmax-bit-planes
2026-09-15	7d3e4c82628f	v2.28.0	or_successive/weather_sept_85	8313.0	Merge pull request #570 from tamirms/bsi-minmax-bit-planes
2026-09-15	7d3e4c82628f	v2.28.0	and_successive/weather_sept_85	7295.4	Merge pull request #570 from tamirms/bsi-minmax-bit-planes
2026-09-15	7d3e4c82628f	v2.28.0	and_cardinality/weather_sept_85	6065.6	Merge pull request #570 from tamirms/bsi-minmax-bit-planes
2026-09-15	7d3e4c82628f	v2.28.0	fast_or/weather_sept_85	1699.6	Merge pull request #570 from tamirms/bsi-minmax-bit-planes
2026-09-15	7d3e4c82628f	v2.28.0	contains/weather_sept_85	21214.0	Merge pull request #570 from tamirms/bsi-minmax-bit-planes
2026-09-15	7d3e4c82628f	v2.28.0	iterate/weather_sept_85	65481.2	Merge pull request #570 from tamirms/bsi-minmax-bit-planes
2026-09-15	7d3e4c82628f	v2.28.0	iterate_many/weather_sept_85	16699.6	Merge pull request #570 from tamirms/bsi-minmax-bit-planes
2026-09-15	7d3e4c82628f	v2.28.0	to_array/weather_sept_85	7046.5	Merge pull request #570 from tamirms/bsi-minmax-bit-planes
2026-09-15	7d3e4c82628f	v2.28.0	deserialize/weather_sept_85	1304.6	Merge pull request #570 from tamirms/bsi-minmax-bit-planes
2026-09-21	fb266c3dca7d	v2.29.0	or_successive/census1881	3148.7	Merge pull request #573 from jakezwang/fix/bsi-clone-sign-plane
2026-09-21	fb266c3dca7d	v2.29.0	and_successive/census1881	41.4	Merge pull request #573 from jakezwang/fix/bsi-clone-sign-plane
2026-09-21	fb266c3dca7d	v2.29.0	and_cardinality/census1881	25.9	Merge pull request #573 from jakezwang/fix/bsi-clone-sign-plane
2026-09-21	fb266c3dca7d	v2.29.0	fast_or/census1881	3314.6	Merge pull request #573 from jakezwang/fix/bsi-clone-sign-plane
2026-09-21	fb266c3dca7d	v2.29.0	contains/census1881	6333.3	Merge pull request #573 from jakezwang/fix/bsi-clone-sign-plane
2026-09-21	fb266c3dca7d	v2.29.0	iterate/census1881	3705.3	Merge pull request #573 from jakezwang/fix/bsi-clone-sign-plane
2026-09-21	fb266c3dca7d	v2.29.0	iterate_many/census1881	604.4	Merge pull request #573 from jakezwang/fix/bsi-clone-sign-plane
2026-09-21	fb266c3dca7d	v2.29.0	to_array/census1881	1089.1	Merge pull request #573 from jakezwang/fix/bsi-clone-sign-plane
2026-09-21	fb266c3dca7d	v2.29.0	deserialize/census1881	447.0	Merge pull request #573 from jakezwang/fix/bsi-clone-sign-plane
2026-09-21	fb266c3dca7d	v2.29.0	or_successive/census-income	2094.0	Merge pull request #573 from jakezwang/fix/bsi-clone-sign-plane
2026-09-21	fb266c3dca7d	v2.29.0	and_successive/census-income	2124.8	Merge pull request #573 from jakezwang/fix/bsi-clone-sign-plane
2026-09-21	fb266c3dca7d	v2.29.0	and_cardinality/census-income	1357.4	Merge pull request #573 from jakezwang/fix/bsi-clone-sign-plane
2026-09-21	fb266c3dca7d	v2.29.0	fast_or/census-income	335.9	Merge pull request #573 from jakezwang/fix/bsi-clone-sign-plane
2026-09-21	fb266c3dca7d	v2.29.0	contains/census-income	17714.3	Merge pull request #573 from jakezwang/fix/bsi-clone-sign-plane
2026-09-21	fb266c3dca7d	v2.29.0	iterate/census-income	32901.6	Merge pull request #573 from jakezwang/fix/bsi-clone-sign-plane
2026-09-21	fb266c3dca7d	v2.29.0	iterate_many/census-income	7961.3	Merge pull request #573 from jakezwang/fix/bsi-clone-sign-plane
2026-09-21	fb266c3dca7d	v2.29.0	to_array/census-income	2888.9	Merge pull request #573 from jakezwang/fix/bsi-clone-sign-plane
2026-09-21	fb266c3dca7d	v2.29.0	deserialize/census-income	378.7	Merge pull request #573 from jakezwang/fix/bsi-clone-sign-plane
2026-09-21	fb266c3dca7d	v2.29.0	or_successive/weather_sept_85	8256.8	Merge pull request #573 from jakezwang/fix/bsi-clone-sign-plane
2026-09-21	fb266c3dca7d	v2.29.0	and_successive/weather_sept_85	7324.1	Merge pull request #573 from jakezwang/fix/bsi-clone-sign-plane
2026-09-21	fb266c3dca7d	v2.29.0	and_cardinality/weather_sept_85	6145.7	Merge pull request #573 from jakezwang/fix/bsi-clone-sign-plane
2026-09-21	fb266c3dca7d	v2.29.0	fast_or/weather_sept_85	1724.1	Merge pull request #573 from jakezwang/fix/bsi-clone-sign-plane
2026-09-21	fb266c3dca7d	v2.29.0	contains/weather_sept_85	21039.1	Merge pull request #573 from jakezwang/fix/bsi-clone-sign-plane
2026-09-21	fb266c3dca7d	v2.29.0	iterate/weather_sept_85	66125.2	Merge pull request #573 from jakezwang/fix/bsi-clone-sign-plane
2026-09-21	fb266c3dca7d	v2.29.0	iterate_many/weather_sept_85	16689.8	Merge pull request #573 from jakezwang/fix/bsi-clone-sign-plane
2026-09-21	fb266c3dca7d	v2.29.0	to_array/weather_sept_85	6269.9	Merge pull request #573 from jakezwang/fix/bsi-clone-sign-plane
2026-09-21	fb266c3dca7d	v2.29.0	deserialize/weather_sept_85	1224.7	Merge pull request #573 from jakezwang/fix/bsi-clone-sign-plane
2026-09-21	142f2902c210		or_successive/census1881	3145.5	Merge remote-tracking branch 'origin/vbmi2-toarray'
2026-09-21	142f2902c210		and_successive/census1881	43.7	Merge remote-tracking branch 'origin/vbmi2-toarray'
2026-09-21	142f2902c210		and_cardinality/census1881	22.8	Merge remote-tracking branch 'origin/vbmi2-toarray'
2026-09-21	142f2902c210		fast_or/census1881	3306.5	Merge remote-tracking branch 'origin/vbmi2-toarray'
2026-09-21	142f2902c210		contains/census1881	6377.9	Merge remote-tracking branch 'origin/vbmi2-toarray'
2026-09-21	142f2902c210		iterate/census1881	3708.3	Merge remote-tracking branch 'origin/vbmi2-toarray'
2026-09-21	142f2902c210		iterate_many/census1881	596.4	Merge remote-tracking branch 'origin/vbmi2-toarray'
2026-09-21	142f2902c210		to_array/census1881	853.5	Merge remote-tracking branch 'origin/vbmi2-toarray'
2026-09-21	142f2902c210		deserialize/census1881	410.8	Merge remote-tracking branch 'origin/vbmi2-toarray'
2026-09-21	142f2902c210		or_successive/census-income	2165.3	Merge remote-tracking branch 'origin/vbmi2-toarray'
2026-09-21	142f2902c210		and_successive/census-income	2003.1	Merge remote-tracking branch 'origin/vbmi2-toarray'
2026-09-21	142f2902c210		and_cardinality/census-income	1359.4	Merge remote-tracking branch 'origin/vbmi2-toarray'
2026-09-21	142f2902c210		fast_or/census-income	338.8	Merge remote-tracking branch 'origin/vbmi2-toarray'
2026-09-21	142f2902c210		contains/census-income	17782.6	Merge remote-tracking branch 'origin/vbmi2-toarray'
2026-09-21	142f2902c210		iterate/census-income	33312.6	Merge remote-tracking branch 'origin/vbmi2-toarray'
2026-09-21	142f2902c210		iterate_many/census-income	1358.6	Merge remote-tracking branch 'origin/vbmi2-toarray'
2026-09-21	142f2902c210		to_array/census-income	2875.7	Merge remote-tracking branch 'origin/vbmi2-toarray'
2026-09-21	142f2902c210		deserialize/census-income	388.4	Merge remote-tracking branch 'origin/vbmi2-toarray'
2026-09-21	142f2902c210		or_successive/weather_sept_85	8481.3	Merge remote-tracking branch 'origin/vbmi2-toarray'
2026-09-21	142f2902c210		and_successive/weather_sept_85	7090.9	Merge remote-tracking branch 'origin/vbmi2-toarray'
2026-09-21	142f2902c210		and_cardinality/weather_sept_85	6077.1	Merge remote-tracking branch 'origin/vbmi2-toarray'
2026-09-21	142f2902c210		fast_or/weather_sept_85	1714.5	Merge remote-tracking branch 'origin/vbmi2-toarray'
2026-09-21	142f2902c210		contains/weather_sept_85	21053.6	Merge remote-tracking branch 'origin/vbmi2-toarray'
2026-09-21	142f2902c210		iterate/weather_sept_85	64477.5	Merge remote-tracking branch 'origin/vbmi2-toarray'
2026-09-21	142f2902c210		iterate_many/weather_sept_85	3666.3	Merge remote-tracking branch 'origin/vbmi2-toarray'
2026-09-21	142f2902c210		to_array/weather_sept_85	6899.5	Merge remote-tracking branch 'origin/vbmi2-toarray'
2026-09-21	142f2902c210		deserialize/weather_sept_85	1254.0	Merge remote-tracking branch 'origin/vbmi2-toarray'
