date	sha	tag	metric	value	subject
2024-08-01	1f4fb3084fec		validate_utf8	20.283	fix issue 446 (#449)
2024-08-01	1f4fb3084fec		validate_ascii	82.599	fix issue 446 (#449)
2024-08-01	1f4fb3084fec		validate_utf16le	61.516	fix issue 446 (#449)
2024-08-01	1f4fb3084fec		utf8_to_utf16le	6.884	fix issue 446 (#449)
2024-08-01	1f4fb3084fec		utf16le_to_utf8	12.482	fix issue 446 (#449)
2024-08-01	1f4fb3084fec		base64_encode	31.865	fix issue 446 (#449)
2024-08-01	1f4fb3084fec		base64_decode	38.262	fix issue 446 (#449)
2024-08-01	81e9e8cd383c		validate_utf8	20.280	fix issue 448 (#450)
2024-08-01	81e9e8cd383c		validate_ascii	82.678	fix issue 448 (#450)
2024-08-01	81e9e8cd383c		validate_utf16le	61.625	fix issue 448 (#450)
2024-08-01	81e9e8cd383c		utf8_to_utf16le	6.848	fix issue 448 (#450)
2024-08-01	81e9e8cd383c		utf16le_to_utf8	12.458	fix issue 448 (#450)
2024-08-01	81e9e8cd383c		base64_encode	32.005	fix issue 448 (#450)
2024-08-01	81e9e8cd383c		base64_decode	38.136	fix issue 448 (#450)
2024-08-02	c878cc616115		validate_utf8	20.302	adding base64 demonstration (#451)
2024-08-02	c878cc616115		validate_ascii	82.680	adding base64 demonstration (#451)
2024-08-02	c878cc616115		validate_utf16le	61.516	adding base64 demonstration (#451)
2024-08-02	c878cc616115		utf8_to_utf16le	6.856	adding base64 demonstration (#451)
2024-08-02	c878cc616115		utf16le_to_utf8	12.452	adding base64 demonstration (#451)
2024-08-02	c878cc616115		base64_encode	32.052	adding base64 demonstration (#451)
2024-08-02	c878cc616115		base64_decode	38.036	adding base64 demonstration (#451)
2024-08-02	d7876285774e		validate_utf8	20.272	Merge branch 'base64_demo'
2024-08-02	d7876285774e		validate_ascii	82.679	Merge branch 'base64_demo'
2024-08-02	d7876285774e		validate_utf16le	61.505	Merge branch 'base64_demo'
2024-08-02	d7876285774e		utf8_to_utf16le	6.831	Merge branch 'base64_demo'
2024-08-02	d7876285774e		utf16le_to_utf8	12.426	Merge branch 'base64_demo'
2024-08-02	d7876285774e		base64_encode	31.842	Merge branch 'base64_demo'
2024-08-02	d7876285774e		base64_decode	38.253	Merge branch 'base64_demo'
2024-08-02	8dcbcc66073c		validate_utf8	20.286	reoptimizing convert_utf8_to_latin1_with_errors for icelake
2024-08-02	8dcbcc66073c		validate_ascii	82.668	reoptimizing convert_utf8_to_latin1_with_errors for icelake
2024-08-02	8dcbcc66073c		validate_utf16le	61.352	reoptimizing convert_utf8_to_latin1_with_errors for icelake
2024-08-02	8dcbcc66073c		utf8_to_utf16le	6.903	reoptimizing convert_utf8_to_latin1_with_errors for icelake
2024-08-02	8dcbcc66073c		utf16le_to_utf8	12.446	reoptimizing convert_utf8_to_latin1_with_errors for icelake
2024-08-02	8dcbcc66073c		base64_encode	31.829	reoptimizing convert_utf8_to_latin1_with_errors for icelake
2024-08-02	8dcbcc66073c		base64_decode	38.231	reoptimizing convert_utf8_to_latin1_with_errors for icelake
2024-08-02	0b4eccd2d42d		validate_utf8	20.291	various optimizations
2024-08-02	0b4eccd2d42d		validate_ascii	82.669	various optimizations
2024-08-02	0b4eccd2d42d		validate_utf16le	61.214	various optimizations
2024-08-02	0b4eccd2d42d		utf8_to_utf16le	6.854	various optimizations
2024-08-02	0b4eccd2d42d		utf16le_to_utf8	12.450	various optimizations
2024-08-02	0b4eccd2d42d		base64_encode	29.617	various optimizations
2024-08-02	0b4eccd2d42d		base64_decode	38.222	various optimizations
2024-08-02	e94339b14802		validate_utf8	20.294	fixing silly test
2024-08-02	e94339b14802		validate_ascii	82.685	fixing silly test
2024-08-02	e94339b14802		validate_utf16le	61.274	fixing silly test
2024-08-02	e94339b14802		utf8_to_utf16le	6.843	fixing silly test
2024-08-02	e94339b14802		utf16le_to_utf8	12.492	fixing silly test
2024-08-02	e94339b14802		base64_encode	32.077	fixing silly test
2024-08-02	e94339b14802		base64_decode	38.342	fixing silly test
2024-08-02	db15c475a69b		validate_utf8	20.286	Merge branch 'master' of github.com:simdutf/simdutf
2024-08-02	db15c475a69b		validate_ascii	82.568	Merge branch 'master' of github.com:simdutf/simdutf
2024-08-02	db15c475a69b		validate_utf16le	61.442	Merge branch 'master' of github.com:simdutf/simdutf
2024-08-02	db15c475a69b		utf8_to_utf16le	6.851	Merge branch 'master' of github.com:simdutf/simdutf
2024-08-02	db15c475a69b		utf16le_to_utf8	12.446	Merge branch 'master' of github.com:simdutf/simdutf
2024-08-02	db15c475a69b		base64_encode	32.085	Merge branch 'master' of github.com:simdutf/simdutf
2024-08-02	db15c475a69b		base64_decode	38.234	Merge branch 'master' of github.com:simdutf/simdutf
2024-08-02	2d4bf91a1ca0		validate_utf8	20.286	fixing utf8_to_latin1_avx512
2024-08-02	2d4bf91a1ca0		validate_ascii	82.672	fixing utf8_to_latin1_avx512
2024-08-02	2d4bf91a1ca0		validate_utf16le	61.540	fixing utf8_to_latin1_avx512
2024-08-02	2d4bf91a1ca0		utf8_to_utf16le	6.724	fixing utf8_to_latin1_avx512
2024-08-02	2d4bf91a1ca0		utf16le_to_utf8	12.454	fixing utf8_to_latin1_avx512
2024-08-02	2d4bf91a1ca0		base64_encode	32.001	fixing utf8_to_latin1_avx512
2024-08-02	2d4bf91a1ca0		base64_decode	38.252	fixing utf8_to_latin1_avx512
2024-08-02	dff7edcee9c0		validate_utf8	20.297	Merge branch 'master' of https://github.com/simdutf/simdutf
2024-08-02	dff7edcee9c0		validate_ascii	82.674	Merge branch 'master' of https://github.com/simdutf/simdutf
2024-08-02	dff7edcee9c0		validate_utf16le	61.545	Merge branch 'master' of https://github.com/simdutf/simdutf
2024-08-02	dff7edcee9c0		utf8_to_utf16le	6.862	Merge branch 'master' of https://github.com/simdutf/simdutf
2024-08-02	dff7edcee9c0		utf16le_to_utf8	12.422	Merge branch 'master' of https://github.com/simdutf/simdutf
2024-08-02	dff7edcee9c0		base64_encode	31.985	Merge branch 'master' of https://github.com/simdutf/simdutf
2024-08-02	dff7edcee9c0		base64_decode	38.198	Merge branch 'master' of https://github.com/simdutf/simdutf
2024-08-02	c35e25ffb51d		validate_utf8	20.273	fix for issue 458 (#460)
2024-08-02	c35e25ffb51d		validate_ascii	82.670	fix for issue 458 (#460)
2024-08-02	c35e25ffb51d		validate_utf16le	61.713	fix for issue 458 (#460)
2024-08-02	c35e25ffb51d		utf8_to_utf16le	6.869	fix for issue 458 (#460)
2024-08-02	c35e25ffb51d		utf16le_to_utf8	12.445	fix for issue 458 (#460)
2024-08-02	c35e25ffb51d		base64_encode	31.743	fix for issue 458 (#460)
2024-08-02	c35e25ffb51d		base64_decode	38.256	fix for issue 458 (#460)
2024-08-02	9a072c63bd4e		validate_utf8	20.296	more documentation
2024-08-02	9a072c63bd4e		validate_ascii	82.653	more documentation
2024-08-02	9a072c63bd4e		validate_utf16le	61.506	more documentation
2024-08-02	9a072c63bd4e		utf8_to_utf16le	6.855	more documentation
2024-08-02	9a072c63bd4e		utf16le_to_utf8	12.461	more documentation
2024-08-02	9a072c63bd4e		base64_encode	32.081	more documentation
2024-08-02	9a072c63bd4e		base64_decode	38.259	more documentation
2024-08-03	8efcb18c7bdc		validate_utf8	20.294	additional tests for the safe base64 decoder (#463)
2024-08-03	8efcb18c7bdc		validate_ascii	82.638	additional tests for the safe base64 decoder (#463)
2024-08-03	8efcb18c7bdc		validate_utf16le	61.494	additional tests for the safe base64 decoder (#463)
2024-08-03	8efcb18c7bdc		utf8_to_utf16le	6.848	additional tests for the safe base64 decoder (#463)
2024-08-03	8efcb18c7bdc		utf16le_to_utf8	12.394	additional tests for the safe base64 decoder (#463)
2024-08-03	8efcb18c7bdc		base64_encode	32.077	additional tests for the safe base64 decoder (#463)
2024-08-03	8efcb18c7bdc		base64_decode	38.174	additional tests for the safe base64 decoder (#463)
2024-08-03	eaae83bf5a54		validate_utf8	20.289	some endian-specific test must be disabled on big endian systems
2024-08-03	eaae83bf5a54		validate_ascii	82.651	some endian-specific test must be disabled on big endian systems
2024-08-03	eaae83bf5a54		validate_utf16le	61.407	some endian-specific test must be disabled on big endian systems
2024-08-03	eaae83bf5a54		utf8_to_utf16le	6.847	some endian-specific test must be disabled on big endian systems
2024-08-03	eaae83bf5a54		utf16le_to_utf8	12.493	some endian-specific test must be disabled on big endian systems
2024-08-03	eaae83bf5a54		base64_encode	31.879	some endian-specific test must be disabled on big endian systems
2024-08-03	eaae83bf5a54		base64_decode	38.281	some endian-specific test must be disabled on big endian systems
2024-08-03	a56fc5482bd2		validate_utf8	20.300	Moreissues (#465)
2024-08-03	a56fc5482bd2		validate_ascii	82.686	Moreissues (#465)
2024-08-03	a56fc5482bd2		validate_utf16le	61.461	Moreissues (#465)
2024-08-03	a56fc5482bd2		utf8_to_utf16le	6.858	Moreissues (#465)
2024-08-03	a56fc5482bd2		utf16le_to_utf8	12.419	Moreissues (#465)
2024-08-03	a56fc5482bd2		base64_encode	31.993	Moreissues (#465)
2024-08-03	a56fc5482bd2		base64_decode	38.169	Moreissues (#465)
2024-08-03	436a97c0b7ca		validate_utf8	20.274	documenting issue 464 (#467)
2024-08-03	436a97c0b7ca		validate_ascii	82.640	documenting issue 464 (#467)
2024-08-03	436a97c0b7ca		validate_utf16le	61.598	documenting issue 464 (#467)
2024-08-03	436a97c0b7ca		utf8_to_utf16le	6.838	documenting issue 464 (#467)
2024-08-03	436a97c0b7ca		utf16le_to_utf8	12.438	documenting issue 464 (#467)
2024-08-03	436a97c0b7ca		base64_encode	31.883	documenting issue 464 (#467)
2024-08-03	436a97c0b7ca		base64_decode	38.155	documenting issue 464 (#467)
2024-08-03	4c65f4f47d99		validate_utf8	20.293	Update README.md
2024-08-03	4c65f4f47d99		validate_ascii	82.657	Update README.md
2024-08-03	4c65f4f47d99		validate_utf16le	61.467	Update README.md
2024-08-03	4c65f4f47d99		utf8_to_utf16le	6.841	Update README.md
2024-08-03	4c65f4f47d99		utf16le_to_utf8	12.422	Update README.md
2024-08-03	4c65f4f47d99		base64_encode	31.741	Update README.md
2024-08-03	4c65f4f47d99		base64_decode	38.270	Update README.md
2024-08-03	d87d2a1acf0d		validate_utf8	20.287	adding example with non-ascii data
2024-08-03	d87d2a1acf0d		validate_ascii	77.302	adding example with non-ascii data
2024-08-03	d87d2a1acf0d		validate_utf16le	61.240	adding example with non-ascii data
2024-08-03	d87d2a1acf0d		utf8_to_utf16le	6.842	adding example with non-ascii data
2024-08-03	d87d2a1acf0d		utf16le_to_utf8	12.448	adding example with non-ascii data
2024-08-03	d87d2a1acf0d		base64_encode	32.013	adding example with non-ascii data
2024-08-03	d87d2a1acf0d		base64_decode	38.384	adding example with non-ascii data
2024-08-04	04b9b9ed1a69		validate_utf8	20.274	tweak simdutf_really_inline
2024-08-04	04b9b9ed1a69		validate_ascii	82.649	tweak simdutf_really_inline
2024-08-04	04b9b9ed1a69		validate_utf16le	61.457	tweak simdutf_really_inline
2024-08-04	04b9b9ed1a69		utf8_to_utf16le	6.837	tweak simdutf_really_inline
2024-08-04	04b9b9ed1a69		utf16le_to_utf8	12.471	tweak simdutf_really_inline
2024-08-04	04b9b9ed1a69		base64_encode	31.861	tweak simdutf_really_inline
2024-08-04	04b9b9ed1a69		base64_decode	38.197	tweak simdutf_really_inline
2024-08-04	dfcdf2ac4a2b		validate_utf8	20.293	fix alignment error in unit tests (gcc complains) (#474)
2024-08-04	dfcdf2ac4a2b		validate_ascii	82.666	fix alignment error in unit tests (gcc complains) (#474)
2024-08-04	dfcdf2ac4a2b		validate_utf16le	61.534	fix alignment error in unit tests (gcc complains) (#474)
2024-08-04	dfcdf2ac4a2b		utf8_to_utf16le	6.837	fix alignment error in unit tests (gcc complains) (#474)
2024-08-04	dfcdf2ac4a2b		utf16le_to_utf8	12.473	fix alignment error in unit tests (gcc complains) (#474)
2024-08-04	dfcdf2ac4a2b		base64_encode	31.685	fix alignment error in unit tests (gcc complains) (#474)
2024-08-04	dfcdf2ac4a2b		base64_decode	38.213	fix alignment error in unit tests (gcc complains) (#474)
2024-08-04	d3c8cf6e43af		validate_utf8	20.278	Issue 471 (#473)
2024-08-04	d3c8cf6e43af		validate_ascii	82.690	Issue 471 (#473)
2024-08-04	d3c8cf6e43af		validate_utf16le	61.429	Issue 471 (#473)
2024-08-04	d3c8cf6e43af		utf8_to_utf16le	6.863	Issue 471 (#473)
2024-08-04	d3c8cf6e43af		utf16le_to_utf8	12.474	Issue 471 (#473)
2024-08-04	d3c8cf6e43af		base64_encode	32.096	Issue 471 (#473)
2024-08-04	d3c8cf6e43af		base64_decode	38.245	Issue 471 (#473)
2024-08-04	c779aa0d4f29		validate_utf8	20.276	issue 470 (#475)
2024-08-04	c779aa0d4f29		validate_ascii	82.665	issue 470 (#475)
2024-08-04	c779aa0d4f29		validate_utf16le	61.553	issue 470 (#475)
2024-08-04	c779aa0d4f29		utf8_to_utf16le	6.738	issue 470 (#475)
2024-08-04	c779aa0d4f29		utf16le_to_utf8	12.420	issue 470 (#475)
2024-08-04	c779aa0d4f29		base64_encode	32.215	issue 470 (#475)
2024-08-04	c779aa0d4f29		base64_decode	38.260	issue 470 (#475)
2024-08-05	5e8e95584f07		validate_utf8	20.301	verify issue 468 (#469)
2024-08-05	5e8e95584f07		validate_ascii	82.711	verify issue 468 (#469)
2024-08-05	5e8e95584f07		validate_utf16le	61.396	verify issue 468 (#469)
2024-08-05	5e8e95584f07		utf8_to_utf16le	6.827	verify issue 468 (#469)
2024-08-05	5e8e95584f07		utf16le_to_utf8	12.494	verify issue 468 (#469)
2024-08-05	5e8e95584f07		base64_encode	31.940	verify issue 468 (#469)
2024-08-05	5e8e95584f07		base64_decode	38.290	verify issue 468 (#469)
2024-08-05	f058d353140f		validate_utf8	20.291	fix: correct problem where some non-ascii chars could be allowed in UTF-16 base64 (#476)
2024-08-05	f058d353140f		validate_ascii	82.701	fix: correct problem where some non-ascii chars could be allowed in UTF-16 base64 (#476)
2024-08-05	f058d353140f		validate_utf16le	61.334	fix: correct problem where some non-ascii chars could be allowed in UTF-16 base64 (#476)
2024-08-05	f058d353140f		utf8_to_utf16le	6.822	fix: correct problem where some non-ascii chars could be allowed in UTF-16 base64 (#476)
2024-08-05	f058d353140f		utf16le_to_utf8	12.407	fix: correct problem where some non-ascii chars could be allowed in UTF-16 base64 (#476)
2024-08-05	f058d353140f		base64_encode	31.995	fix: correct problem where some non-ascii chars could be allowed in UTF-16 base64 (#476)
2024-08-05	f058d353140f		base64_decode	38.269	fix: correct problem where some non-ascii chars could be allowed in UTF-16 base64 (#476)
2024-08-05	8c1846596287		validate_utf8	20.245	verifying issue 468 (again) (#480)
2024-08-05	8c1846596287		validate_ascii	82.706	verifying issue 468 (again) (#480)
2024-08-05	8c1846596287		validate_utf16le	61.238	verifying issue 468 (again) (#480)
2024-08-05	8c1846596287		utf8_to_utf16le	6.816	verifying issue 468 (again) (#480)
2024-08-05	8c1846596287		utf16le_to_utf8	12.482	verifying issue 468 (again) (#480)
2024-08-05	8c1846596287		base64_encode	31.825	verifying issue 468 (again) (#480)
2024-08-05	8c1846596287		base64_decode	38.310	verifying issue 468 (again) (#480)
2024-08-05	592911195343		validate_utf8	20.280	verify issue 479 (#482)
2024-08-05	592911195343		validate_ascii	82.653	verify issue 479 (#482)
2024-08-05	592911195343		validate_utf16le	61.232	verify issue 479 (#482)
2024-08-05	592911195343		utf8_to_utf16le	6.852	verify issue 479 (#482)
2024-08-05	592911195343		utf16le_to_utf8	12.436	verify issue 479 (#482)
2024-08-05	592911195343		base64_encode	31.878	verify issue 479 (#482)
2024-08-05	592911195343		base64_decode	38.213	verify issue 479 (#482)
2024-08-06	f255f66f908e		validate_utf8	20.279	verify issue 478 (#481)
2024-08-06	f255f66f908e		validate_ascii	82.691	verify issue 478 (#481)
2024-08-06	f255f66f908e		validate_utf16le	61.159	verify issue 478 (#481)
2024-08-06	f255f66f908e		utf8_to_utf16le	6.848	verify issue 478 (#481)
2024-08-06	f255f66f908e		utf16le_to_utf8	12.444	verify issue 478 (#481)
2024-08-06	f255f66f908e		base64_encode	32.080	verify issue 478 (#481)
2024-08-06	f255f66f908e		base64_decode	38.246	verify issue 478 (#481)
2024-08-06	89625e545905	v5.3.2	validate_utf8	20.247	preparing release (#477)
2024-08-06	89625e545905	v5.3.2	validate_ascii	82.701	preparing release (#477)
2024-08-06	89625e545905	v5.3.2	validate_utf16le	60.767	preparing release (#477)
2024-08-06	89625e545905	v5.3.2	utf8_to_utf16le	6.834	preparing release (#477)
2024-08-06	89625e545905	v5.3.2	utf16le_to_utf8	12.428	preparing release (#477)
2024-08-06	89625e545905	v5.3.2	base64_encode	31.930	preparing release (#477)
2024-08-06	89625e545905	v5.3.2	base64_decode	37.975	preparing release (#477)
2024-08-07	41fd034a19f7		validate_utf8	20.295	guard against nullptr arithmetic (#484)
2024-08-07	41fd034a19f7		validate_ascii	82.663	guard against nullptr arithmetic (#484)
2024-08-07	41fd034a19f7		validate_utf16le	60.874	guard against nullptr arithmetic (#484)
2024-08-07	41fd034a19f7		utf8_to_utf16le	6.840	guard against nullptr arithmetic (#484)
2024-08-07	41fd034a19f7		utf16le_to_utf8	12.467	guard against nullptr arithmetic (#484)
2024-08-07	41fd034a19f7		base64_encode	31.624	guard against nullptr arithmetic (#484)
2024-08-07	41fd034a19f7		base64_decode	38.275	guard against nullptr arithmetic (#484)
2024-08-07	2f0c5e23ccf8		validate_utf8	20.248	fix ubuntu 24.04 sanitizer clang workflow (#485)
2024-08-07	2f0c5e23ccf8		validate_ascii	82.706	fix ubuntu 24.04 sanitizer clang workflow (#485)
2024-08-07	2f0c5e23ccf8		validate_utf16le	60.712	fix ubuntu 24.04 sanitizer clang workflow (#485)
2024-08-07	2f0c5e23ccf8		utf8_to_utf16le	6.828	fix ubuntu 24.04 sanitizer clang workflow (#485)
2024-08-07	2f0c5e23ccf8		utf16le_to_utf8	12.478	fix ubuntu 24.04 sanitizer clang workflow (#485)
2024-08-07	2f0c5e23ccf8		base64_encode	31.899	fix ubuntu 24.04 sanitizer clang workflow (#485)
2024-08-07	2f0c5e23ccf8		base64_decode	38.307	fix ubuntu 24.04 sanitizer clang workflow (#485)
2024-08-07	594a86e169a6		validate_utf8	20.301	fix issue 483 (#486)
2024-08-07	594a86e169a6		validate_ascii	82.677	fix issue 483 (#486)
2024-08-07	594a86e169a6		validate_utf16le	60.965	fix issue 483 (#486)
2024-08-07	594a86e169a6		utf8_to_utf16le	6.823	fix issue 483 (#486)
2024-08-07	594a86e169a6		utf16le_to_utf8	12.391	fix issue 483 (#486)
2024-08-07	594a86e169a6		base64_encode	31.889	fix issue 483 (#486)
2024-08-07	594a86e169a6		base64_decode	38.291	fix issue 483 (#486)
2024-08-08	db512a1c2796	v5.3.3	validate_utf8	20.301	preparing version 5.3.3 (#487)
2024-08-08	db512a1c2796	v5.3.3	validate_ascii	82.731	preparing version 5.3.3 (#487)
2024-08-08	db512a1c2796	v5.3.3	validate_utf16le	60.880	preparing version 5.3.3 (#487)
2024-08-08	db512a1c2796	v5.3.3	utf8_to_utf16le	6.818	preparing version 5.3.3 (#487)
2024-08-08	db512a1c2796	v5.3.3	utf16le_to_utf8	12.475	preparing version 5.3.3 (#487)
2024-08-08	db512a1c2796	v5.3.3	base64_encode	31.815	preparing version 5.3.3 (#487)
2024-08-08	db512a1c2796	v5.3.3	base64_decode	38.188	preparing version 5.3.3 (#487)
2024-08-08	d08c56b35c64		validate_utf8	20.299	add length check for arm where UB sanitizer finds nullptr arithmetic (#488)
2024-08-08	d08c56b35c64		validate_ascii	82.662	add length check for arm where UB sanitizer finds nullptr arithmetic (#488)
2024-08-08	d08c56b35c64		validate_utf16le	61.004	add length check for arm where UB sanitizer finds nullptr arithmetic (#488)
2024-08-08	d08c56b35c64		utf8_to_utf16le	6.810	add length check for arm where UB sanitizer finds nullptr arithmetic (#488)
2024-08-08	d08c56b35c64		utf16le_to_utf8	12.408	add length check for arm where UB sanitizer finds nullptr arithmetic (#488)
2024-08-08	d08c56b35c64		base64_encode	31.988	add length check for arm where UB sanitizer finds nullptr arithmetic (#488)
2024-08-08	d08c56b35c64		base64_decode	37.973	add length check for arm where UB sanitizer finds nullptr arithmetic (#488)
2024-08-09	0a9dcbd35264		validate_utf8	20.238	fix: correct utf8 to latin1 riscv code (#489)
2024-08-09	0a9dcbd35264		validate_ascii	82.726	fix: correct utf8 to latin1 riscv code (#489)
2024-08-09	0a9dcbd35264		validate_utf16le	60.979	fix: correct utf8 to latin1 riscv code (#489)
2024-08-09	0a9dcbd35264		utf8_to_utf16le	6.805	fix: correct utf8 to latin1 riscv code (#489)
2024-08-09	0a9dcbd35264		utf16le_to_utf8	12.402	fix: correct utf8 to latin1 riscv code (#489)
2024-08-09	0a9dcbd35264		base64_encode	31.837	fix: correct utf8 to latin1 riscv code (#489)
2024-08-09	0a9dcbd35264		base64_decode	38.243	fix: correct utf8 to latin1 riscv code (#489)
2024-08-09	c634334a9faa		validate_utf8	20.242	[no-ci] Update README.md
2024-08-09	c634334a9faa		validate_ascii	82.692	[no-ci] Update README.md
2024-08-09	c634334a9faa		validate_utf16le	60.861	[no-ci] Update README.md
2024-08-09	c634334a9faa		utf8_to_utf16le	6.820	[no-ci] Update README.md
2024-08-09	c634334a9faa		utf16le_to_utf8	12.408	[no-ci] Update README.md
2024-08-09	c634334a9faa		base64_encode	31.828	[no-ci] Update README.md
2024-08-09	c634334a9faa		base64_decode	38.290	[no-ci] Update README.md
2024-08-09	161c1fdab8da	v5.3.4	validate_utf8	20.198	[no-ci] version 5.3.4 (bump) s Please enter the commit message for your changes. Lines starting
2024-08-09	161c1fdab8da	v5.3.4	validate_ascii	82.689	[no-ci] version 5.3.4 (bump) s Please enter the commit message for your changes. Lines starting
2024-08-09	161c1fdab8da	v5.3.4	validate_utf16le	60.514	[no-ci] version 5.3.4 (bump) s Please enter the commit message for your changes. Lines starting
2024-08-09	161c1fdab8da	v5.3.4	utf8_to_utf16le	6.827	[no-ci] version 5.3.4 (bump) s Please enter the commit message for your changes. Lines starting
2024-08-09	161c1fdab8da	v5.3.4	utf16le_to_utf8	12.455	[no-ci] version 5.3.4 (bump) s Please enter the commit message for your changes. Lines starting
2024-08-09	161c1fdab8da	v5.3.4	base64_encode	31.752	[no-ci] version 5.3.4 (bump) s Please enter the commit message for your changes. Lines starting
2024-08-09	161c1fdab8da	v5.3.4	base64_decode	38.254	[no-ci] version 5.3.4 (bump) s Please enter the commit message for your changes. Lines starting
2024-08-09	2ec0c6f16ac2		validate_utf8	20.181	[no-ci] Update README.md
2024-08-09	2ec0c6f16ac2		validate_ascii	82.734	[no-ci] Update README.md
2024-08-09	2ec0c6f16ac2		validate_utf16le	60.718	[no-ci] Update README.md
2024-08-09	2ec0c6f16ac2		utf8_to_utf16le	6.819	[no-ci] Update README.md
2024-08-09	2ec0c6f16ac2		utf16le_to_utf8	12.405	[no-ci] Update README.md
2024-08-09	2ec0c6f16ac2		base64_encode	31.957	[no-ci] Update README.md
2024-08-09	2ec0c6f16ac2		base64_decode	38.302	[no-ci] Update README.md
2024-08-10	80073ec20d94		validate_utf8	20.240	Fix bad result on empty input passed to validate functions (#491)
2024-08-10	80073ec20d94		validate_ascii	82.666	Fix bad result on empty input passed to validate functions (#491)
2024-08-10	80073ec20d94		validate_utf16le	60.934	Fix bad result on empty input passed to validate functions (#491)
2024-08-10	80073ec20d94		utf8_to_utf16le	6.799	Fix bad result on empty input passed to validate functions (#491)
2024-08-10	80073ec20d94		utf16le_to_utf8	12.461	Fix bad result on empty input passed to validate functions (#491)
2024-08-10	80073ec20d94		base64_encode	31.954	Fix bad result on empty input passed to validate functions (#491)
2024-08-10	80073ec20d94		base64_decode	37.956	Fix bad result on empty input passed to validate functions (#491)
2024-08-10	487c488b2f71		validate_utf8	20.208	Adding necessary files (#490)
2024-08-10	487c488b2f71		validate_ascii	82.701	Adding necessary files (#490)
2024-08-10	487c488b2f71		validate_utf16le	61.058	Adding necessary files (#490)
2024-08-10	487c488b2f71		utf8_to_utf16le	6.808	Adding necessary files (#490)
2024-08-10	487c488b2f71		utf16le_to_utf8	12.417	Adding necessary files (#490)
2024-08-10	487c488b2f71		base64_encode	32.086	Adding necessary files (#490)
2024-08-10	487c488b2f71		base64_decode	37.924	Adding necessary files (#490)
2024-08-11	e3cc26682a1a		validate_utf8	20.169	make convert_valid_utf32_to_latin1 scalar correct and consistent (#494)
2024-08-11	e3cc26682a1a		validate_ascii	82.685	make convert_valid_utf32_to_latin1 scalar correct and consistent (#494)
2024-08-11	e3cc26682a1a		validate_utf16le	61.197	make convert_valid_utf32_to_latin1 scalar correct and consistent (#494)
2024-08-11	e3cc26682a1a		utf8_to_utf16le	6.817	make convert_valid_utf32_to_latin1 scalar correct and consistent (#494)
2024-08-11	e3cc26682a1a		utf16le_to_utf8	12.438	make convert_valid_utf32_to_latin1 scalar correct and consistent (#494)
2024-08-11	e3cc26682a1a		base64_encode	31.782	make convert_valid_utf32_to_latin1 scalar correct and consistent (#494)
2024-08-11	e3cc26682a1a		base64_decode	38.202	make convert_valid_utf32_to_latin1 scalar correct and consistent (#494)
2024-08-11	c10932c61812		validate_utf8	20.229	big endian guarding for issue_convert_valid_utf32_to_latin1_2104d5a31440e3ed
2024-08-11	c10932c61812		validate_ascii	82.690	big endian guarding for issue_convert_valid_utf32_to_latin1_2104d5a31440e3ed
2024-08-11	c10932c61812		validate_utf16le	61.205	big endian guarding for issue_convert_valid_utf32_to_latin1_2104d5a31440e3ed
2024-08-11	c10932c61812		utf8_to_utf16le	6.824	big endian guarding for issue_convert_valid_utf32_to_latin1_2104d5a31440e3ed
2024-08-11	c10932c61812		utf16le_to_utf8	12.446	big endian guarding for issue_convert_valid_utf32_to_latin1_2104d5a31440e3ed
2024-08-11	c10932c61812		base64_encode	32.112	big endian guarding for issue_convert_valid_utf32_to_latin1_2104d5a31440e3ed
2024-08-11	c10932c61812		base64_decode	38.285	big endian guarding for issue_convert_valid_utf32_to_latin1_2104d5a31440e3ed
2024-08-11	b09ec8f572ac		validate_utf8	20.233	adding test case for issue 493 (#497)
2024-08-11	b09ec8f572ac		validate_ascii	82.704	adding test case for issue 493 (#497)
2024-08-11	b09ec8f572ac		validate_utf16le	61.011	adding test case for issue 493 (#497)
2024-08-11	b09ec8f572ac		utf8_to_utf16le	6.817	adding test case for issue 493 (#497)
2024-08-11	b09ec8f572ac		utf16le_to_utf8	12.416	adding test case for issue 493 (#497)
2024-08-11	b09ec8f572ac		base64_encode	31.857	adding test case for issue 493 (#497)
2024-08-11	b09ec8f572ac		base64_decode	38.272	adding test case for issue 493 (#497)
2024-08-12	dee9177b2b64	v5.3.5	validate_utf8	20.247	Patch release 5.3.5 (#498)
2024-08-12	dee9177b2b64	v5.3.5	validate_ascii	82.664	Patch release 5.3.5 (#498)
2024-08-12	dee9177b2b64	v5.3.5	validate_utf16le	61.231	Patch release 5.3.5 (#498)
2024-08-12	dee9177b2b64	v5.3.5	utf8_to_utf16le	6.681	Patch release 5.3.5 (#498)
2024-08-12	dee9177b2b64	v5.3.5	utf16le_to_utf8	12.456	Patch release 5.3.5 (#498)
2024-08-12	dee9177b2b64	v5.3.5	base64_encode	32.157	Patch release 5.3.5 (#498)
2024-08-12	dee9177b2b64	v5.3.5	base64_decode	38.283	Patch release 5.3.5 (#498)
2024-08-12	92501818ad39		validate_utf8	20.223	The convert_valid_*_to_latin1 were never documented in our README and they should not be considered part of our public API.  (#496)
2024-08-12	92501818ad39		validate_ascii	82.714	The convert_valid_*_to_latin1 were never documented in our README and they should not be considered part of our public API.  (#496)
2024-08-12	92501818ad39		validate_utf16le	61.093	The convert_valid_*_to_latin1 were never documented in our README and they should not be considered part of our public API.  (#496)
2024-08-12	92501818ad39		utf8_to_utf16le	6.787	The convert_valid_*_to_latin1 were never documented in our README and they should not be considered part of our public API.  (#496)
2024-08-12	92501818ad39		utf16le_to_utf8	12.415	The convert_valid_*_to_latin1 were never documented in our README and they should not be considered part of our public API.  (#496)
2024-08-12	92501818ad39		base64_encode	32.078	The convert_valid_*_to_latin1 were never documented in our README and they should not be considered part of our public API.  (#496)
2024-08-12	92501818ad39		base64_decode	38.158	The convert_valid_*_to_latin1 were never documented in our README and they should not be considered part of our public API.  (#496)
2024-08-12	aaf39131d838		validate_utf8	20.257	Fuzz merge 20240811 (#495)
2024-08-12	aaf39131d838		validate_ascii	82.712	Fuzz merge 20240811 (#495)
2024-08-12	aaf39131d838		validate_utf16le	61.121	Fuzz merge 20240811 (#495)
2024-08-12	aaf39131d838		utf8_to_utf16le	6.789	Fuzz merge 20240811 (#495)
2024-08-12	aaf39131d838		utf16le_to_utf8	12.402	Fuzz merge 20240811 (#495)
2024-08-12	aaf39131d838		base64_encode	31.770	Fuzz merge 20240811 (#495)
2024-08-12	aaf39131d838		base64_decode	38.291	Fuzz merge 20240811 (#495)
2024-08-12	29e835f7e33d		validate_utf8	20.249	tweak benchmarks
2024-08-12	29e835f7e33d		validate_ascii	82.702	tweak benchmarks
2024-08-12	29e835f7e33d		validate_utf16le	61.142	tweak benchmarks
2024-08-12	29e835f7e33d		utf8_to_utf16le	6.821	tweak benchmarks
2024-08-12	29e835f7e33d		utf16le_to_utf8	12.388	tweak benchmarks
2024-08-12	29e835f7e33d		base64_encode	31.753	tweak benchmarks
2024-08-12	29e835f7e33d		base64_decode	38.298	tweak benchmarks
2024-08-13	a0a0f396675c		validate_utf8	20.255	fix spelling of the word output (#500)
2024-08-13	a0a0f396675c		validate_ascii	82.651	fix spelling of the word output (#500)
2024-08-13	a0a0f396675c		validate_utf16le	61.171	fix spelling of the word output (#500)
2024-08-13	a0a0f396675c		utf8_to_utf16le	6.792	fix spelling of the word output (#500)
2024-08-13	a0a0f396675c		utf16le_to_utf8	12.390	fix spelling of the word output (#500)
2024-08-13	a0a0f396675c		base64_encode	32.165	fix spelling of the word output (#500)
2024-08-13	a0a0f396675c		base64_decode	38.241	fix spelling of the word output (#500)
2024-08-13	7a36d835c3f2		validate_utf8	20.245	optimize utf8_length_from_latin1 for short strings (#499)
2024-08-13	7a36d835c3f2		validate_ascii	82.705	optimize utf8_length_from_latin1 for short strings (#499)
2024-08-13	7a36d835c3f2		validate_utf16le	60.634	optimize utf8_length_from_latin1 for short strings (#499)
2024-08-13	7a36d835c3f2		utf8_to_utf16le	6.806	optimize utf8_length_from_latin1 for short strings (#499)
2024-08-13	7a36d835c3f2		utf16le_to_utf8	12.430	optimize utf8_length_from_latin1 for short strings (#499)
2024-08-13	7a36d835c3f2		base64_encode	31.982	optimize utf8_length_from_latin1 for short strings (#499)
2024-08-13	7a36d835c3f2		base64_decode	37.961	optimize utf8_length_from_latin1 for short strings (#499)
2024-08-13	b97ee5491837	v5.3.6	validate_utf8	20.225	preparing patch release 5.3.6 (#501)
2024-08-13	b97ee5491837	v5.3.6	validate_ascii	82.681	preparing patch release 5.3.6 (#501)
2024-08-13	b97ee5491837	v5.3.6	validate_utf16le	60.977	preparing patch release 5.3.6 (#501)
2024-08-13	b97ee5491837	v5.3.6	utf8_to_utf16le	6.813	preparing patch release 5.3.6 (#501)
2024-08-13	b97ee5491837	v5.3.6	utf16le_to_utf8	12.436	preparing patch release 5.3.6 (#501)
2024-08-13	b97ee5491837	v5.3.6	base64_encode	31.807	preparing patch release 5.3.6 (#501)
2024-08-13	b97ee5491837	v5.3.6	base64_decode	37.954	preparing patch release 5.3.6 (#501)
2024-08-13	363d7e68a580		validate_utf8	20.232	fix for issue 503 (#505)
2024-08-13	363d7e68a580		validate_ascii	82.707	fix for issue 503 (#505)
2024-08-13	363d7e68a580		validate_utf16le	61.043	fix for issue 503 (#505)
2024-08-13	363d7e68a580		utf8_to_utf16le	6.834	fix for issue 503 (#505)
2024-08-13	363d7e68a580		utf16le_to_utf8	12.447	fix for issue 503 (#505)
2024-08-13	363d7e68a580		base64_encode	31.861	fix for issue 503 (#505)
2024-08-13	363d7e68a580		base64_decode	38.263	fix for issue 503 (#505)
2024-08-13	eb8486261bbf		validate_utf8	20.249	issue 504 (#506)
2024-08-13	eb8486261bbf		validate_ascii	82.696	issue 504 (#506)
2024-08-13	eb8486261bbf		validate_utf16le	60.987	issue 504 (#506)
2024-08-13	eb8486261bbf		utf8_to_utf16le	6.792	issue 504 (#506)
2024-08-13	eb8486261bbf		utf16le_to_utf8	12.455	issue 504 (#506)
2024-08-13	eb8486261bbf		base64_encode	31.873	issue 504 (#506)
2024-08-13	eb8486261bbf		base64_decode	38.315	issue 504 (#506)
2024-08-13	6a67cc001768		validate_utf8	20.243	issue 502 (#507)
2024-08-13	6a67cc001768		validate_ascii	82.717	issue 502 (#507)
2024-08-13	6a67cc001768		validate_utf16le	61.187	issue 502 (#507)
2024-08-13	6a67cc001768		utf8_to_utf16le	6.803	issue 502 (#507)
2024-08-13	6a67cc001768		utf16le_to_utf8	12.463	issue 502 (#507)
2024-08-13	6a67cc001768		base64_encode	32.069	issue 502 (#507)
2024-08-13	6a67cc001768		base64_decode	38.005	issue 502 (#507)
2024-08-14	550fcd7ac55f	v5.3.7	validate_utf8	20.230	preparing release 5.3.7 (#508)
2024-08-14	550fcd7ac55f	v5.3.7	validate_ascii	82.704	preparing release 5.3.7 (#508)
2024-08-14	550fcd7ac55f	v5.3.7	validate_utf16le	61.027	preparing release 5.3.7 (#508)
2024-08-14	550fcd7ac55f	v5.3.7	utf8_to_utf16le	6.794	preparing release 5.3.7 (#508)
2024-08-14	550fcd7ac55f	v5.3.7	utf16le_to_utf8	12.427	preparing release 5.3.7 (#508)
2024-08-14	550fcd7ac55f	v5.3.7	base64_encode	31.874	preparing release 5.3.7 (#508)
2024-08-14	550fcd7ac55f	v5.3.7	base64_decode	38.253	preparing release 5.3.7 (#508)
2024-08-14	685aa390aed7		validate_utf8	20.179	Issue 509 (#510)
2024-08-14	685aa390aed7		validate_ascii	82.704	Issue 509 (#510)
2024-08-14	685aa390aed7		validate_utf16le	60.737	Issue 509 (#510)
2024-08-14	685aa390aed7		utf8_to_utf16le	6.831	Issue 509 (#510)
2024-08-14	685aa390aed7		utf16le_to_utf8	12.406	Issue 509 (#510)
2024-08-14	685aa390aed7		base64_encode	32.175	Issue 509 (#510)
2024-08-14	685aa390aed7		base64_decode	38.240	Issue 509 (#510)
2024-08-14	18e8a64ed9c5		validate_utf8	20.215	addition fix for issue 502
2024-08-14	18e8a64ed9c5		validate_ascii	82.709	addition fix for issue 502
2024-08-14	18e8a64ed9c5		validate_utf16le	60.962	addition fix for issue 502
2024-08-14	18e8a64ed9c5		utf8_to_utf16le	6.841	addition fix for issue 502
2024-08-14	18e8a64ed9c5		utf16le_to_utf8	12.450	addition fix for issue 502
2024-08-14	18e8a64ed9c5		base64_encode	32.105	addition fix for issue 502
2024-08-14	18e8a64ed9c5		base64_decode	38.270	addition fix for issue 502
2024-08-15	7895f96bc6d0		validate_utf8	20.240	add test for #514 out of bounds write in convert_utf8_to_utf16be arm (#515)
2024-08-15	7895f96bc6d0		validate_ascii	82.681	add test for #514 out of bounds write in convert_utf8_to_utf16be arm (#515)
2024-08-15	7895f96bc6d0		validate_utf16le	60.847	add test for #514 out of bounds write in convert_utf8_to_utf16be arm (#515)
2024-08-15	7895f96bc6d0		utf8_to_utf16le	6.814	add test for #514 out of bounds write in convert_utf8_to_utf16be arm (#515)
2024-08-15	7895f96bc6d0		utf16le_to_utf8	12.472	add test for #514 out of bounds write in convert_utf8_to_utf16be arm (#515)
2024-08-15	7895f96bc6d0		base64_encode	31.767	add test for #514 out of bounds write in convert_utf8_to_utf16be arm (#515)
2024-08-15	7895f96bc6d0		base64_decode	38.294	add test for #514 out of bounds write in convert_utf8_to_utf16be arm (#515)
2024-08-15	f104bb2f4527		validate_utf8	20.249	[no-ci] code cleaning
2024-08-15	f104bb2f4527		validate_ascii	82.702	[no-ci] code cleaning
2024-08-15	f104bb2f4527		validate_utf16le	60.925	[no-ci] code cleaning
2024-08-15	f104bb2f4527		utf8_to_utf16le	6.826	[no-ci] code cleaning
2024-08-15	f104bb2f4527		utf16le_to_utf8	12.433	[no-ci] code cleaning
2024-08-15	f104bb2f4527		base64_encode	31.772	[no-ci] code cleaning
2024-08-15	f104bb2f4527		base64_decode	38.305	[no-ci] code cleaning
2024-08-15	a6649e0e255e		validate_utf8	20.247	fix for issue 514 (#517)
2024-08-15	a6649e0e255e		validate_ascii	82.716	fix for issue 514 (#517)
2024-08-15	a6649e0e255e		validate_utf16le	61.000	fix for issue 514 (#517)
2024-08-15	a6649e0e255e		utf8_to_utf16le	6.848	fix for issue 514 (#517)
2024-08-15	a6649e0e255e		utf16le_to_utf8	12.421	fix for issue 514 (#517)
2024-08-15	a6649e0e255e		base64_encode	31.805	fix for issue 514 (#517)
2024-08-15	a6649e0e255e		base64_decode	38.310	fix for issue 514 (#517)
2024-08-15	eddf7e235cd7		validate_utf8	20.243	fixing issue 516 (#518)
2024-08-15	eddf7e235cd7		validate_ascii	82.702	fixing issue 516 (#518)
2024-08-15	eddf7e235cd7		validate_utf16le	61.062	fixing issue 516 (#518)
2024-08-15	eddf7e235cd7		utf8_to_utf16le	6.801	fixing issue 516 (#518)
2024-08-15	eddf7e235cd7		utf16le_to_utf8	12.420	fixing issue 516 (#518)
2024-08-15	eddf7e235cd7		base64_encode	32.073	fixing issue 516 (#518)
2024-08-15	eddf7e235cd7		base64_decode	38.121	fixing issue 516 (#518)
2024-08-16	2e83eebc66f3		validate_utf8	20.244	[no-ci] added better scripts
2024-08-16	2e83eebc66f3		validate_ascii	82.683	[no-ci] added better scripts
2024-08-16	2e83eebc66f3		validate_utf16le	60.253	[no-ci] added better scripts
2024-08-16	2e83eebc66f3		utf8_to_utf16le	6.794	[no-ci] added better scripts
2024-08-16	2e83eebc66f3		utf16le_to_utf8	12.399	[no-ci] added better scripts
2024-08-16	2e83eebc66f3		base64_encode	31.873	[no-ci] added better scripts
2024-08-16	2e83eebc66f3		base64_decode	38.222	[no-ci] added better scripts
2024-08-16	6c18d101758a		validate_utf8	20.234	add test case for oss fuzz issue 71218 (#523)
2024-08-16	6c18d101758a		validate_ascii	82.686	add test case for oss fuzz issue 71218 (#523)
2024-08-16	6c18d101758a		validate_utf16le	61.176	add test case for oss fuzz issue 71218 (#523)
2024-08-16	6c18d101758a		utf8_to_utf16le	6.819	add test case for oss fuzz issue 71218 (#523)
2024-08-16	6c18d101758a		utf16le_to_utf8	12.473	add test case for oss fuzz issue 71218 (#523)
2024-08-16	6c18d101758a		base64_encode	31.729	add test case for oss fuzz issue 71218 (#523)
2024-08-16	6c18d101758a		base64_decode	38.182	add test case for oss fuzz issue 71218 (#523)
2024-08-16	90c1e289bc45		validate_utf8	20.253	Issue 511 (#513)
2024-08-16	90c1e289bc45		validate_ascii	82.709	Issue 511 (#513)
2024-08-16	90c1e289bc45		validate_utf16le	60.855	Issue 511 (#513)
2024-08-16	90c1e289bc45		utf8_to_utf16le	6.850	Issue 511 (#513)
2024-08-16	90c1e289bc45		utf16le_to_utf8	12.455	Issue 511 (#513)
2024-08-16	90c1e289bc45		base64_encode	31.795	Issue 511 (#513)
2024-08-16	90c1e289bc45		base64_decode	38.236	Issue 511 (#513)
2024-08-16	6afbae7a1879		validate_utf8	20.225	add base64 fuzzer (#524)
2024-08-16	6afbae7a1879		validate_ascii	82.693	add base64 fuzzer (#524)
2024-08-16	6afbae7a1879		validate_utf16le	60.793	add base64 fuzzer (#524)
2024-08-16	6afbae7a1879		utf8_to_utf16le	6.859	add base64 fuzzer (#524)
2024-08-16	6afbae7a1879		utf16le_to_utf8	12.412	add base64 fuzzer (#524)
2024-08-16	6afbae7a1879		base64_encode	31.836	add base64 fuzzer (#524)
2024-08-16	6afbae7a1879		base64_decode	38.197	add base64 fuzzer (#524)
2024-08-16	d9d9e535b657		validate_utf8	20.255	fix for issue 520 (#526)
2024-08-16	d9d9e535b657		validate_ascii	82.677	fix for issue 520 (#526)
2024-08-16	d9d9e535b657		validate_utf16le	60.678	fix for issue 520 (#526)
2024-08-16	d9d9e535b657		utf8_to_utf16le	6.818	fix for issue 520 (#526)
2024-08-16	d9d9e535b657		utf16le_to_utf8	12.433	fix for issue 520 (#526)
2024-08-16	d9d9e535b657		base64_encode	31.852	fix for issue 520 (#526)
2024-08-16	d9d9e535b657		base64_decode	38.315	fix for issue 520 (#526)
2024-08-16	d3a61bff63c3		validate_utf8	20.257	simplify the conversion fuzzer to get smaller function signatures (#525)
2024-08-16	d3a61bff63c3		validate_ascii	82.698	simplify the conversion fuzzer to get smaller function signatures (#525)
2024-08-16	d3a61bff63c3		validate_utf16le	60.832	simplify the conversion fuzzer to get smaller function signatures (#525)
2024-08-16	d3a61bff63c3		utf8_to_utf16le	6.806	simplify the conversion fuzzer to get smaller function signatures (#525)
2024-08-16	d3a61bff63c3		utf16le_to_utf8	12.427	simplify the conversion fuzzer to get smaller function signatures (#525)
2024-08-16	d3a61bff63c3		base64_encode	32.119	simplify the conversion fuzzer to get smaller function signatures (#525)
2024-08-16	d3a61bff63c3		base64_decode	38.250	simplify the conversion fuzzer to get smaller function signatures (#525)
2024-08-16	d6967879026d		validate_utf8	20.248	duplicating the test
2024-08-16	d6967879026d		validate_ascii	82.673	duplicating the test
2024-08-16	d6967879026d		validate_utf16le	60.875	duplicating the test
2024-08-16	d6967879026d		utf8_to_utf16le	6.855	duplicating the test
2024-08-16	d6967879026d		utf16le_to_utf8	12.426	duplicating the test
2024-08-16	d6967879026d		base64_encode	31.859	duplicating the test
2024-08-16	d6967879026d		base64_decode	38.282	duplicating the test
2024-08-16	4605fef51a23		validate_utf8	20.241	fix issue issue_ossfuzz_71218
2024-08-16	4605fef51a23		validate_ascii	82.683	fix issue issue_ossfuzz_71218
2024-08-16	4605fef51a23		validate_utf16le	60.820	fix issue issue_ossfuzz_71218
2024-08-16	4605fef51a23		utf8_to_utf16le	6.796	fix issue issue_ossfuzz_71218
2024-08-16	4605fef51a23		utf16le_to_utf8	12.423	fix issue issue_ossfuzz_71218
2024-08-16	4605fef51a23		base64_encode	31.854	fix issue issue_ossfuzz_71218
2024-08-16	4605fef51a23		base64_decode	38.213	fix issue issue_ossfuzz_71218
2024-08-16	fa67c053bc4c		validate_utf8	20.213	removing buggy detect encoding code (#527)
2024-08-16	fa67c053bc4c		validate_ascii	82.677	removing buggy detect encoding code (#527)
2024-08-16	fa67c053bc4c		validate_utf16le	61.404	removing buggy detect encoding code (#527)
2024-08-16	fa67c053bc4c		utf8_to_utf16le	6.818	removing buggy detect encoding code (#527)
2024-08-16	fa67c053bc4c		utf16le_to_utf8	12.472	removing buggy detect encoding code (#527)
2024-08-16	fa67c053bc4c		base64_encode	31.787	removing buggy detect encoding code (#527)
2024-08-16	fa67c053bc4c		base64_decode	38.281	removing buggy detect encoding code (#527)
2024-08-16	14fd9df73721		validate_utf8	20.222	[no-ci] Update README.md
2024-08-16	14fd9df73721		validate_ascii	82.730	[no-ci] Update README.md
2024-08-16	14fd9df73721		validate_utf16le	61.386	[no-ci] Update README.md
2024-08-16	14fd9df73721		utf8_to_utf16le	6.850	[no-ci] Update README.md
2024-08-16	14fd9df73721		utf16le_to_utf8	12.491	[no-ci] Update README.md
2024-08-16	14fd9df73721		base64_encode	32.086	[no-ci] Update README.md
2024-08-16	14fd9df73721		base64_decode	38.327	[no-ci] Update README.md
2024-08-16	178040695514		validate_utf8	20.223	[no-ci] Update README.md
2024-08-16	178040695514		validate_ascii	82.709	[no-ci] Update README.md
2024-08-16	178040695514		validate_utf16le	61.332	[no-ci] Update README.md
2024-08-16	178040695514		utf8_to_utf16le	6.832	[no-ci] Update README.md
2024-08-16	178040695514		utf16le_to_utf8	12.423	[no-ci] Update README.md
2024-08-16	178040695514		base64_encode	31.834	[no-ci] Update README.md
2024-08-16	178040695514		base64_decode	38.245	[no-ci] Update README.md
2024-08-17	5fb19cc431e2		validate_utf8	20.233	add misc fuzzer for functions not covered elsewhere (#530)
2024-08-17	5fb19cc431e2		validate_ascii	82.671	add misc fuzzer for functions not covered elsewhere (#530)
2024-08-17	5fb19cc431e2		validate_utf16le	61.335	add misc fuzzer for functions not covered elsewhere (#530)
2024-08-17	5fb19cc431e2		utf8_to_utf16le	6.810	add misc fuzzer for functions not covered elsewhere (#530)
2024-08-17	5fb19cc431e2		utf16le_to_utf8	12.434	add misc fuzzer for functions not covered elsewhere (#530)
2024-08-17	5fb19cc431e2		base64_encode	31.852	add misc fuzzer for functions not covered elsewhere (#530)
2024-08-17	5fb19cc431e2		base64_decode	38.268	add misc fuzzer for functions not covered elsewhere (#530)
2024-08-17	80c5d325ac25	v5.3.8	validate_utf8	20.236	release 5.3.8 (#529)
2024-08-17	80c5d325ac25	v5.3.8	validate_ascii	82.740	release 5.3.8 (#529)
2024-08-17	80c5d325ac25	v5.3.8	validate_utf16le	61.342	release 5.3.8 (#529)
2024-08-17	80c5d325ac25	v5.3.8	utf8_to_utf16le	6.859	release 5.3.8 (#529)
2024-08-17	80c5d325ac25	v5.3.8	utf16le_to_utf8	12.487	release 5.3.8 (#529)
2024-08-17	80c5d325ac25	v5.3.8	base64_encode	31.865	release 5.3.8 (#529)
2024-08-17	80c5d325ac25	v5.3.8	base64_decode	38.266	release 5.3.8 (#529)
2024-08-18	214613339782		validate_utf8	20.230	add tests demonstrating problems with riscv (#533)
2024-08-18	214613339782		validate_ascii	82.694	add tests demonstrating problems with riscv (#533)
2024-08-18	214613339782		validate_utf16le	61.377	add tests demonstrating problems with riscv (#533)
2024-08-18	214613339782		utf8_to_utf16le	6.823	add tests demonstrating problems with riscv (#533)
2024-08-18	214613339782		utf16le_to_utf8	12.486	add tests demonstrating problems with riscv (#533)
2024-08-18	214613339782		base64_encode	31.840	add tests demonstrating problems with riscv (#533)
2024-08-18	214613339782		base64_decode	38.295	add tests demonstrating problems with riscv (#533)
2024-08-18	85d708e63f61		validate_utf8	20.223	Making the tests endian-oblivious
2024-08-18	85d708e63f61		validate_ascii	82.688	Making the tests endian-oblivious
2024-08-18	85d708e63f61		validate_utf16le	61.216	Making the tests endian-oblivious
2024-08-18	85d708e63f61		utf8_to_utf16le	6.788	Making the tests endian-oblivious
2024-08-18	85d708e63f61		utf16le_to_utf8	12.452	Making the tests endian-oblivious
2024-08-18	85d708e63f61		base64_encode	31.802	Making the tests endian-oblivious
2024-08-18	85d708e63f61		base64_decode	38.220	Making the tests endian-oblivious
2024-08-18	e31092cb873a		validate_utf8	20.240	fixing issue 531 (#534)
2024-08-18	e31092cb873a		validate_ascii	82.651	fixing issue 531 (#534)
2024-08-18	e31092cb873a		validate_utf16le	61.288	fixing issue 531 (#534)
2024-08-18	e31092cb873a		utf8_to_utf16le	6.846	fixing issue 531 (#534)
2024-08-18	e31092cb873a		utf16le_to_utf8	12.430	fixing issue 531 (#534)
2024-08-18	e31092cb873a		base64_encode	31.848	fixing issue 531 (#534)
2024-08-18	e31092cb873a		base64_decode	38.169	fixing issue 531 (#534)
2024-08-18	cda05d085813		validate_utf8	20.237	fixing the test
2024-08-18	cda05d085813		validate_ascii	82.716	fixing the test
2024-08-18	cda05d085813		validate_utf16le	61.274	fixing the test
2024-08-18	cda05d085813		utf8_to_utf16le	6.833	fixing the test
2024-08-18	cda05d085813		utf16le_to_utf8	12.434	fixing the test
2024-08-18	cda05d085813		base64_encode	31.845	fixing the test
2024-08-18	cda05d085813		base64_decode	38.132	fixing the test
2024-08-18	6762ed95c669		validate_utf8	20.179	fixing issue 532 (#535)
2024-08-18	6762ed95c669		validate_ascii	82.712	fixing issue 532 (#535)
2024-08-18	6762ed95c669		validate_utf16le	61.373	fixing issue 532 (#535)
2024-08-18	6762ed95c669		utf8_to_utf16le	6.860	fixing issue 532 (#535)
2024-08-18	6762ed95c669		utf16le_to_utf8	12.426	fixing issue 532 (#535)
2024-08-18	6762ed95c669		base64_encode	31.964	fixing issue 532 (#535)
2024-08-18	6762ed95c669		base64_decode	38.304	fixing issue 532 (#535)
2024-08-19	bd5c5e6eebb9	v5.3.9	validate_utf8	20.242	version 5.3.9 (release candidate) (#536)
2024-08-19	bd5c5e6eebb9	v5.3.9	validate_ascii	82.723	version 5.3.9 (release candidate) (#536)
2024-08-19	bd5c5e6eebb9	v5.3.9	validate_utf16le	61.326	version 5.3.9 (release candidate) (#536)
2024-08-19	bd5c5e6eebb9	v5.3.9	utf8_to_utf16le	6.845	version 5.3.9 (release candidate) (#536)
2024-08-19	bd5c5e6eebb9	v5.3.9	utf16le_to_utf8	12.446	version 5.3.9 (release candidate) (#536)
2024-08-19	bd5c5e6eebb9	v5.3.9	base64_encode	31.797	version 5.3.9 (release candidate) (#536)
2024-08-19	bd5c5e6eebb9	v5.3.9	base64_decode	38.287	version 5.3.9 (release candidate) (#536)
2024-08-19	da2b8a0c68f0		validate_utf8	20.232	fix bug 7f6091b746e6e764 (RISC-V)
2024-08-19	da2b8a0c68f0		validate_ascii	55.524	fix bug 7f6091b746e6e764 (RISC-V)
2024-08-19	da2b8a0c68f0		validate_utf16le	61.331	fix bug 7f6091b746e6e764 (RISC-V)
2024-08-19	da2b8a0c68f0		utf8_to_utf16le	6.820	fix bug 7f6091b746e6e764 (RISC-V)
2024-08-19	da2b8a0c68f0		utf16le_to_utf8	12.412	fix bug 7f6091b746e6e764 (RISC-V)
2024-08-19	da2b8a0c68f0		base64_encode	31.835	fix bug 7f6091b746e6e764 (RISC-V)
2024-08-19	da2b8a0c68f0		base64_decode	38.295	fix bug 7f6091b746e6e764 (RISC-V)
2024-08-19	44840a2a8ee8		validate_utf8	20.220	fixing risc v bug 38c7a3a4c673f504
2024-08-19	44840a2a8ee8		validate_ascii	82.649	fixing risc v bug 38c7a3a4c673f504
2024-08-19	44840a2a8ee8		validate_utf16le	61.379	fixing risc v bug 38c7a3a4c673f504
2024-08-19	44840a2a8ee8		utf8_to_utf16le	6.836	fixing risc v bug 38c7a3a4c673f504
2024-08-19	44840a2a8ee8		utf16le_to_utf8	12.402	fixing risc v bug 38c7a3a4c673f504
2024-08-19	44840a2a8ee8		base64_encode	31.810	fixing risc v bug 38c7a3a4c673f504
2024-08-19	44840a2a8ee8		base64_decode	38.237	fixing risc v bug 38c7a3a4c673f504
2024-08-19	e634d2f63850		validate_utf8	20.232	fixing risc-v bug 1b8034ed546f4bf7
2024-08-19	e634d2f63850		validate_ascii	82.702	fixing risc-v bug 1b8034ed546f4bf7
2024-08-19	e634d2f63850		validate_utf16le	61.425	fixing risc-v bug 1b8034ed546f4bf7
2024-08-19	e634d2f63850		utf8_to_utf16le	6.842	fixing risc-v bug 1b8034ed546f4bf7
2024-08-19	e634d2f63850		utf16le_to_utf8	12.453	fixing risc-v bug 1b8034ed546f4bf7
2024-08-19	e634d2f63850		base64_encode	31.692	fixing risc-v bug 1b8034ed546f4bf7
2024-08-19	e634d2f63850		base64_decode	38.194	fixing risc-v bug 1b8034ed546f4bf7
2024-08-19	dcfb57fc4db6		validate_utf8	20.227	fixing risc-v bug 97798701a75ebb21
2024-08-19	dcfb57fc4db6		validate_ascii	82.705	fixing risc-v bug 97798701a75ebb21
2024-08-19	dcfb57fc4db6		validate_utf16le	61.257	fixing risc-v bug 97798701a75ebb21
2024-08-19	dcfb57fc4db6		utf8_to_utf16le	6.810	fixing risc-v bug 97798701a75ebb21
2024-08-19	dcfb57fc4db6		utf16le_to_utf8	12.453	fixing risc-v bug 97798701a75ebb21
2024-08-19	dcfb57fc4db6		base64_encode	31.903	fixing risc-v bug 97798701a75ebb21
2024-08-19	dcfb57fc4db6		base64_decode	38.133	fixing risc-v bug 97798701a75ebb21
2024-08-19	9054e8489fa6		validate_utf8	20.170	add test for issue #537 (#538)
2024-08-19	9054e8489fa6		validate_ascii	82.666	add test for issue #537 (#538)
2024-08-19	9054e8489fa6		validate_utf16le	61.418	add test for issue #537 (#538)
2024-08-19	9054e8489fa6		utf8_to_utf16le	6.855	add test for issue #537 (#538)
2024-08-19	9054e8489fa6		utf16le_to_utf8	12.394	add test for issue #537 (#538)
2024-08-19	9054e8489fa6		base64_encode	29.557	add test for issue #537 (#538)
2024-08-19	9054e8489fa6		base64_decode	38.309	add test for issue #537 (#538)
2024-08-19	4c648d200a23		validate_utf8	20.207	fixing issue 537
2024-08-19	4c648d200a23		validate_ascii	82.691	fixing issue 537
2024-08-19	4c648d200a23		validate_utf16le	61.362	fixing issue 537
2024-08-19	4c648d200a23		utf8_to_utf16le	6.841	fixing issue 537
2024-08-19	4c648d200a23		utf16le_to_utf8	12.428	fixing issue 537
2024-08-19	4c648d200a23		base64_encode	31.851	fixing issue 537
2024-08-19	4c648d200a23		base64_decode	37.783	fixing issue 537
2024-08-19	c87a4a145917		validate_utf8	20.202	add test for issue #539 (#540)
2024-08-19	c87a4a145917		validate_ascii	82.639	add test for issue #539 (#540)
2024-08-19	c87a4a145917		validate_utf16le	61.303	add test for issue #539 (#540)
2024-08-19	c87a4a145917		utf8_to_utf16le	6.801	add test for issue #539 (#540)
2024-08-19	c87a4a145917		utf16le_to_utf8	12.421	add test for issue #539 (#540)
2024-08-19	c87a4a145917		base64_encode	31.849	add test for issue #539 (#540)
2024-08-19	c87a4a145917		base64_decode	38.179	add test for issue #539 (#540)
2024-08-19	522758e534b7		validate_utf8	20.223	fixing issue 539
2024-08-19	522758e534b7		validate_ascii	82.737	fixing issue 539
2024-08-19	522758e534b7		validate_utf16le	61.277	fixing issue 539
2024-08-19	522758e534b7		utf8_to_utf16le	6.828	fixing issue 539
2024-08-19	522758e534b7		utf16le_to_utf8	12.448	fixing issue 539
2024-08-19	522758e534b7		base64_encode	32.205	fixing issue 539
2024-08-19	522758e534b7		base64_decode	38.235	fixing issue 539
2024-08-20	815cbacb588c	v5.3.10	validate_utf8	20.241	version 5.3.10 (release candidate) (#541)
2024-08-20	815cbacb588c	v5.3.10	validate_ascii	82.721	version 5.3.10 (release candidate) (#541)
2024-08-20	815cbacb588c	v5.3.10	validate_utf16le	61.233	version 5.3.10 (release candidate) (#541)
2024-08-20	815cbacb588c	v5.3.10	utf8_to_utf16le	6.834	version 5.3.10 (release candidate) (#541)
2024-08-20	815cbacb588c	v5.3.10	utf16le_to_utf8	12.417	version 5.3.10 (release candidate) (#541)
2024-08-20	815cbacb588c	v5.3.10	base64_encode	32.076	version 5.3.10 (release candidate) (#541)
2024-08-20	815cbacb588c	v5.3.10	base64_decode	38.184	version 5.3.10 (release candidate) (#541)
2024-08-20	01d51a0abaab		validate_utf8	20.204	Ah Ah (#543)
2024-08-20	01d51a0abaab		validate_ascii	82.720	Ah Ah (#543)
2024-08-20	01d51a0abaab		validate_utf16le	61.355	Ah Ah (#543)
2024-08-20	01d51a0abaab		utf8_to_utf16le	6.838	Ah Ah (#543)
2024-08-20	01d51a0abaab		utf16le_to_utf8	12.422	Ah Ah (#543)
2024-08-20	01d51a0abaab		base64_encode	32.108	Ah Ah (#543)
2024-08-20	01d51a0abaab		base64_decode	38.258	Ah Ah (#543)
2024-08-21	b66778b07b8b		validate_utf8	20.177	add test for issue #544 (#545)
2024-08-21	b66778b07b8b		validate_ascii	82.687	add test for issue #544 (#545)
2024-08-21	b66778b07b8b		validate_utf16le	61.289	add test for issue #544 (#545)
2024-08-21	b66778b07b8b		utf8_to_utf16le	6.823	add test for issue #544 (#545)
2024-08-21	b66778b07b8b		utf16le_to_utf8	12.483	add test for issue #544 (#545)
2024-08-21	b66778b07b8b		base64_encode	31.803	add test for issue #544 (#545)
2024-08-21	b66778b07b8b		base64_decode	38.184	add test for issue #544 (#545)
2024-08-21	ad7a4d86e8b9		validate_utf8	20.166	fix issue
2024-08-21	ad7a4d86e8b9		validate_ascii	82.743	fix issue
2024-08-21	ad7a4d86e8b9		validate_utf16le	60.824	fix issue
2024-08-21	ad7a4d86e8b9		utf8_to_utf16le	6.828	fix issue
2024-08-21	ad7a4d86e8b9		utf16le_to_utf8	12.432	fix issue
2024-08-21	ad7a4d86e8b9		base64_encode	31.851	fix issue
2024-08-21	ad7a4d86e8b9		base64_decode	38.297	fix issue
2024-08-21	19794f591479	v5.3.11	validate_utf8	20.195	versin 5.3.11 (release candidate) (#546)
2024-08-21	19794f591479	v5.3.11	validate_ascii	82.628	versin 5.3.11 (release candidate) (#546)
2024-08-21	19794f591479	v5.3.11	validate_utf16le	61.160	versin 5.3.11 (release candidate) (#546)
2024-08-21	19794f591479	v5.3.11	utf8_to_utf16le	6.784	versin 5.3.11 (release candidate) (#546)
2024-08-21	19794f591479	v5.3.11	utf16le_to_utf8	12.432	versin 5.3.11 (release candidate) (#546)
2024-08-21	19794f591479	v5.3.11	base64_encode	32.082	versin 5.3.11 (release candidate) (#546)
2024-08-21	19794f591479	v5.3.11	base64_decode	38.304	versin 5.3.11 (release candidate) (#546)
2024-08-22	ea298907e7ca		validate_utf8	20.235	add related testcase for issue #544 (#547)
2024-08-22	ea298907e7ca		validate_ascii	82.751	add related testcase for issue #544 (#547)
2024-08-22	ea298907e7ca		validate_utf16le	61.070	add related testcase for issue #544 (#547)
2024-08-22	ea298907e7ca		utf8_to_utf16le	6.834	add related testcase for issue #544 (#547)
2024-08-22	ea298907e7ca		utf16le_to_utf8	12.416	add related testcase for issue #544 (#547)
2024-08-22	ea298907e7ca		base64_encode	31.844	add related testcase for issue #544 (#547)
2024-08-22	ea298907e7ca		base64_decode	38.179	add related testcase for issue #544 (#547)
2024-08-22	195f59e68430		validate_utf8	20.240	up
2024-08-22	195f59e68430		validate_ascii	82.647	up
2024-08-22	195f59e68430		validate_utf16le	61.352	up
2024-08-22	195f59e68430		utf8_to_utf16le	6.836	up
2024-08-22	195f59e68430		utf16le_to_utf8	12.480	up
2024-08-22	195f59e68430		base64_encode	31.897	up
2024-08-22	195f59e68430		base64_decode	38.248	up
2024-08-22	9a54bcea5b12	v5.3.12	validate_utf8	20.162	version 5.3.12 (release candidate) (#548)
2024-08-22	9a54bcea5b12	v5.3.12	validate_ascii	82.733	version 5.3.12 (release candidate) (#548)
2024-08-22	9a54bcea5b12	v5.3.12	validate_utf16le	61.418	version 5.3.12 (release candidate) (#548)
2024-08-22	9a54bcea5b12	v5.3.12	utf8_to_utf16le	6.833	version 5.3.12 (release candidate) (#548)
2024-08-22	9a54bcea5b12	v5.3.12	utf16le_to_utf8	12.424	version 5.3.12 (release candidate) (#548)
2024-08-22	9a54bcea5b12	v5.3.12	base64_encode	31.863	version 5.3.12 (release candidate) (#548)
2024-08-22	9a54bcea5b12	v5.3.12	base64_decode	38.193	version 5.3.12 (release candidate) (#548)
2024-08-22	6e8287fffa3a		validate_utf8	20.252	fix issue 544v3
2024-08-22	6e8287fffa3a		validate_ascii	82.742	fix issue 544v3
2024-08-22	6e8287fffa3a		validate_utf16le	61.451	fix issue 544v3
2024-08-22	6e8287fffa3a		utf8_to_utf16le	6.843	fix issue 544v3
2024-08-22	6e8287fffa3a		utf16le_to_utf8	12.512	fix issue 544v3
2024-08-22	6e8287fffa3a		base64_encode	31.745	fix issue 544v3
2024-08-22	6e8287fffa3a		base64_decode	38.206	fix issue 544v3
2024-08-23	7988d8999460		validate_utf8	20.188	patching again issue 544
2024-08-23	7988d8999460		validate_ascii	82.746	patching again issue 544
2024-08-23	7988d8999460		validate_utf16le	61.371	patching again issue 544
2024-08-23	7988d8999460		utf8_to_utf16le	6.807	patching again issue 544
2024-08-23	7988d8999460		utf16le_to_utf8	12.450	patching again issue 544
2024-08-23	7988d8999460		base64_encode	32.001	patching again issue 544
2024-08-23	7988d8999460		base64_decode	38.315	patching again issue 544
2024-08-23	c53f8ee99027		validate_utf8	20.214	Merge branch 'master' of https://github.com/simdutf/simdutf
2024-08-23	c53f8ee99027		validate_ascii	82.768	Merge branch 'master' of https://github.com/simdutf/simdutf
2024-08-23	c53f8ee99027		validate_utf16le	61.409	Merge branch 'master' of https://github.com/simdutf/simdutf
2024-08-23	c53f8ee99027		utf8_to_utf16le	6.793	Merge branch 'master' of https://github.com/simdutf/simdutf
2024-08-23	c53f8ee99027		utf16le_to_utf8	12.523	Merge branch 'master' of https://github.com/simdutf/simdutf
2024-08-23	c53f8ee99027		base64_encode	31.882	Merge branch 'master' of https://github.com/simdutf/simdutf
2024-08-23	c53f8ee99027		base64_decode	34.375	Merge branch 'master' of https://github.com/simdutf/simdutf
2024-08-23	31eb8baf51e4	v5.4.14	validate_utf8	20.212	version 5.3.14 (release candidate)
2024-08-23	31eb8baf51e4	v5.4.14	validate_ascii	82.654	version 5.3.14 (release candidate)
2024-08-23	31eb8baf51e4	v5.4.14	validate_utf16le	61.437	version 5.3.14 (release candidate)
2024-08-23	31eb8baf51e4	v5.4.14	utf8_to_utf16le	6.827	version 5.3.14 (release candidate)
2024-08-23	31eb8baf51e4	v5.4.14	utf16le_to_utf8	12.516	version 5.3.14 (release candidate)
2024-08-23	31eb8baf51e4	v5.4.14	base64_encode	32.065	version 5.3.14 (release candidate)
2024-08-23	31eb8baf51e4	v5.4.14	base64_decode	38.312	version 5.3.14 (release candidate)
2024-08-23	d13dfd80a151		validate_utf8	20.224	fixing algo bug discovered by fuzzing
2024-08-23	d13dfd80a151		validate_ascii	82.722	fixing algo bug discovered by fuzzing
2024-08-23	d13dfd80a151		validate_utf16le	61.431	fixing algo bug discovered by fuzzing
2024-08-23	d13dfd80a151		utf8_to_utf16le	6.853	fixing algo bug discovered by fuzzing
2024-08-23	d13dfd80a151		utf16le_to_utf8	12.493	fixing algo bug discovered by fuzzing
2024-08-23	d13dfd80a151		base64_encode	31.799	fixing algo bug discovered by fuzzing
2024-08-23	d13dfd80a151		base64_decode	38.134	fixing algo bug discovered by fuzzing
2024-08-23	08cc0ea7cbb6	v5.4.15	validate_utf8	20.252	version 5.4.15
2024-08-23	08cc0ea7cbb6	v5.4.15	validate_ascii	82.602	version 5.4.15
2024-08-23	08cc0ea7cbb6	v5.4.15	validate_utf16le	61.416	version 5.4.15
2024-08-23	08cc0ea7cbb6	v5.4.15	utf8_to_utf16le	6.837	version 5.4.15
2024-08-23	08cc0ea7cbb6	v5.4.15	utf16le_to_utf8	12.407	version 5.4.15
2024-08-23	08cc0ea7cbb6	v5.4.15	base64_encode	31.831	version 5.4.15
2024-08-23	08cc0ea7cbb6	v5.4.15	base64_decode	38.263	version 5.4.15
2024-08-23	14d1b14dd33f		validate_utf8	20.227	add yet another test variant for issue #544 (#551)
2024-08-23	14d1b14dd33f		validate_ascii	82.754	add yet another test variant for issue #544 (#551)
2024-08-23	14d1b14dd33f		validate_utf16le	61.420	add yet another test variant for issue #544 (#551)
2024-08-23	14d1b14dd33f		utf8_to_utf16le	6.807	add yet another test variant for issue #544 (#551)
2024-08-23	14d1b14dd33f		utf16le_to_utf8	12.454	add yet another test variant for issue #544 (#551)
2024-08-23	14d1b14dd33f		base64_encode	31.636	add yet another test variant for issue #544 (#551)
2024-08-23	14d1b14dd33f		base64_decode	38.291	add yet another test variant for issue #544 (#551)
2024-09-02	93f4d846d650		validate_utf8	20.234	let oss-fuzz ignore newer fuzzers on arm (#555)
2024-09-02	93f4d846d650		validate_ascii	82.744	let oss-fuzz ignore newer fuzzers on arm (#555)
2024-09-02	93f4d846d650		validate_utf16le	60.544	let oss-fuzz ignore newer fuzzers on arm (#555)
2024-09-02	93f4d846d650		utf8_to_utf16le	6.853	let oss-fuzz ignore newer fuzzers on arm (#555)
2024-09-02	93f4d846d650		utf16le_to_utf8	12.415	let oss-fuzz ignore newer fuzzers on arm (#555)
2024-09-02	93f4d846d650		base64_encode	31.862	let oss-fuzz ignore newer fuzzers on arm (#555)
2024-09-02	93f4d846d650		base64_decode	38.373	let oss-fuzz ignore newer fuzzers on arm (#555)
2024-09-03	474bbeaece96		validate_utf8	20.235	Convert latin1 to utf8 safe (#556)
2024-09-03	474bbeaece96		validate_ascii	82.730	Convert latin1 to utf8 safe (#556)
2024-09-03	474bbeaece96		validate_utf16le	61.226	Convert latin1 to utf8 safe (#556)
2024-09-03	474bbeaece96		utf8_to_utf16le	6.844	Convert latin1 to utf8 safe (#556)
2024-09-03	474bbeaece96		utf16le_to_utf8	12.435	Convert latin1 to utf8 safe (#556)
2024-09-03	474bbeaece96		base64_encode	32.123	Convert latin1 to utf8 safe (#556)
2024-09-03	474bbeaece96		base64_decode	38.225	Convert latin1 to utf8 safe (#556)
2024-09-03	c37404747265		validate_utf8	20.243	add compiler detection for C++20 and C++23 (#559)
2024-09-03	c37404747265		validate_ascii	82.740	add compiler detection for C++20 and C++23 (#559)
2024-09-03	c37404747265		validate_utf16le	61.240	add compiler detection for C++20 and C++23 (#559)
2024-09-03	c37404747265		utf8_to_utf16le	6.846	add compiler detection for C++20 and C++23 (#559)
2024-09-03	c37404747265		utf16le_to_utf8	12.466	add compiler detection for C++20 and C++23 (#559)
2024-09-03	c37404747265		base64_encode	31.828	add compiler detection for C++20 and C++23 (#559)
2024-09-03	c37404747265		base64_decode	38.262	add compiler detection for C++20 and C++23 (#559)
2024-09-04	8ef144087f72		validate_utf8	20.259	extend the misc fuzzer to cover convert_latin1_to_utf8_safe()
2024-09-04	8ef144087f72		validate_ascii	82.676	extend the misc fuzzer to cover convert_latin1_to_utf8_safe()
2024-09-04	8ef144087f72		validate_utf16le	61.139	extend the misc fuzzer to cover convert_latin1_to_utf8_safe()
2024-09-04	8ef144087f72		utf8_to_utf16le	6.799	extend the misc fuzzer to cover convert_latin1_to_utf8_safe()
2024-09-04	8ef144087f72		utf16le_to_utf8	12.472	extend the misc fuzzer to cover convert_latin1_to_utf8_safe()
2024-09-04	8ef144087f72		base64_encode	31.869	extend the misc fuzzer to cover convert_latin1_to_utf8_safe()
2024-09-04	8ef144087f72		base64_decode	38.282	extend the misc fuzzer to cover convert_latin1_to_utf8_safe()
2024-09-04	bb2f8bcd7e1c	v5.5.0	validate_utf8	20.205	version 5.5.0
2024-09-04	bb2f8bcd7e1c	v5.5.0	validate_ascii	82.721	version 5.5.0
2024-09-04	bb2f8bcd7e1c	v5.5.0	validate_utf16le	61.414	version 5.5.0
2024-09-04	bb2f8bcd7e1c	v5.5.0	utf8_to_utf16le	6.841	version 5.5.0
2024-09-04	bb2f8bcd7e1c	v5.5.0	utf16le_to_utf8	12.432	version 5.5.0
2024-09-04	bb2f8bcd7e1c	v5.5.0	base64_encode	31.724	version 5.5.0
2024-09-04	bb2f8bcd7e1c	v5.5.0	base64_decode	38.193	version 5.5.0
2024-09-30	a8b2dfb9d34c		validate_utf8	20.249	introduce clang format (#563)
2024-09-30	a8b2dfb9d34c		validate_ascii	82.699	introduce clang format (#563)
2024-09-30	a8b2dfb9d34c		validate_utf16le	61.461	introduce clang format (#563)
2024-09-30	a8b2dfb9d34c		utf8_to_utf16le	6.823	introduce clang format (#563)
2024-09-30	a8b2dfb9d34c		utf16le_to_utf8	12.452	introduce clang format (#563)
2024-09-30	a8b2dfb9d34c		base64_encode	31.898	introduce clang format (#563)
2024-09-30	a8b2dfb9d34c		base64_decode	38.313	introduce clang format (#563)
2024-10-01	2096b298c147		validate_utf8	20.224	[no-ci] adding user
2024-10-01	2096b298c147		validate_ascii	82.761	[no-ci] adding user
2024-10-01	2096b298c147		validate_utf16le	61.368	[no-ci] adding user
2024-10-01	2096b298c147		utf8_to_utf16le	6.837	[no-ci] adding user
2024-10-01	2096b298c147		utf16le_to_utf8	12.519	[no-ci] adding user
2024-10-01	2096b298c147		base64_encode	31.835	[no-ci] adding user
2024-10-01	2096b298c147		base64_decode	38.134	[no-ci] adding user
2024-10-07	b818c82245f6		validate_utf8	20.235	removing unneeded std::vector. (#572)
2024-10-07	b818c82245f6		validate_ascii	82.751	removing unneeded std::vector. (#572)
2024-10-07	b818c82245f6		validate_utf16le	61.048	removing unneeded std::vector. (#572)
2024-10-07	b818c82245f6		utf8_to_utf16le	6.839	removing unneeded std::vector. (#572)
2024-10-07	b818c82245f6		utf16le_to_utf8	12.481	removing unneeded std::vector. (#572)
2024-10-07	b818c82245f6		base64_encode	31.851	removing unneeded std::vector. (#572)
2024-10-07	b818c82245f6		base64_decode	38.280	removing unneeded std::vector. (#572)
2024-10-08	80099819c98f		validate_utf8	20.223	add test for out of bounds write in haswell convert_utf8_to_latin1 (#576)
2024-10-08	80099819c98f		validate_ascii	82.768	add test for out of bounds write in haswell convert_utf8_to_latin1 (#576)
2024-10-08	80099819c98f		validate_utf16le	61.428	add test for out of bounds write in haswell convert_utf8_to_latin1 (#576)
2024-10-08	80099819c98f		utf8_to_utf16le	6.814	add test for out of bounds write in haswell convert_utf8_to_latin1 (#576)
2024-10-08	80099819c98f		utf16le_to_utf8	12.429	add test for out of bounds write in haswell convert_utf8_to_latin1 (#576)
2024-10-08	80099819c98f		base64_encode	32.110	add test for out of bounds write in haswell convert_utf8_to_latin1 (#576)
2024-10-08	80099819c98f		base64_decode	38.290	add test for out of bounds write in haswell convert_utf8_to_latin1 (#576)
2024-10-08	0210f3078da6		validate_utf8	20.249	fix
2024-10-08	0210f3078da6		validate_ascii	82.712	fix
2024-10-08	0210f3078da6		validate_utf16le	61.283	fix
2024-10-08	0210f3078da6		utf8_to_utf16le	6.827	fix
2024-10-08	0210f3078da6		utf16le_to_utf8	12.447	fix
2024-10-08	0210f3078da6		base64_encode	31.767	fix
2024-10-08	0210f3078da6		base64_decode	38.265	fix
2024-10-09	bfa42829f117		validate_utf8	20.241	[no-ci] Update README.md
2024-10-09	bfa42829f117		validate_ascii	82.650	[no-ci] Update README.md
2024-10-09	bfa42829f117		validate_utf16le	61.044	[no-ci] Update README.md
2024-10-09	bfa42829f117		utf8_to_utf16le	6.797	[no-ci] Update README.md
2024-10-09	bfa42829f117		utf16le_to_utf8	12.432	[no-ci] Update README.md
2024-10-09	bfa42829f117		base64_encode	31.768	[no-ci] Update README.md
2024-10-09	bfa42829f117		base64_decode	38.255	[no-ci] Update README.md
2024-10-09	2f2818858a13		validate_utf8	20.197	[no-ci] Update README.md
2024-10-09	2f2818858a13		validate_ascii	82.759	[no-ci] Update README.md
2024-10-09	2f2818858a13		validate_utf16le	61.379	[no-ci] Update README.md
2024-10-09	2f2818858a13		utf8_to_utf16le	6.814	[no-ci] Update README.md
2024-10-09	2f2818858a13		utf16le_to_utf8	12.450	[no-ci] Update README.md
2024-10-09	2f2818858a13		base64_encode	31.626	[no-ci] Update README.md
2024-10-09	2f2818858a13		base64_decode	38.118	[no-ci] Update README.md
2024-10-10	1ff110e7d45d		validate_utf8	20.213	issue 578 (#579)
2024-10-10	1ff110e7d45d		validate_ascii	82.665	issue 578 (#579)
2024-10-10	1ff110e7d45d		validate_utf16le	61.250	issue 578 (#579)
2024-10-10	1ff110e7d45d		utf8_to_utf16le	6.856	issue 578 (#579)
2024-10-10	1ff110e7d45d		utf16le_to_utf8	12.444	issue 578 (#579)
2024-10-10	1ff110e7d45d		base64_encode	31.883	issue 578 (#579)
2024-10-10	1ff110e7d45d		base64_decode	38.256	issue 578 (#579)
2024-10-11	e99c18089a2c		validate_utf8	20.246	Adding last chunk handling options (#571)
2024-10-11	e99c18089a2c		validate_ascii	82.758	Adding last chunk handling options (#571)
2024-10-11	e99c18089a2c		validate_utf16le	61.349	Adding last chunk handling options (#571)
2024-10-11	e99c18089a2c		utf8_to_utf16le	6.842	Adding last chunk handling options (#571)
2024-10-11	e99c18089a2c		utf16le_to_utf8	12.516	Adding last chunk handling options (#571)
2024-10-11	e99c18089a2c		base64_encode	31.827	Adding last chunk handling options (#571)
2024-10-11	e99c18089a2c		base64_decode	38.271	Adding last chunk handling options (#571)
2024-10-11	2e9582f8ed32	v5.6.0	validate_utf8	20.240	release candidate 5.6.0 (#580)
2024-10-11	2e9582f8ed32	v5.6.0	validate_ascii	82.762	release candidate 5.6.0 (#580)
2024-10-11	2e9582f8ed32	v5.6.0	validate_utf16le	61.384	release candidate 5.6.0 (#580)
2024-10-11	2e9582f8ed32	v5.6.0	utf8_to_utf16le	6.834	release candidate 5.6.0 (#580)
2024-10-11	2e9582f8ed32	v5.6.0	utf16le_to_utf8	12.437	release candidate 5.6.0 (#580)
2024-10-11	2e9582f8ed32	v5.6.0	base64_encode	32.101	release candidate 5.6.0 (#580)
2024-10-11	2e9582f8ed32	v5.6.0	base64_decode	38.229	release candidate 5.6.0 (#580)
2024-10-13	603070affe68		validate_utf8	20.252	Update README.md
2024-10-13	603070affe68		validate_ascii	82.756	Update README.md
2024-10-13	603070affe68		validate_utf16le	61.217	Update README.md
2024-10-13	603070affe68		utf8_to_utf16le	6.806	Update README.md
2024-10-13	603070affe68		utf16le_to_utf8	12.418	Update README.md
2024-10-13	603070affe68		base64_encode	31.731	Update README.md
2024-10-13	603070affe68		base64_decode	38.278	Update README.md
2024-11-03	105a8f14ab0e		validate_utf8	20.222	Optimize the tail base64 encode for Icelake using masked AVX512 instructions (#582)
2024-11-03	105a8f14ab0e		validate_ascii	82.747	Optimize the tail base64 encode for Icelake using masked AVX512 instructions (#582)
2024-11-03	105a8f14ab0e		validate_utf16le	61.208	Optimize the tail base64 encode for Icelake using masked AVX512 instructions (#582)
2024-11-03	105a8f14ab0e		utf8_to_utf16le	6.814	Optimize the tail base64 encode for Icelake using masked AVX512 instructions (#582)
2024-11-03	105a8f14ab0e		utf16le_to_utf8	12.366	Optimize the tail base64 encode for Icelake using masked AVX512 instructions (#582)
2024-11-03	105a8f14ab0e		base64_encode	29.315	Optimize the tail base64 encode for Icelake using masked AVX512 instructions (#582)
2024-11-03	105a8f14ab0e		base64_decode	38.214	Optimize the tail base64 encode for Icelake using masked AVX512 instructions (#582)
2024-11-12	d5d3ec21205b		validate_utf8	20.213	fixing issue 583 (#584)
2024-11-12	d5d3ec21205b		validate_ascii	82.470	fixing issue 583 (#584)
2024-11-12	d5d3ec21205b		validate_utf16le	61.219	fixing issue 583 (#584)
2024-11-12	d5d3ec21205b		utf8_to_utf16le	6.833	fixing issue 583 (#584)
2024-11-12	d5d3ec21205b		utf16le_to_utf8	12.370	fixing issue 583 (#584)
2024-11-12	d5d3ec21205b		base64_encode	29.397	fixing issue 583 (#584)
2024-11-12	d5d3ec21205b		base64_decode	37.532	fixing issue 583 (#584)
2024-11-12	82b632ea124c	v5.6.1	validate_utf8	20.246	release candidate (#586)
2024-11-12	82b632ea124c	v5.6.1	validate_ascii	82.774	release candidate (#586)
2024-11-12	82b632ea124c	v5.6.1	validate_utf16le	61.357	release candidate (#586)
2024-11-12	82b632ea124c	v5.6.1	utf8_to_utf16le	6.790	release candidate (#586)
2024-11-12	82b632ea124c	v5.6.1	utf16le_to_utf8	12.303	release candidate (#586)
2024-11-12	82b632ea124c	v5.6.1	base64_encode	29.309	release candidate (#586)
2024-11-12	82b632ea124c	v5.6.1	base64_decode	37.856	release candidate (#586)
2024-11-13	05c7e7eea6a7		validate_utf8	20.231	Update README.md
2024-11-13	05c7e7eea6a7		validate_ascii	82.757	Update README.md
2024-11-13	05c7e7eea6a7		validate_utf16le	61.378	Update README.md
2024-11-13	05c7e7eea6a7		utf8_to_utf16le	6.779	Update README.md
2024-11-13	05c7e7eea6a7		utf16le_to_utf8	12.310	Update README.md
2024-11-13	05c7e7eea6a7		base64_encode	29.437	Update README.md
2024-11-13	05c7e7eea6a7		base64_decode	37.763	Update README.md
2024-11-14	e620e4354be1		validate_utf8	20.249	Better handling partial last chunk + slightly better tests (#587)
2024-11-14	e620e4354be1		validate_ascii	82.748	Better handling partial last chunk + slightly better tests (#587)
2024-11-14	e620e4354be1		validate_utf16le	61.447	Better handling partial last chunk + slightly better tests (#587)
2024-11-14	e620e4354be1		utf8_to_utf16le	6.843	Better handling partial last chunk + slightly better tests (#587)
2024-11-14	e620e4354be1		utf16le_to_utf8	12.338	Better handling partial last chunk + slightly better tests (#587)
2024-11-14	e620e4354be1		base64_encode	29.319	Better handling partial last chunk + slightly better tests (#587)
2024-11-14	e620e4354be1		base64_decode	37.833	Better handling partial last chunk + slightly better tests (#587)
2024-11-18	998b8a90c6bc		validate_utf8	20.205	some tweaks
2024-11-18	998b8a90c6bc		validate_ascii	82.693	some tweaks
2024-11-18	998b8a90c6bc		validate_utf16le	61.413	some tweaks
2024-11-18	998b8a90c6bc		utf8_to_utf16le	6.798	some tweaks
2024-11-18	998b8a90c6bc		utf16le_to_utf8	12.371	some tweaks
2024-11-18	998b8a90c6bc		base64_encode	29.373	some tweaks
2024-11-18	998b8a90c6bc		base64_decode	37.923	some tweaks
2024-11-18	0e7b08217ff4		validate_utf8	20.208	adding iconv to stream
2024-11-18	0e7b08217ff4		validate_ascii	82.717	adding iconv to stream
2024-11-18	0e7b08217ff4		validate_utf16le	61.423	adding iconv to stream
2024-11-18	0e7b08217ff4		utf8_to_utf16le	6.840	adding iconv to stream
2024-11-18	0e7b08217ff4		utf16le_to_utf8	12.286	adding iconv to stream
2024-11-18	0e7b08217ff4		base64_encode	29.248	adding iconv to stream
2024-11-18	0e7b08217ff4		base64_decode	37.810	adding iconv to stream
2024-11-18	a4581df7d28f		validate_utf8	20.201	Update README.md (#589)
2024-11-18	a4581df7d28f		validate_ascii	82.784	Update README.md (#589)
2024-11-18	a4581df7d28f		validate_utf16le	61.275	Update README.md (#589)
2024-11-18	a4581df7d28f		utf8_to_utf16le	6.828	Update README.md (#589)
2024-11-18	a4581df7d28f		utf16le_to_utf8	12.315	Update README.md (#589)
2024-11-18	a4581df7d28f		base64_encode	29.415	Update README.md (#589)
2024-11-18	a4581df7d28f		base64_decode	37.658	Update README.md (#589)
2024-11-18	5e6261284c05		validate_utf8	20.186	version bump
2024-11-18	5e6261284c05		validate_ascii	82.751	version bump
2024-11-18	5e6261284c05		validate_utf16le	61.375	version bump
2024-11-18	5e6261284c05		utf8_to_utf16le	6.839	version bump
2024-11-18	5e6261284c05		utf16le_to_utf8	12.304	version bump
2024-11-18	5e6261284c05		base64_encode	29.298	version bump
2024-11-18	5e6261284c05		base64_decode	37.826	version bump
2024-11-19	37be90689b18		validate_utf8	20.234	update RVV CI (#591)
2024-11-19	37be90689b18		validate_ascii	82.741	update RVV CI (#591)
2024-11-19	37be90689b18		validate_utf16le	61.218	update RVV CI (#591)
2024-11-19	37be90689b18		utf8_to_utf16le	6.794	update RVV CI (#591)
2024-11-19	37be90689b18		utf16le_to_utf8	12.288	update RVV CI (#591)
2024-11-19	37be90689b18		base64_encode	29.420	update RVV CI (#591)
2024-11-19	37be90689b18		base64_decode	37.734	update RVV CI (#591)
2024-11-20	98563c24ef08		validate_utf8	20.189	format
2024-11-20	98563c24ef08		validate_ascii	82.653	format
2024-11-20	98563c24ef08		validate_utf16le	60.635	format
2024-11-20	98563c24ef08		utf8_to_utf16le	6.807	format
2024-11-20	98563c24ef08		utf16le_to_utf8	12.305	format
2024-11-20	98563c24ef08		base64_encode	29.380	format
2024-11-20	98563c24ef08		base64_decode	37.883	format
2024-11-21	1a0a67d9c765		validate_utf8	20.241	Replace while loop with efficient tzcnt for checking error (#592)
2024-11-21	1a0a67d9c765		validate_ascii	82.752	Replace while loop with efficient tzcnt for checking error (#592)
2024-11-21	1a0a67d9c765		validate_utf16le	61.400	Replace while loop with efficient tzcnt for checking error (#592)
2024-11-21	1a0a67d9c765		utf8_to_utf16le	6.809	Replace while loop with efficient tzcnt for checking error (#592)
2024-11-21	1a0a67d9c765		utf16le_to_utf8	12.320	Replace while loop with efficient tzcnt for checking error (#592)
2024-11-21	1a0a67d9c765		base64_encode	27.113	Replace while loop with efficient tzcnt for checking error (#592)
2024-11-21	1a0a67d9c765		base64_decode	37.733	Replace while loop with efficient tzcnt for checking error (#592)
2024-11-21	b7e8da212945	v5.6.3	validate_utf8	20.249	release 5.6.3
2024-11-21	b7e8da212945	v5.6.3	validate_ascii	82.751	release 5.6.3
2024-11-21	b7e8da212945	v5.6.3	validate_utf16le	61.399	release 5.6.3
2024-11-21	b7e8da212945	v5.6.3	utf8_to_utf16le	6.823	release 5.6.3
2024-11-21	b7e8da212945	v5.6.3	utf16le_to_utf8	12.359	release 5.6.3
2024-11-21	b7e8da212945	v5.6.3	base64_encode	29.380	release 5.6.3
2024-11-21	b7e8da212945	v5.6.3	base64_decode	35.526	release 5.6.3
2024-12-05	bd4160af8a01		validate_utf8	20.239	update
2024-12-05	bd4160af8a01		validate_ascii	82.766	update
2024-12-05	bd4160af8a01		validate_utf16le	61.322	update
2024-12-05	bd4160af8a01		utf8_to_utf16le	6.821	update
2024-12-05	bd4160af8a01		utf16le_to_utf8	12.325	update
2024-12-05	bd4160af8a01		base64_encode	29.449	update
2024-12-05	bd4160af8a01		base64_decode	37.581	update
2024-12-05	8106b3bbf6fb		validate_utf8	20.235	Merge branch 'master' of github.com:simdutf/simdutf
2024-12-05	8106b3bbf6fb		validate_ascii	82.773	Merge branch 'master' of github.com:simdutf/simdutf
2024-12-05	8106b3bbf6fb		validate_utf16le	61.233	Merge branch 'master' of github.com:simdutf/simdutf
2024-12-05	8106b3bbf6fb		utf8_to_utf16le	6.807	Merge branch 'master' of github.com:simdutf/simdutf
2024-12-05	8106b3bbf6fb		utf16le_to_utf8	12.332	Merge branch 'master' of github.com:simdutf/simdutf
2024-12-05	8106b3bbf6fb		base64_encode	28.916	Merge branch 'master' of github.com:simdutf/simdutf
2024-12-05	8106b3bbf6fb		base64_decode	35.817	Merge branch 'master' of github.com:simdutf/simdutf
2024-12-09	a14ee12a26d2		validate_utf8	20.247	Update README.md
2024-12-09	a14ee12a26d2		validate_ascii	82.739	Update README.md
2024-12-09	a14ee12a26d2		validate_utf16le	61.038	Update README.md
2024-12-09	a14ee12a26d2		utf8_to_utf16le	6.822	Update README.md
2024-12-09	a14ee12a26d2		utf16le_to_utf8	12.311	Update README.md
2024-12-09	a14ee12a26d2		base64_encode	29.289	Update README.md
2024-12-09	a14ee12a26d2		base64_decode	35.549	Update README.md
2024-12-10	80188d4131ba		validate_utf8	20.193	Optimize base64 decode AVX512 kernel for small input sizes (#593)
2024-12-10	80188d4131ba		validate_ascii	82.754	Optimize base64 decode AVX512 kernel for small input sizes (#593)
2024-12-10	80188d4131ba		validate_utf16le	61.430	Optimize base64 decode AVX512 kernel for small input sizes (#593)
2024-12-10	80188d4131ba		utf8_to_utf16le	6.816	Optimize base64 decode AVX512 kernel for small input sizes (#593)
2024-12-10	80188d4131ba		utf16le_to_utf8	12.353	Optimize base64 decode AVX512 kernel for small input sizes (#593)
2024-12-10	80188d4131ba		base64_encode	29.344	Optimize base64 decode AVX512 kernel for small input sizes (#593)
2024-12-10	80188d4131ba		base64_decode	38.534	Optimize base64 decode AVX512 kernel for small input sizes (#593)
2024-12-10	4a4d05c32a01	v5.6.4	validate_utf8	20.244	performance patch
2024-12-10	4a4d05c32a01	v5.6.4	validate_ascii	82.741	performance patch
2024-12-10	4a4d05c32a01	v5.6.4	validate_utf16le	61.323	performance patch
2024-12-10	4a4d05c32a01	v5.6.4	utf8_to_utf16le	6.818	performance patch
2024-12-10	4a4d05c32a01	v5.6.4	utf16le_to_utf8	12.367	performance patch
2024-12-10	4a4d05c32a01	v5.6.4	base64_encode	29.395	performance patch
2024-12-10	4a4d05c32a01	v5.6.4	base64_decode	38.688	performance patch
2024-12-10	11504f5c26a5		validate_utf8	20.216	Update README.md
2024-12-10	11504f5c26a5		validate_ascii	82.621	Update README.md
2024-12-10	11504f5c26a5		validate_utf16le	61.464	Update README.md
2024-12-10	11504f5c26a5		utf8_to_utf16le	6.813	Update README.md
2024-12-10	11504f5c26a5		utf16le_to_utf8	12.305	Update README.md
2024-12-10	11504f5c26a5		base64_encode	29.248	Update README.md
2024-12-10	11504f5c26a5		base64_decode	38.619	Update README.md
2024-12-11	cbebfb32e7f4		validate_utf8	20.191	adding '\f' to the spaces in the tests
2024-12-11	cbebfb32e7f4		validate_ascii	82.758	adding '\f' to the spaces in the tests
2024-12-11	cbebfb32e7f4		validate_utf16le	61.365	adding '\f' to the spaces in the tests
2024-12-11	cbebfb32e7f4		utf8_to_utf16le	6.807	adding '\f' to the spaces in the tests
2024-12-11	cbebfb32e7f4		utf16le_to_utf8	12.289	adding '\f' to the spaces in the tests
2024-12-11	cbebfb32e7f4		base64_encode	29.420	adding '\f' to the spaces in the tests
2024-12-11	cbebfb32e7f4		base64_decode	38.596	adding '\f' to the spaces in the tests
2024-12-11	9fae1b3832af		validate_utf8	20.194	fix
2024-12-11	9fae1b3832af		validate_ascii	82.757	fix
2024-12-11	9fae1b3832af		validate_utf16le	61.444	fix
2024-12-11	9fae1b3832af		utf8_to_utf16le	6.820	fix
2024-12-11	9fae1b3832af		utf16le_to_utf8	12.314	fix
2024-12-11	9fae1b3832af		base64_encode	29.356	fix
2024-12-11	9fae1b3832af		base64_decode	38.732	fix
2024-12-11	4091dc9a3175		validate_utf8	20.200	Update README.md
2024-12-11	4091dc9a3175		validate_ascii	82.725	Update README.md
2024-12-11	4091dc9a3175		validate_utf16le	61.354	Update README.md
2024-12-11	4091dc9a3175		utf8_to_utf16le	6.810	Update README.md
2024-12-11	4091dc9a3175		utf16le_to_utf8	12.355	Update README.md
2024-12-11	4091dc9a3175		base64_encode	29.374	Update README.md
2024-12-11	4091dc9a3175		base64_decode	38.692	Update README.md
2024-12-13	0575d26920b3		validate_utf8	20.260	Adding the base64 decode with garbage option code changes (#601)
2024-12-13	0575d26920b3		validate_ascii	82.740	Adding the base64 decode with garbage option code changes (#601)
2024-12-13	0575d26920b3		validate_utf16le	61.412	Adding the base64 decode with garbage option code changes (#601)
2024-12-13	0575d26920b3		utf8_to_utf16le	6.803	Adding the base64 decode with garbage option code changes (#601)
2024-12-13	0575d26920b3		utf16le_to_utf8	12.338	Adding the base64 decode with garbage option code changes (#601)
2024-12-13	0575d26920b3		base64_encode	29.369	Adding the base64 decode with garbage option code changes (#601)
2024-12-13	0575d26920b3		base64_decode	38.676	Adding the base64 decode with garbage option code changes (#601)
2024-12-14	f5c428c58098		validate_utf8	20.218	Making ignore_garbage as a template variable (#604)
2024-12-14	f5c428c58098		validate_ascii	82.710	Making ignore_garbage as a template variable (#604)
2024-12-14	f5c428c58098		validate_utf16le	61.373	Making ignore_garbage as a template variable (#604)
2024-12-14	f5c428c58098		utf8_to_utf16le	6.828	Making ignore_garbage as a template variable (#604)
2024-12-14	f5c428c58098		utf16le_to_utf8	12.376	Making ignore_garbage as a template variable (#604)
2024-12-14	f5c428c58098		base64_encode	29.451	Making ignore_garbage as a template variable (#604)
2024-12-14	f5c428c58098		base64_decode	38.698	Making ignore_garbage as a template variable (#604)
2024-12-14	58f6f2b13dcf		validate_utf8	20.201	adding instructions.
2024-12-14	58f6f2b13dcf		validate_ascii	82.665	adding instructions.
2024-12-14	58f6f2b13dcf		validate_utf16le	61.395	adding instructions.
2024-12-14	58f6f2b13dcf		utf8_to_utf16le	6.821	adding instructions.
2024-12-14	58f6f2b13dcf		utf16le_to_utf8	12.368	adding instructions.
2024-12-14	58f6f2b13dcf		base64_encode	29.528	adding instructions.
2024-12-14	58f6f2b13dcf		base64_decode	38.662	adding instructions.
2024-12-14	a471e5f59cbd		validate_utf8	20.255	Merge branch 'master' of github.com:simdutf/simdutf
2024-12-14	a471e5f59cbd		validate_ascii	82.758	Merge branch 'master' of github.com:simdutf/simdutf
2024-12-14	a471e5f59cbd		validate_utf16le	60.711	Merge branch 'master' of github.com:simdutf/simdutf
2024-12-14	a471e5f59cbd		utf8_to_utf16le	6.825	Merge branch 'master' of github.com:simdutf/simdutf
2024-12-14	a471e5f59cbd		utf16le_to_utf8	12.349	Merge branch 'master' of github.com:simdutf/simdutf
2024-12-14	a471e5f59cbd		base64_encode	29.340	Merge branch 'master' of github.com:simdutf/simdutf
2024-12-14	a471e5f59cbd		base64_decode	38.634	Merge branch 'master' of github.com:simdutf/simdutf
2024-12-16	629afeb7befc		validate_utf8	20.232	Optimize ignore garbage case by skipping trailing spaces and = checks (#605)
2024-12-16	629afeb7befc		validate_ascii	82.748	Optimize ignore garbage case by skipping trailing spaces and = checks (#605)
2024-12-16	629afeb7befc		validate_utf16le	61.286	Optimize ignore garbage case by skipping trailing spaces and = checks (#605)
2024-12-16	629afeb7befc		utf8_to_utf16le	6.843	Optimize ignore garbage case by skipping trailing spaces and = checks (#605)
2024-12-16	629afeb7befc		utf16le_to_utf8	12.349	Optimize ignore garbage case by skipping trailing spaces and = checks (#605)
2024-12-16	629afeb7befc		base64_encode	29.435	Optimize ignore garbage case by skipping trailing spaces and = checks (#605)
2024-12-16	629afeb7befc		base64_decode	38.690	Optimize ignore garbage case by skipping trailing spaces and = checks (#605)
2024-12-17	8aadb17565fe		validate_utf8	20.206	Optimize base64 tail decoding (#608)
2024-12-17	8aadb17565fe		validate_ascii	82.768	Optimize base64 tail decoding (#608)
2024-12-17	8aadb17565fe		validate_utf16le	61.321	Optimize base64 tail decoding (#608)
2024-12-17	8aadb17565fe		utf8_to_utf16le	6.806	Optimize base64 tail decoding (#608)
2024-12-17	8aadb17565fe		utf16le_to_utf8	12.361	Optimize base64 tail decoding (#608)
2024-12-17	8aadb17565fe		base64_encode	29.344	Optimize base64 tail decoding (#608)
2024-12-17	8aadb17565fe		base64_decode	38.653	Optimize base64 tail decoding (#608)
2024-12-17	9ef856c29303		validate_utf8	20.257	adding guards for LLVM optimization (#609)
2024-12-17	9ef856c29303		validate_ascii	82.764	adding guards for LLVM optimization (#609)
2024-12-17	9ef856c29303		validate_utf16le	61.242	adding guards for LLVM optimization (#609)
2024-12-17	9ef856c29303		utf8_to_utf16le	6.821	adding guards for LLVM optimization (#609)
2024-12-17	9ef856c29303		utf16le_to_utf8	12.359	adding guards for LLVM optimization (#609)
2024-12-17	9ef856c29303		base64_encode	29.227	adding guards for LLVM optimization (#609)
2024-12-17	9ef856c29303		base64_decode	38.693	adding guards for LLVM optimization (#609)
2024-12-17	178c0ea18bcb	v5.7.0	validate_utf8	20.172	bumping to 5.7.0
2024-12-17	178c0ea18bcb	v5.7.0	validate_ascii	82.700	bumping to 5.7.0
2024-12-17	178c0ea18bcb	v5.7.0	validate_utf16le	61.431	bumping to 5.7.0
2024-12-17	178c0ea18bcb	v5.7.0	utf8_to_utf16le	6.800	bumping to 5.7.0
2024-12-17	178c0ea18bcb	v5.7.0	utf16le_to_utf8	12.359	bumping to 5.7.0
2024-12-17	178c0ea18bcb	v5.7.0	base64_encode	29.335	bumping to 5.7.0
2024-12-17	178c0ea18bcb	v5.7.0	base64_decode	38.698	bumping to 5.7.0
2024-12-22	a9d6db83953e		validate_utf8	20.187	add test case for oss fuzz issue 385406635 (#611)
2024-12-22	a9d6db83953e		validate_ascii	82.678	add test case for oss fuzz issue 385406635 (#611)
2024-12-22	a9d6db83953e		validate_utf16le	61.414	add test case for oss fuzz issue 385406635 (#611)
2024-12-22	a9d6db83953e		utf8_to_utf16le	6.843	add test case for oss fuzz issue 385406635 (#611)
2024-12-22	a9d6db83953e		utf16le_to_utf8	12.359	add test case for oss fuzz issue 385406635 (#611)
2024-12-22	a9d6db83953e		base64_encode	29.442	add test case for oss fuzz issue 385406635 (#611)
2024-12-22	a9d6db83953e		base64_decode	38.739	add test case for oss fuzz issue 385406635 (#611)
2024-12-22	4e721231df51		validate_utf8	20.154	fixing issue with utf-8 to latin1 transcoding for some kernels (#612)
2024-12-22	4e721231df51		validate_ascii	82.718	fixing issue with utf-8 to latin1 transcoding for some kernels (#612)
2024-12-22	4e721231df51		validate_utf16le	60.634	fixing issue with utf-8 to latin1 transcoding for some kernels (#612)
2024-12-22	4e721231df51		utf8_to_utf16le	6.814	fixing issue with utf-8 to latin1 transcoding for some kernels (#612)
2024-12-22	4e721231df51		utf16le_to_utf8	12.341	fixing issue with utf-8 to latin1 transcoding for some kernels (#612)
2024-12-22	4e721231df51		base64_encode	29.293	fixing issue with utf-8 to latin1 transcoding for some kernels (#612)
2024-12-22	4e721231df51		base64_decode	38.622	fixing issue with utf-8 to latin1 transcoding for some kernels (#612)
2024-12-23	6e15ea7646d3	v5.7.1	validate_utf8	20.267	release candidate 5.7.1 (#613)
2024-12-23	6e15ea7646d3	v5.7.1	validate_ascii	82.757	release candidate 5.7.1 (#613)
2024-12-23	6e15ea7646d3	v5.7.1	validate_utf16le	61.300	release candidate 5.7.1 (#613)
2024-12-23	6e15ea7646d3	v5.7.1	utf8_to_utf16le	6.802	release candidate 5.7.1 (#613)
2024-12-23	6e15ea7646d3	v5.7.1	utf16le_to_utf8	12.399	release candidate 5.7.1 (#613)
2024-12-23	6e15ea7646d3	v5.7.1	base64_encode	29.314	release candidate 5.7.1 (#613)
2024-12-23	6e15ea7646d3	v5.7.1	base64_decode	38.629	release candidate 5.7.1 (#613)
2024-12-24	7b008644d7bf		validate_utf8	20.225	adding stack-protector-strong tests (#614)
2024-12-24	7b008644d7bf		validate_ascii	82.713	adding stack-protector-strong tests (#614)
2024-12-24	7b008644d7bf		validate_utf16le	61.231	adding stack-protector-strong tests (#614)
2024-12-24	7b008644d7bf		utf8_to_utf16le	6.827	adding stack-protector-strong tests (#614)
2024-12-24	7b008644d7bf		utf16le_to_utf8	12.293	adding stack-protector-strong tests (#614)
2024-12-24	7b008644d7bf		base64_encode	29.287	adding stack-protector-strong tests (#614)
2024-12-24	7b008644d7bf		base64_decode	38.663	adding stack-protector-strong tests (#614)
2024-12-26	7caee96f1dfc		validate_utf8	20.253	avoids some unnecessary casts (#617)
2024-12-26	7caee96f1dfc		validate_ascii	82.756	avoids some unnecessary casts (#617)
2024-12-26	7caee96f1dfc		validate_utf16le	61.262	avoids some unnecessary casts (#617)
2024-12-26	7caee96f1dfc		utf8_to_utf16le	6.834	avoids some unnecessary casts (#617)
2024-12-26	7caee96f1dfc		utf16le_to_utf8	12.339	avoids some unnecessary casts (#617)
2024-12-26	7caee96f1dfc		base64_encode	29.281	avoids some unnecessary casts (#617)
2024-12-26	7caee96f1dfc		base64_decode	38.689	avoids some unnecessary casts (#617)
2024-12-26	5c8c50a5720f		validate_utf8	20.232	Fixing icelake base64 decode behavior to be similar to other routines (#618)
2024-12-26	5c8c50a5720f		validate_ascii	82.760	Fixing icelake base64 decode behavior to be similar to other routines (#618)
2024-12-26	5c8c50a5720f		validate_utf16le	61.308	Fixing icelake base64 decode behavior to be similar to other routines (#618)
2024-12-26	5c8c50a5720f		utf8_to_utf16le	6.820	Fixing icelake base64 decode behavior to be similar to other routines (#618)
2024-12-26	5c8c50a5720f		utf16le_to_utf8	12.386	Fixing icelake base64 decode behavior to be similar to other routines (#618)
2024-12-26	5c8c50a5720f		base64_encode	29.343	Fixing icelake base64 decode behavior to be similar to other routines (#618)
2024-12-26	5c8c50a5720f		base64_decode	38.665	Fixing icelake base64 decode behavior to be similar to other routines (#618)
2024-12-26	8ed171dc4c3e		validate_utf8	20.232	fix some compiler warnings (#616)
2024-12-26	8ed171dc4c3e		validate_ascii	82.710	fix some compiler warnings (#616)
2024-12-26	8ed171dc4c3e		validate_utf16le	61.428	fix some compiler warnings (#616)
2024-12-26	8ed171dc4c3e		utf8_to_utf16le	6.806	fix some compiler warnings (#616)
2024-12-26	8ed171dc4c3e		utf16le_to_utf8	12.386	fix some compiler warnings (#616)
2024-12-26	8ed171dc4c3e		base64_encode	29.299	fix some compiler warnings (#616)
2024-12-26	8ed171dc4c3e		base64_decode	38.646	fix some compiler warnings (#616)
2024-12-26	112d7b6dd641	v5.7.2	validate_utf8	20.256	patch release
2024-12-26	112d7b6dd641	v5.7.2	validate_ascii	82.756	patch release
2024-12-26	112d7b6dd641	v5.7.2	validate_utf16le	61.412	patch release
2024-12-26	112d7b6dd641	v5.7.2	utf8_to_utf16le	6.814	patch release
2024-12-26	112d7b6dd641	v5.7.2	utf16le_to_utf8	12.335	patch release
2024-12-26	112d7b6dd641	v5.7.2	base64_encode	29.249	patch release
2024-12-26	112d7b6dd641	v5.7.2	base64_decode	38.437	patch release
2024-12-27	6691b51f1dbf		validate_utf8	20.209	fix illegal names using double underscores (#621)
2024-12-27	6691b51f1dbf		validate_ascii	82.742	fix illegal names using double underscores (#621)
2024-12-27	6691b51f1dbf		validate_utf16le	61.434	fix illegal names using double underscores (#621)
2024-12-27	6691b51f1dbf		utf8_to_utf16le	6.803	fix illegal names using double underscores (#621)
2024-12-27	6691b51f1dbf		utf16le_to_utf8	12.379	fix illegal names using double underscores (#621)
2024-12-27	6691b51f1dbf		base64_encode	29.411	fix illegal names using double underscores (#621)
2024-12-27	6691b51f1dbf		base64_decode	38.650	fix illegal names using double underscores (#621)
2024-12-28	65a1448cb09b		validate_utf8	20.201	Optimize icelake validate_utf32 for small inputs using masked AVX512 instructions (#622)
2024-12-28	65a1448cb09b		validate_ascii	82.747	Optimize icelake validate_utf32 for small inputs using masked AVX512 instructions (#622)
2024-12-28	65a1448cb09b		validate_utf16le	61.400	Optimize icelake validate_utf32 for small inputs using masked AVX512 instructions (#622)
2024-12-28	65a1448cb09b		utf8_to_utf16le	6.783	Optimize icelake validate_utf32 for small inputs using masked AVX512 instructions (#622)
2024-12-28	65a1448cb09b		utf16le_to_utf8	12.352	Optimize icelake validate_utf32 for small inputs using masked AVX512 instructions (#622)
2024-12-28	65a1448cb09b		base64_encode	29.408	Optimize icelake validate_utf32 for small inputs using masked AVX512 instructions (#622)
2024-12-28	65a1448cb09b		base64_decode	38.699	Optimize icelake validate_utf32 for small inputs using masked AVX512 instructions (#622)
2024-12-28	99d357a23907		validate_utf8	20.216	Making the return value consistent for inputs with/without spaces (#620)
2024-12-28	99d357a23907		validate_ascii	82.748	Making the return value consistent for inputs with/without spaces (#620)
2024-12-28	99d357a23907		validate_utf16le	61.343	Making the return value consistent for inputs with/without spaces (#620)
2024-12-28	99d357a23907		utf8_to_utf16le	6.798	Making the return value consistent for inputs with/without spaces (#620)
2024-12-28	99d357a23907		utf16le_to_utf8	12.392	Making the return value consistent for inputs with/without spaces (#620)
2024-12-28	99d357a23907		base64_encode	29.401	Making the return value consistent for inputs with/without spaces (#620)
2024-12-28	99d357a23907		base64_decode	38.711	Making the return value consistent for inputs with/without spaces (#620)
2024-12-29	f235e7bd70d1		validate_utf8	20.196	removing some unnecessary casts (#624)
2024-12-29	f235e7bd70d1		validate_ascii	73.739	removing some unnecessary casts (#624)
2024-12-29	f235e7bd70d1		validate_utf16le	61.386	removing some unnecessary casts (#624)
2024-12-29	f235e7bd70d1		utf8_to_utf16le	6.773	removing some unnecessary casts (#624)
2024-12-29	f235e7bd70d1		utf16le_to_utf8	12.371	removing some unnecessary casts (#624)
2024-12-29	f235e7bd70d1		base64_encode	29.544	removing some unnecessary casts (#624)
2024-12-29	f235e7bd70d1		base64_decode	38.702	removing some unnecessary casts (#624)
2024-12-30	a6739851f226		validate_utf8	20.205	Fix minor issues (#625)
2024-12-30	a6739851f226		validate_ascii	82.752	Fix minor issues (#625)
2024-12-30	a6739851f226		validate_utf16le	61.411	Fix minor issues (#625)
2024-12-30	a6739851f226		utf8_to_utf16le	6.805	Fix minor issues (#625)
2024-12-30	a6739851f226		utf16le_to_utf8	12.351	Fix minor issues (#625)
2024-12-30	a6739851f226		base64_encode	29.334	Fix minor issues (#625)
2024-12-30	a6739851f226		base64_decode	38.608	Fix minor issues (#625)
2024-12-30	51742fd2ecbe		validate_utf8	20.198	Replace extract and add sequence with _mm512_reduce_add_epi64 for better codegen (#623)
2024-12-30	51742fd2ecbe		validate_ascii	82.757	Replace extract and add sequence with _mm512_reduce_add_epi64 for better codegen (#623)
2024-12-30	51742fd2ecbe		validate_utf16le	61.373	Replace extract and add sequence with _mm512_reduce_add_epi64 for better codegen (#623)
2024-12-30	51742fd2ecbe		utf8_to_utf16le	6.784	Replace extract and add sequence with _mm512_reduce_add_epi64 for better codegen (#623)
2024-12-30	51742fd2ecbe		utf16le_to_utf8	12.375	Replace extract and add sequence with _mm512_reduce_add_epi64 for better codegen (#623)
2024-12-30	51742fd2ecbe		base64_encode	29.378	Replace extract and add sequence with _mm512_reduce_add_epi64 for better codegen (#623)
2024-12-30	51742fd2ecbe		base64_decode	38.732	Replace extract and add sequence with _mm512_reduce_add_epi64 for better codegen (#623)
2024-12-31	b0239a8dcfa5		validate_utf8	20.237	Optimize AVX512 detect_encodings implementation using single pass (#626)
2024-12-31	b0239a8dcfa5		validate_ascii	82.651	Optimize AVX512 detect_encodings implementation using single pass (#626)
2024-12-31	b0239a8dcfa5		validate_utf16le	60.968	Optimize AVX512 detect_encodings implementation using single pass (#626)
2024-12-31	b0239a8dcfa5		utf8_to_utf16le	6.817	Optimize AVX512 detect_encodings implementation using single pass (#626)
2024-12-31	b0239a8dcfa5		utf16le_to_utf8	12.328	Optimize AVX512 detect_encodings implementation using single pass (#626)
2024-12-31	b0239a8dcfa5		base64_encode	29.367	Optimize AVX512 detect_encodings implementation using single pass (#626)
2024-12-31	b0239a8dcfa5		base64_decode	38.697	Optimize AVX512 detect_encodings implementation using single pass (#626)
2025-01-01	74a93c794c4f		validate_utf8	20.245	Optimize detect_encodings for haswell and westmere (#627)
2025-01-01	74a93c794c4f		validate_ascii	82.753	Optimize detect_encodings for haswell and westmere (#627)
2025-01-01	74a93c794c4f		validate_utf16le	61.008	Optimize detect_encodings for haswell and westmere (#627)
2025-01-01	74a93c794c4f		utf8_to_utf16le	6.851	Optimize detect_encodings for haswell and westmere (#627)
2025-01-01	74a93c794c4f		utf16le_to_utf8	12.330	Optimize detect_encodings for haswell and westmere (#627)
2025-01-01	74a93c794c4f		base64_encode	29.305	Optimize detect_encodings for haswell and westmere (#627)
2025-01-01	74a93c794c4f		base64_decode	38.627	Optimize detect_encodings for haswell and westmere (#627)
2025-01-01	a7c891df22e1		validate_utf8	20.236	README: Fixed typo in method name (#628)
2025-01-01	a7c891df22e1		validate_ascii	82.774	README: Fixed typo in method name (#628)
2025-01-01	a7c891df22e1		validate_utf16le	61.320	README: Fixed typo in method name (#628)
2025-01-01	a7c891df22e1		utf8_to_utf16le	6.818	README: Fixed typo in method name (#628)
2025-01-01	a7c891df22e1		utf16le_to_utf8	12.370	README: Fixed typo in method name (#628)
2025-01-01	a7c891df22e1		base64_encode	29.380	README: Fixed typo in method name (#628)
2025-01-01	a7c891df22e1		base64_decode	38.757	README: Fixed typo in method name (#628)
2025-01-03	380e867727d2		validate_utf8	20.260	remove special handling of oss-fuzz aarch64
2025-01-03	380e867727d2		validate_ascii	82.648	remove special handling of oss-fuzz aarch64
2025-01-03	380e867727d2		validate_utf16le	60.748	remove special handling of oss-fuzz aarch64
2025-01-03	380e867727d2		utf8_to_utf16le	6.839	remove special handling of oss-fuzz aarch64
2025-01-03	380e867727d2		utf16le_to_utf8	12.290	remove special handling of oss-fuzz aarch64
2025-01-03	380e867727d2		base64_encode	29.360	remove special handling of oss-fuzz aarch64
2025-01-03	380e867727d2		base64_decode	38.724	remove special handling of oss-fuzz aarch64
2025-01-03	01289f479ef6		validate_utf8	20.225	work around fuzzer build failure on libstdc++ 12
2025-01-03	01289f479ef6		validate_ascii	80.878	work around fuzzer build failure on libstdc++ 12
2025-01-03	01289f479ef6		validate_utf16le	60.918	work around fuzzer build failure on libstdc++ 12
2025-01-03	01289f479ef6		utf8_to_utf16le	6.824	work around fuzzer build failure on libstdc++ 12
2025-01-03	01289f479ef6		utf16le_to_utf8	12.368	work around fuzzer build failure on libstdc++ 12
2025-01-03	01289f479ef6		base64_encode	29.344	work around fuzzer build failure on libstdc++ 12
2025-01-03	01289f479ef6		base64_decode	38.785	work around fuzzer build failure on libstdc++ 12
2025-01-03	20b9919f89b9		validate_utf8	20.243	use /bin/sh, not /bin/bash
2025-01-03	20b9919f89b9		validate_ascii	82.671	use /bin/sh, not /bin/bash
2025-01-03	20b9919f89b9		validate_utf16le	60.995	use /bin/sh, not /bin/bash
2025-01-03	20b9919f89b9		utf8_to_utf16le	6.864	use /bin/sh, not /bin/bash
2025-01-03	20b9919f89b9		utf16le_to_utf8	12.317	use /bin/sh, not /bin/bash
2025-01-03	20b9919f89b9		base64_encode	29.394	use /bin/sh, not /bin/bash
2025-01-03	20b9919f89b9		base64_decode	38.632	use /bin/sh, not /bin/bash
2025-01-03	d4494ae011a3		validate_utf8	20.237	add script for continuous fuzzing
2025-01-03	d4494ae011a3		validate_ascii	82.685	add script for continuous fuzzing
2025-01-03	d4494ae011a3		validate_utf16le	61.194	add script for continuous fuzzing
2025-01-03	d4494ae011a3		utf8_to_utf16le	6.866	add script for continuous fuzzing
2025-01-03	d4494ae011a3		utf16le_to_utf8	12.322	add script for continuous fuzzing
2025-01-03	d4494ae011a3		base64_encode	29.360	add script for continuous fuzzing
2025-01-03	d4494ae011a3		base64_decode	38.677	add script for continuous fuzzing
2025-01-03	fcb0c214e36f		validate_utf8	20.257	fix with random fuzzers for alignment issues (#630)
2025-01-03	fcb0c214e36f		validate_ascii	82.754	fix with random fuzzers for alignment issues (#630)
2025-01-03	fcb0c214e36f		validate_utf16le	60.925	fix with random fuzzers for alignment issues (#630)
2025-01-03	fcb0c214e36f		utf8_to_utf16le	6.828	fix with random fuzzers for alignment issues (#630)
2025-01-03	fcb0c214e36f		utf16le_to_utf8	12.319	fix with random fuzzers for alignment issues (#630)
2025-01-03	fcb0c214e36f		base64_encode	29.366	fix with random fuzzers for alignment issues (#630)
2025-01-03	fcb0c214e36f		base64_decode	38.724	fix with random fuzzers for alignment issues (#630)
2025-01-03	a20a6b6649ec		validate_utf8	20.235	adding margin
2025-01-03	a20a6b6649ec		validate_ascii	82.750	adding margin
2025-01-03	a20a6b6649ec		validate_utf16le	60.510	adding margin
2025-01-03	a20a6b6649ec		utf8_to_utf16le	6.848	adding margin
2025-01-03	a20a6b6649ec		utf16le_to_utf8	12.337	adding margin
2025-01-03	a20a6b6649ec		base64_encode	29.358	adding margin
2025-01-03	a20a6b6649ec		base64_decode	38.706	adding margin
2025-01-04	69b4b51b86f6		validate_utf8	20.217	add test case for out of bounds read on arm64 convert_utf8_to_utf16be_with_errors (#631)
2025-01-04	69b4b51b86f6		validate_ascii	82.580	add test case for out of bounds read on arm64 convert_utf8_to_utf16be_with_errors (#631)
2025-01-04	69b4b51b86f6		validate_utf16le	60.743	add test case for out of bounds read on arm64 convert_utf8_to_utf16be_with_errors (#631)
2025-01-04	69b4b51b86f6		utf8_to_utf16le	6.866	add test case for out of bounds read on arm64 convert_utf8_to_utf16be_with_errors (#631)
2025-01-04	69b4b51b86f6		utf16le_to_utf8	12.334	add test case for out of bounds read on arm64 convert_utf8_to_utf16be_with_errors (#631)
2025-01-04	69b4b51b86f6		base64_encode	29.363	add test case for out of bounds read on arm64 convert_utf8_to_utf16be_with_errors (#631)
2025-01-04	69b4b51b86f6		base64_decode	38.784	add test case for out of bounds read on arm64 convert_utf8_to_utf16be_with_errors (#631)
2025-01-04	961a71204a2d		validate_utf8	20.238	fixes the recently reported issue
2025-01-04	961a71204a2d		validate_ascii	82.745	fixes the recently reported issue
2025-01-04	961a71204a2d		validate_utf16le	61.128	fixes the recently reported issue
2025-01-04	961a71204a2d		utf8_to_utf16le	6.845	fixes the recently reported issue
2025-01-04	961a71204a2d		utf16le_to_utf8	12.343	fixes the recently reported issue
2025-01-04	961a71204a2d		base64_encode	29.300	fixes the recently reported issue
2025-01-04	961a71204a2d		base64_decode	38.445	fixes the recently reported issue
2025-01-04	536877d19ae9		validate_utf8	20.228	lint
2025-01-04	536877d19ae9		validate_ascii	82.750	lint
2025-01-04	536877d19ae9		validate_utf16le	60.712	lint
2025-01-04	536877d19ae9		utf8_to_utf16le	6.844	lint
2025-01-04	536877d19ae9		utf16le_to_utf8	12.348	lint
2025-01-04	536877d19ae9		base64_encode	29.334	lint
2025-01-04	536877d19ae9		base64_decode	38.511	lint
2025-01-05	f97bf5de36e1		validate_utf8	20.235	drop unused headers
2025-01-05	f97bf5de36e1		validate_ascii	82.747	drop unused headers
2025-01-05	f97bf5de36e1		validate_utf16le	61.053	drop unused headers
2025-01-05	f97bf5de36e1		utf8_to_utf16le	6.795	drop unused headers
2025-01-05	f97bf5de36e1		utf16le_to_utf8	12.304	drop unused headers
2025-01-05	f97bf5de36e1		base64_encode	29.294	drop unused headers
2025-01-05	f97bf5de36e1		base64_decode	38.632	drop unused headers
2025-01-05	8afd3f030563		validate_utf8	20.204	add span based api
2025-01-05	8afd3f030563		validate_ascii	82.779	add span based api
2025-01-05	8afd3f030563		validate_utf16le	61.184	add span based api
2025-01-05	8afd3f030563		utf8_to_utf16le	6.832	add span based api
2025-01-05	8afd3f030563		utf16le_to_utf8	12.299	add span based api
2025-01-05	8afd3f030563		base64_encode	29.300	add span based api
2025-01-05	8afd3f030563		base64_decode	38.649	add span based api
2025-01-05	c6b37a6e0ea8		validate_utf8	20.226	move include of <tuple>, it is only used internally
2025-01-05	c6b37a6e0ea8		validate_ascii	82.754	move include of <tuple>, it is only used internally
2025-01-05	c6b37a6e0ea8		validate_utf16le	61.376	move include of <tuple>, it is only used internally
2025-01-05	c6b37a6e0ea8		utf8_to_utf16le	6.850	move include of <tuple>, it is only used internally
2025-01-05	c6b37a6e0ea8		utf16le_to_utf8	12.358	move include of <tuple>, it is only used internally
2025-01-05	c6b37a6e0ea8		base64_encode	29.373	move include of <tuple>, it is only used internally
2025-01-05	c6b37a6e0ea8		base64_decode	38.697	move include of <tuple>, it is only used internally
2025-01-05	d27b756117c2		validate_utf8	20.257	add SIMDUTF_SPAN if concepts and std::span are available
2025-01-05	d27b756117c2		validate_ascii	82.624	add SIMDUTF_SPAN if concepts and std::span are available
2025-01-05	d27b756117c2		validate_utf16le	61.035	add SIMDUTF_SPAN if concepts and std::span are available
2025-01-05	d27b756117c2		utf8_to_utf16le	6.863	add SIMDUTF_SPAN if concepts and std::span are available
2025-01-05	d27b756117c2		utf16le_to_utf8	12.376	add SIMDUTF_SPAN if concepts and std::span are available
2025-01-05	d27b756117c2		base64_encode	29.244	add SIMDUTF_SPAN if concepts and std::span are available
2025-01-05	d27b756117c2		base64_decode	38.663	add SIMDUTF_SPAN if concepts and std::span are available
2025-01-05	e176e04a613e		validate_utf8	20.224	use SIMDUTF_SPAN instead of SIMDUTF_CPLUSPLUS20 for span based api
2025-01-05	e176e04a613e		validate_ascii	82.750	use SIMDUTF_SPAN instead of SIMDUTF_CPLUSPLUS20 for span based api
2025-01-05	e176e04a613e		validate_utf16le	61.350	use SIMDUTF_SPAN instead of SIMDUTF_CPLUSPLUS20 for span based api
2025-01-05	e176e04a613e		utf8_to_utf16le	6.849	use SIMDUTF_SPAN instead of SIMDUTF_CPLUSPLUS20 for span based api
2025-01-05	e176e04a613e		utf16le_to_utf8	12.323	use SIMDUTF_SPAN instead of SIMDUTF_CPLUSPLUS20 for span based api
2025-01-05	e176e04a613e		base64_encode	29.401	use SIMDUTF_SPAN instead of SIMDUTF_CPLUSPLUS20 for span based api
2025-01-05	e176e04a613e		base64_decode	38.537	use SIMDUTF_SPAN instead of SIMDUTF_CPLUSPLUS20 for span based api
2025-01-05	747016836622		validate_utf8	20.232	drop unused SIMDUTF_UNREACHABLE, SIMDUTF_ASSUME and cassert
2025-01-05	747016836622		validate_ascii	82.758	drop unused SIMDUTF_UNREACHABLE, SIMDUTF_ASSUME and cassert
2025-01-05	747016836622		validate_utf16le	60.703	drop unused SIMDUTF_UNREACHABLE, SIMDUTF_ASSUME and cassert
2025-01-05	747016836622		utf8_to_utf16le	6.814	drop unused SIMDUTF_UNREACHABLE, SIMDUTF_ASSUME and cassert
2025-01-05	747016836622		utf16le_to_utf8	12.353	drop unused SIMDUTF_UNREACHABLE, SIMDUTF_ASSUME and cassert
2025-01-05	747016836622		base64_encode	29.362	drop unused SIMDUTF_UNREACHABLE, SIMDUTF_ASSUME and cassert
2025-01-05	747016836622		base64_decode	38.632	drop unused SIMDUTF_UNREACHABLE, SIMDUTF_ASSUME and cassert
2025-01-05	257e1891652b		validate_utf8	20.255	get rid of unused SIMDUTF_ROUNDUP_N, SIMDUTF_ROUNDDOWN_N and SIMDUTF_ISALIGNED_N
2025-01-05	257e1891652b		validate_ascii	82.742	get rid of unused SIMDUTF_ROUNDUP_N, SIMDUTF_ROUNDDOWN_N and SIMDUTF_ISALIGNED_N
2025-01-05	257e1891652b		validate_utf16le	61.084	get rid of unused SIMDUTF_ROUNDUP_N, SIMDUTF_ROUNDDOWN_N and SIMDUTF_ISALIGNED_N
2025-01-05	257e1891652b		utf8_to_utf16le	6.821	get rid of unused SIMDUTF_ROUNDUP_N, SIMDUTF_ROUNDDOWN_N and SIMDUTF_ISALIGNED_N
2025-01-05	257e1891652b		utf16le_to_utf8	12.338	get rid of unused SIMDUTF_ROUNDUP_N, SIMDUTF_ROUNDDOWN_N and SIMDUTF_ISALIGNED_N
2025-01-05	257e1891652b		base64_encode	29.354	get rid of unused SIMDUTF_ROUNDUP_N, SIMDUTF_ROUNDDOWN_N and SIMDUTF_ISALIGNED_N
2025-01-05	257e1891652b		base64_decode	38.683	get rid of unused SIMDUTF_ROUNDUP_N, SIMDUTF_ROUNDDOWN_N and SIMDUTF_ISALIGNED_N
2025-01-05	15d5b605f1c3		validate_utf8	20.233	get rid of unused SIMDUTF_BEGIN_DEBUG_BLOCK, SIMDUTF_END_DEBUG_BLOCK and SIMDUTF_DEBUG_BLOCK
2025-01-05	15d5b605f1c3		validate_ascii	82.750	get rid of unused SIMDUTF_BEGIN_DEBUG_BLOCK, SIMDUTF_END_DEBUG_BLOCK and SIMDUTF_DEBUG_BLOCK
2025-01-05	15d5b605f1c3		validate_utf16le	60.566	get rid of unused SIMDUTF_BEGIN_DEBUG_BLOCK, SIMDUTF_END_DEBUG_BLOCK and SIMDUTF_DEBUG_BLOCK
2025-01-05	15d5b605f1c3		utf8_to_utf16le	6.862	get rid of unused SIMDUTF_BEGIN_DEBUG_BLOCK, SIMDUTF_END_DEBUG_BLOCK and SIMDUTF_DEBUG_BLOCK
2025-01-05	15d5b605f1c3		utf16le_to_utf8	12.284	get rid of unused SIMDUTF_BEGIN_DEBUG_BLOCK, SIMDUTF_END_DEBUG_BLOCK and SIMDUTF_DEBUG_BLOCK
2025-01-05	15d5b605f1c3		base64_encode	29.527	get rid of unused SIMDUTF_BEGIN_DEBUG_BLOCK, SIMDUTF_END_DEBUG_BLOCK and SIMDUTF_DEBUG_BLOCK
2025-01-05	15d5b605f1c3		base64_decode	34.722	get rid of unused SIMDUTF_BEGIN_DEBUG_BLOCK, SIMDUTF_END_DEBUG_BLOCK and SIMDUTF_DEBUG_BLOCK
2025-01-05	d1997d89aca5		validate_utf8	20.228	get rid of unused SIMDUTF_TRY
2025-01-05	d1997d89aca5		validate_ascii	82.764	get rid of unused SIMDUTF_TRY
2025-01-05	d1997d89aca5		validate_utf16le	60.574	get rid of unused SIMDUTF_TRY
2025-01-05	d1997d89aca5		utf8_to_utf16le	6.852	get rid of unused SIMDUTF_TRY
2025-01-05	d1997d89aca5		utf16le_to_utf8	12.318	get rid of unused SIMDUTF_TRY
2025-01-05	d1997d89aca5		base64_encode	29.363	get rid of unused SIMDUTF_TRY
2025-01-05	d1997d89aca5		base64_decode	38.564	get rid of unused SIMDUTF_TRY
2025-01-05	d1d29afb382e		validate_utf8	20.259	fix minor formatting issues in README  - missing ` after .data()  - pointer alignment in code example  - alignment in comment
2025-01-05	d1d29afb382e		validate_ascii	82.574	fix minor formatting issues in README  - missing ` after .data()  - pointer alignment in code example  - alignment in comment
2025-01-05	d1d29afb382e		validate_utf16le	61.102	fix minor formatting issues in README  - missing ` after .data()  - pointer alignment in code example  - alignment in comment
2025-01-05	d1d29afb382e		utf8_to_utf16le	6.838	fix minor formatting issues in README  - missing ` after .data()  - pointer alignment in code example  - alignment in comment
2025-01-05	d1d29afb382e		utf16le_to_utf8	12.321	fix minor formatting issues in README  - missing ` after .data()  - pointer alignment in code example  - alignment in comment
2025-01-05	d1d29afb382e		base64_encode	29.288	fix minor formatting issues in README  - missing ` after .data()  - pointer alignment in code example  - alignment in comment
2025-01-05	d1d29afb382e		base64_decode	38.615	fix minor formatting issues in README  - missing ` after .data()  - pointer alignment in code example  - alignment in comment
2025-01-05	984fbaa11088		validate_utf8	20.219	include <cassert> where it is used
2025-01-05	984fbaa11088		validate_ascii	82.754	include <cassert> where it is used
2025-01-05	984fbaa11088		validate_utf16le	60.577	include <cassert> where it is used
2025-01-05	984fbaa11088		utf8_to_utf16le	6.831	include <cassert> where it is used
2025-01-05	984fbaa11088		utf16le_to_utf8	12.303	include <cassert> where it is used
2025-01-05	984fbaa11088		base64_encode	29.330	include <cassert> where it is used
2025-01-05	984fbaa11088		base64_decode	38.561	include <cassert> where it is used
2025-01-05	49d5ae865574		validate_utf8	20.224	fix fuzzer build error (missing include)
2025-01-05	49d5ae865574		validate_ascii	82.730	fix fuzzer build error (missing include)
2025-01-05	49d5ae865574		validate_utf16le	61.287	fix fuzzer build error (missing include)
2025-01-05	49d5ae865574		utf8_to_utf16le	6.837	fix fuzzer build error (missing include)
2025-01-05	49d5ae865574		utf16le_to_utf8	12.312	fix fuzzer build error (missing include)
2025-01-05	49d5ae865574		base64_encode	29.298	fix fuzzer build error (missing include)
2025-01-05	49d5ae865574		base64_decode	38.516	fix fuzzer build error (missing include)
2025-01-06	20d969783af9	v6.0.0	validate_utf8	20.256	version 6
2025-01-06	20d969783af9	v6.0.0	validate_ascii	82.731	version 6
2025-01-06	20d969783af9	v6.0.0	validate_utf16le	60.981	version 6
2025-01-06	20d969783af9	v6.0.0	utf8_to_utf16le	6.837	version 6
2025-01-06	20d969783af9	v6.0.0	utf16le_to_utf8	12.385	version 6
2025-01-06	20d969783af9	v6.0.0	base64_encode	28.731	version 6
2025-01-06	20d969783af9	v6.0.0	base64_decode	38.649	version 6
2025-01-06	3b334ef34c68		validate_utf8	20.232	We need to check for old Apple systems. (#634)
2025-01-06	3b334ef34c68		validate_ascii	82.754	We need to check for old Apple systems. (#634)
2025-01-06	3b334ef34c68		validate_utf16le	60.791	We need to check for old Apple systems. (#634)
2025-01-06	3b334ef34c68		utf8_to_utf16le	6.836	We need to check for old Apple systems. (#634)
2025-01-06	3b334ef34c68		utf16le_to_utf8	12.323	We need to check for old Apple systems. (#634)
2025-01-06	3b334ef34c68		base64_encode	29.438	We need to check for old Apple systems. (#634)
2025-01-06	3b334ef34c68		base64_decode	38.700	We need to check for old Apple systems. (#634)
2025-01-06	c4c8e0c09c8b	v6.0.1	validate_utf8	20.253	release candidate 6.0.1 (#635)
2025-01-06	c4c8e0c09c8b	v6.0.1	validate_ascii	82.708	release candidate 6.0.1 (#635)
2025-01-06	c4c8e0c09c8b	v6.0.1	validate_utf16le	61.136	release candidate 6.0.1 (#635)
2025-01-06	c4c8e0c09c8b	v6.0.1	utf8_to_utf16le	6.815	release candidate 6.0.1 (#635)
2025-01-06	c4c8e0c09c8b	v6.0.1	utf16le_to_utf8	12.348	release candidate 6.0.1 (#635)
2025-01-06	c4c8e0c09c8b	v6.0.1	base64_encode	29.391	release candidate 6.0.1 (#635)
2025-01-06	c4c8e0c09c8b	v6.0.1	base64_decode	38.489	release candidate 6.0.1 (#635)
2025-01-07	168e9a4aa041		validate_utf8	20.231	Add missing include headers
2025-01-07	168e9a4aa041		validate_ascii	82.614	Add missing include headers
2025-01-07	168e9a4aa041		validate_utf16le	61.283	Add missing include headers
2025-01-07	168e9a4aa041		utf8_to_utf16le	6.847	Add missing include headers
2025-01-07	168e9a4aa041		utf16le_to_utf8	12.322	Add missing include headers
2025-01-07	168e9a4aa041		base64_encode	29.374	Add missing include headers
2025-01-07	168e9a4aa041		base64_decode	38.776	Add missing include headers
2025-01-07	5b89b18a14fb	v6.0.2	validate_utf8	20.225	patch release
2025-01-07	5b89b18a14fb	v6.0.2	validate_ascii	82.749	patch release
2025-01-07	5b89b18a14fb	v6.0.2	validate_utf16le	60.768	patch release
2025-01-07	5b89b18a14fb	v6.0.2	utf8_to_utf16le	6.816	patch release
2025-01-07	5b89b18a14fb	v6.0.2	utf16le_to_utf8	12.355	patch release
2025-01-07	5b89b18a14fb	v6.0.2	base64_encode	29.484	patch release
2025-01-07	5b89b18a14fb	v6.0.2	base64_decode	38.588	patch release
2025-01-07	7279c776661c		validate_utf8	20.256	populate corpus dir with oss fuzz backup data if empty
2025-01-07	7279c776661c		validate_ascii	82.723	populate corpus dir with oss fuzz backup data if empty
2025-01-07	7279c776661c		validate_utf16le	61.157	populate corpus dir with oss fuzz backup data if empty
2025-01-07	7279c776661c		utf8_to_utf16le	6.829	populate corpus dir with oss fuzz backup data if empty
2025-01-07	7279c776661c		utf16le_to_utf8	12.324	populate corpus dir with oss fuzz backup data if empty
2025-01-07	7279c776661c		base64_encode	29.386	populate corpus dir with oss fuzz backup data if empty
2025-01-07	7279c776661c		base64_decode	38.637	populate corpus dir with oss fuzz backup data if empty
2025-01-07	15b41aecb896		validate_utf8	20.229	pass -march flags when fuzzing on riscv64
2025-01-07	15b41aecb896		validate_ascii	82.696	pass -march flags when fuzzing on riscv64
2025-01-07	15b41aecb896		validate_utf16le	61.194	pass -march flags when fuzzing on riscv64
2025-01-07	15b41aecb896		utf8_to_utf16le	6.825	pass -march flags when fuzzing on riscv64
2025-01-07	15b41aecb896		utf16le_to_utf8	12.320	pass -march flags when fuzzing on riscv64
2025-01-07	15b41aecb896		base64_encode	29.323	pass -march flags when fuzzing on riscv64
2025-01-07	15b41aecb896		base64_decode	38.693	pass -march flags when fuzzing on riscv64
2025-01-07	2ca92df0a8a3		validate_utf8	20.264	describe how to fuzz riscv using qemu
2025-01-07	2ca92df0a8a3		validate_ascii	82.753	describe how to fuzz riscv using qemu
2025-01-07	2ca92df0a8a3		validate_utf16le	60.998	describe how to fuzz riscv using qemu
2025-01-07	2ca92df0a8a3		utf8_to_utf16le	6.850	describe how to fuzz riscv using qemu
2025-01-07	2ca92df0a8a3		utf16le_to_utf8	12.286	describe how to fuzz riscv using qemu
2025-01-07	2ca92df0a8a3		base64_encode	29.316	describe how to fuzz riscv using qemu
2025-01-07	2ca92df0a8a3		base64_decode	38.681	describe how to fuzz riscv using qemu
2025-01-08	50b49b4ecdb9		validate_utf8	20.225	detect_encodings: call a proper func in a wrapper (#642)
2025-01-08	50b49b4ecdb9		validate_ascii	82.748	detect_encodings: call a proper func in a wrapper (#642)
2025-01-08	50b49b4ecdb9		validate_utf16le	61.022	detect_encodings: call a proper func in a wrapper (#642)
2025-01-08	50b49b4ecdb9		utf8_to_utf16le	6.839	detect_encodings: call a proper func in a wrapper (#642)
2025-01-08	50b49b4ecdb9		utf16le_to_utf8	12.353	detect_encodings: call a proper func in a wrapper (#642)
2025-01-08	50b49b4ecdb9		base64_encode	29.397	detect_encodings: call a proper func in a wrapper (#642)
2025-01-08	50b49b4ecdb9		base64_decode	38.630	detect_encodings: call a proper func in a wrapper (#642)
2025-01-08	8eaf0824f431	v6.0.3	validate_utf8	20.232	release candidate (#644)
2025-01-08	8eaf0824f431	v6.0.3	validate_ascii	82.759	release candidate (#644)
2025-01-08	8eaf0824f431	v6.0.3	validate_utf16le	60.970	release candidate (#644)
2025-01-08	8eaf0824f431	v6.0.3	utf8_to_utf16le	6.843	release candidate (#644)
2025-01-08	8eaf0824f431	v6.0.3	utf16le_to_utf8	12.309	release candidate (#644)
2025-01-08	8eaf0824f431	v6.0.3	base64_encode	29.381	release candidate (#644)
2025-01-08	8eaf0824f431	v6.0.3	base64_decode	38.226	release candidate (#644)
2025-01-09	2c128e840427		validate_utf8	20.232	add test case for riscv fuzzer finding
2025-01-09	2c128e840427		validate_ascii	82.749	add test case for riscv fuzzer finding
2025-01-09	2c128e840427		validate_utf16le	61.014	add test case for riscv fuzzer finding
2025-01-09	2c128e840427		utf8_to_utf16le	6.817	add test case for riscv fuzzer finding
2025-01-09	2c128e840427		utf16le_to_utf8	12.298	add test case for riscv fuzzer finding
2025-01-09	2c128e840427		base64_encode	29.258	add test case for riscv fuzzer finding
2025-01-09	2c128e840427		base64_decode	38.520	add test case for riscv fuzzer finding
2025-01-09	d06b81ff470b		validate_utf8	20.227	add note on fuzzing riscv with option rvv_vl_half_avl=on
2025-01-09	d06b81ff470b		validate_ascii	82.763	add note on fuzzing riscv with option rvv_vl_half_avl=on
2025-01-09	d06b81ff470b		validate_utf16le	61.074	add note on fuzzing riscv with option rvv_vl_half_avl=on
2025-01-09	d06b81ff470b		utf8_to_utf16le	6.831	add note on fuzzing riscv with option rvv_vl_half_avl=on
2025-01-09	d06b81ff470b		utf16le_to_utf8	12.309	add note on fuzzing riscv with option rvv_vl_half_avl=on
2025-01-09	d06b81ff470b		base64_encode	29.325	add note on fuzzing riscv with option rvv_vl_half_avl=on
2025-01-09	d06b81ff470b		base64_decode	38.661	add note on fuzzing riscv with option rvv_vl_half_avl=on
2025-01-09	5baabbed540c		validate_utf8	20.214	add riscv fix for #641
2025-01-09	5baabbed540c		validate_ascii	82.761	add riscv fix for #641
2025-01-09	5baabbed540c		validate_utf16le	61.120	add riscv fix for #641
2025-01-09	5baabbed540c		utf8_to_utf16le	6.816	add riscv fix for #641
2025-01-09	5baabbed540c		utf16le_to_utf8	12.356	add riscv fix for #641
2025-01-09	5baabbed540c		base64_encode	29.370	add riscv fix for #641
2025-01-09	5baabbed540c		base64_decode	38.546	add riscv fix for #641
2025-01-09	b43271ae1ef0		validate_utf8	20.230	add description for fuzzing on s390x in qemu
2025-01-09	b43271ae1ef0		validate_ascii	82.760	add description for fuzzing on s390x in qemu
2025-01-09	b43271ae1ef0		validate_utf16le	60.845	add description for fuzzing on s390x in qemu
2025-01-09	b43271ae1ef0		utf8_to_utf16le	6.818	add description for fuzzing on s390x in qemu
2025-01-09	b43271ae1ef0		utf16le_to_utf8	12.323	add description for fuzzing on s390x in qemu
2025-01-09	b43271ae1ef0		base64_encode	29.394	add description for fuzzing on s390x in qemu
2025-01-09	b43271ae1ef0		base64_decode	38.636	add description for fuzzing on s390x in qemu
2025-01-10	7c5cc933302c		validate_utf8	20.205	Optimize icelake latin1 to utf32 for small inputs using masked AVX512 instructions (#645)
2025-01-10	7c5cc933302c		validate_ascii	82.736	Optimize icelake latin1 to utf32 for small inputs using masked AVX512 instructions (#645)
2025-01-10	7c5cc933302c		validate_utf16le	60.921	Optimize icelake latin1 to utf32 for small inputs using masked AVX512 instructions (#645)
2025-01-10	7c5cc933302c		utf8_to_utf16le	6.833	Optimize icelake latin1 to utf32 for small inputs using masked AVX512 instructions (#645)
2025-01-10	7c5cc933302c		utf16le_to_utf8	12.305	Optimize icelake latin1 to utf32 for small inputs using masked AVX512 instructions (#645)
2025-01-10	7c5cc933302c		base64_encode	29.424	Optimize icelake latin1 to utf32 for small inputs using masked AVX512 instructions (#645)
2025-01-10	7c5cc933302c		base64_decode	38.639	Optimize icelake latin1 to utf32 for small inputs using masked AVX512 instructions (#645)
2025-01-10	2262e7a1dc17		validate_utf8	20.246	Add CMake toolchain files for various archs (#643)
2025-01-10	2262e7a1dc17		validate_ascii	82.746	Add CMake toolchain files for various archs (#643)
2025-01-10	2262e7a1dc17		validate_utf16le	61.292	Add CMake toolchain files for various archs (#643)
2025-01-10	2262e7a1dc17		utf8_to_utf16le	6.858	Add CMake toolchain files for various archs (#643)
2025-01-10	2262e7a1dc17		utf16le_to_utf8	12.242	Add CMake toolchain files for various archs (#643)
2025-01-10	2262e7a1dc17		base64_encode	29.374	Add CMake toolchain files for various archs (#643)
2025-01-10	2262e7a1dc17		base64_decode	38.614	Add CMake toolchain files for various archs (#643)
2025-01-11	0cf6cab6c44a		validate_utf8	20.216	add test for issue 633 (#649)
2025-01-11	0cf6cab6c44a		validate_ascii	82.636	add test for issue 633 (#649)
2025-01-11	0cf6cab6c44a		validate_utf16le	60.992	add test for issue 633 (#649)
2025-01-11	0cf6cab6c44a		utf8_to_utf16le	6.831	add test for issue 633 (#649)
2025-01-11	0cf6cab6c44a		utf16le_to_utf8	12.354	add test for issue 633 (#649)
2025-01-11	0cf6cab6c44a		base64_encode	29.303	add test for issue 633 (#649)
2025-01-11	0cf6cab6c44a		base64_decode	38.679	add test for issue 633 (#649)
2025-01-13	65ac526eec44		validate_utf8	20.232	This makes the formatting script more robust (#651)
2025-01-13	65ac526eec44		validate_ascii	82.761	This makes the formatting script more robust (#651)
2025-01-13	65ac526eec44		validate_utf16le	61.082	This makes the formatting script more robust (#651)
2025-01-13	65ac526eec44		utf8_to_utf16le	6.833	This makes the formatting script more robust (#651)
2025-01-13	65ac526eec44		utf16le_to_utf8	12.342	This makes the formatting script more robust (#651)
2025-01-13	65ac526eec44		base64_encode	29.273	This makes the formatting script more robust (#651)
2025-01-13	65ac526eec44		base64_decode	38.703	This makes the formatting script more robust (#651)
2025-01-15	5c044ffbc084		validate_utf8	20.224	Merge pull request #646 from WojciechMula/extract-generic-validate-ascii
2025-01-15	5c044ffbc084		validate_ascii	82.749	Merge pull request #646 from WojciechMula/extract-generic-validate-ascii
2025-01-15	5c044ffbc084		validate_utf16le	61.307	Merge pull request #646 from WojciechMula/extract-generic-validate-ascii
2025-01-15	5c044ffbc084		utf8_to_utf16le	6.847	Merge pull request #646 from WojciechMula/extract-generic-validate-ascii
2025-01-15	5c044ffbc084		utf16le_to_utf8	12.376	Merge pull request #646 from WojciechMula/extract-generic-validate-ascii
2025-01-15	5c044ffbc084		base64_encode	29.392	Merge pull request #646 from WojciechMula/extract-generic-validate-ascii
2025-01-15	5c044ffbc084		base64_decode	38.585	Merge pull request #646 from WojciechMula/extract-generic-validate-ascii
2025-01-15	f0bed1974158		validate_utf8	20.209	Merge pull request #650 from WojciechMula/sort-out-includes
2025-01-15	f0bed1974158		validate_ascii	82.736	Merge pull request #650 from WojciechMula/sort-out-includes
2025-01-15	f0bed1974158		validate_utf16le	61.130	Merge pull request #650 from WojciechMula/sort-out-includes
2025-01-15	f0bed1974158		utf8_to_utf16le	6.837	Merge pull request #650 from WojciechMula/sort-out-includes
2025-01-15	f0bed1974158		utf16le_to_utf8	12.249	Merge pull request #650 from WojciechMula/sort-out-includes
2025-01-15	f0bed1974158		base64_encode	29.415	Merge pull request #650 from WojciechMula/sort-out-includes
2025-01-15	f0bed1974158		base64_decode	38.551	Merge pull request #650 from WojciechMula/sort-out-includes
2025-01-15	f8ad17ffba65		validate_utf8	20.150	Merge pull request #652 from WojciechMula/length-latin1
2025-01-15	f8ad17ffba65		validate_ascii	82.734	Merge pull request #652 from WojciechMula/length-latin1
2025-01-15	f8ad17ffba65		validate_utf16le	61.306	Merge pull request #652 from WojciechMula/length-latin1
2025-01-15	f8ad17ffba65		utf8_to_utf16le	6.824	Merge pull request #652 from WojciechMula/length-latin1
2025-01-15	f8ad17ffba65		utf16le_to_utf8	12.354	Merge pull request #652 from WojciechMula/length-latin1
2025-01-15	f8ad17ffba65		base64_encode	29.488	Merge pull request #652 from WojciechMula/length-latin1
2025-01-15	f8ad17ffba65		base64_decode	38.483	Merge pull request #652 from WojciechMula/length-latin1
2025-01-25	a21512ffebdd		validate_utf8	20.222	making the amalgamation script more robust (#657)
2025-01-25	a21512ffebdd		validate_ascii	82.775	making the amalgamation script more robust (#657)
2025-01-25	a21512ffebdd		validate_utf16le	60.630	making the amalgamation script more robust (#657)
2025-01-25	a21512ffebdd		utf8_to_utf16le	6.832	making the amalgamation script more robust (#657)
2025-01-25	a21512ffebdd		utf16le_to_utf8	12.351	making the amalgamation script more robust (#657)
2025-01-25	a21512ffebdd		base64_encode	29.312	making the amalgamation script more robust (#657)
2025-01-25	a21512ffebdd		base64_decode	38.712	making the amalgamation script more robust (#657)
2025-01-25	8f18c4267deb	v6.1.1	validate_utf8	20.252	release 6.1.1
2025-01-25	8f18c4267deb	v6.1.1	validate_ascii	82.751	release 6.1.1
2025-01-25	8f18c4267deb	v6.1.1	validate_utf16le	61.000	release 6.1.1
2025-01-25	8f18c4267deb	v6.1.1	utf8_to_utf16le	6.815	release 6.1.1
2025-01-25	8f18c4267deb	v6.1.1	utf16le_to_utf8	12.353	release 6.1.1
2025-01-25	8f18c4267deb	v6.1.1	base64_encode	29.340	release 6.1.1
2025-01-25	8f18c4267deb	v6.1.1	base64_decode	38.660	release 6.1.1
2025-01-26	3aa99e641b62		validate_utf8	20.212	fixes for Issue 661 (#662)
2025-01-26	3aa99e641b62		validate_ascii	82.637	fixes for Issue 661 (#662)
2025-01-26	3aa99e641b62		validate_utf16le	60.939	fixes for Issue 661 (#662)
2025-01-26	3aa99e641b62		utf8_to_utf16le	6.852	fixes for Issue 661 (#662)
2025-01-26	3aa99e641b62		utf16le_to_utf8	12.353	fixes for Issue 661 (#662)
2025-01-26	3aa99e641b62		base64_encode	29.366	fixes for Issue 661 (#662)
2025-01-26	3aa99e641b62		base64_decode	38.503	fixes for Issue 661 (#662)
2025-01-26	cf4f7ed24b32		validate_utf8	20.215	Optimized icelake AVX512 for utf32_to_utf16_with_errors (#659)
2025-01-26	cf4f7ed24b32		validate_ascii	82.738	Optimized icelake AVX512 for utf32_to_utf16_with_errors (#659)
2025-01-26	cf4f7ed24b32		validate_utf16le	61.156	Optimized icelake AVX512 for utf32_to_utf16_with_errors (#659)
2025-01-26	cf4f7ed24b32		utf8_to_utf16le	6.826	Optimized icelake AVX512 for utf32_to_utf16_with_errors (#659)
2025-01-26	cf4f7ed24b32		utf16le_to_utf8	12.263	Optimized icelake AVX512 for utf32_to_utf16_with_errors (#659)
2025-01-26	cf4f7ed24b32		base64_encode	29.325	Optimized icelake AVX512 for utf32_to_utf16_with_errors (#659)
2025-01-26	cf4f7ed24b32		base64_decode	38.597	Optimized icelake AVX512 for utf32_to_utf16_with_errors (#659)
2025-01-27	1d5b5cd2b608		validate_utf8	20.221	let us try to fix the CI failures with uraimo/run-on-arch-actio (#663)
2025-01-27	1d5b5cd2b608		validate_ascii	82.719	let us try to fix the CI failures with uraimo/run-on-arch-actio (#663)
2025-01-27	1d5b5cd2b608		validate_utf16le	61.025	let us try to fix the CI failures with uraimo/run-on-arch-actio (#663)
2025-01-27	1d5b5cd2b608		utf8_to_utf16le	6.807	let us try to fix the CI failures with uraimo/run-on-arch-actio (#663)
2025-01-27	1d5b5cd2b608		utf16le_to_utf8	12.154	let us try to fix the CI failures with uraimo/run-on-arch-actio (#663)
2025-01-27	1d5b5cd2b608		base64_encode	29.312	let us try to fix the CI failures with uraimo/run-on-arch-actio (#663)
2025-01-27	1d5b5cd2b608		base64_decode	38.648	let us try to fix the CI failures with uraimo/run-on-arch-actio (#663)
2025-01-29	3ea12e50d236	v6.1.2	validate_utf8	20.238	version 6.1.2
2025-01-29	3ea12e50d236	v6.1.2	validate_ascii	82.775	version 6.1.2
2025-01-29	3ea12e50d236	v6.1.2	validate_utf16le	61.005	version 6.1.2
2025-01-29	3ea12e50d236	v6.1.2	utf8_to_utf16le	6.836	version 6.1.2
2025-01-29	3ea12e50d236	v6.1.2	utf16le_to_utf8	12.328	version 6.1.2
2025-01-29	3ea12e50d236	v6.1.2	base64_encode	29.375	version 6.1.2
2025-01-29	3ea12e50d236	v6.1.2	base64_decode	38.617	version 6.1.2
2025-02-01	a83b0565d678		validate_utf8	20.231	add atomic_binary_to_base64 (#660)
2025-02-01	a83b0565d678		validate_ascii	82.756	add atomic_binary_to_base64 (#660)
2025-02-01	a83b0565d678		validate_utf16le	61.158	add atomic_binary_to_base64 (#660)
2025-02-01	a83b0565d678		utf8_to_utf16le	6.856	add atomic_binary_to_base64 (#660)
2025-02-01	a83b0565d678		utf16le_to_utf8	12.234	add atomic_binary_to_base64 (#660)
2025-02-01	a83b0565d678		base64_encode	29.462	add atomic_binary_to_base64 (#660)
2025-02-01	a83b0565d678		base64_decode	38.642	add atomic_binary_to_base64 (#660)
2025-02-02	912a9e58e154	v6.2.0	validate_utf8	20.249	release candidate 6.2.0 (#664)
2025-02-02	912a9e58e154	v6.2.0	validate_ascii	82.731	release candidate 6.2.0 (#664)
2025-02-02	912a9e58e154	v6.2.0	validate_utf16le	61.414	release candidate 6.2.0 (#664)
2025-02-02	912a9e58e154	v6.2.0	utf8_to_utf16le	6.815	release candidate 6.2.0 (#664)
2025-02-02	912a9e58e154	v6.2.0	utf16le_to_utf8	12.363	release candidate 6.2.0 (#664)
2025-02-02	912a9e58e154	v6.2.0	base64_encode	29.399	release candidate 6.2.0 (#664)
2025-02-02	912a9e58e154	v6.2.0	base64_decode	38.679	release candidate 6.2.0 (#664)
2025-02-03	06d99c075497		validate_utf8	20.230	fix mistake in git ceiling dir for amalgamation script (#665)
2025-02-03	06d99c075497		validate_ascii	82.777	fix mistake in git ceiling dir for amalgamation script (#665)
2025-02-03	06d99c075497		validate_utf16le	61.047	fix mistake in git ceiling dir for amalgamation script (#665)
2025-02-03	06d99c075497		utf8_to_utf16le	6.847	fix mistake in git ceiling dir for amalgamation script (#665)
2025-02-03	06d99c075497		utf16le_to_utf8	12.240	fix mistake in git ceiling dir for amalgamation script (#665)
2025-02-03	06d99c075497		base64_encode	29.316	fix mistake in git ceiling dir for amalgamation script (#665)
2025-02-03	06d99c075497		base64_decode	38.645	fix mistake in git ceiling dir for amalgamation script (#665)
2025-02-09	b0a7ae6bf22a		validate_utf8	20.234	fixing a test (issue 666) (#667)
2025-02-09	b0a7ae6bf22a		validate_ascii	82.658	fixing a test (issue 666) (#667)
2025-02-09	b0a7ae6bf22a		validate_utf16le	61.070	fixing a test (issue 666) (#667)
2025-02-09	b0a7ae6bf22a		utf8_to_utf16le	6.846	fixing a test (issue 666) (#667)
2025-02-09	b0a7ae6bf22a		utf16le_to_utf8	12.377	fixing a test (issue 666) (#667)
2025-02-09	b0a7ae6bf22a		base64_encode	29.320	fixing a test (issue 666) (#667)
2025-02-09	b0a7ae6bf22a		base64_decode	38.625	fixing a test (issue 666) (#667)
2025-02-10	2f438c264673		validate_utf8	20.209	Merge pull request #670 from WojciechMula/drop-unused-template
2025-02-10	2f438c264673		validate_ascii	82.735	Merge pull request #670 from WojciechMula/drop-unused-template
2025-02-10	2f438c264673		validate_utf16le	60.787	Merge pull request #670 from WojciechMula/drop-unused-template
2025-02-10	2f438c264673		utf8_to_utf16le	6.861	Merge pull request #670 from WojciechMula/drop-unused-template
2025-02-10	2f438c264673		utf16le_to_utf8	12.367	Merge pull request #670 from WojciechMula/drop-unused-template
2025-02-10	2f438c264673		base64_encode	29.288	Merge pull request #670 from WojciechMula/drop-unused-template
2025-02-10	2f438c264673		base64_decode	38.587	Merge pull request #670 from WojciechMula/drop-unused-template
2025-02-10	c95422c2859e		validate_utf8	20.199	Merge pull request #669 from WojciechMula/utf16-validation
2025-02-10	c95422c2859e		validate_ascii	82.750	Merge pull request #669 from WojciechMula/utf16-validation
2025-02-10	c95422c2859e		validate_utf16le	61.125	Merge pull request #669 from WojciechMula/utf16-validation
2025-02-10	c95422c2859e		utf8_to_utf16le	6.822	Merge pull request #669 from WojciechMula/utf16-validation
2025-02-10	c95422c2859e		utf16le_to_utf8	12.350	Merge pull request #669 from WojciechMula/utf16-validation
2025-02-10	c95422c2859e		base64_encode	29.408	Merge pull request #669 from WojciechMula/utf16-validation
2025-02-10	c95422c2859e		base64_decode	38.611	Merge pull request #669 from WojciechMula/utf16-validation
2025-02-14	a8f18320998c		validate_utf8	20.243	Merge pull request #668 from WojciechMula/base64-simplify
2025-02-14	a8f18320998c		validate_ascii	82.753	Merge pull request #668 from WojciechMula/base64-simplify
2025-02-14	a8f18320998c		validate_utf16le	61.153	Merge pull request #668 from WojciechMula/base64-simplify
2025-02-14	a8f18320998c		utf8_to_utf16le	6.817	Merge pull request #668 from WojciechMula/base64-simplify
2025-02-14	a8f18320998c		utf16le_to_utf8	12.406	Merge pull request #668 from WojciechMula/base64-simplify
2025-02-14	a8f18320998c		base64_encode	29.432	Merge pull request #668 from WojciechMula/base64-simplify
2025-02-14	a8f18320998c		base64_decode	38.543	Merge pull request #668 from WojciechMula/base64-simplify
2025-02-14	413d25b84095		validate_utf8	20.238	Fixing AVX-512 performance bug (#679)
2025-02-14	413d25b84095		validate_ascii	82.758	Fixing AVX-512 performance bug (#679)
2025-02-14	413d25b84095		validate_utf16le	60.909	Fixing AVX-512 performance bug (#679)
2025-02-14	413d25b84095		utf8_to_utf16le	6.857	Fixing AVX-512 performance bug (#679)
2025-02-14	413d25b84095		utf16le_to_utf8	12.381	Fixing AVX-512 performance bug (#679)
2025-02-14	413d25b84095		base64_encode	29.172	Fixing AVX-512 performance bug (#679)
2025-02-14	413d25b84095		base64_decode	38.677	Fixing AVX-512 performance bug (#679)
2025-02-17	e162667be9d2		validate_utf8	20.228	Merge pull request #678 from WojciechMula/benchark-script
2025-02-17	e162667be9d2		validate_ascii	82.687	Merge pull request #678 from WojciechMula/benchark-script
2025-02-17	e162667be9d2		validate_utf16le	61.333	Merge pull request #678 from WojciechMula/benchark-script
2025-02-17	e162667be9d2		utf8_to_utf16le	6.839	Merge pull request #678 from WojciechMula/benchark-script
2025-02-17	e162667be9d2		utf16le_to_utf8	12.371	Merge pull request #678 from WojciechMula/benchark-script
2025-02-17	e162667be9d2		base64_encode	29.291	Merge pull request #678 from WojciechMula/benchark-script
2025-02-17	e162667be9d2		base64_decode	38.481	Merge pull request #678 from WojciechMula/benchark-script
2025-02-19	c20322d5a225		validate_utf8	20.224	Merge pull request #682 from WojciechMula/bench-base64
2025-02-19	c20322d5a225		validate_ascii	82.740	Merge pull request #682 from WojciechMula/bench-base64
2025-02-19	c20322d5a225		validate_utf16le	61.145	Merge pull request #682 from WojciechMula/bench-base64
2025-02-19	c20322d5a225		utf8_to_utf16le	6.858	Merge pull request #682 from WojciechMula/bench-base64
2025-02-19	c20322d5a225		utf16le_to_utf8	12.374	Merge pull request #682 from WojciechMula/bench-base64
2025-02-19	c20322d5a225		base64_encode	29.255	Merge pull request #682 from WojciechMula/bench-base64
2025-02-19	c20322d5a225		base64_decode	38.562	Merge pull request #682 from WojciechMula/bench-base64
2025-02-20	84c8edfc3675		validate_utf8	20.218	Merge pull request #674 from WojciechMula/haswell-latin1
2025-02-20	84c8edfc3675		validate_ascii	82.661	Merge pull request #674 from WojciechMula/haswell-latin1
2025-02-20	84c8edfc3675		validate_utf16le	60.734	Merge pull request #674 from WojciechMula/haswell-latin1
2025-02-20	84c8edfc3675		utf8_to_utf16le	6.859	Merge pull request #674 from WojciechMula/haswell-latin1
2025-02-20	84c8edfc3675		utf16le_to_utf8	12.380	Merge pull request #674 from WojciechMula/haswell-latin1
2025-02-20	84c8edfc3675		base64_encode	29.329	Merge pull request #674 from WojciechMula/haswell-latin1
2025-02-20	84c8edfc3675		base64_decode	38.510	Merge pull request #674 from WojciechMula/haswell-latin1
2025-02-21	23d7f38f3d1f		validate_utf8	20.233	Merge pull request #681 from WojciechMula/faster-utf8-length-from-utf32
2025-02-21	23d7f38f3d1f		validate_ascii	82.723	Merge pull request #681 from WojciechMula/faster-utf8-length-from-utf32
2025-02-21	23d7f38f3d1f		validate_utf16le	61.002	Merge pull request #681 from WojciechMula/faster-utf8-length-from-utf32
2025-02-21	23d7f38f3d1f		utf8_to_utf16le	6.842	Merge pull request #681 from WojciechMula/faster-utf8-length-from-utf32
2025-02-21	23d7f38f3d1f		utf16le_to_utf8	12.361	Merge pull request #681 from WojciechMula/faster-utf8-length-from-utf32
2025-02-21	23d7f38f3d1f		base64_encode	29.206	Merge pull request #681 from WojciechMula/faster-utf8-length-from-utf32
2025-02-21	23d7f38f3d1f		base64_decode	38.654	Merge pull request #681 from WojciechMula/faster-utf8-length-from-utf32
2025-02-21	efb43b9ec49d		validate_utf8	20.255	Merge pull request #684 from WojciechMula/faster-base64-decode
2025-02-21	efb43b9ec49d		validate_ascii	82.738	Merge pull request #684 from WojciechMula/faster-base64-decode
2025-02-21	efb43b9ec49d		validate_utf16le	60.868	Merge pull request #684 from WojciechMula/faster-base64-decode
2025-02-21	efb43b9ec49d		utf8_to_utf16le	6.847	Merge pull request #684 from WojciechMula/faster-base64-decode
2025-02-21	efb43b9ec49d		utf16le_to_utf8	12.329	Merge pull request #684 from WojciechMula/faster-base64-decode
2025-02-21	efb43b9ec49d		base64_encode	29.225	Merge pull request #684 from WojciechMula/faster-base64-decode
2025-02-21	efb43b9ec49d		base64_decode	38.665	Merge pull request #684 from WojciechMula/faster-base64-decode
2025-02-23	38ef1223cc95		validate_utf8	20.206	Merge pull request #686 from WojciechMula/refactor-base64-tests
2025-02-23	38ef1223cc95		validate_ascii	82.712	Merge pull request #686 from WojciechMula/refactor-base64-tests
2025-02-23	38ef1223cc95		validate_utf16le	60.702	Merge pull request #686 from WojciechMula/refactor-base64-tests
2025-02-23	38ef1223cc95		utf8_to_utf16le	6.869	Merge pull request #686 from WojciechMula/refactor-base64-tests
2025-02-23	38ef1223cc95		utf16le_to_utf8	12.346	Merge pull request #686 from WojciechMula/refactor-base64-tests
2025-02-23	38ef1223cc95		base64_encode	29.172	Merge pull request #686 from WojciechMula/refactor-base64-tests
2025-02-23	38ef1223cc95		base64_decode	38.590	Merge pull request #686 from WojciechMula/refactor-base64-tests
2025-02-25	8a59091d70de		validate_utf8	20.251	Merge pull request #687 from WojciechMula/refactor-benchmark
2025-02-25	8a59091d70de		validate_ascii	82.727	Merge pull request #687 from WojciechMula/refactor-benchmark
2025-02-25	8a59091d70de		validate_utf16le	60.959	Merge pull request #687 from WojciechMula/refactor-benchmark
2025-02-25	8a59091d70de		utf8_to_utf16le	6.863	Merge pull request #687 from WojciechMula/refactor-benchmark
2025-02-25	8a59091d70de		utf16le_to_utf8	12.362	Merge pull request #687 from WojciechMula/refactor-benchmark
2025-02-25	8a59091d70de		base64_encode	29.278	Merge pull request #687 from WojciechMula/refactor-benchmark
2025-02-25	8a59091d70de		base64_decode	38.713	Merge pull request #687 from WojciechMula/refactor-benchmark
2025-02-26	75629731da49		validate_utf8	20.235	Fix namespaced header include for loongarch (issue 690) (#691)
2025-02-26	75629731da49		validate_ascii	82.755	Fix namespaced header include for loongarch (issue 690) (#691)
2025-02-26	75629731da49		validate_utf16le	60.536	Fix namespaced header include for loongarch (issue 690) (#691)
2025-02-26	75629731da49		utf8_to_utf16le	6.862	Fix namespaced header include for loongarch (issue 690) (#691)
2025-02-26	75629731da49		utf16le_to_utf8	12.355	Fix namespaced header include for loongarch (issue 690) (#691)
2025-02-26	75629731da49		base64_encode	29.336	Fix namespaced header include for loongarch (issue 690) (#691)
2025-02-26	75629731da49		base64_decode	38.584	Fix namespaced header include for loongarch (issue 690) (#691)
2025-02-28	b8eafd58f29a		validate_utf8	20.238	bumping uraimo/run-on-arch-action
2025-02-28	b8eafd58f29a		validate_ascii	82.737	bumping uraimo/run-on-arch-action
2025-02-28	b8eafd58f29a		validate_utf16le	61.286	bumping uraimo/run-on-arch-action
2025-02-28	b8eafd58f29a		utf8_to_utf16le	6.824	bumping uraimo/run-on-arch-action
2025-02-28	b8eafd58f29a		utf16le_to_utf8	12.145	bumping uraimo/run-on-arch-action
2025-02-28	b8eafd58f29a		base64_encode	29.226	bumping uraimo/run-on-arch-action
2025-02-28	b8eafd58f29a		base64_decode	38.697	bumping uraimo/run-on-arch-action
2025-03-03	0b2a6c398fd4		validate_utf8	20.228	Merge pull request #695 from WojciechMula/fix-amalgamation
2025-03-03	0b2a6c398fd4		validate_ascii	82.728	Merge pull request #695 from WojciechMula/fix-amalgamation
2025-03-03	0b2a6c398fd4		validate_utf16le	61.082	Merge pull request #695 from WojciechMula/fix-amalgamation
2025-03-03	0b2a6c398fd4		utf8_to_utf16le	6.843	Merge pull request #695 from WojciechMula/fix-amalgamation
2025-03-03	0b2a6c398fd4		utf16le_to_utf8	12.374	Merge pull request #695 from WojciechMula/fix-amalgamation
2025-03-03	0b2a6c398fd4		base64_encode	29.233	Merge pull request #695 from WojciechMula/fix-amalgamation
2025-03-03	0b2a6c398fd4		base64_decode	38.647	Merge pull request #695 from WojciechMula/fix-amalgamation
2025-03-03	739e351d26e8		validate_utf8	20.206	Merge pull request #696 from WojciechMula/generic-validate-utf32le
2025-03-03	739e351d26e8		validate_ascii	82.738	Merge pull request #696 from WojciechMula/generic-validate-utf32le
2025-03-03	739e351d26e8		validate_utf16le	60.665	Merge pull request #696 from WojciechMula/generic-validate-utf32le
2025-03-03	739e351d26e8		utf8_to_utf16le	6.867	Merge pull request #696 from WojciechMula/generic-validate-utf32le
2025-03-03	739e351d26e8		utf16le_to_utf8	12.362	Merge pull request #696 from WojciechMula/generic-validate-utf32le
2025-03-03	739e351d26e8		base64_encode	29.241	Merge pull request #696 from WojciechMula/generic-validate-utf32le
2025-03-03	739e351d26e8		base64_decode	38.682	Merge pull request #696 from WojciechMula/generic-validate-utf32le
2025-03-04	acb80f8c8813		validate_utf8	20.246	Merge pull request #692 from WojciechMula/missing-utf8-to-utf16-tests
2025-03-04	acb80f8c8813		validate_ascii	82.747	Merge pull request #692 from WojciechMula/missing-utf8-to-utf16-tests
2025-03-04	acb80f8c8813		validate_utf16le	61.149	Merge pull request #692 from WojciechMula/missing-utf8-to-utf16-tests
2025-03-04	acb80f8c8813		utf8_to_utf16le	6.844	Merge pull request #692 from WojciechMula/missing-utf8-to-utf16-tests
2025-03-04	acb80f8c8813		utf16le_to_utf8	12.367	Merge pull request #692 from WojciechMula/missing-utf8-to-utf16-tests
2025-03-04	acb80f8c8813		base64_encode	29.334	Merge pull request #692 from WojciechMula/missing-utf8-to-utf16-tests
2025-03-04	acb80f8c8813		base64_decode	38.691	Merge pull request #692 from WojciechMula/missing-utf8-to-utf16-tests
2025-03-04	20a565b2b4f9		validate_utf8	20.255	Merge pull request #697 from WojciechMula/drop-unused-template
2025-03-04	20a565b2b4f9		validate_ascii	82.694	Merge pull request #697 from WojciechMula/drop-unused-template
2025-03-04	20a565b2b4f9		validate_utf16le	61.193	Merge pull request #697 from WojciechMula/drop-unused-template
2025-03-04	20a565b2b4f9		utf8_to_utf16le	6.830	Merge pull request #697 from WojciechMula/drop-unused-template
2025-03-04	20a565b2b4f9		utf16le_to_utf8	12.373	Merge pull request #697 from WojciechMula/drop-unused-template
2025-03-04	20a565b2b4f9		base64_encode	29.412	Merge pull request #697 from WojciechMula/drop-unused-template
2025-03-04	20a565b2b4f9		base64_decode	38.717	Merge pull request #697 from WojciechMula/drop-unused-template
2025-03-04	29acad2fa6b3		validate_utf8	20.221	Merge pull request #698 from WojciechMula/add-test-coverage
2025-03-04	29acad2fa6b3		validate_ascii	82.757	Merge pull request #698 from WojciechMula/add-test-coverage
2025-03-04	29acad2fa6b3		validate_utf16le	60.918	Merge pull request #698 from WojciechMula/add-test-coverage
2025-03-04	29acad2fa6b3		utf8_to_utf16le	6.862	Merge pull request #698 from WojciechMula/add-test-coverage
2025-03-04	29acad2fa6b3		utf16le_to_utf8	12.363	Merge pull request #698 from WojciechMula/add-test-coverage
2025-03-04	29acad2fa6b3		base64_encode	29.263	Merge pull request #698 from WojciechMula/add-test-coverage
2025-03-04	29acad2fa6b3		base64_decode	38.670	Merge pull request #698 from WojciechMula/add-test-coverage
2025-03-04	a840b196f588		validate_utf8	20.228	Merge pull request #700 from simdutf/atomic_ref_constness
2025-03-04	a840b196f588		validate_ascii	82.747	Merge pull request #700 from simdutf/atomic_ref_constness
2025-03-04	a840b196f588		validate_utf16le	61.066	Merge pull request #700 from simdutf/atomic_ref_constness
2025-03-04	a840b196f588		utf8_to_utf16le	6.866	Merge pull request #700 from simdutf/atomic_ref_constness
2025-03-04	a840b196f588		utf16le_to_utf8	12.346	Merge pull request #700 from simdutf/atomic_ref_constness
2025-03-04	a840b196f588		base64_encode	29.371	Merge pull request #700 from simdutf/atomic_ref_constness
2025-03-04	a840b196f588		base64_decode	38.580	Merge pull request #700 from simdutf/atomic_ref_constness
2025-03-04	7d3bc19b4424	v6.2.1	validate_utf8	20.258	version 6.3.0
2025-03-04	7d3bc19b4424	v6.2.1	validate_ascii	82.751	version 6.3.0
2025-03-04	7d3bc19b4424	v6.2.1	validate_utf16le	61.075	version 6.3.0
2025-03-04	7d3bc19b4424	v6.2.1	utf8_to_utf16le	6.840	version 6.3.0
2025-03-04	7d3bc19b4424	v6.2.1	utf16le_to_utf8	12.403	version 6.3.0
2025-03-04	7d3bc19b4424	v6.2.1	base64_encode	29.314	version 6.3.0
2025-03-04	7d3bc19b4424	v6.2.1	base64_decode	38.610	version 6.3.0
2025-03-05	16608a2cc07f		validate_utf8	20.238	disabling the new tests on big endian systems (#704)
2025-03-05	16608a2cc07f		validate_ascii	82.748	disabling the new tests on big endian systems (#704)
2025-03-05	16608a2cc07f		validate_utf16le	60.971	disabling the new tests on big endian systems (#704)
2025-03-05	16608a2cc07f		utf8_to_utf16le	6.816	disabling the new tests on big endian systems (#704)
2025-03-05	16608a2cc07f		utf16le_to_utf8	12.353	disabling the new tests on big endian systems (#704)
2025-03-05	16608a2cc07f		base64_encode	29.257	disabling the new tests on big endian systems (#704)
2025-03-05	16608a2cc07f		base64_decode	38.550	disabling the new tests on big endian systems (#704)
2025-03-06	dd25341196db		validate_utf8	20.207	Merge pull request #701 from WojciechMula/faster-count-utf8
2025-03-06	dd25341196db		validate_ascii	82.757	Merge pull request #701 from WojciechMula/faster-count-utf8
2025-03-06	dd25341196db		validate_utf16le	61.012	Merge pull request #701 from WojciechMula/faster-count-utf8
2025-03-06	dd25341196db		utf8_to_utf16le	6.848	Merge pull request #701 from WojciechMula/faster-count-utf8
2025-03-06	dd25341196db		utf16le_to_utf8	12.348	Merge pull request #701 from WojciechMula/faster-count-utf8
2025-03-06	dd25341196db		base64_encode	29.281	Merge pull request #701 from WojciechMula/faster-count-utf8
2025-03-06	dd25341196db		base64_decode	38.669	Merge pull request #701 from WojciechMula/faster-count-utf8
2025-03-06	04a5b5fdd81a		validate_utf8	20.230	Merge pull request #706 from WojciechMula/print-markdown
2025-03-06	04a5b5fdd81a		validate_ascii	82.735	Merge pull request #706 from WojciechMula/print-markdown
2025-03-06	04a5b5fdd81a		validate_utf16le	61.302	Merge pull request #706 from WojciechMula/print-markdown
2025-03-06	04a5b5fdd81a		utf8_to_utf16le	6.858	Merge pull request #706 from WojciechMula/print-markdown
2025-03-06	04a5b5fdd81a		utf16le_to_utf8	12.366	Merge pull request #706 from WojciechMula/print-markdown
2025-03-06	04a5b5fdd81a		base64_encode	29.273	Merge pull request #706 from WojciechMula/print-markdown
2025-03-06	04a5b5fdd81a		base64_decode	38.671	Merge pull request #706 from WojciechMula/print-markdown
2025-03-06	b8e68335726d	v6.3.1	validate_utf8	20.236	version 6.3.1
2025-03-06	b8e68335726d	v6.3.1	validate_ascii	77.822	version 6.3.1
2025-03-06	b8e68335726d	v6.3.1	validate_utf16le	60.679	version 6.3.1
2025-03-06	b8e68335726d	v6.3.1	utf8_to_utf16le	6.871	version 6.3.1
2025-03-06	b8e68335726d	v6.3.1	utf16le_to_utf8	12.381	version 6.3.1
2025-03-06	b8e68335726d	v6.3.1	base64_encode	29.424	version 6.3.1
2025-03-06	b8e68335726d	v6.3.1	base64_decode	38.719	version 6.3.1
2025-03-06	fc9fd60e9236		validate_utf8	20.243	porting single-compress optimization to arm (#703)
2025-03-06	fc9fd60e9236		validate_ascii	82.708	porting single-compress optimization to arm (#703)
2025-03-06	fc9fd60e9236		validate_utf16le	60.938	porting single-compress optimization to arm (#703)
2025-03-06	fc9fd60e9236		utf8_to_utf16le	6.842	porting single-compress optimization to arm (#703)
2025-03-06	fc9fd60e9236		utf16le_to_utf8	12.370	porting single-compress optimization to arm (#703)
2025-03-06	fc9fd60e9236		base64_encode	29.365	porting single-compress optimization to arm (#703)
2025-03-06	fc9fd60e9236		base64_decode	38.725	porting single-compress optimization to arm (#703)
2025-03-07	e169569243f1		validate_utf8	20.251	Merge pull request #705 from WojciechMula/faster-utf32-to-utf16
2025-03-07	e169569243f1		validate_ascii	82.758	Merge pull request #705 from WojciechMula/faster-utf32-to-utf16
2025-03-07	e169569243f1		validate_utf16le	60.966	Merge pull request #705 from WojciechMula/faster-utf32-to-utf16
2025-03-07	e169569243f1		utf8_to_utf16le	6.840	Merge pull request #705 from WojciechMula/faster-utf32-to-utf16
2025-03-07	e169569243f1		utf16le_to_utf8	12.387	Merge pull request #705 from WojciechMula/faster-utf32-to-utf16
2025-03-07	e169569243f1		base64_encode	29.464	Merge pull request #705 from WojciechMula/faster-utf32-to-utf16
2025-03-07	e169569243f1		base64_decode	38.651	Merge pull request #705 from WojciechMula/faster-utf32-to-utf16
2025-03-10	2e2dac425792		validate_utf8	20.231	Merge pull request #712 from WojciechMula/big-endian-tests
2025-03-10	2e2dac425792		validate_ascii	82.741	Merge pull request #712 from WojciechMula/big-endian-tests
2025-03-10	2e2dac425792		validate_utf16le	61.083	Merge pull request #712 from WojciechMula/big-endian-tests
2025-03-10	2e2dac425792		utf8_to_utf16le	6.854	Merge pull request #712 from WojciechMula/big-endian-tests
2025-03-10	2e2dac425792		utf16le_to_utf8	12.338	Merge pull request #712 from WojciechMula/big-endian-tests
2025-03-10	2e2dac425792		base64_encode	29.438	Merge pull request #712 from WojciechMula/big-endian-tests
2025-03-10	2e2dac425792		base64_decode	38.738	Merge pull request #712 from WojciechMula/big-endian-tests
2025-03-11	ee0947863324		validate_utf8	20.231	Merge pull request #713 from WojciechMula/base64-common-impl
2025-03-11	ee0947863324		validate_ascii	82.759	Merge pull request #713 from WojciechMula/base64-common-impl
2025-03-11	ee0947863324		validate_utf16le	61.081	Merge pull request #713 from WojciechMula/base64-common-impl
2025-03-11	ee0947863324		utf8_to_utf16le	6.834	Merge pull request #713 from WojciechMula/base64-common-impl
2025-03-11	ee0947863324		utf16le_to_utf8	12.377	Merge pull request #713 from WojciechMula/base64-common-impl
2025-03-11	ee0947863324		base64_encode	29.415	Merge pull request #713 from WojciechMula/base64-common-impl
2025-03-11	ee0947863324		base64_decode	38.713	Merge pull request #713 from WojciechMula/base64-common-impl
2025-03-12	76113675b3a6		validate_utf8	20.201	A small numbers of constants and functions are not actively used. (#711)
2025-03-12	76113675b3a6		validate_ascii	82.647	A small numbers of constants and functions are not actively used. (#711)
2025-03-12	76113675b3a6		validate_utf16le	60.991	A small numbers of constants and functions are not actively used. (#711)
2025-03-12	76113675b3a6		utf8_to_utf16le	6.846	A small numbers of constants and functions are not actively used. (#711)
2025-03-12	76113675b3a6		utf16le_to_utf8	12.370	A small numbers of constants and functions are not actively used. (#711)
2025-03-12	76113675b3a6		base64_encode	29.459	A small numbers of constants and functions are not actively used. (#711)
2025-03-12	76113675b3a6		base64_decode	38.759	A small numbers of constants and functions are not actively used. (#711)
2025-03-15	9d7db16b3756		validate_utf8	20.239	Merge pull request #714 from WojciechMula/utf8-length-from-utf16
2025-03-15	9d7db16b3756		validate_ascii	82.769	Merge pull request #714 from WojciechMula/utf8-length-from-utf16
2025-03-15	9d7db16b3756		validate_utf16le	61.006	Merge pull request #714 from WojciechMula/utf8-length-from-utf16
2025-03-15	9d7db16b3756		utf8_to_utf16le	6.841	Merge pull request #714 from WojciechMula/utf8-length-from-utf16
2025-03-15	9d7db16b3756		utf16le_to_utf8	12.388	Merge pull request #714 from WojciechMula/utf8-length-from-utf16
2025-03-15	9d7db16b3756		base64_encode	29.444	Merge pull request #714 from WojciechMula/utf8-length-from-utf16
2025-03-15	9d7db16b3756		base64_decode	38.602	Merge pull request #714 from WojciechMula/utf8-length-from-utf16
2025-03-17	071bbca0dd42		validate_utf8	20.236	Merge pull request #718 from WojciechMula/fix-loongarch
2025-03-17	071bbca0dd42		validate_ascii	82.743	Merge pull request #718 from WojciechMula/fix-loongarch
2025-03-17	071bbca0dd42		validate_utf16le	61.067	Merge pull request #718 from WojciechMula/fix-loongarch
2025-03-17	071bbca0dd42		utf8_to_utf16le	6.886	Merge pull request #718 from WojciechMula/fix-loongarch
2025-03-17	071bbca0dd42		utf16le_to_utf8	12.381	Merge pull request #718 from WojciechMula/fix-loongarch
2025-03-17	071bbca0dd42		base64_encode	29.436	Merge pull request #718 from WojciechMula/fix-loongarch
2025-03-17	071bbca0dd42		base64_decode	38.781	Merge pull request #718 from WojciechMula/fix-loongarch
2025-03-17	497f4f29fe25		validate_utf8	20.236	Add support for PPC64 (#676)
2025-03-17	497f4f29fe25		validate_ascii	82.758	Add support for PPC64 (#676)
2025-03-17	497f4f29fe25		validate_utf16le	60.840	Add support for PPC64 (#676)
2025-03-17	497f4f29fe25		utf8_to_utf16le	6.855	Add support for PPC64 (#676)
2025-03-17	497f4f29fe25		utf16le_to_utf8	12.384	Add support for PPC64 (#676)
2025-03-17	497f4f29fe25		base64_encode	29.460	Add support for PPC64 (#676)
2025-03-17	497f4f29fe25		base64_decode	38.636	Add support for PPC64 (#676)
2025-03-17	5fb8150f5db8		validate_utf8	20.256	Update README.md
2025-03-17	5fb8150f5db8		validate_ascii	82.746	Update README.md
2025-03-17	5fb8150f5db8		validate_utf16le	60.941	Update README.md
2025-03-17	5fb8150f5db8		utf8_to_utf16le	6.850	Update README.md
2025-03-17	5fb8150f5db8		utf16le_to_utf8	12.368	Update README.md
2025-03-17	5fb8150f5db8		base64_encode	29.445	Update README.md
2025-03-17	5fb8150f5db8		base64_decode	38.756	Update README.md
2025-03-17	6bd120619295		validate_utf8	20.202	scripts: add script that collects all benchmarks (#719)
2025-03-17	6bd120619295		validate_ascii	82.631	scripts: add script that collects all benchmarks (#719)
2025-03-17	6bd120619295		validate_utf16le	60.837	scripts: add script that collects all benchmarks (#719)
2025-03-17	6bd120619295		utf8_to_utf16le	6.880	scripts: add script that collects all benchmarks (#719)
2025-03-17	6bd120619295		utf16le_to_utf8	12.342	scripts: add script that collects all benchmarks (#719)
2025-03-17	6bd120619295		base64_encode	29.453	scripts: add script that collects all benchmarks (#719)
2025-03-17	6bd120619295		base64_decode	38.722	scripts: add script that collects all benchmarks (#719)
2025-03-17	35d322a4d46a	v6.4.0	validate_utf8	20.255	v6.4.0
2025-03-17	35d322a4d46a	v6.4.0	validate_ascii	82.718	v6.4.0
2025-03-17	35d322a4d46a	v6.4.0	validate_utf16le	61.164	v6.4.0
2025-03-17	35d322a4d46a	v6.4.0	utf8_to_utf16le	6.840	v6.4.0
2025-03-17	35d322a4d46a	v6.4.0	utf16le_to_utf8	12.365	v6.4.0
2025-03-17	35d322a4d46a	v6.4.0	base64_encode	29.425	v6.4.0
2025-03-17	35d322a4d46a	v6.4.0	base64_decode	38.695	v6.4.0
2025-03-19	6ee3bc4a3606		validate_utf8	20.240	Merge pull request #720 from WojciechMula/update-authors
2025-03-19	6ee3bc4a3606		validate_ascii	82.749	Merge pull request #720 from WojciechMula/update-authors
2025-03-19	6ee3bc4a3606		validate_utf16le	61.013	Merge pull request #720 from WojciechMula/update-authors
2025-03-19	6ee3bc4a3606		utf8_to_utf16le	6.848	Merge pull request #720 from WojciechMula/update-authors
2025-03-19	6ee3bc4a3606		utf16le_to_utf8	12.341	Merge pull request #720 from WojciechMula/update-authors
2025-03-19	6ee3bc4a3606		base64_encode	29.464	Merge pull request #720 from WojciechMula/update-authors
2025-03-19	6ee3bc4a3606		base64_decode	38.700	Merge pull request #720 from WojciechMula/update-authors
2025-03-19	7c7cc0060855		validate_utf8	20.190	Merge pull request #721 from WojciechMula/utf8-length-from-utf16-icelake
2025-03-19	7c7cc0060855		validate_ascii	82.753	Merge pull request #721 from WojciechMula/utf8-length-from-utf16-icelake
2025-03-19	7c7cc0060855		validate_utf16le	60.564	Merge pull request #721 from WojciechMula/utf8-length-from-utf16-icelake
2025-03-19	7c7cc0060855		utf8_to_utf16le	6.834	Merge pull request #721 from WojciechMula/utf8-length-from-utf16-icelake
2025-03-19	7c7cc0060855		utf16le_to_utf8	12.343	Merge pull request #721 from WojciechMula/utf8-length-from-utf16-icelake
2025-03-19	7c7cc0060855		base64_encode	29.469	Merge pull request #721 from WojciechMula/utf8-length-from-utf16-icelake
2025-03-19	7c7cc0060855		base64_decode	38.689	Merge pull request #721 from WojciechMula/utf8-length-from-utf16-icelake
2025-03-20	d2e73fbdfaf5		validate_utf8	20.227	Merge pull request #722 from WojciechMula/loongarch-constants-generation
2025-03-20	d2e73fbdfaf5		validate_ascii	82.745	Merge pull request #722 from WojciechMula/loongarch-constants-generation
2025-03-20	d2e73fbdfaf5		validate_utf16le	61.132	Merge pull request #722 from WojciechMula/loongarch-constants-generation
2025-03-20	d2e73fbdfaf5		utf8_to_utf16le	6.852	Merge pull request #722 from WojciechMula/loongarch-constants-generation
2025-03-20	d2e73fbdfaf5		utf16le_to_utf8	12.347	Merge pull request #722 from WojciechMula/loongarch-constants-generation
2025-03-20	d2e73fbdfaf5		base64_encode	29.459	Merge pull request #722 from WojciechMula/loongarch-constants-generation
2025-03-20	d2e73fbdfaf5		base64_decode	38.762	Merge pull request #722 from WojciechMula/loongarch-constants-generation
2025-03-23	4fc236a675cb		validate_utf8	20.255	Merge pull request #708 from WojciechMula/westmere-utf32-to-utf16
2025-03-23	4fc236a675cb		validate_ascii	82.741	Merge pull request #708 from WojciechMula/westmere-utf32-to-utf16
2025-03-23	4fc236a675cb		validate_utf16le	61.140	Merge pull request #708 from WojciechMula/westmere-utf32-to-utf16
2025-03-23	4fc236a675cb		utf8_to_utf16le	6.822	Merge pull request #708 from WojciechMula/westmere-utf32-to-utf16
2025-03-23	4fc236a675cb		utf16le_to_utf8	12.346	Merge pull request #708 from WojciechMula/westmere-utf32-to-utf16
2025-03-23	4fc236a675cb		base64_encode	29.543	Merge pull request #708 from WojciechMula/westmere-utf32-to-utf16
2025-03-23	4fc236a675cb		base64_decode	38.744	Merge pull request #708 from WojciechMula/westmere-utf32-to-utf16
2025-03-26	c2480a7c61c7		validate_utf8	20.238	Merge pull request #724 from WojciechMula/loongarch-utf8-length-from-utf32
2025-03-26	c2480a7c61c7		validate_ascii	82.749	Merge pull request #724 from WojciechMula/loongarch-utf8-length-from-utf32
2025-03-26	c2480a7c61c7		validate_utf16le	60.920	Merge pull request #724 from WojciechMula/loongarch-utf8-length-from-utf32
2025-03-26	c2480a7c61c7		utf8_to_utf16le	6.849	Merge pull request #724 from WojciechMula/loongarch-utf8-length-from-utf32
2025-03-26	c2480a7c61c7		utf16le_to_utf8	12.344	Merge pull request #724 from WojciechMula/loongarch-utf8-length-from-utf32
2025-03-26	c2480a7c61c7		base64_encode	29.447	Merge pull request #724 from WojciechMula/loongarch-utf8-length-from-utf32
2025-03-26	c2480a7c61c7		base64_decode	38.643	Merge pull request #724 from WojciechMula/loongarch-utf8-length-from-utf32
2025-03-31	09586da9f381		validate_utf8	20.227	Merge pull request #730 from simdutf/char_not_unsigned
2025-03-31	09586da9f381		validate_ascii	82.652	Merge pull request #730 from simdutf/char_not_unsigned
2025-03-31	09586da9f381		validate_utf16le	61.053	Merge pull request #730 from simdutf/char_not_unsigned
2025-03-31	09586da9f381		utf8_to_utf16le	6.863	Merge pull request #730 from simdutf/char_not_unsigned
2025-03-31	09586da9f381		utf16le_to_utf8	12.335	Merge pull request #730 from simdutf/char_not_unsigned
2025-03-31	09586da9f381		base64_encode	29.587	Merge pull request #730 from simdutf/char_not_unsigned
2025-03-31	09586da9f381		base64_decode	38.745	Merge pull request #730 from simdutf/char_not_unsigned
2025-04-01	6537752b8b82		validate_utf8	20.216	arm64: optimize base64 decode block by replacing ORR + SHL + SHR with SLI + SHR (#733)
2025-04-01	6537752b8b82		validate_ascii	82.715	arm64: optimize base64 decode block by replacing ORR + SHL + SHR with SLI + SHR (#733)
2025-04-01	6537752b8b82		validate_utf16le	61.169	arm64: optimize base64 decode block by replacing ORR + SHL + SHR with SLI + SHR (#733)
2025-04-01	6537752b8b82		utf8_to_utf16le	6.823	arm64: optimize base64 decode block by replacing ORR + SHL + SHR with SLI + SHR (#733)
2025-04-01	6537752b8b82		utf16le_to_utf8	12.326	arm64: optimize base64 decode block by replacing ORR + SHL + SHR with SLI + SHR (#733)
2025-04-01	6537752b8b82		base64_encode	29.552	arm64: optimize base64 decode block by replacing ORR + SHL + SHR with SLI + SHR (#733)
2025-04-01	6537752b8b82		base64_decode	38.703	arm64: optimize base64 decode block by replacing ORR + SHL + SHR with SLI + SHR (#733)
2025-04-01	0805c1e03973		validate_utf8	20.240	Arm faster UTF-8 length from UTF-16 (#727)
2025-04-01	0805c1e03973		validate_ascii	82.742	Arm faster UTF-8 length from UTF-16 (#727)
2025-04-01	0805c1e03973		validate_utf16le	61.081	Arm faster UTF-8 length from UTF-16 (#727)
2025-04-01	0805c1e03973		utf8_to_utf16le	6.863	Arm faster UTF-8 length from UTF-16 (#727)
2025-04-01	0805c1e03973		utf16le_to_utf8	12.357	Arm faster UTF-8 length from UTF-16 (#727)
2025-04-01	0805c1e03973		base64_encode	29.413	Arm faster UTF-8 length from UTF-16 (#727)
2025-04-01	0805c1e03973		base64_decode	38.658	Arm faster UTF-8 length from UTF-16 (#727)
2025-04-01	d14dd9e7d33b		validate_utf8	20.216	fix LoongArch64 fuzz error (#731)
2025-04-01	d14dd9e7d33b		validate_ascii	82.736	fix LoongArch64 fuzz error (#731)
2025-04-01	d14dd9e7d33b		validate_utf16le	60.533	fix LoongArch64 fuzz error (#731)
2025-04-01	d14dd9e7d33b		utf8_to_utf16le	6.833	fix LoongArch64 fuzz error (#731)
2025-04-01	d14dd9e7d33b		utf16le_to_utf8	12.346	fix LoongArch64 fuzz error (#731)
2025-04-01	d14dd9e7d33b		base64_encode	29.275	fix LoongArch64 fuzz error (#731)
2025-04-01	d14dd9e7d33b		base64_decode	38.618	fix LoongArch64 fuzz error (#731)
2025-04-01	e3055634219d	v6.4.1	validate_utf8	20.223	v6.4.1
2025-04-01	e3055634219d	v6.4.1	validate_ascii	82.729	v6.4.1
2025-04-01	e3055634219d	v6.4.1	validate_utf16le	60.541	v6.4.1
2025-04-01	e3055634219d	v6.4.1	utf8_to_utf16le	6.818	v6.4.1
2025-04-01	e3055634219d	v6.4.1	utf16le_to_utf8	12.317	v6.4.1
2025-04-01	e3055634219d	v6.4.1	base64_encode	29.385	v6.4.1
2025-04-01	e3055634219d	v6.4.1	base64_decode	38.561	v6.4.1
2025-04-03	550cc6a55b5c		validate_utf8	20.199	arm64: optimize base64 24-byte tail encode using NEON (#734)
2025-04-03	550cc6a55b5c		validate_ascii	82.744	arm64: optimize base64 24-byte tail encode using NEON (#734)
2025-04-03	550cc6a55b5c		validate_utf16le	60.939	arm64: optimize base64 24-byte tail encode using NEON (#734)
2025-04-03	550cc6a55b5c		utf8_to_utf16le	6.847	arm64: optimize base64 24-byte tail encode using NEON (#734)
2025-04-03	550cc6a55b5c		utf16le_to_utf8	12.341	arm64: optimize base64 24-byte tail encode using NEON (#734)
2025-04-03	550cc6a55b5c		base64_encode	29.291	arm64: optimize base64 24-byte tail encode using NEON (#734)
2025-04-03	550cc6a55b5c		base64_decode	38.699	arm64: optimize base64 24-byte tail encode using NEON (#734)
2025-04-03	929f4a42b0bc		validate_utf8	20.202	fix typos in base64_to_binary documents (#735)
2025-04-03	929f4a42b0bc		validate_ascii	82.746	fix typos in base64_to_binary documents (#735)
2025-04-03	929f4a42b0bc		validate_utf16le	60.765	fix typos in base64_to_binary documents (#735)
2025-04-03	929f4a42b0bc		utf8_to_utf16le	6.847	fix typos in base64_to_binary documents (#735)
2025-04-03	929f4a42b0bc		utf16le_to_utf8	12.341	fix typos in base64_to_binary documents (#735)
2025-04-03	929f4a42b0bc		base64_encode	29.287	fix typos in base64_to_binary documents (#735)
2025-04-03	929f4a42b0bc		base64_decode	38.677	fix typos in base64_to_binary documents (#735)
2025-04-03	50aa4206f122		validate_utf8	20.245	adding a test for a WebKit issue (#736)
2025-04-03	50aa4206f122		validate_ascii	82.702	adding a test for a WebKit issue (#736)
2025-04-03	50aa4206f122		validate_utf16le	61.061	adding a test for a WebKit issue (#736)
2025-04-03	50aa4206f122		utf8_to_utf16le	6.822	adding a test for a WebKit issue (#736)
2025-04-03	50aa4206f122		utf16le_to_utf8	12.325	adding a test for a WebKit issue (#736)
2025-04-03	50aa4206f122		base64_encode	29.266	adding a test for a WebKit issue (#736)
2025-04-03	50aa4206f122		base64_decode	38.684	adding a test for a WebKit issue (#736)
2025-04-03	7a6ec5fd6457		validate_utf8	20.266	better documentation
2025-04-03	7a6ec5fd6457		validate_ascii	82.752	better documentation
2025-04-03	7a6ec5fd6457		validate_utf16le	61.013	better documentation
2025-04-03	7a6ec5fd6457		utf8_to_utf16le	6.853	better documentation
2025-04-03	7a6ec5fd6457		utf16le_to_utf8	12.314	better documentation
2025-04-03	7a6ec5fd6457		base64_encode	29.219	better documentation
2025-04-03	7a6ec5fd6457		base64_decode	38.638	better documentation
2025-04-03	3730b78f0e29	v6.4.2	validate_utf8	20.220	v6.4.2
2025-04-03	3730b78f0e29	v6.4.2	validate_ascii	82.757	v6.4.2
2025-04-03	3730b78f0e29	v6.4.2	validate_utf16le	61.135	v6.4.2
2025-04-03	3730b78f0e29	v6.4.2	utf8_to_utf16le	6.828	v6.4.2
2025-04-03	3730b78f0e29	v6.4.2	utf16le_to_utf8	12.360	v6.4.2
2025-04-03	3730b78f0e29	v6.4.2	base64_encode	29.379	v6.4.2
2025-04-03	3730b78f0e29	v6.4.2	base64_decode	38.716	v6.4.2
2025-04-05	f2599c08d789		validate_utf8	20.224	Merge pull request #737 from WojciechMula/trim-simd-wrappers
2025-04-05	f2599c08d789		validate_ascii	82.749	Merge pull request #737 from WojciechMula/trim-simd-wrappers
2025-04-05	f2599c08d789		validate_utf16le	61.051	Merge pull request #737 from WojciechMula/trim-simd-wrappers
2025-04-05	f2599c08d789		utf8_to_utf16le	6.850	Merge pull request #737 from WojciechMula/trim-simd-wrappers
2025-04-05	f2599c08d789		utf16le_to_utf8	12.346	Merge pull request #737 from WojciechMula/trim-simd-wrappers
2025-04-05	f2599c08d789		base64_encode	29.363	Merge pull request #737 from WojciechMula/trim-simd-wrappers
2025-04-05	f2599c08d789		base64_decode	38.541	Merge pull request #737 from WojciechMula/trim-simd-wrappers
2025-04-08	a71732230f47		validate_utf8	20.221	Merge pull request #723 from WojciechMula/faster-validate-with-errors
2025-04-08	a71732230f47		validate_ascii	82.744	Merge pull request #723 from WojciechMula/faster-validate-with-errors
2025-04-08	a71732230f47		validate_utf16le	61.284	Merge pull request #723 from WojciechMula/faster-validate-with-errors
2025-04-08	a71732230f47		utf8_to_utf16le	6.847	Merge pull request #723 from WojciechMula/faster-validate-with-errors
2025-04-08	a71732230f47		utf16le_to_utf8	12.327	Merge pull request #723 from WojciechMula/faster-validate-with-errors
2025-04-08	a71732230f47		base64_encode	29.301	Merge pull request #723 from WojciechMula/faster-validate-with-errors
2025-04-08	a71732230f47		base64_decode	38.744	Merge pull request #723 from WojciechMula/faster-validate-with-errors
2025-04-09	17a5542d80f7		validate_utf8	20.199	Merge pull request #742 from simdutf/retiring_ubuntu20
2025-04-09	17a5542d80f7		validate_ascii	82.735	Merge pull request #742 from simdutf/retiring_ubuntu20
2025-04-09	17a5542d80f7		validate_utf16le	61.087	Merge pull request #742 from simdutf/retiring_ubuntu20
2025-04-09	17a5542d80f7		utf8_to_utf16le	6.844	Merge pull request #742 from simdutf/retiring_ubuntu20
2025-04-09	17a5542d80f7		utf16le_to_utf8	12.303	Merge pull request #742 from simdutf/retiring_ubuntu20
2025-04-09	17a5542d80f7		base64_encode	28.145	Merge pull request #742 from simdutf/retiring_ubuntu20
2025-04-09	17a5542d80f7		base64_decode	38.707	Merge pull request #742 from simdutf/retiring_ubuntu20
2025-04-09	01e764021e94		validate_utf8	20.221	Merge pull request #741 from WojciechMula/faster-utf16-length-from-utf8
2025-04-09	01e764021e94		validate_ascii	82.727	Merge pull request #741 from WojciechMula/faster-utf16-length-from-utf8
2025-04-09	01e764021e94		validate_utf16le	61.195	Merge pull request #741 from WojciechMula/faster-utf16-length-from-utf8
2025-04-09	01e764021e94		utf8_to_utf16le	6.828	Merge pull request #741 from WojciechMula/faster-utf16-length-from-utf8
2025-04-09	01e764021e94		utf16le_to_utf8	12.383	Merge pull request #741 from WojciechMula/faster-utf16-length-from-utf8
2025-04-09	01e764021e94		base64_encode	29.347	Merge pull request #741 from WojciechMula/faster-utf16-length-from-utf8
2025-04-09	01e764021e94		base64_decode	38.650	Merge pull request #741 from WojciechMula/faster-utf16-length-from-utf8
2025-04-09	61c3ac28f048		validate_utf8	20.226	centralize system info in benchmarks
2025-04-09	61c3ac28f048		validate_ascii	82.756	centralize system info in benchmarks
2025-04-09	61c3ac28f048		validate_utf16le	61.320	centralize system info in benchmarks
2025-04-09	61c3ac28f048		utf8_to_utf16le	6.852	centralize system info in benchmarks
2025-04-09	61c3ac28f048		utf16le_to_utf8	12.357	centralize system info in benchmarks
2025-04-09	61c3ac28f048		base64_encode	29.268	centralize system info in benchmarks
2025-04-09	61c3ac28f048		base64_decode	38.543	centralize system info in benchmarks
2025-04-10	bab19adbe594		validate_utf8	20.204	lint
2025-04-10	bab19adbe594		validate_ascii	82.749	lint
2025-04-10	bab19adbe594		validate_utf16le	61.046	lint
2025-04-10	bab19adbe594		utf8_to_utf16le	6.831	lint
2025-04-10	bab19adbe594		utf16le_to_utf8	12.352	lint
2025-04-10	bab19adbe594		base64_encode	29.394	lint
2025-04-10	bab19adbe594		base64_decode	38.753	lint
2025-04-10	ba367ce0786e		validate_utf8	20.216	Merge pull request #743 from WojciechMula/icelake-utf16-length-from-utf8
2025-04-10	ba367ce0786e		validate_ascii	82.742	Merge pull request #743 from WojciechMula/icelake-utf16-length-from-utf8
2025-04-10	ba367ce0786e		validate_utf16le	61.208	Merge pull request #743 from WojciechMula/icelake-utf16-length-from-utf8
2025-04-10	ba367ce0786e		utf8_to_utf16le	6.866	Merge pull request #743 from WojciechMula/icelake-utf16-length-from-utf8
2025-04-10	ba367ce0786e		utf16le_to_utf8	12.365	Merge pull request #743 from WojciechMula/icelake-utf16-length-from-utf8
2025-04-10	ba367ce0786e		base64_encode	29.448	Merge pull request #743 from WojciechMula/icelake-utf16-length-from-utf8
2025-04-10	ba367ce0786e		base64_decode	38.653	Merge pull request #743 from WojciechMula/icelake-utf16-length-from-utf8
2025-04-10	3711d927ec6d		validate_utf8	20.227	arm64: optimized utf32_to_utf16 for regular non-surrogate case (#740)
2025-04-10	3711d927ec6d		validate_ascii	82.763	arm64: optimized utf32_to_utf16 for regular non-surrogate case (#740)
2025-04-10	3711d927ec6d		validate_utf16le	60.880	arm64: optimized utf32_to_utf16 for regular non-surrogate case (#740)
2025-04-10	3711d927ec6d		utf8_to_utf16le	6.859	arm64: optimized utf32_to_utf16 for regular non-surrogate case (#740)
2025-04-10	3711d927ec6d		utf16le_to_utf8	12.374	arm64: optimized utf32_to_utf16 for regular non-surrogate case (#740)
2025-04-10	3711d927ec6d		base64_encode	29.411	arm64: optimized utf32_to_utf16 for regular non-surrogate case (#740)
2025-04-10	3711d927ec6d		base64_decode	38.724	arm64: optimized utf32_to_utf16 for regular non-surrogate case (#740)
2025-04-10	465103294fdb		validate_utf8	20.222	Merge pull request #739 from WojciechMula/rvv-simplify-logic
2025-04-10	465103294fdb		validate_ascii	82.652	Merge pull request #739 from WojciechMula/rvv-simplify-logic
2025-04-10	465103294fdb		validate_utf16le	60.883	Merge pull request #739 from WojciechMula/rvv-simplify-logic
2025-04-10	465103294fdb		utf8_to_utf16le	6.837	Merge pull request #739 from WojciechMula/rvv-simplify-logic
2025-04-10	465103294fdb		utf16le_to_utf8	12.386	Merge pull request #739 from WojciechMula/rvv-simplify-logic
2025-04-10	465103294fdb		base64_encode	29.510	Merge pull request #739 from WojciechMula/rvv-simplify-logic
2025-04-10	465103294fdb		base64_decode	38.709	Merge pull request #739 from WojciechMula/rvv-simplify-logic
2025-04-11	0200df4a7e2e		validate_utf8	20.231	Merge pull request #744 from WojciechMula/loongarch-trim-simd-wrappers
2025-04-11	0200df4a7e2e		validate_ascii	77.997	Merge pull request #744 from WojciechMula/loongarch-trim-simd-wrappers
2025-04-11	0200df4a7e2e		validate_utf16le	61.294	Merge pull request #744 from WojciechMula/loongarch-trim-simd-wrappers
2025-04-11	0200df4a7e2e		utf8_to_utf16le	6.817	Merge pull request #744 from WojciechMula/loongarch-trim-simd-wrappers
2025-04-11	0200df4a7e2e		utf16le_to_utf8	12.310	Merge pull request #744 from WojciechMula/loongarch-trim-simd-wrappers
2025-04-11	0200df4a7e2e		base64_encode	29.422	Merge pull request #744 from WojciechMula/loongarch-trim-simd-wrappers
2025-04-11	0200df4a7e2e		base64_decode	38.772	Merge pull request #744 from WojciechMula/loongarch-trim-simd-wrappers
2025-04-11	8b39b642a164		validate_utf8	20.214	Merge pull request #746 from WojciechMula/loongarch-count-utf16
2025-04-11	8b39b642a164		validate_ascii	82.694	Merge pull request #746 from WojciechMula/loongarch-count-utf16
2025-04-11	8b39b642a164		validate_utf16le	60.685	Merge pull request #746 from WojciechMula/loongarch-count-utf16
2025-04-11	8b39b642a164		utf8_to_utf16le	6.842	Merge pull request #746 from WojciechMula/loongarch-count-utf16
2025-04-11	8b39b642a164		utf16le_to_utf8	12.356	Merge pull request #746 from WojciechMula/loongarch-count-utf16
2025-04-11	8b39b642a164		base64_encode	29.460	Merge pull request #746 from WojciechMula/loongarch-count-utf16
2025-04-11	8b39b642a164		base64_decode	38.703	Merge pull request #746 from WojciechMula/loongarch-count-utf16
2025-04-11	9b8157021fcc		validate_utf8	20.231	Merge pull request #745 from WojciechMula/rvv-simplify-utf8
2025-04-11	9b8157021fcc		validate_ascii	82.754	Merge pull request #745 from WojciechMula/rvv-simplify-utf8
2025-04-11	9b8157021fcc		validate_utf16le	61.155	Merge pull request #745 from WojciechMula/rvv-simplify-utf8
2025-04-11	9b8157021fcc		utf8_to_utf16le	6.833	Merge pull request #745 from WojciechMula/rvv-simplify-utf8
2025-04-11	9b8157021fcc		utf16le_to_utf8	12.376	Merge pull request #745 from WojciechMula/rvv-simplify-utf8
2025-04-11	9b8157021fcc		base64_encode	29.279	Merge pull request #745 from WojciechMula/rvv-simplify-utf8
2025-04-11	9b8157021fcc		base64_decode	38.673	Merge pull request #745 from WojciechMula/rvv-simplify-utf8
2025-04-13	c69ef8717d28		validate_utf8	20.242	loongarch64: better UTF-8 length from UTF-16 (#748)
2025-04-13	c69ef8717d28		validate_ascii	82.762	loongarch64: better UTF-8 length from UTF-16 (#748)
2025-04-13	c69ef8717d28		validate_utf16le	61.266	loongarch64: better UTF-8 length from UTF-16 (#748)
2025-04-13	c69ef8717d28		utf8_to_utf16le	6.863	loongarch64: better UTF-8 length from UTF-16 (#748)
2025-04-13	c69ef8717d28		utf16le_to_utf8	12.390	loongarch64: better UTF-8 length from UTF-16 (#748)
2025-04-13	c69ef8717d28		base64_encode	29.414	loongarch64: better UTF-8 length from UTF-16 (#748)
2025-04-13	c69ef8717d28		base64_decode	38.460	loongarch64: better UTF-8 length from UTF-16 (#748)
2025-04-14	815fd253ffe0		validate_utf8	20.191	Vectorized the aarch64 utf32 to utf16 surrogate handling loop using NEON (#749)
2025-04-14	815fd253ffe0		validate_ascii	82.758	Vectorized the aarch64 utf32 to utf16 surrogate handling loop using NEON (#749)
2025-04-14	815fd253ffe0		validate_utf16le	61.230	Vectorized the aarch64 utf32 to utf16 surrogate handling loop using NEON (#749)
2025-04-14	815fd253ffe0		utf8_to_utf16le	6.869	Vectorized the aarch64 utf32 to utf16 surrogate handling loop using NEON (#749)
2025-04-14	815fd253ffe0		utf16le_to_utf8	12.375	Vectorized the aarch64 utf32 to utf16 surrogate handling loop using NEON (#749)
2025-04-14	815fd253ffe0		base64_encode	29.483	Vectorized the aarch64 utf32 to utf16 surrogate handling loop using NEON (#749)
2025-04-14	815fd253ffe0		base64_decode	38.706	Vectorized the aarch64 utf32 to utf16 surrogate handling loop using NEON (#749)
2025-04-14	4fb8de7dc7bb		validate_utf8	20.240	Implementing to_well_formed_utf16 (#675)
2025-04-14	4fb8de7dc7bb		validate_ascii	82.750	Implementing to_well_formed_utf16 (#675)
2025-04-14	4fb8de7dc7bb		validate_utf16le	61.053	Implementing to_well_formed_utf16 (#675)
2025-04-14	4fb8de7dc7bb		utf8_to_utf16le	6.819	Implementing to_well_formed_utf16 (#675)
2025-04-14	4fb8de7dc7bb		utf16le_to_utf8	12.368	Implementing to_well_formed_utf16 (#675)
2025-04-14	4fb8de7dc7bb		base64_encode	29.469	Implementing to_well_formed_utf16 (#675)
2025-04-14	4fb8de7dc7bb		base64_decode	38.710	Implementing to_well_formed_utf16 (#675)
2025-04-14	38cf2489de4d	v6.5.0	validate_utf8	20.217	v6.5.0
2025-04-14	38cf2489de4d	v6.5.0	validate_ascii	82.756	v6.5.0
2025-04-14	38cf2489de4d	v6.5.0	validate_utf16le	60.965	v6.5.0
2025-04-14	38cf2489de4d	v6.5.0	utf8_to_utf16le	6.803	v6.5.0
2025-04-14	38cf2489de4d	v6.5.0	utf16le_to_utf8	12.300	v6.5.0
2025-04-14	38cf2489de4d	v6.5.0	base64_encode	29.433	v6.5.0
2025-04-14	38cf2489de4d	v6.5.0	base64_decode	38.641	v6.5.0
2025-04-18	555e046a24c8		validate_utf8	20.220	recovering some of the lost speed in utf-32 to utf-16 (arm) when there is no surrogate handling (#750)
2025-04-18	555e046a24c8		validate_ascii	82.760	recovering some of the lost speed in utf-32 to utf-16 (arm) when there is no surrogate handling (#750)
2025-04-18	555e046a24c8		validate_utf16le	61.261	recovering some of the lost speed in utf-32 to utf-16 (arm) when there is no surrogate handling (#750)
2025-04-18	555e046a24c8		utf8_to_utf16le	6.835	recovering some of the lost speed in utf-32 to utf-16 (arm) when there is no surrogate handling (#750)
2025-04-18	555e046a24c8		utf16le_to_utf8	12.347	recovering some of the lost speed in utf-32 to utf-16 (arm) when there is no surrogate handling (#750)
2025-04-18	555e046a24c8		base64_encode	29.468	recovering some of the lost speed in utf-32 to utf-16 (arm) when there is no surrogate handling (#750)
2025-04-18	555e046a24c8		base64_decode	38.645	recovering some of the lost speed in utf-32 to utf-16 (arm) when there is no surrogate handling (#750)
2025-04-21	21752c033f84		validate_utf8	20.204	arm64: alternate base64 decode logic to optimize base64url decode (#753)
2025-04-21	21752c033f84		validate_ascii	82.768	arm64: alternate base64 decode logic to optimize base64url decode (#753)
2025-04-21	21752c033f84		validate_utf16le	61.189	arm64: alternate base64 decode logic to optimize base64url decode (#753)
2025-04-21	21752c033f84		utf8_to_utf16le	6.823	arm64: alternate base64 decode logic to optimize base64url decode (#753)
2025-04-21	21752c033f84		utf16le_to_utf8	12.322	arm64: alternate base64 decode logic to optimize base64url decode (#753)
2025-04-21	21752c033f84		base64_encode	29.389	arm64: alternate base64 decode logic to optimize base64url decode (#753)
2025-04-21	21752c033f84		base64_decode	38.713	arm64: alternate base64 decode logic to optimize base64url decode (#753)
2025-04-22	57a5925d85d3		validate_utf8	20.247	Add the python script to generate the LUT used in NEON (#754)
2025-04-22	57a5925d85d3		validate_ascii	82.766	Add the python script to generate the LUT used in NEON (#754)
2025-04-22	57a5925d85d3		validate_utf16le	61.155	Add the python script to generate the LUT used in NEON (#754)
2025-04-22	57a5925d85d3		utf8_to_utf16le	6.830	Add the python script to generate the LUT used in NEON (#754)
2025-04-22	57a5925d85d3		utf16le_to_utf8	12.328	Add the python script to generate the LUT used in NEON (#754)
2025-04-22	57a5925d85d3		base64_encode	29.421	Add the python script to generate the LUT used in NEON (#754)
2025-04-22	57a5925d85d3		base64_decode	34.758	Add the python script to generate the LUT used in NEON (#754)
2025-04-23	7a4cd18ff711		validate_utf8	20.267	Adding Relaxed write version for base64_to_binary_safe (#752)
2025-04-23	7a4cd18ff711		validate_ascii	82.685	Adding Relaxed write version for base64_to_binary_safe (#752)
2025-04-23	7a4cd18ff711		validate_utf16le	60.717	Adding Relaxed write version for base64_to_binary_safe (#752)
2025-04-23	7a4cd18ff711		utf8_to_utf16le	6.814	Adding Relaxed write version for base64_to_binary_safe (#752)
2025-04-23	7a4cd18ff711		utf16le_to_utf8	12.348	Adding Relaxed write version for base64_to_binary_safe (#752)
2025-04-23	7a4cd18ff711		base64_encode	28.817	Adding Relaxed write version for base64_to_binary_safe (#752)
2025-04-23	7a4cd18ff711		base64_decode	38.623	Adding Relaxed write version for base64_to_binary_safe (#752)
2025-04-24	b7f8988f7bd8		validate_utf8	20.221	atomic_binary_to_base64 is too atomic: the requested feature was atomic reads (#756)
2025-04-24	b7f8988f7bd8		validate_ascii	82.752	atomic_binary_to_base64 is too atomic: the requested feature was atomic reads (#756)
2025-04-24	b7f8988f7bd8		validate_utf16le	61.065	atomic_binary_to_base64 is too atomic: the requested feature was atomic reads (#756)
2025-04-24	b7f8988f7bd8		utf8_to_utf16le	6.808	atomic_binary_to_base64 is too atomic: the requested feature was atomic reads (#756)
2025-04-24	b7f8988f7bd8		utf16le_to_utf8	12.314	atomic_binary_to_base64 is too atomic: the requested feature was atomic reads (#756)
2025-04-24	b7f8988f7bd8		base64_encode	29.411	atomic_binary_to_base64 is too atomic: the requested feature was atomic reads (#756)
2025-04-24	b7f8988f7bd8		base64_decode	38.718	atomic_binary_to_base64 is too atomic: the requested feature was atomic reads (#756)
2025-04-24	cff5da3a5d98		validate_utf8	20.242	Merge pull request #759 from WojciechMula/rvv-faster-valid-utf32-to-utf8
2025-04-24	cff5da3a5d98		validate_ascii	82.732	Merge pull request #759 from WojciechMula/rvv-faster-valid-utf32-to-utf8
2025-04-24	cff5da3a5d98		validate_utf16le	61.282	Merge pull request #759 from WojciechMula/rvv-faster-valid-utf32-to-utf8
2025-04-24	cff5da3a5d98		utf8_to_utf16le	6.832	Merge pull request #759 from WojciechMula/rvv-faster-valid-utf32-to-utf8
2025-04-24	cff5da3a5d98		utf16le_to_utf8	12.315	Merge pull request #759 from WojciechMula/rvv-faster-valid-utf32-to-utf8
2025-04-24	cff5da3a5d98		base64_encode	29.453	Merge pull request #759 from WojciechMula/rvv-faster-valid-utf32-to-utf8
2025-04-24	cff5da3a5d98		base64_decode	38.706	Merge pull request #759 from WojciechMula/rvv-faster-valid-utf32-to-utf8
2025-04-25	2ec1ab0e9859		validate_utf8	20.223	fix missing const in std::span inputs #761
2025-04-25	2ec1ab0e9859		validate_ascii	82.764	fix missing const in std::span inputs #761
2025-04-25	2ec1ab0e9859		validate_utf16le	61.026	fix missing const in std::span inputs #761
2025-04-25	2ec1ab0e9859		utf8_to_utf16le	6.823	fix missing const in std::span inputs #761
2025-04-25	2ec1ab0e9859		utf16le_to_utf8	12.320	fix missing const in std::span inputs #761
2025-04-25	2ec1ab0e9859		base64_encode	29.407	fix missing const in std::span inputs #761
2025-04-25	2ec1ab0e9859		base64_decode	38.537	fix missing const in std::span inputs #761
2025-04-25	56b73f5cd7fb		validate_utf8	20.221	Merge pull request #758 from WojciechMula/loongarch-to-well-formed
2025-04-25	56b73f5cd7fb		validate_ascii	82.623	Merge pull request #758 from WojciechMula/loongarch-to-well-formed
2025-04-25	56b73f5cd7fb		validate_utf16le	60.949	Merge pull request #758 from WojciechMula/loongarch-to-well-formed
2025-04-25	56b73f5cd7fb		utf8_to_utf16le	6.811	Merge pull request #758 from WojciechMula/loongarch-to-well-formed
2025-04-25	56b73f5cd7fb		utf16le_to_utf8	12.338	Merge pull request #758 from WojciechMula/loongarch-to-well-formed
2025-04-25	56b73f5cd7fb		base64_encode	29.432	Merge pull request #758 from WojciechMula/loongarch-to-well-formed
2025-04-25	56b73f5cd7fb		base64_decode	38.712	Merge pull request #758 from WojciechMula/loongarch-to-well-formed
2025-04-26	986d533ccb83		validate_utf8	20.259	Address WebKit Issue 290829: Maximize output in base64_to_binary_safe when an invalid character is encountered. (#762)
2025-04-26	986d533ccb83		validate_ascii	82.746	Address WebKit Issue 290829: Maximize output in base64_to_binary_safe when an invalid character is encountered. (#762)
2025-04-26	986d533ccb83		validate_utf16le	61.159	Address WebKit Issue 290829: Maximize output in base64_to_binary_safe when an invalid character is encountered. (#762)
2025-04-26	986d533ccb83		utf8_to_utf16le	6.833	Address WebKit Issue 290829: Maximize output in base64_to_binary_safe when an invalid character is encountered. (#762)
2025-04-26	986d533ccb83		utf16le_to_utf8	12.301	Address WebKit Issue 290829: Maximize output in base64_to_binary_safe when an invalid character is encountered. (#762)
2025-04-26	986d533ccb83		base64_encode	29.304	Address WebKit Issue 290829: Maximize output in base64_to_binary_safe when an invalid character is encountered. (#762)
2025-04-26	986d533ccb83		base64_decode	38.629	Address WebKit Issue 290829: Maximize output in base64_to_binary_safe when an invalid character is encountered. (#762)
2025-04-30	19ff88964032		validate_utf8	20.238	improve atomic_base64_to_binary_safe
2025-04-30	19ff88964032		validate_ascii	82.729	improve atomic_base64_to_binary_safe
2025-04-30	19ff88964032		validate_utf16le	61.074	improve atomic_base64_to_binary_safe
2025-04-30	19ff88964032		utf8_to_utf16le	6.852	improve atomic_base64_to_binary_safe
2025-04-30	19ff88964032		utf16le_to_utf8	12.320	improve atomic_base64_to_binary_safe
2025-04-30	19ff88964032		base64_encode	29.405	improve atomic_base64_to_binary_safe
2025-04-30	19ff88964032		base64_decode	38.435	improve atomic_base64_to_binary_safe
2025-04-30	ecd93430c984		validate_utf8	20.235	accelerate atomic base64 without simd (#770)
2025-04-30	ecd93430c984		validate_ascii	82.633	accelerate atomic base64 without simd (#770)
2025-04-30	ecd93430c984		validate_utf16le	61.076	accelerate atomic base64 without simd (#770)
2025-04-30	ecd93430c984		utf8_to_utf16le	6.805	accelerate atomic base64 without simd (#770)
2025-04-30	ecd93430c984		utf16le_to_utf8	12.282	accelerate atomic base64 without simd (#770)
2025-04-30	ecd93430c984		base64_encode	29.418	accelerate atomic base64 without simd (#770)
2025-04-30	ecd93430c984		base64_decode	38.537	accelerate atomic base64 without simd (#770)
2025-04-30	da645ece4126		validate_utf8	20.250	silence unused warnings (#768)
2025-04-30	da645ece4126		validate_ascii	82.762	silence unused warnings (#768)
2025-04-30	da645ece4126		validate_utf16le	60.851	silence unused warnings (#768)
2025-04-30	da645ece4126		utf8_to_utf16le	6.858	silence unused warnings (#768)
2025-04-30	da645ece4126		utf16le_to_utf8	12.287	silence unused warnings (#768)
2025-04-30	da645ece4126		base64_encode	29.420	silence unused warnings (#768)
2025-04-30	da645ece4126		base64_decode	38.615	silence unused warnings (#768)
2025-04-30	2fb469e09d59		validate_utf8	20.237	v7.0.0
2025-04-30	2fb469e09d59		validate_ascii	82.748	v7.0.0
2025-04-30	2fb469e09d59		validate_utf16le	61.042	v7.0.0
2025-04-30	2fb469e09d59		utf8_to_utf16le	6.836	v7.0.0
2025-04-30	2fb469e09d59		utf16le_to_utf8	12.274	v7.0.0
2025-04-30	2fb469e09d59		base64_encode	29.421	v7.0.0
2025-04-30	2fb469e09d59		base64_decode	38.685	v7.0.0
2025-04-30	39e15b99a028		validate_utf8	20.221	Fix scope error in atomic thread test (#772)
2025-04-30	39e15b99a028		validate_ascii	82.753	Fix scope error in atomic thread test (#772)
2025-04-30	39e15b99a028		validate_utf16le	60.769	Fix scope error in atomic thread test (#772)
2025-04-30	39e15b99a028		utf8_to_utf16le	6.849	Fix scope error in atomic thread test (#772)
2025-04-30	39e15b99a028		utf16le_to_utf8	12.331	Fix scope error in atomic thread test (#772)
2025-04-30	39e15b99a028		base64_encode	29.468	Fix scope error in atomic thread test (#772)
2025-04-30	39e15b99a028		base64_decode	38.690	Fix scope error in atomic thread test (#772)
2025-04-30	e1bc288253b0		validate_utf8	20.199	Support hybrid base64 decoding (#773)
2025-04-30	e1bc288253b0		validate_ascii	82.760	Support hybrid base64 decoding (#773)
2025-04-30	e1bc288253b0		validate_utf16le	60.324	Support hybrid base64 decoding (#773)
2025-04-30	e1bc288253b0		utf8_to_utf16le	6.821	Support hybrid base64 decoding (#773)
2025-04-30	e1bc288253b0		utf16le_to_utf8	12.306	Support hybrid base64 decoding (#773)
2025-04-30	e1bc288253b0		base64_encode	29.288	Support hybrid base64 decoding (#773)
2025-04-30	e1bc288253b0		base64_decode	38.730	Support hybrid base64 decoding (#773)
2025-04-30	6618a9cbca23		validate_utf8	20.195	base64_to_binary_safe span version returns outlen (#771)
2025-04-30	6618a9cbca23		validate_ascii	82.739	base64_to_binary_safe span version returns outlen (#771)
2025-04-30	6618a9cbca23		validate_utf16le	60.531	base64_to_binary_safe span version returns outlen (#771)
2025-04-30	6618a9cbca23		utf8_to_utf16le	6.837	base64_to_binary_safe span version returns outlen (#771)
2025-04-30	6618a9cbca23		utf16le_to_utf8	12.262	base64_to_binary_safe span version returns outlen (#771)
2025-04-30	6618a9cbca23		base64_encode	29.430	base64_to_binary_safe span version returns outlen (#771)
2025-04-30	6618a9cbca23		base64_decode	38.763	base64_to_binary_safe span version returns outlen (#771)
2025-05-01	b3f4cf90f3c1	v7.0.0	validate_utf8	20.190	fixes issue 763 (#774)
2025-05-01	b3f4cf90f3c1	v7.0.0	validate_ascii	82.769	fixes issue 763 (#774)
2025-05-01	b3f4cf90f3c1	v7.0.0	validate_utf16le	60.519	fixes issue 763 (#774)
2025-05-01	b3f4cf90f3c1	v7.0.0	utf8_to_utf16le	6.792	fixes issue 763 (#774)
2025-05-01	b3f4cf90f3c1	v7.0.0	utf16le_to_utf8	12.271	fixes issue 763 (#774)
2025-05-01	b3f4cf90f3c1	v7.0.0	base64_encode	29.464	fixes issue 763 (#774)
2025-05-01	b3f4cf90f3c1	v7.0.0	base64_decode	38.706	fixes issue 763 (#774)
2025-05-01	144709b90c2c		validate_utf8	20.206	Merge pull request #777 from WojciechMula/better-validate-utf16be
2025-05-01	144709b90c2c		validate_ascii	82.694	Merge pull request #777 from WojciechMula/better-validate-utf16be
2025-05-01	144709b90c2c		validate_utf16le	60.493	Merge pull request #777 from WojciechMula/better-validate-utf16be
2025-05-01	144709b90c2c		utf8_to_utf16le	6.838	Merge pull request #777 from WojciechMula/better-validate-utf16be
2025-05-01	144709b90c2c		utf16le_to_utf8	12.335	Merge pull request #777 from WojciechMula/better-validate-utf16be
2025-05-01	144709b90c2c		base64_encode	29.600	Merge pull request #777 from WojciechMula/better-validate-utf16be
2025-05-01	144709b90c2c		base64_decode	38.654	Merge pull request #777 from WojciechMula/better-validate-utf16be
2025-05-03	8fdeb5001e9f		validate_utf8	20.201	rvv: a bit simpler UTF-8 validation (#779)
2025-05-03	8fdeb5001e9f		validate_ascii	82.750	rvv: a bit simpler UTF-8 validation (#779)
2025-05-03	8fdeb5001e9f		validate_utf16le	60.105	rvv: a bit simpler UTF-8 validation (#779)
2025-05-03	8fdeb5001e9f		utf8_to_utf16le	6.849	rvv: a bit simpler UTF-8 validation (#779)
2025-05-03	8fdeb5001e9f		utf16le_to_utf8	12.323	rvv: a bit simpler UTF-8 validation (#779)
2025-05-03	8fdeb5001e9f		base64_encode	29.390	rvv: a bit simpler UTF-8 validation (#779)
2025-05-03	8fdeb5001e9f		base64_decode	38.731	rvv: a bit simpler UTF-8 validation (#779)
2025-05-03	3513ad77da24		validate_utf8	20.272	fix stop_before_partial inconsistency (#778)
2025-05-03	3513ad77da24		validate_ascii	82.755	fix stop_before_partial inconsistency (#778)
2025-05-03	3513ad77da24		validate_utf16le	60.850	fix stop_before_partial inconsistency (#778)
2025-05-03	3513ad77da24		utf8_to_utf16le	6.830	fix stop_before_partial inconsistency (#778)
2025-05-03	3513ad77da24		utf16le_to_utf8	12.277	fix stop_before_partial inconsistency (#778)
2025-05-03	3513ad77da24		base64_encode	29.421	fix stop_before_partial inconsistency (#778)
2025-05-03	3513ad77da24		base64_decode	38.716	fix stop_before_partial inconsistency (#778)
2025-05-03	c1a5a30b0cf2		validate_utf8	20.277	Stop before partial fix (#782)
2025-05-03	c1a5a30b0cf2		validate_ascii	82.751	Stop before partial fix (#782)
2025-05-03	c1a5a30b0cf2		validate_utf16le	60.617	Stop before partial fix (#782)
2025-05-03	c1a5a30b0cf2		utf8_to_utf16le	6.827	Stop before partial fix (#782)
2025-05-03	c1a5a30b0cf2		utf16le_to_utf8	12.291	Stop before partial fix (#782)
2025-05-03	c1a5a30b0cf2		base64_encode	29.363	Stop before partial fix (#782)
2025-05-03	c1a5a30b0cf2		base64_decode	38.665	Stop before partial fix (#782)
2025-05-08	c29efcadb332		validate_utf8	20.206	s390x: Test with C++20, fix an atomic_base64 test (#787)
2025-05-08	c29efcadb332		validate_ascii	82.766	s390x: Test with C++20, fix an atomic_base64 test (#787)
2025-05-08	c29efcadb332		validate_utf16le	61.086	s390x: Test with C++20, fix an atomic_base64 test (#787)
2025-05-08	c29efcadb332		utf8_to_utf16le	6.810	s390x: Test with C++20, fix an atomic_base64 test (#787)
2025-05-08	c29efcadb332		utf16le_to_utf8	12.318	s390x: Test with C++20, fix an atomic_base64 test (#787)
2025-05-08	c29efcadb332		base64_encode	29.514	s390x: Test with C++20, fix an atomic_base64 test (#787)
2025-05-08	c29efcadb332		base64_decode	38.599	s390x: Test with C++20, fix an atomic_base64 test (#787)
2025-05-13	c885c69aa5b5		validate_utf8	20.229	Merge pull request #784 from WojciechMula/test-valid-utf32-to-utf16
2025-05-13	c885c69aa5b5		validate_ascii	82.741	Merge pull request #784 from WojciechMula/test-valid-utf32-to-utf16
2025-05-13	c885c69aa5b5		validate_utf16le	60.581	Merge pull request #784 from WojciechMula/test-valid-utf32-to-utf16
2025-05-13	c885c69aa5b5		utf8_to_utf16le	6.810	Merge pull request #784 from WojciechMula/test-valid-utf32-to-utf16
2025-05-13	c885c69aa5b5		utf16le_to_utf8	12.275	Merge pull request #784 from WojciechMula/test-valid-utf32-to-utf16
2025-05-13	c885c69aa5b5		base64_encode	29.389	Merge pull request #784 from WojciechMula/test-valid-utf32-to-utf16
2025-05-13	c885c69aa5b5		base64_decode	38.633	Merge pull request #784 from WojciechMula/test-valid-utf32-to-utf16
2025-05-13	b6608b18ead0		validate_utf8	20.271	Merge pull request #785 from WojciechMula/benchmark-sort-out-names
2025-05-13	b6608b18ead0		validate_ascii	82.751	Merge pull request #785 from WojciechMula/benchmark-sort-out-names
2025-05-13	b6608b18ead0		validate_utf16le	60.630	Merge pull request #785 from WojciechMula/benchmark-sort-out-names
2025-05-13	b6608b18ead0		utf8_to_utf16le	6.828	Merge pull request #785 from WojciechMula/benchmark-sort-out-names
2025-05-13	b6608b18ead0		utf16le_to_utf8	12.303	Merge pull request #785 from WojciechMula/benchmark-sort-out-names
2025-05-13	b6608b18ead0		base64_encode	29.385	Merge pull request #785 from WojciechMula/benchmark-sort-out-names
2025-05-13	b6608b18ead0		base64_decode	38.652	Merge pull request #785 from WojciechMula/benchmark-sort-out-names
2025-05-13	988d8022e134		validate_utf8	20.219	Merge pull request #788 from WojciechMula/rvv-faster-utf32-to-utf16
2025-05-13	988d8022e134		validate_ascii	82.603	Merge pull request #788 from WojciechMula/rvv-faster-utf32-to-utf16
2025-05-13	988d8022e134		validate_utf16le	60.677	Merge pull request #788 from WojciechMula/rvv-faster-utf32-to-utf16
2025-05-13	988d8022e134		utf8_to_utf16le	6.819	Merge pull request #788 from WojciechMula/rvv-faster-utf32-to-utf16
2025-05-13	988d8022e134		utf16le_to_utf8	12.311	Merge pull request #788 from WojciechMula/rvv-faster-utf32-to-utf16
2025-05-13	988d8022e134		base64_encode	29.405	Merge pull request #788 from WojciechMula/rvv-faster-utf32-to-utf16
2025-05-13	988d8022e134		base64_decode	38.671	Merge pull request #788 from WojciechMula/rvv-faster-utf32-to-utf16
2025-05-16	825887dc6ec5		validate_utf8	20.273	aarch64 base64decode: replace TBL+RHADD with CLZ for delta_hash (#783)
2025-05-16	825887dc6ec5		validate_ascii	78.009	aarch64 base64decode: replace TBL+RHADD with CLZ for delta_hash (#783)
2025-05-16	825887dc6ec5		validate_utf16le	60.775	aarch64 base64decode: replace TBL+RHADD with CLZ for delta_hash (#783)
2025-05-16	825887dc6ec5		utf8_to_utf16le	6.846	aarch64 base64decode: replace TBL+RHADD with CLZ for delta_hash (#783)
2025-05-16	825887dc6ec5		utf16le_to_utf8	12.305	aarch64 base64decode: replace TBL+RHADD with CLZ for delta_hash (#783)
2025-05-16	825887dc6ec5		base64_encode	29.201	aarch64 base64decode: replace TBL+RHADD with CLZ for delta_hash (#783)
2025-05-16	825887dc6ec5		base64_decode	38.533	aarch64 base64decode: replace TBL+RHADD with CLZ for delta_hash (#783)
2025-05-17	c622bf285639		validate_utf8	20.246	Release candidate 7.1.0 (#790)
2025-05-17	c622bf285639		validate_ascii	82.735	Release candidate 7.1.0 (#790)
2025-05-17	c622bf285639		validate_utf16le	61.172	Release candidate 7.1.0 (#790)
2025-05-17	c622bf285639		utf8_to_utf16le	6.859	Release candidate 7.1.0 (#790)
2025-05-17	c622bf285639		utf16le_to_utf8	12.178	Release candidate 7.1.0 (#790)
2025-05-17	c622bf285639		base64_encode	29.397	Release candidate 7.1.0 (#790)
2025-05-17	c622bf285639		base64_decode	37.187	Release candidate 7.1.0 (#790)
2025-05-17	cd79a258af78	v7.1.0	validate_utf8	20.253	adding dash tests
2025-05-17	cd79a258af78	v7.1.0	validate_ascii	82.636	adding dash tests
2025-05-17	cd79a258af78	v7.1.0	validate_utf16le	61.106	adding dash tests
2025-05-17	cd79a258af78	v7.1.0	utf8_to_utf16le	6.827	adding dash tests
2025-05-17	cd79a258af78	v7.1.0	utf16le_to_utf8	12.154	adding dash tests
2025-05-17	cd79a258af78	v7.1.0	base64_encode	29.400	adding dash tests
2025-05-17	cd79a258af78	v7.1.0	base64_decode	36.603	adding dash tests
2025-05-18	e235e6c42684		validate_utf8	20.239	removing stop_before_partial for roundtrip test
2025-05-18	e235e6c42684		validate_ascii	82.753	removing stop_before_partial for roundtrip test
2025-05-18	e235e6c42684		validate_utf16le	61.367	removing stop_before_partial for roundtrip test
2025-05-18	e235e6c42684		utf8_to_utf16le	6.814	removing stop_before_partial for roundtrip test
2025-05-18	e235e6c42684		utf16le_to_utf8	12.197	removing stop_before_partial for roundtrip test
2025-05-18	e235e6c42684		base64_encode	29.502	removing stop_before_partial for roundtrip test
2025-05-18	e235e6c42684		base64_decode	38.071	removing stop_before_partial for roundtrip test
2025-05-23	c6bf96e105fb		validate_utf8	20.208	fixing the base64 garbage processing (#791)
2025-05-23	c6bf96e105fb		validate_ascii	82.737	fixing the base64 garbage processing (#791)
2025-05-23	c6bf96e105fb		validate_utf16le	61.195	fixing the base64 garbage processing (#791)
2025-05-23	c6bf96e105fb		utf8_to_utf16le	6.831	fixing the base64 garbage processing (#791)
2025-05-23	c6bf96e105fb		utf16le_to_utf8	12.427	fixing the base64 garbage processing (#791)
2025-05-23	c6bf96e105fb		base64_encode	29.566	fixing the base64 garbage processing (#791)
2025-05-23	c6bf96e105fb		base64_decode	35.357	fixing the base64 garbage processing (#791)
2025-05-23	21ab22256738		validate_utf8	20.243	support for DLL when not using Visual Studio (#796)
2025-05-23	21ab22256738		validate_ascii	82.643	support for DLL when not using Visual Studio (#796)
2025-05-23	21ab22256738		validate_utf16le	60.981	support for DLL when not using Visual Studio (#796)
2025-05-23	21ab22256738		utf8_to_utf16le	6.808	support for DLL when not using Visual Studio (#796)
2025-05-23	21ab22256738		utf16le_to_utf8	12.372	support for DLL when not using Visual Studio (#796)
2025-05-23	21ab22256738		base64_encode	29.443	support for DLL when not using Visual Studio (#796)
2025-05-23	21ab22256738		base64_decode	36.034	support for DLL when not using Visual Studio (#796)
2025-05-25	e9d7f9ce9078		validate_utf8	20.205	Issue 797 (#798)
2025-05-25	e9d7f9ce9078		validate_ascii	82.750	Issue 797 (#798)
2025-05-25	e9d7f9ce9078		validate_utf16le	60.342	Issue 797 (#798)
2025-05-25	e9d7f9ce9078		utf8_to_utf16le	6.815	Issue 797 (#798)
2025-05-25	e9d7f9ce9078		utf16le_to_utf8	12.310	Issue 797 (#798)
2025-05-25	e9d7f9ce9078		base64_encode	29.485	Issue 797 (#798)
2025-05-25	e9d7f9ce9078		base64_decode	38.572	Issue 797 (#798)
2025-05-25	d78c8776e383		validate_utf8	20.184	Exposing find (#799)
2025-05-25	d78c8776e383		validate_ascii	82.739	Exposing find (#799)
2025-05-25	d78c8776e383		validate_utf16le	61.000	Exposing find (#799)
2025-05-25	d78c8776e383		utf8_to_utf16le	6.813	Exposing find (#799)
2025-05-25	d78c8776e383		utf16le_to_utf8	12.350	Exposing find (#799)
2025-05-25	d78c8776e383		base64_encode	29.498	Exposing find (#799)
2025-05-25	d78c8776e383		base64_decode	38.553	Exposing find (#799)
2025-05-25	0660828f05eb		validate_utf8	20.189	lint
2025-05-25	0660828f05eb		validate_ascii	82.764	lint
2025-05-25	0660828f05eb		validate_utf16le	60.794	lint
2025-05-25	0660828f05eb		utf8_to_utf16le	6.827	lint
2025-05-25	0660828f05eb		utf16le_to_utf8	12.354	lint
2025-05-25	0660828f05eb		base64_encode	29.397	lint
2025-05-25	0660828f05eb		base64_decode	38.540	lint
2025-05-26	e37195c5d5a9		validate_utf8	20.165	Merge branch 'master' of https://github.com/simdutf/simdutf
2025-05-26	e37195c5d5a9		validate_ascii	82.691	Merge branch 'master' of https://github.com/simdutf/simdutf
2025-05-26	e37195c5d5a9		validate_utf16le	61.091	Merge branch 'master' of https://github.com/simdutf/simdutf
2025-05-26	e37195c5d5a9		utf8_to_utf16le	6.815	Merge branch 'master' of https://github.com/simdutf/simdutf
2025-05-26	e37195c5d5a9		utf16le_to_utf8	12.351	Merge branch 'master' of https://github.com/simdutf/simdutf
2025-05-26	e37195c5d5a9		base64_encode	29.431	Merge branch 'master' of https://github.com/simdutf/simdutf
2025-05-26	e37195c5d5a9		base64_decode	38.472	Merge branch 'master' of https://github.com/simdutf/simdutf
2025-05-27	01cd856aa8b0		validate_utf8	20.113	marking atomic functions as experimental (#801)
2025-05-27	01cd856aa8b0		validate_ascii	82.755	marking atomic functions as experimental (#801)
2025-05-27	01cd856aa8b0		validate_utf16le	61.309	marking atomic functions as experimental (#801)
2025-05-27	01cd856aa8b0		utf8_to_utf16le	6.868	marking atomic functions as experimental (#801)
2025-05-27	01cd856aa8b0		utf16le_to_utf8	12.348	marking atomic functions as experimental (#801)
2025-05-27	01cd856aa8b0		base64_encode	29.334	marking atomic functions as experimental (#801)
2025-05-27	01cd856aa8b0		base64_decode	38.483	marking atomic functions as experimental (#801)
2025-05-27	b84fecb9b3c0		validate_utf8	20.216	including atomic tests in CI
2025-05-27	b84fecb9b3c0		validate_ascii	82.696	including atomic tests in CI
2025-05-27	b84fecb9b3c0		validate_utf16le	60.974	including atomic tests in CI
2025-05-27	b84fecb9b3c0		utf8_to_utf16le	6.824	including atomic tests in CI
2025-05-27	b84fecb9b3c0		utf16le_to_utf8	12.351	including atomic tests in CI
2025-05-27	b84fecb9b3c0		base64_encode	29.381	including atomic tests in CI
2025-05-27	b84fecb9b3c0		base64_decode	38.651	including atomic tests in CI
2025-05-27	dfaaa29b9855	v7.2.1	validate_utf8	20.219	patch release
2025-05-27	dfaaa29b9855	v7.2.1	validate_ascii	82.747	patch release
2025-05-27	dfaaa29b9855	v7.2.1	validate_utf16le	61.198	patch release
2025-05-27	dfaaa29b9855	v7.2.1	utf8_to_utf16le	6.844	patch release
2025-05-27	dfaaa29b9855	v7.2.1	utf16le_to_utf8	12.353	patch release
2025-05-27	dfaaa29b9855	v7.2.1	base64_encode	29.586	patch release
2025-05-27	dfaaa29b9855	v7.2.1	base64_decode	38.537	patch release
2025-05-28	3913ca3b9648		validate_utf8	20.197	 _safe variant of convert_utf16_to_utf8  (#802)
2025-05-28	3913ca3b9648		validate_ascii	82.694	 _safe variant of convert_utf16_to_utf8  (#802)
2025-05-28	3913ca3b9648		validate_utf16le	60.811	 _safe variant of convert_utf16_to_utf8  (#802)
2025-05-28	3913ca3b9648		utf8_to_utf16le	6.858	 _safe variant of convert_utf16_to_utf8  (#802)
2025-05-28	3913ca3b9648		utf16le_to_utf8	12.315	 _safe variant of convert_utf16_to_utf8  (#802)
2025-05-28	3913ca3b9648		base64_encode	29.428	 _safe variant of convert_utf16_to_utf8  (#802)
2025-05-28	3913ca3b9648		base64_decode	38.594	 _safe variant of convert_utf16_to_utf8  (#802)
2025-05-28	02111c468e44	v7.3.0	validate_utf8	20.179	release
2025-05-28	02111c468e44	v7.3.0	validate_ascii	82.747	release
2025-05-28	02111c468e44	v7.3.0	validate_utf16le	60.866	release
2025-05-28	02111c468e44	v7.3.0	utf8_to_utf16le	6.851	release
2025-05-28	02111c468e44	v7.3.0	utf16le_to_utf8	12.304	release
2025-05-28	02111c468e44	v7.3.0	base64_encode	27.731	release
2025-05-28	02111c468e44	v7.3.0	base64_decode	38.472	release
2025-06-01	aed769310297		validate_utf8	20.214	Fix macOS build by replacing --gc-sections with -dead_strip (#804)
2025-06-01	aed769310297		validate_ascii	82.757	Fix macOS build by replacing --gc-sections with -dead_strip (#804)
2025-06-01	aed769310297		validate_utf16le	60.804	Fix macOS build by replacing --gc-sections with -dead_strip (#804)
2025-06-01	aed769310297		utf8_to_utf16le	6.819	Fix macOS build by replacing --gc-sections with -dead_strip (#804)
2025-06-01	aed769310297		utf16le_to_utf8	12.335	Fix macOS build by replacing --gc-sections with -dead_strip (#804)
2025-06-01	aed769310297		base64_encode	29.488	Fix macOS build by replacing --gc-sections with -dead_strip (#804)
2025-06-01	aed769310297		base64_decode	37.977	Fix macOS build by replacing --gc-sections with -dead_strip (#804)
2025-06-01	7962d768eb1b		validate_utf8	20.188	reduce the binary size under macos (#805)
2025-06-01	7962d768eb1b		validate_ascii	82.745	reduce the binary size under macos (#805)
2025-06-01	7962d768eb1b		validate_utf16le	60.499	reduce the binary size under macos (#805)
2025-06-01	7962d768eb1b		utf8_to_utf16le	6.828	reduce the binary size under macos (#805)
2025-06-01	7962d768eb1b		utf16le_to_utf8	12.336	reduce the binary size under macos (#805)
2025-06-01	7962d768eb1b		base64_encode	28.902	reduce the binary size under macos (#805)
2025-06-01	7962d768eb1b		base64_decode	38.623	reduce the binary size under macos (#805)
2025-06-02	4cd204dfc2ac		validate_utf8	20.228	adds some documentation for std::span overloads (#803)
2025-06-02	4cd204dfc2ac		validate_ascii	82.725	adds some documentation for std::span overloads (#803)
2025-06-02	4cd204dfc2ac		validate_utf16le	60.977	adds some documentation for std::span overloads (#803)
2025-06-02	4cd204dfc2ac		utf8_to_utf16le	6.853	adds some documentation for std::span overloads (#803)
2025-06-02	4cd204dfc2ac		utf16le_to_utf8	12.376	adds some documentation for std::span overloads (#803)
2025-06-02	4cd204dfc2ac		base64_encode	29.416	adds some documentation for std::span overloads (#803)
2025-06-02	4cd204dfc2ac		base64_decode	38.528	adds some documentation for std::span overloads (#803)
2025-06-02	36e2d53e8f18		validate_utf8	20.244	Fix tools/CMakeLists.txt to support Clang in osxcross for macOS compilation (#806)
2025-06-02	36e2d53e8f18		validate_ascii	82.761	Fix tools/CMakeLists.txt to support Clang in osxcross for macOS compilation (#806)
2025-06-02	36e2d53e8f18		validate_utf16le	60.704	Fix tools/CMakeLists.txt to support Clang in osxcross for macOS compilation (#806)
2025-06-02	36e2d53e8f18		utf8_to_utf16le	6.838	Fix tools/CMakeLists.txt to support Clang in osxcross for macOS compilation (#806)
2025-06-02	36e2d53e8f18		utf16le_to_utf8	12.330	Fix tools/CMakeLists.txt to support Clang in osxcross for macOS compilation (#806)
2025-06-02	36e2d53e8f18		base64_encode	29.533	Fix tools/CMakeLists.txt to support Clang in osxcross for macOS compilation (#806)
2025-06-02	36e2d53e8f18		base64_decode	38.650	Fix tools/CMakeLists.txt to support Clang in osxcross for macOS compilation (#806)
2025-06-03	42910a1ccf45		validate_utf8	20.249	adding emscripten build test (#807)
2025-06-03	42910a1ccf45		validate_ascii	82.748	adding emscripten build test (#807)
2025-06-03	42910a1ccf45		validate_utf16le	60.858	adding emscripten build test (#807)
2025-06-03	42910a1ccf45		utf8_to_utf16le	6.827	adding emscripten build test (#807)
2025-06-03	42910a1ccf45		utf16le_to_utf8	12.367	adding emscripten build test (#807)
2025-06-03	42910a1ccf45		base64_encode	29.496	adding emscripten build test (#807)
2025-06-03	42910a1ccf45		base64_decode	38.608	adding emscripten build test (#807)
2025-06-09	df1b2dc233a3		validate_utf8	20.182	Fix MSVC noexcept analysis warnings (#809)
2025-06-09	df1b2dc233a3		validate_ascii	82.731	Fix MSVC noexcept analysis warnings (#809)
2025-06-09	df1b2dc233a3		validate_utf16le	61.106	Fix MSVC noexcept analysis warnings (#809)
2025-06-09	df1b2dc233a3		utf8_to_utf16le	6.823	Fix MSVC noexcept analysis warnings (#809)
2025-06-09	df1b2dc233a3		utf16le_to_utf8	12.336	Fix MSVC noexcept analysis warnings (#809)
2025-06-09	df1b2dc233a3		base64_encode	29.420	Fix MSVC noexcept analysis warnings (#809)
2025-06-09	df1b2dc233a3		base64_decode	38.619	Fix MSVC noexcept analysis warnings (#809)
2025-06-10	b1ddc487e1b8		validate_utf8	20.206	Implement lsx + lasx find function (#808)
2025-06-10	b1ddc487e1b8		validate_ascii	82.750	Implement lsx + lasx find function (#808)
2025-06-10	b1ddc487e1b8		validate_utf16le	60.962	Implement lsx + lasx find function (#808)
2025-06-10	b1ddc487e1b8		utf8_to_utf16le	6.847	Implement lsx + lasx find function (#808)
2025-06-10	b1ddc487e1b8		utf16le_to_utf8	12.306	Implement lsx + lasx find function (#808)
2025-06-10	b1ddc487e1b8		base64_encode	29.520	Implement lsx + lasx find function (#808)
2025-06-10	b1ddc487e1b8		base64_decode	38.654	Implement lsx + lasx find function (#808)
2025-06-13	80d025285198		validate_utf8	20.133	CMake: Guard shell-based tests with SIMDUTF_TESTS (#811)
2025-06-13	80d025285198		validate_ascii	82.759	CMake: Guard shell-based tests with SIMDUTF_TESTS (#811)
2025-06-13	80d025285198		validate_utf16le	61.111	CMake: Guard shell-based tests with SIMDUTF_TESTS (#811)
2025-06-13	80d025285198		utf8_to_utf16le	6.847	CMake: Guard shell-based tests with SIMDUTF_TESTS (#811)
2025-06-13	80d025285198		utf16le_to_utf8	12.344	CMake: Guard shell-based tests with SIMDUTF_TESTS (#811)
2025-06-13	80d025285198		base64_encode	29.434	CMake: Guard shell-based tests with SIMDUTF_TESTS (#811)
2025-06-13	80d025285198		base64_decode	38.631	CMake: Guard shell-based tests with SIMDUTF_TESTS (#811)
2025-06-17	462fdaa9d7fd		validate_utf8	20.220	Implement rvv find function (#810)
2025-06-17	462fdaa9d7fd		validate_ascii	82.738	Implement rvv find function (#810)
2025-06-17	462fdaa9d7fd		validate_utf16le	60.938	Implement rvv find function (#810)
2025-06-17	462fdaa9d7fd		utf8_to_utf16le	6.831	Implement rvv find function (#810)
2025-06-17	462fdaa9d7fd		utf16le_to_utf8	12.343	Implement rvv find function (#810)
2025-06-17	462fdaa9d7fd		base64_encode	29.433	Implement rvv find function (#810)
2025-06-17	462fdaa9d7fd		base64_decode	38.595	Implement rvv find function (#810)
2025-06-17	9db07f0cd1bd	v7.3.1	validate_utf8	20.208	version 7.3.1
2025-06-17	9db07f0cd1bd	v7.3.1	validate_ascii	82.742	version 7.3.1
2025-06-17	9db07f0cd1bd	v7.3.1	validate_utf16le	61.272	version 7.3.1
2025-06-17	9db07f0cd1bd	v7.3.1	utf8_to_utf16le	6.859	version 7.3.1
2025-06-17	9db07f0cd1bd	v7.3.1	utf16le_to_utf8	12.323	version 7.3.1
2025-06-17	9db07f0cd1bd	v7.3.1	base64_encode	29.437	version 7.3.1
2025-06-17	9db07f0cd1bd	v7.3.1	base64_decode	38.621	version 7.3.1
2025-06-25	aaff58f22b2c		validate_utf8	20.192	adding tests to check feature macros (#813)
2025-06-25	aaff58f22b2c		validate_ascii	82.773	adding tests to check feature macros (#813)
2025-06-25	aaff58f22b2c		validate_utf16le	60.911	adding tests to check feature macros (#813)
2025-06-25	aaff58f22b2c		utf8_to_utf16le	6.824	adding tests to check feature macros (#813)
2025-06-25	aaff58f22b2c		utf16le_to_utf8	12.343	adding tests to check feature macros (#813)
2025-06-25	aaff58f22b2c		base64_encode	29.350	adding tests to check feature macros (#813)
2025-06-25	aaff58f22b2c		base64_decode	38.589	adding tests to check feature macros (#813)
2025-06-25	ed646741ea66		validate_utf8	20.240	adding a nice to_well_formed benchmark (#814)
2025-06-25	ed646741ea66		validate_ascii	82.738	adding a nice to_well_formed benchmark (#814)
2025-06-25	ed646741ea66		validate_utf16le	60.963	adding a nice to_well_formed benchmark (#814)
2025-06-25	ed646741ea66		utf8_to_utf16le	6.835	adding a nice to_well_formed benchmark (#814)
2025-06-25	ed646741ea66		utf16le_to_utf8	12.348	adding a nice to_well_formed benchmark (#814)
2025-06-25	ed646741ea66		base64_encode	29.439	adding a nice to_well_formed benchmark (#814)
2025-06-25	ed646741ea66		base64_decode	38.526	adding a nice to_well_formed benchmark (#814)
2025-06-25	1f684876083a		validate_utf8	20.220	lint
2025-06-25	1f684876083a		validate_ascii	82.784	lint
2025-06-25	1f684876083a		validate_utf16le	61.129	lint
2025-06-25	1f684876083a		utf8_to_utf16le	6.865	lint
2025-06-25	1f684876083a		utf16le_to_utf8	12.332	lint
2025-06-25	1f684876083a		base64_encode	29.425	lint
2025-06-25	1f684876083a		base64_decode	38.596	lint
2025-06-25	1a62f928fcce	v7.3.2	validate_utf8	20.207	patch release
2025-06-25	1a62f928fcce	v7.3.2	validate_ascii	82.737	patch release
2025-06-25	1a62f928fcce	v7.3.2	validate_utf16le	60.748	patch release
2025-06-25	1a62f928fcce	v7.3.2	utf8_to_utf16le	6.812	patch release
2025-06-25	1a62f928fcce	v7.3.2	utf16le_to_utf8	12.379	patch release
2025-06-25	1a62f928fcce	v7.3.2	base64_encode	29.493	patch release
2025-06-25	1a62f928fcce	v7.3.2	base64_decode	38.653	patch release
2025-06-26	0a6b02c9e60c		validate_utf8	20.205	minor fixes
2025-06-26	0a6b02c9e60c		validate_ascii	82.686	minor fixes
2025-06-26	0a6b02c9e60c		validate_utf16le	60.893	minor fixes
2025-06-26	0a6b02c9e60c		utf8_to_utf16le	6.852	minor fixes
2025-06-26	0a6b02c9e60c		utf16le_to_utf8	12.362	minor fixes
2025-06-26	0a6b02c9e60c		base64_encode	29.448	minor fixes
2025-06-26	0a6b02c9e60c		base64_decode	38.532	minor fixes
2025-06-26	dae7a1093873		validate_utf8	20.145	warmup
2025-06-26	dae7a1093873		validate_ascii	82.736	warmup
2025-06-26	dae7a1093873		validate_utf16le	61.112	warmup
2025-06-26	dae7a1093873		utf8_to_utf16le	6.845	warmup
2025-06-26	dae7a1093873		utf16le_to_utf8	12.350	warmup
2025-06-26	dae7a1093873		base64_encode	29.467	warmup
2025-06-26	dae7a1093873		base64_decode	38.680	warmup
2025-07-03	e4475682626e		validate_utf8	20.170	more portable pic (#816)
2025-07-03	e4475682626e		validate_ascii	82.754	more portable pic (#816)
2025-07-03	e4475682626e		validate_utf16le	60.500	more portable pic (#816)
2025-07-03	e4475682626e		utf8_to_utf16le	6.828	more portable pic (#816)
2025-07-03	e4475682626e		utf16le_to_utf8	12.313	more portable pic (#816)
2025-07-03	e4475682626e		base64_encode	29.445	more portable pic (#816)
2025-07-03	e4475682626e		base64_decode	38.688	more portable pic (#816)
2025-07-03	579f7cf2cb15		validate_utf8	20.178	Minor README updates for clarity (#817)
2025-07-03	579f7cf2cb15		validate_ascii	82.777	Minor README updates for clarity (#817)
2025-07-03	579f7cf2cb15		validate_utf16le	61.107	Minor README updates for clarity (#817)
2025-07-03	579f7cf2cb15		utf8_to_utf16le	6.838	Minor README updates for clarity (#817)
2025-07-03	579f7cf2cb15		utf16le_to_utf8	12.342	Minor README updates for clarity (#817)
2025-07-03	579f7cf2cb15		base64_encode	29.524	Minor README updates for clarity (#817)
2025-07-03	579f7cf2cb15		base64_decode	38.665	Minor README updates for clarity (#817)
2025-07-03	dde0ddd29306		validate_utf8	20.242	minor documentation fixes
2025-07-03	dde0ddd29306		validate_ascii	82.759	minor documentation fixes
2025-07-03	dde0ddd29306		validate_utf16le	60.427	minor documentation fixes
2025-07-03	dde0ddd29306		utf8_to_utf16le	6.822	minor documentation fixes
2025-07-03	dde0ddd29306		utf16le_to_utf8	12.314	minor documentation fixes
2025-07-03	dde0ddd29306		base64_encode	29.489	minor documentation fixes
2025-07-03	dde0ddd29306		base64_decode	38.597	minor documentation fixes
2025-07-07	382cb3eec579		validate_utf8	20.195	fixing issue 818 (#819)
2025-07-07	382cb3eec579		validate_ascii	82.750	fixing issue 818 (#819)
2025-07-07	382cb3eec579		validate_utf16le	60.852	fixing issue 818 (#819)
2025-07-07	382cb3eec579		utf8_to_utf16le	6.803	fixing issue 818 (#819)
2025-07-07	382cb3eec579		utf16le_to_utf8	12.332	fixing issue 818 (#819)
2025-07-07	382cb3eec579		base64_encode	29.476	fixing issue 818 (#819)
2025-07-07	382cb3eec579		base64_decode	38.640	fixing issue 818 (#819)
2025-07-11	7d7a496abb2d		validate_utf8	20.219	add qemu to test LoongArch64 (#820)
2025-07-11	7d7a496abb2d		validate_ascii	82.607	add qemu to test LoongArch64 (#820)
2025-07-11	7d7a496abb2d		validate_utf16le	60.161	add qemu to test LoongArch64 (#820)
2025-07-11	7d7a496abb2d		utf8_to_utf16le	6.818	add qemu to test LoongArch64 (#820)
2025-07-11	7d7a496abb2d		utf16le_to_utf8	12.341	add qemu to test LoongArch64 (#820)
2025-07-11	7d7a496abb2d		base64_encode	29.460	add qemu to test LoongArch64 (#820)
2025-07-11	7d7a496abb2d		base64_decode	38.597	add qemu to test LoongArch64 (#820)
2025-07-13	f5acdb0ecf2d		validate_utf8	20.229	Issue 821 (#823)
2025-07-13	f5acdb0ecf2d		validate_ascii	82.756	Issue 821 (#823)
2025-07-13	f5acdb0ecf2d		validate_utf16le	61.401	Issue 821 (#823)
2025-07-13	f5acdb0ecf2d		utf8_to_utf16le	6.870	Issue 821 (#823)
2025-07-13	f5acdb0ecf2d		utf16le_to_utf8	12.391	Issue 821 (#823)
2025-07-13	f5acdb0ecf2d		base64_encode	29.444	Issue 821 (#823)
2025-07-13	f5acdb0ecf2d		base64_decode	38.662	Issue 821 (#823)
2025-07-13	5d1b6248f29a	v7.3.3	validate_utf8	20.214	version 7.3.3
2025-07-13	5d1b6248f29a	v7.3.3	validate_ascii	82.716	version 7.3.3
2025-07-13	5d1b6248f29a	v7.3.3	validate_utf16le	61.373	version 7.3.3
2025-07-13	5d1b6248f29a	v7.3.3	utf8_to_utf16le	6.860	version 7.3.3
2025-07-13	5d1b6248f29a	v7.3.3	utf16le_to_utf8	12.369	version 7.3.3
2025-07-13	5d1b6248f29a	v7.3.3	base64_encode	29.500	version 7.3.3
2025-07-13	5d1b6248f29a	v7.3.3	base64_decode	38.690	version 7.3.3
2025-07-31	a3a268e58c5e		validate_utf8	20.242	fixing Issue 824 (work in progress) (#825)
2025-07-31	a3a268e58c5e		validate_ascii	82.732	fixing Issue 824 (work in progress) (#825)
2025-07-31	a3a268e58c5e		validate_utf16le	61.147	fixing Issue 824 (work in progress) (#825)
2025-07-31	a3a268e58c5e		utf8_to_utf16le	6.890	fixing Issue 824 (work in progress) (#825)
2025-07-31	a3a268e58c5e		utf16le_to_utf8	12.268	fixing Issue 824 (work in progress) (#825)
2025-07-31	a3a268e58c5e		base64_encode	29.411	fixing Issue 824 (work in progress) (#825)
2025-07-31	a3a268e58c5e		base64_decode	38.655	fixing Issue 824 (work in progress) (#825)
2025-08-01	dd192d6fc5fd	v7.3.4	validate_utf8	20.237	release 7.3.4
2025-08-01	dd192d6fc5fd	v7.3.4	validate_ascii	82.725	release 7.3.4
2025-08-01	dd192d6fc5fd	v7.3.4	validate_utf16le	60.832	release 7.3.4
2025-08-01	dd192d6fc5fd	v7.3.4	utf8_to_utf16le	6.821	release 7.3.4
2025-08-01	dd192d6fc5fd	v7.3.4	utf16le_to_utf8	12.302	release 7.3.4
2025-08-01	dd192d6fc5fd	v7.3.4	base64_encode	29.624	release 7.3.4
2025-08-01	dd192d6fc5fd	v7.3.4	base64_decode	38.653	release 7.3.4
2025-08-08	0aef8cefcaf7		validate_utf8	20.222	removing part of the test that can trigger undef
2025-08-08	0aef8cefcaf7		validate_ascii	82.735	removing part of the test that can trigger undef
2025-08-08	0aef8cefcaf7		validate_utf16le	60.717	removing part of the test that can trigger undef
2025-08-08	0aef8cefcaf7		utf8_to_utf16le	6.875	removing part of the test that can trigger undef
2025-08-08	0aef8cefcaf7		utf16le_to_utf8	12.269	removing part of the test that can trigger undef
2025-08-08	0aef8cefcaf7		base64_encode	29.450	removing part of the test that can trigger undef
2025-08-08	0aef8cefcaf7		base64_decode	38.312	removing part of the test that can trigger undef
2025-08-08	4636e6a80eba		validate_utf8	20.262	optimize find
2025-08-08	4636e6a80eba		validate_ascii	82.643	optimize find
2025-08-08	4636e6a80eba		validate_utf16le	60.780	optimize find
2025-08-08	4636e6a80eba		utf8_to_utf16le	6.832	optimize find
2025-08-08	4636e6a80eba		utf16le_to_utf8	12.254	optimize find
2025-08-08	4636e6a80eba		base64_encode	29.471	optimize find
2025-08-08	4636e6a80eba		base64_decode	38.714	optimize find
2025-08-08	378d20225813		validate_utf8	20.267	release bump
2025-08-08	378d20225813		validate_ascii	82.756	release bump
2025-08-08	378d20225813		validate_utf16le	61.396	release bump
2025-08-08	378d20225813		utf8_to_utf16le	6.819	release bump
2025-08-08	378d20225813		utf16le_to_utf8	12.251	release bump
2025-08-08	378d20225813		base64_encode	29.516	release bump
2025-08-08	378d20225813		base64_decode	38.584	release bump
2025-08-08	46d166bcda0d		validate_utf8	20.234	adding missing find
2025-08-08	46d166bcda0d		validate_ascii	82.716	adding missing find
2025-08-08	46d166bcda0d		validate_utf16le	61.150	adding missing find
2025-08-08	46d166bcda0d		utf8_to_utf16le	6.835	adding missing find
2025-08-08	46d166bcda0d		utf16le_to_utf8	12.217	adding missing find
2025-08-08	46d166bcda0d		base64_encode	29.466	adding missing find
2025-08-08	46d166bcda0d		base64_decode	38.652	adding missing find
2025-08-08	241005f2cb95		validate_utf8	20.256	optimizing find
2025-08-08	241005f2cb95		validate_ascii	82.631	optimizing find
2025-08-08	241005f2cb95		validate_utf16le	61.038	optimizing find
2025-08-08	241005f2cb95		utf8_to_utf16le	6.823	optimizing find
2025-08-08	241005f2cb95		utf16le_to_utf8	12.302	optimizing find
2025-08-08	241005f2cb95		base64_encode	29.519	optimizing find
2025-08-08	241005f2cb95		base64_decode	38.628	optimizing find
2025-08-08	df8bfed3256c	v7.3.5	validate_utf8	20.233	various updates
2025-08-08	df8bfed3256c	v7.3.5	validate_ascii	82.742	various updates
2025-08-08	df8bfed3256c	v7.3.5	validate_utf16le	61.229	various updates
2025-08-08	df8bfed3256c	v7.3.5	utf8_to_utf16le	6.823	various updates
2025-08-08	df8bfed3256c	v7.3.5	utf16le_to_utf8	12.302	various updates
2025-08-08	df8bfed3256c	v7.3.5	base64_encode	29.482	various updates
2025-08-08	df8bfed3256c	v7.3.5	base64_decode	38.650	various updates
2025-08-10	ae3655a97220		validate_utf8	20.250	lint
2025-08-10	ae3655a97220		validate_ascii	82.774	lint
2025-08-10	ae3655a97220		validate_utf16le	60.927	lint
2025-08-10	ae3655a97220		utf8_to_utf16le	6.860	lint
2025-08-10	ae3655a97220		utf16le_to_utf8	12.286	lint
2025-08-10	ae3655a97220		base64_encode	29.473	lint
2025-08-10	ae3655a97220		base64_decode	38.657	lint
2025-08-14	206fd04bb0b2		validate_utf8	20.267	Update README.md
2025-08-14	206fd04bb0b2		validate_ascii	82.765	Update README.md
2025-08-14	206fd04bb0b2		validate_utf16le	60.803	Update README.md
2025-08-14	206fd04bb0b2		utf8_to_utf16le	6.832	Update README.md
2025-08-14	206fd04bb0b2		utf16le_to_utf8	12.215	Update README.md
2025-08-14	206fd04bb0b2		base64_encode	29.484	Update README.md
2025-08-14	206fd04bb0b2		base64_decode	38.642	Update README.md
2025-08-14	51ea3da6e5f2		validate_utf8	20.268	Update msys2-clang.yml
2025-08-14	51ea3da6e5f2		validate_ascii	82.760	Update msys2-clang.yml
2025-08-14	51ea3da6e5f2		validate_utf16le	60.964	Update msys2-clang.yml
2025-08-14	51ea3da6e5f2		utf8_to_utf16le	6.839	Update msys2-clang.yml
2025-08-14	51ea3da6e5f2		utf16le_to_utf8	12.315	Update msys2-clang.yml
2025-08-14	51ea3da6e5f2		base64_encode	29.429	Update msys2-clang.yml
2025-08-14	51ea3da6e5f2		base64_decode	38.545	Update msys2-clang.yml
2025-08-14	2922256143bf		validate_utf8	20.248	fixing issue 829 (#830)
2025-08-14	2922256143bf		validate_ascii	82.696	fixing issue 829 (#830)
2025-08-14	2922256143bf		validate_utf16le	61.119	fixing issue 829 (#830)
2025-08-14	2922256143bf		utf8_to_utf16le	6.837	fixing issue 829 (#830)
2025-08-14	2922256143bf		utf16le_to_utf8	12.326	fixing issue 829 (#830)
2025-08-14	2922256143bf		base64_encode	29.428	fixing issue 829 (#830)
2025-08-14	2922256143bf		base64_decode	38.515	fixing issue 829 (#830)
2025-08-14	6aacd743d205	v7.3.6	validate_utf8	20.243	release 7.3.6
2025-08-14	6aacd743d205	v7.3.6	validate_ascii	82.703	release 7.3.6
2025-08-14	6aacd743d205	v7.3.6	validate_utf16le	61.293	release 7.3.6
2025-08-14	6aacd743d205	v7.3.6	utf8_to_utf16le	6.812	release 7.3.6
2025-08-14	6aacd743d205	v7.3.6	utf16le_to_utf8	12.322	release 7.3.6
2025-08-14	6aacd743d205	v7.3.6	base64_encode	29.408	release 7.3.6
2025-08-14	6aacd743d205	v7.3.6	base64_decode	38.562	release 7.3.6
2025-08-19	0ae24078e987		validate_utf8	20.245	adding memchr
2025-08-19	0ae24078e987		validate_ascii	82.751	adding memchr
2025-08-19	0ae24078e987		validate_utf16le	61.251	adding memchr
2025-08-19	0ae24078e987		utf8_to_utf16le	6.835	adding memchr
2025-08-19	0ae24078e987		utf16le_to_utf8	12.334	adding memchr
2025-08-19	0ae24078e987		base64_encode	29.436	adding memchr
2025-08-19	0ae24078e987		base64_decode	38.559	adding memchr
2025-08-19	0e3560628622		validate_utf8	20.252	minor tuning
2025-08-19	0e3560628622		validate_ascii	82.745	minor tuning
2025-08-19	0e3560628622		validate_utf16le	61.296	minor tuning
2025-08-19	0e3560628622		utf8_to_utf16le	6.843	minor tuning
2025-08-19	0e3560628622		utf16le_to_utf8	12.217	minor tuning
2025-08-19	0e3560628622		base64_encode	29.494	minor tuning
2025-08-19	0e3560628622		base64_decode	38.586	minor tuning
2025-08-20	0063f27b59d5		validate_utf8	20.231	safety check
2025-08-20	0063f27b59d5		validate_ascii	82.767	safety check
2025-08-20	0063f27b59d5		validate_utf16le	61.309	safety check
2025-08-20	0063f27b59d5		utf8_to_utf16le	6.842	safety check
2025-08-20	0063f27b59d5		utf16le_to_utf8	12.322	safety check
2025-08-20	0063f27b59d5		base64_encode	29.425	safety check
2025-08-20	0063f27b59d5		base64_decode	38.447	safety check
2025-08-23	60d8b001e787		validate_utf8	20.222	version bump
2025-08-23	60d8b001e787		validate_ascii	82.765	version bump
2025-08-23	60d8b001e787		validate_utf16le	61.077	version bump
2025-08-23	60d8b001e787		utf8_to_utf16le	6.819	version bump
2025-08-23	60d8b001e787		utf16le_to_utf8	12.317	version bump
2025-08-23	60d8b001e787		base64_encode	29.457	version bump
2025-08-23	60d8b001e787		base64_decode	38.580	version bump
2025-08-23	7b3f5afcae32	v7.4.0	validate_utf8	20.243	Merge branch 'master' of github.com:simdutf/simdutf
2025-08-23	7b3f5afcae32	v7.4.0	validate_ascii	82.738	Merge branch 'master' of github.com:simdutf/simdutf
2025-08-23	7b3f5afcae32	v7.4.0	validate_utf16le	61.316	Merge branch 'master' of github.com:simdutf/simdutf
2025-08-23	7b3f5afcae32	v7.4.0	utf8_to_utf16le	6.834	Merge branch 'master' of github.com:simdutf/simdutf
2025-08-23	7b3f5afcae32	v7.4.0	utf16le_to_utf8	12.412	Merge branch 'master' of github.com:simdutf/simdutf
2025-08-23	7b3f5afcae32	v7.4.0	base64_encode	29.371	Merge branch 'master' of github.com:simdutf/simdutf
2025-08-23	7b3f5afcae32	v7.4.0	base64_decode	38.565	Merge branch 'master' of github.com:simdutf/simdutf
2025-09-04	7d6b5459af89		validate_utf8	20.226	Implement rvv validate_utf16_as_ascii function (#836)
2025-09-04	7d6b5459af89		validate_ascii	82.722	Implement rvv validate_utf16_as_ascii function (#836)
2025-09-04	7d6b5459af89		validate_utf16le	61.436	Implement rvv validate_utf16_as_ascii function (#836)
2025-09-04	7d6b5459af89		utf8_to_utf16le	6.831	Implement rvv validate_utf16_as_ascii function (#836)
2025-09-04	7d6b5459af89		utf16le_to_utf8	12.361	Implement rvv validate_utf16_as_ascii function (#836)
2025-09-04	7d6b5459af89		base64_encode	29.373	Implement rvv validate_utf16_as_ascii function (#836)
2025-09-04	7d6b5459af89		base64_decode	38.565	Implement rvv validate_utf16_as_ascii function (#836)
2025-09-04	18be588a1ae3		validate_utf8	20.247	Enable SIMD generic validate_utf16_as_ascii for lsx + lasx + ppc64 (#837)
2025-09-04	18be588a1ae3		validate_ascii	82.758	Enable SIMD generic validate_utf16_as_ascii for lsx + lasx + ppc64 (#837)
2025-09-04	18be588a1ae3		validate_utf16le	61.406	Enable SIMD generic validate_utf16_as_ascii for lsx + lasx + ppc64 (#837)
2025-09-04	18be588a1ae3		utf8_to_utf16le	6.833	Enable SIMD generic validate_utf16_as_ascii for lsx + lasx + ppc64 (#837)
2025-09-04	18be588a1ae3		utf16le_to_utf8	12.360	Enable SIMD generic validate_utf16_as_ascii for lsx + lasx + ppc64 (#837)
2025-09-04	18be588a1ae3		base64_encode	29.397	Enable SIMD generic validate_utf16_as_ascii for lsx + lasx + ppc64 (#837)
2025-09-04	18be588a1ae3		base64_decode	38.621	Enable SIMD generic validate_utf16_as_ascii for lsx + lasx + ppc64 (#837)
2025-09-10	b2adfafdaa7f		validate_utf8	20.242	Implement to_well_formed_utf16 for rvv (#838)
2025-09-10	b2adfafdaa7f		validate_ascii	82.767	Implement to_well_formed_utf16 for rvv (#838)
2025-09-10	b2adfafdaa7f		validate_utf16le	61.328	Implement to_well_formed_utf16 for rvv (#838)
2025-09-10	b2adfafdaa7f		utf8_to_utf16le	6.793	Implement to_well_formed_utf16 for rvv (#838)
2025-09-10	b2adfafdaa7f		utf16le_to_utf8	12.365	Implement to_well_formed_utf16 for rvv (#838)
2025-09-10	b2adfafdaa7f		base64_encode	29.439	Implement to_well_formed_utf16 for rvv (#838)
2025-09-10	b2adfafdaa7f		base64_decode	38.564	Implement to_well_formed_utf16 for rvv (#838)
2025-10-08	ab51a16dda28		validate_utf8	20.246	Typo fix: parem to param (#841)
2025-10-08	ab51a16dda28		validate_ascii	82.756	Typo fix: parem to param (#841)
2025-10-08	ab51a16dda28		validate_utf16le	60.660	Typo fix: parem to param (#841)
2025-10-08	ab51a16dda28		utf8_to_utf16le	6.843	Typo fix: parem to param (#841)
2025-10-08	ab51a16dda28		utf16le_to_utf8	12.341	Typo fix: parem to param (#841)
2025-10-08	ab51a16dda28		base64_encode	29.349	Typo fix: parem to param (#841)
2025-10-08	ab51a16dda28		base64_decode	38.504	Typo fix: parem to param (#841)
2025-10-10	c3a751b969ee		validate_utf8	20.265	Add Stars section to README
2025-10-10	c3a751b969ee		validate_ascii	82.760	Add Stars section to README
2025-10-10	c3a751b969ee		validate_utf16le	61.319	Add Stars section to README
2025-10-10	c3a751b969ee		utf8_to_utf16le	6.834	Add Stars section to README
2025-10-10	c3a751b969ee		utf16le_to_utf8	12.410	Add Stars section to README
2025-10-10	c3a751b969ee		base64_encode	29.385	Add Stars section to README
2025-10-10	c3a751b969ee		base64_decode	38.585	Add Stars section to README
2025-10-11	ad0dd9af4241		validate_utf8	20.246	utf16fix_block_rvv: improve  mask shift (#842)
2025-10-11	ad0dd9af4241		validate_ascii	82.738	utf16fix_block_rvv: improve  mask shift (#842)
2025-10-11	ad0dd9af4241		validate_utf16le	61.416	utf16fix_block_rvv: improve  mask shift (#842)
2025-10-11	ad0dd9af4241		utf8_to_utf16le	6.846	utf16fix_block_rvv: improve  mask shift (#842)
2025-10-11	ad0dd9af4241		utf16le_to_utf8	12.364	utf16fix_block_rvv: improve  mask shift (#842)
2025-10-11	ad0dd9af4241		base64_encode	29.402	utf16fix_block_rvv: improve  mask shift (#842)
2025-10-11	ad0dd9af4241		base64_decode	38.400	utf16fix_block_rvv: improve  mask shift (#842)
2025-10-16	cb049dee3420		validate_utf8	20.251	converting binary data to base64 with lines (#840)
2025-10-16	cb049dee3420		validate_ascii	82.760	converting binary data to base64 with lines (#840)
2025-10-16	cb049dee3420		validate_utf16le	61.458	converting binary data to base64 with lines (#840)
2025-10-16	cb049dee3420		utf8_to_utf16le	6.823	converting binary data to base64 with lines (#840)
2025-10-16	cb049dee3420		utf16le_to_utf8	12.165	converting binary data to base64 with lines (#840)
2025-10-16	cb049dee3420		base64_encode	29.882	converting binary data to base64 with lines (#840)
2025-10-16	cb049dee3420		base64_decode	38.569	converting binary data to base64 with lines (#840)
2025-10-16	02b1f4751161	v7.5.0	validate_utf8	20.253	version 7.5.0
2025-10-16	02b1f4751161	v7.5.0	validate_ascii	82.757	version 7.5.0
2025-10-16	02b1f4751161	v7.5.0	validate_utf16le	60.570	version 7.5.0
2025-10-16	02b1f4751161	v7.5.0	utf8_to_utf16le	6.826	version 7.5.0
2025-10-16	02b1f4751161	v7.5.0	utf16le_to_utf8	12.394	version 7.5.0
2025-10-16	02b1f4751161	v7.5.0	base64_encode	29.968	version 7.5.0
2025-10-16	02b1f4751161	v7.5.0	base64_decode	38.625	version 7.5.0
2025-10-28	163c33d1c328		validate_utf8	20.210	Starrocks may be amazing, but it doesn't need two separate mentions (#846)
2025-10-28	163c33d1c328		validate_ascii	82.756	Starrocks may be amazing, but it doesn't need two separate mentions (#846)
2025-10-28	163c33d1c328		validate_utf16le	61.298	Starrocks may be amazing, but it doesn't need two separate mentions (#846)
2025-10-28	163c33d1c328		utf8_to_utf16le	6.836	Starrocks may be amazing, but it doesn't need two separate mentions (#846)
2025-10-28	163c33d1c328		utf16le_to_utf8	12.407	Starrocks may be amazing, but it doesn't need two separate mentions (#846)
2025-10-28	163c33d1c328		base64_encode	30.012	Starrocks may be amazing, but it doesn't need two separate mentions (#846)
2025-10-28	163c33d1c328		base64_decode	38.473	Starrocks may be amazing, but it doesn't need two separate mentions (#846)
2025-11-05	c6f8e887ef51		validate_utf8	20.218	support reproducibility for debug sources
2025-11-05	c6f8e887ef51		validate_ascii	82.735	support reproducibility for debug sources
2025-11-05	c6f8e887ef51		validate_utf16le	61.315	support reproducibility for debug sources
2025-11-05	c6f8e887ef51		utf8_to_utf16le	6.841	support reproducibility for debug sources
2025-11-05	c6f8e887ef51		utf16le_to_utf8	12.398	support reproducibility for debug sources
2025-11-05	c6f8e887ef51		base64_encode	29.944	support reproducibility for debug sources
2025-11-05	c6f8e887ef51		base64_decode	38.596	support reproducibility for debug sources
2025-11-05	b74c852e6da2		validate_utf8	20.217	cleaning the readme
2025-11-05	b74c852e6da2		validate_ascii	82.758	cleaning the readme
2025-11-05	b74c852e6da2		validate_utf16le	61.323	cleaning the readme
2025-11-05	b74c852e6da2		utf8_to_utf16le	6.818	cleaning the readme
2025-11-05	b74c852e6da2		utf16le_to_utf8	12.372	cleaning the readme
2025-11-05	b74c852e6da2		base64_encode	29.961	cleaning the readme
2025-11-05	b74c852e6da2		base64_decode	38.323	cleaning the readme
2025-11-15	3ef3c08dd8c0		validate_utf8	20.212	fixing lang declaration
2025-11-15	3ef3c08dd8c0		validate_ascii	82.655	fixing lang declaration
2025-11-15	3ef3c08dd8c0		validate_utf16le	60.497	fixing lang declaration
2025-11-15	3ef3c08dd8c0		utf8_to_utf16le	6.812	fixing lang declaration
2025-11-15	3ef3c08dd8c0		utf16le_to_utf8	12.195	fixing lang declaration
2025-11-15	3ef3c08dd8c0		base64_encode	30.054	fixing lang declaration
2025-11-15	3ef3c08dd8c0		base64_decode	38.584	fixing lang declaration
2025-11-17	7bd15d46a8c3		validate_utf8	20.220	Add --filter option to only run matching benchmarks (#858)
2025-11-17	7bd15d46a8c3		validate_ascii	82.733	Add --filter option to only run matching benchmarks (#858)
2025-11-17	7bd15d46a8c3		validate_utf16le	61.389	Add --filter option to only run matching benchmarks (#858)
2025-11-17	7bd15d46a8c3		utf8_to_utf16le	6.836	Add --filter option to only run matching benchmarks (#858)
2025-11-17	7bd15d46a8c3		utf16le_to_utf8	12.385	Add --filter option to only run matching benchmarks (#858)
2025-11-17	7bd15d46a8c3		base64_encode	30.015	Add --filter option to only run matching benchmarks (#858)
2025-11-17	7bd15d46a8c3		base64_decode	38.404	Add --filter option to only run matching benchmarks (#858)
2025-11-18	006c08394022		validate_utf8	20.269	UTF16 to UTF8 length with replacement (#851)
2025-11-18	006c08394022		validate_ascii	82.760	UTF16 to UTF8 length with replacement (#851)
2025-11-18	006c08394022		validate_utf16le	61.077	UTF16 to UTF8 length with replacement (#851)
2025-11-18	006c08394022		utf8_to_utf16le	6.842	UTF16 to UTF8 length with replacement (#851)
2025-11-18	006c08394022		utf16le_to_utf8	12.390	UTF16 to UTF8 length with replacement (#851)
2025-11-18	006c08394022		base64_encode	29.905	UTF16 to UTF8 length with replacement (#851)
2025-11-18	006c08394022		base64_decode	38.399	UTF16 to UTF8 length with replacement (#851)
2025-11-18	39443cde49ef	v7.6.0	validate_utf8	20.151	version 7.6.0.
2025-11-18	39443cde49ef	v7.6.0	validate_ascii	82.760	version 7.6.0.
2025-11-18	39443cde49ef	v7.6.0	validate_utf16le	61.498	version 7.6.0.
2025-11-18	39443cde49ef	v7.6.0	utf8_to_utf16le	6.848	version 7.6.0.
2025-11-18	39443cde49ef	v7.6.0	utf16le_to_utf8	12.363	version 7.6.0.
2025-11-18	39443cde49ef	v7.6.0	base64_encode	29.982	version 7.6.0.
2025-11-18	39443cde49ef	v7.6.0	base64_decode	38.468	version 7.6.0.
2025-11-20	4b8418891b39		validate_utf8	20.245	Update Real-World Usage in README.md (#862)
2025-11-20	4b8418891b39		validate_ascii	82.748	Update Real-World Usage in README.md (#862)
2025-11-20	4b8418891b39		validate_utf16le	61.224	Update Real-World Usage in README.md (#862)
2025-11-20	4b8418891b39		utf8_to_utf16le	6.809	Update Real-World Usage in README.md (#862)
2025-11-20	4b8418891b39		utf16le_to_utf8	12.383	Update Real-World Usage in README.md (#862)
2025-11-20	4b8418891b39		base64_encode	29.885	Update Real-World Usage in README.md (#862)
2025-11-20	4b8418891b39		base64_decode	38.422	Update Real-World Usage in README.md (#862)
2025-11-21	94fb52ea0219	v7.7.0	validate_utf8	20.230	Version 7.7.0 (release candidate) (#863)
2025-11-21	94fb52ea0219	v7.7.0	validate_ascii	82.720	Version 7.7.0 (release candidate) (#863)
2025-11-21	94fb52ea0219	v7.7.0	validate_utf16le	61.476	Version 7.7.0 (release candidate) (#863)
2025-11-21	94fb52ea0219	v7.7.0	utf8_to_utf16le	6.841	Version 7.7.0 (release candidate) (#863)
2025-11-21	94fb52ea0219	v7.7.0	utf16le_to_utf8	12.341	Version 7.7.0 (release candidate) (#863)
2025-11-21	94fb52ea0219	v7.7.0	base64_encode	29.986	Version 7.7.0 (release candidate) (#863)
2025-11-21	94fb52ea0219	v7.7.0	base64_decode	38.556	Version 7.7.0 (release candidate) (#863)
2025-11-29	945af1540a5b		validate_utf8	20.235	Update project description in README.md
2025-11-29	945af1540a5b		validate_ascii	82.762	Update project description in README.md
2025-11-29	945af1540a5b		validate_utf16le	61.372	Update project description in README.md
2025-11-29	945af1540a5b		utf8_to_utf16le	6.871	Update project description in README.md
2025-11-29	945af1540a5b		utf16le_to_utf8	12.395	Update project description in README.md
2025-11-29	945af1540a5b		base64_encode	29.991	Update project description in README.md
2025-11-29	945af1540a5b		base64_decode	38.517	Update project description in README.md
2025-12-04	2930229741f9		validate_utf8	20.243	Do not use include inside our namespaces
2025-12-04	2930229741f9		validate_ascii	82.756	Do not use include inside our namespaces
2025-12-04	2930229741f9		validate_utf16le	61.472	Do not use include inside our namespaces
2025-12-04	2930229741f9		utf8_to_utf16le	6.835	Do not use include inside our namespaces
2025-12-04	2930229741f9		utf16le_to_utf8	12.402	Do not use include inside our namespaces
2025-12-04	2930229741f9		base64_encode	29.879	Do not use include inside our namespaces
2025-12-04	2930229741f9		base64_decode	38.389	Do not use include inside our namespaces
2025-12-04	e6cb2b9b71e6		validate_utf8	20.269	add simdutf constexpr more thoroughly (#864)
2025-12-04	e6cb2b9b71e6		validate_ascii	82.758	add simdutf constexpr more thoroughly (#864)
2025-12-04	e6cb2b9b71e6		validate_utf16le	61.351	add simdutf constexpr more thoroughly (#864)
2025-12-04	e6cb2b9b71e6		utf8_to_utf16le	6.844	add simdutf constexpr more thoroughly (#864)
2025-12-04	e6cb2b9b71e6		utf16le_to_utf8	12.377	add simdutf constexpr more thoroughly (#864)
2025-12-04	e6cb2b9b71e6		base64_encode	29.977	add simdutf constexpr more thoroughly (#864)
2025-12-04	e6cb2b9b71e6		base64_decode	38.602	add simdutf constexpr more thoroughly (#864)
2025-12-05	974ec6a81654		validate_utf8	20.234	optimize utf16 validation on icelake (#873)
2025-12-05	974ec6a81654		validate_ascii	82.769	optimize utf16 validation on icelake (#873)
2025-12-05	974ec6a81654		validate_utf16le	69.416	optimize utf16 validation on icelake (#873)
2025-12-05	974ec6a81654		utf8_to_utf16le	6.829	optimize utf16 validation on icelake (#873)
2025-12-05	974ec6a81654		utf16le_to_utf8	12.427	optimize utf16 validation on icelake (#873)
2025-12-05	974ec6a81654		base64_encode	30.075	optimize utf16 validation on icelake (#873)
2025-12-05	974ec6a81654		base64_decode	38.526	optimize utf16 validation on icelake (#873)
2025-12-05	8624ff850548		validate_utf8	20.226	lint
2025-12-05	8624ff850548		validate_ascii	81.769	lint
2025-12-05	8624ff850548		validate_utf16le	69.276	lint
2025-12-05	8624ff850548		utf8_to_utf16le	6.835	lint
2025-12-05	8624ff850548		utf16le_to_utf8	12.384	lint
2025-12-05	8624ff850548		base64_encode	30.170	lint
2025-12-05	8624ff850548		base64_decode	38.681	lint
2025-12-05	bb74a1938cb5		validate_utf8	20.251	optimize utf32 validation (#872)
2025-12-05	bb74a1938cb5		validate_ascii	82.768	optimize utf32 validation (#872)
2025-12-05	bb74a1938cb5		validate_utf16le	69.393	optimize utf32 validation (#872)
2025-12-05	bb74a1938cb5		utf8_to_utf16le	6.835	optimize utf32 validation (#872)
2025-12-05	bb74a1938cb5		utf16le_to_utf8	12.266	optimize utf32 validation (#872)
2025-12-05	bb74a1938cb5		base64_encode	30.083	optimize utf32 validation (#872)
2025-12-05	bb74a1938cb5		base64_decode	38.646	optimize utf32 validation (#872)
2025-12-05	82b52970fc33		validate_utf8	20.247	lint
2025-12-05	82b52970fc33		validate_ascii	82.746	lint
2025-12-05	82b52970fc33		validate_utf16le	69.384	lint
2025-12-05	82b52970fc33		utf8_to_utf16le	6.829	lint
2025-12-05	82b52970fc33		utf16le_to_utf8	12.273	lint
2025-12-05	82b52970fc33		base64_encode	30.099	lint
2025-12-05	82b52970fc33		base64_decode	38.560	lint
2025-12-12	5dea3b153258		validate_utf8	20.230	Add files via upload
2025-12-12	5dea3b153258		validate_ascii	82.752	Add files via upload
2025-12-12	5dea3b153258		validate_utf16le	69.332	Add files via upload
2025-12-12	5dea3b153258		utf8_to_utf16le	6.816	Add files via upload
2025-12-12	5dea3b153258		utf16le_to_utf8	12.258	Add files via upload
2025-12-12	5dea3b153258		base64_encode	30.075	Add files via upload
2025-12-12	5dea3b153258		base64_decode	38.472	Add files via upload
2025-12-12	d1a0711050a9		validate_utf8	20.235	adding report templates, and specifying that we expect users to work from a release
2025-12-12	d1a0711050a9		validate_ascii	82.719	adding report templates, and specifying that we expect users to work from a release
2025-12-12	d1a0711050a9		validate_utf16le	69.275	adding report templates, and specifying that we expect users to work from a release
2025-12-12	d1a0711050a9		utf8_to_utf16le	6.830	adding report templates, and specifying that we expect users to work from a release
2025-12-12	d1a0711050a9		utf16le_to_utf8	12.262	adding report templates, and specifying that we expect users to work from a release
2025-12-12	d1a0711050a9		base64_encode	30.136	adding report templates, and specifying that we expect users to work from a release
2025-12-12	d1a0711050a9		base64_decode	38.588	adding report templates, and specifying that we expect users to work from a release
2025-12-14	da84778c1ae4		validate_utf8	20.248	ci: extend aarch64 job with newer standards and clang
2025-12-14	da84778c1ae4		validate_ascii	82.765	ci: extend aarch64 job with newer standards and clang
2025-12-14	da84778c1ae4		validate_utf16le	69.388	ci: extend aarch64 job with newer standards and clang
2025-12-14	da84778c1ae4		utf8_to_utf16le	6.824	ci: extend aarch64 job with newer standards and clang
2025-12-14	da84778c1ae4		utf16le_to_utf8	12.261	ci: extend aarch64 job with newer standards and clang
2025-12-14	da84778c1ae4		base64_encode	30.187	ci: extend aarch64 job with newer standards and clang
2025-12-14	da84778c1ae4		base64_decode	38.562	ci: extend aarch64 job with newer standards and clang
2025-12-14	b34887b88794		validate_utf8	20.248	fix arm64 compile error #874
2025-12-14	b34887b88794		validate_ascii	82.752	fix arm64 compile error #874
2025-12-14	b34887b88794		validate_utf16le	69.391	fix arm64 compile error #874
2025-12-14	b34887b88794		utf8_to_utf16le	6.815	fix arm64 compile error #874
2025-12-14	b34887b88794		utf16le_to_utf8	12.215	fix arm64 compile error #874
2025-12-14	b34887b88794		base64_encode	30.183	fix arm64 compile error #874
2025-12-14	b34887b88794		base64_decode	38.531	fix arm64 compile error #874
2025-12-14	eef7918c0b4f		validate_utf8	20.223	introduce cmake option SIMDUTF_FAST_TESTS
2025-12-14	eef7918c0b4f		validate_ascii	78.012	introduce cmake option SIMDUTF_FAST_TESTS
2025-12-14	eef7918c0b4f		validate_utf16le	69.392	introduce cmake option SIMDUTF_FAST_TESTS
2025-12-14	eef7918c0b4f		utf8_to_utf16le	6.830	introduce cmake option SIMDUTF_FAST_TESTS
2025-12-14	eef7918c0b4f		utf16le_to_utf8	12.221	introduce cmake option SIMDUTF_FAST_TESTS
2025-12-14	eef7918c0b4f		base64_encode	30.053	introduce cmake option SIMDUTF_FAST_TESTS
2025-12-14	eef7918c0b4f		base64_decode	38.218	introduce cmake option SIMDUTF_FAST_TESTS
2025-12-14	a97278c5f1f0		validate_utf8	20.221	ci: set SIMDUTF_FAST_TESTS=On for all jobs
2025-12-14	a97278c5f1f0		validate_ascii	82.743	ci: set SIMDUTF_FAST_TESTS=On for all jobs
2025-12-14	a97278c5f1f0		validate_utf16le	69.399	ci: set SIMDUTF_FAST_TESTS=On for all jobs
2025-12-14	a97278c5f1f0		utf8_to_utf16le	6.831	ci: set SIMDUTF_FAST_TESTS=On for all jobs
2025-12-14	a97278c5f1f0		utf16le_to_utf8	12.251	ci: set SIMDUTF_FAST_TESTS=On for all jobs
2025-12-14	a97278c5f1f0		base64_encode	29.994	ci: set SIMDUTF_FAST_TESTS=On for all jobs
2025-12-14	a97278c5f1f0		base64_decode	38.483	ci: set SIMDUTF_FAST_TESTS=On for all jobs
2025-12-14	43efdccef80a		validate_utf8	20.245	ci: polish armv7 job (multithreading plus newer ubuntu)
2025-12-14	43efdccef80a		validate_ascii	82.755	ci: polish armv7 job (multithreading plus newer ubuntu)
2025-12-14	43efdccef80a		validate_utf16le	69.398	ci: polish armv7 job (multithreading plus newer ubuntu)
2025-12-14	43efdccef80a		utf8_to_utf16le	6.812	ci: polish armv7 job (multithreading plus newer ubuntu)
2025-12-14	43efdccef80a		utf16le_to_utf8	12.264	ci: polish armv7 job (multithreading plus newer ubuntu)
2025-12-14	43efdccef80a		base64_encode	29.979	ci: polish armv7 job (multithreading plus newer ubuntu)
2025-12-14	43efdccef80a		base64_decode	38.463	ci: polish armv7 job (multithreading plus newer ubuntu)
2025-12-14	f7e56936f098		validate_utf8	20.261	ci: build and test with --parallel passed to cmake/ctest
2025-12-14	f7e56936f098		validate_ascii	82.563	ci: build and test with --parallel passed to cmake/ctest
2025-12-14	f7e56936f098		validate_utf16le	69.379	ci: build and test with --parallel passed to cmake/ctest
2025-12-14	f7e56936f098		utf8_to_utf16le	6.818	ci: build and test with --parallel passed to cmake/ctest
2025-12-14	f7e56936f098		utf16le_to_utf8	12.271	ci: build and test with --parallel passed to cmake/ctest
2025-12-14	f7e56936f098		base64_encode	30.134	ci: build and test with --parallel passed to cmake/ctest
2025-12-14	f7e56936f098		base64_decode	38.603	ci: build and test with --parallel passed to cmake/ctest
2025-12-16	8f291627f48e		validate_utf8	20.249	better documentation for maximal_binary_length_from_base64 (#871)
2025-12-16	8f291627f48e		validate_ascii	82.743	better documentation for maximal_binary_length_from_base64 (#871)
2025-12-16	8f291627f48e		validate_utf16le	68.575	better documentation for maximal_binary_length_from_base64 (#871)
2025-12-16	8f291627f48e		utf8_to_utf16le	6.847	better documentation for maximal_binary_length_from_base64 (#871)
2025-12-16	8f291627f48e		utf16le_to_utf8	12.253	better documentation for maximal_binary_length_from_base64 (#871)
2025-12-16	8f291627f48e		base64_encode	29.926	better documentation for maximal_binary_length_from_base64 (#871)
2025-12-16	8f291627f48e		base64_decode	38.338	better documentation for maximal_binary_length_from_base64 (#871)
2025-12-16	34a8c31ffd84		validate_utf8	20.261	Treat C++20 char8_t as byte-like (#877)
2025-12-16	34a8c31ffd84		validate_ascii	82.609	Treat C++20 char8_t as byte-like (#877)
2025-12-16	34a8c31ffd84		validate_utf16le	69.390	Treat C++20 char8_t as byte-like (#877)
2025-12-16	34a8c31ffd84		utf8_to_utf16le	6.849	Treat C++20 char8_t as byte-like (#877)
2025-12-16	34a8c31ffd84		utf16le_to_utf8	12.218	Treat C++20 char8_t as byte-like (#877)
2025-12-16	34a8c31ffd84		base64_encode	29.991	Treat C++20 char8_t as byte-like (#877)
2025-12-16	34a8c31ffd84		base64_decode	38.516	Treat C++20 char8_t as byte-like (#877)
2025-12-16	1730e13735fd		validate_utf8	20.241	fix spelling errors in README.md
2025-12-16	1730e13735fd		validate_ascii	82.686	fix spelling errors in README.md
2025-12-16	1730e13735fd		validate_utf16le	69.296	fix spelling errors in README.md
2025-12-16	1730e13735fd		utf8_to_utf16le	6.835	fix spelling errors in README.md
2025-12-16	1730e13735fd		utf16le_to_utf8	12.235	fix spelling errors in README.md
2025-12-16	1730e13735fd		base64_encode	30.047	fix spelling errors in README.md
2025-12-16	1730e13735fd		base64_decode	38.568	fix spelling errors in README.md
2025-12-17	662c7c0251a3		validate_utf8	20.230	Move endif SIMDUTF_FEATURE_UTF16 && SIMDUTF_FEATURE_ASCII
2025-12-17	662c7c0251a3		validate_ascii	82.717	Move endif SIMDUTF_FEATURE_UTF16 && SIMDUTF_FEATURE_ASCII
2025-12-17	662c7c0251a3		validate_utf16le	69.313	Move endif SIMDUTF_FEATURE_UTF16 && SIMDUTF_FEATURE_ASCII
2025-12-17	662c7c0251a3		utf8_to_utf16le	6.833	Move endif SIMDUTF_FEATURE_UTF16 && SIMDUTF_FEATURE_ASCII
2025-12-17	662c7c0251a3		utf16le_to_utf8	12.257	Move endif SIMDUTF_FEATURE_UTF16 && SIMDUTF_FEATURE_ASCII
2025-12-17	662c7c0251a3		base64_encode	30.139	Move endif SIMDUTF_FEATURE_UTF16 && SIMDUTF_FEATURE_ASCII
2025-12-17	662c7c0251a3		base64_decode	38.576	Move endif SIMDUTF_FEATURE_UTF16 && SIMDUTF_FEATURE_ASCII
2025-12-17	6395b62e64c4		validate_utf8	20.266	Add files via upload
2025-12-17	6395b62e64c4		validate_ascii	82.695	Add files via upload
2025-12-17	6395b62e64c4		validate_utf16le	69.065	Add files via upload
2025-12-17	6395b62e64c4		utf8_to_utf16le	6.811	Add files via upload
2025-12-17	6395b62e64c4		utf16le_to_utf8	12.239	Add files via upload
2025-12-17	6395b62e64c4		base64_encode	29.961	Add files via upload
2025-12-17	6395b62e64c4		base64_decode	38.580	Add files via upload
2025-12-17	1b47557fcba1		validate_utf8	20.262	Add files via upload
2025-12-17	1b47557fcba1		validate_ascii	82.754	Add files via upload
2025-12-17	1b47557fcba1		validate_utf16le	69.240	Add files via upload
2025-12-17	1b47557fcba1		utf8_to_utf16le	6.840	Add files via upload
2025-12-17	1b47557fcba1		utf16le_to_utf8	12.263	Add files via upload
2025-12-17	1b47557fcba1		base64_encode	27.673	Add files via upload
2025-12-17	1b47557fcba1		base64_decode	38.602	Add files via upload
2025-12-17	12e87d8dc730		validate_utf8	20.250	Add files via upload
2025-12-17	12e87d8dc730		validate_ascii	82.736	Add files via upload
2025-12-17	12e87d8dc730		validate_utf16le	69.079	Add files via upload
2025-12-17	12e87d8dc730		utf8_to_utf16le	6.818	Add files via upload
2025-12-17	12e87d8dc730		utf16le_to_utf8	12.246	Add files via upload
2025-12-17	12e87d8dc730		base64_encode	27.652	Add files via upload
2025-12-17	12e87d8dc730		base64_decode	38.513	Add files via upload
2025-12-17	25f9d61debaa		validate_utf8	20.264	adding logos
2025-12-17	25f9d61debaa		validate_ascii	82.664	adding logos
2025-12-17	25f9d61debaa		validate_utf16le	69.342	adding logos
2025-12-17	25f9d61debaa		utf8_to_utf16le	6.838	adding logos
2025-12-17	25f9d61debaa		utf16le_to_utf8	12.219	adding logos
2025-12-17	25f9d61debaa		base64_encode	30.146	adding logos
2025-12-17	25f9d61debaa		base64_decode	38.597	adding logos
2025-12-17	e144a6a6b3e4		validate_utf8	20.228	Add CI badges to README header
2025-12-17	e144a6a6b3e4		validate_ascii	82.758	Add CI badges to README header
2025-12-17	e144a6a6b3e4		validate_utf16le	69.401	Add CI badges to README header
2025-12-17	e144a6a6b3e4		utf8_to_utf16le	6.837	Add CI badges to README header
2025-12-17	e144a6a6b3e4		utf16le_to_utf8	12.240	Add CI badges to README header
2025-12-17	e144a6a6b3e4		base64_encode	30.057	Add CI badges to README header
2025-12-17	e144a6a6b3e4		base64_decode	38.623	Add CI badges to README header
2025-12-19	b9d2dd5a55d6		validate_utf8	20.271	Add optimization option to pull request template
2025-12-19	b9d2dd5a55d6		validate_ascii	82.726	Add optimization option to pull request template
2025-12-19	b9d2dd5a55d6		validate_utf16le	69.384	Add optimization option to pull request template
2025-12-19	b9d2dd5a55d6		utf8_to_utf16le	6.806	Add optimization option to pull request template
2025-12-19	b9d2dd5a55d6		utf16le_to_utf8	12.269	Add optimization option to pull request template
2025-12-19	b9d2dd5a55d6		base64_encode	30.003	Add optimization option to pull request template
2025-12-19	b9d2dd5a55d6		base64_decode	38.629	Add optimization option to pull request template
2025-12-20	e93b56cf55a2		validate_utf8	20.168	Improving the performance of validate_ascii (#879)
2025-12-20	e93b56cf55a2		validate_ascii	82.730	Improving the performance of validate_ascii (#879)
2025-12-20	e93b56cf55a2		validate_utf16le	69.199	Improving the performance of validate_ascii (#879)
2025-12-20	e93b56cf55a2		utf8_to_utf16le	6.867	Improving the performance of validate_ascii (#879)
2025-12-20	e93b56cf55a2		utf16le_to_utf8	12.216	Improving the performance of validate_ascii (#879)
2025-12-20	e93b56cf55a2		base64_encode	30.049	Improving the performance of validate_ascii (#879)
2025-12-20	e93b56cf55a2		base64_decode	38.646	Improving the performance of validate_ascii (#879)
2025-12-20	98218fc47232	v7.7.1	validate_utf8	20.257	7.7.1
2025-12-20	98218fc47232	v7.7.1	validate_ascii	82.743	7.7.1
2025-12-20	98218fc47232	v7.7.1	validate_utf16le	69.329	7.7.1
2025-12-20	98218fc47232	v7.7.1	utf8_to_utf16le	6.844	7.7.1
2025-12-20	98218fc47232	v7.7.1	utf16le_to_utf8	12.251	7.7.1
2025-12-20	98218fc47232	v7.7.1	base64_encode	30.140	7.7.1
2025-12-20	98218fc47232	v7.7.1	base64_decode	38.507	7.7.1
2025-12-20	899820b32ac5		validate_utf8	20.201	adding naive ascii as a reference
2025-12-20	899820b32ac5		validate_ascii	82.691	adding naive ascii as a reference
2025-12-20	899820b32ac5		validate_utf16le	68.942	adding naive ascii as a reference
2025-12-20	899820b32ac5		utf8_to_utf16le	6.845	adding naive ascii as a reference
2025-12-20	899820b32ac5		utf16le_to_utf8	12.263	adding naive ascii as a reference
2025-12-20	899820b32ac5		base64_encode	30.146	adding naive ascii as a reference
2025-12-20	899820b32ac5		base64_decode	38.495	adding naive ascii as a reference
2025-12-22	9595eadc8806		validate_utf8	20.233	add reference
2025-12-22	9595eadc8806		validate_ascii	82.744	add reference
2025-12-22	9595eadc8806		validate_utf16le	68.645	add reference
2025-12-22	9595eadc8806		utf8_to_utf16le	6.842	add reference
2025-12-22	9595eadc8806		utf16le_to_utf8	12.205	add reference
2025-12-22	9595eadc8806		base64_encode	30.104	add reference
2025-12-22	9595eadc8806		base64_decode	38.654	add reference
2025-12-28	f7f852179cd3		validate_utf8	20.247	fix bug in utf8_length_from_utf16() on big endian (#884)
2025-12-28	f7f852179cd3		validate_ascii	82.746	fix bug in utf8_length_from_utf16() on big endian (#884)
2025-12-28	f7f852179cd3		validate_utf16le	69.396	fix bug in utf8_length_from_utf16() on big endian (#884)
2025-12-28	f7f852179cd3		utf8_to_utf16le	6.810	fix bug in utf8_length_from_utf16() on big endian (#884)
2025-12-28	f7f852179cd3		utf16le_to_utf8	12.231	fix bug in utf8_length_from_utf16() on big endian (#884)
2025-12-28	f7f852179cd3		base64_encode	30.046	fix bug in utf8_length_from_utf16() on big endian (#884)
2025-12-28	f7f852179cd3		base64_decode	38.538	fix bug in utf8_length_from_utf16() on big endian (#884)
2025-12-29	3a819bc80dbd		validate_utf8	20.232	ci: add job for C++26 with gcc 15, clang 21
2025-12-29	3a819bc80dbd		validate_ascii	82.599	ci: add job for C++26 with gcc 15, clang 21
2025-12-29	3a819bc80dbd		validate_utf16le	69.316	ci: add job for C++26 with gcc 15, clang 21
2025-12-29	3a819bc80dbd		utf8_to_utf16le	6.836	ci: add job for C++26 with gcc 15, clang 21
2025-12-29	3a819bc80dbd		utf16le_to_utf8	12.266	ci: add job for C++26 with gcc 15, clang 21
2025-12-29	3a819bc80dbd		base64_encode	30.091	ci: add job for C++26 with gcc 15, clang 21
2025-12-29	3a819bc80dbd		base64_decode	38.470	ci: add job for C++26 with gcc 15, clang 21
2025-12-29	1b6d4ce98e69		validate_utf8	20.226	add script for testing selective amalgamation
2025-12-29	1b6d4ce98e69		validate_ascii	82.748	add script for testing selective amalgamation
2025-12-29	1b6d4ce98e69		validate_utf16le	69.271	add script for testing selective amalgamation
2025-12-29	1b6d4ce98e69		utf8_to_utf16le	6.817	add script for testing selective amalgamation
2025-12-29	1b6d4ce98e69		utf16le_to_utf8	12.237	add script for testing selective amalgamation
2025-12-29	1b6d4ce98e69		base64_encode	28.693	add script for testing selective amalgamation
2025-12-29	1b6d4ce98e69		base64_decode	38.475	add script for testing selective amalgamation
2025-12-29	68d2be4064f0		validate_utf8	20.259	fix feature macro mistakes
2025-12-29	68d2be4064f0		validate_ascii	78.032	fix feature macro mistakes
2025-12-29	68d2be4064f0		validate_utf16le	69.378	fix feature macro mistakes
2025-12-29	68d2be4064f0		utf8_to_utf16le	6.833	fix feature macro mistakes
2025-12-29	68d2be4064f0		utf16le_to_utf8	12.274	fix feature macro mistakes
2025-12-29	68d2be4064f0		base64_encode	29.998	fix feature macro mistakes
2025-12-29	68d2be4064f0		base64_decode	38.338	fix feature macro mistakes
2025-12-29	3ba21978cbd0		validate_utf8	20.260	ci: add job for selective amalgamation
2025-12-29	3ba21978cbd0		validate_ascii	82.682	ci: add job for selective amalgamation
2025-12-29	3ba21978cbd0		validate_utf16le	69.219	ci: add job for selective amalgamation
2025-12-29	3ba21978cbd0		utf8_to_utf16le	6.828	ci: add job for selective amalgamation
2025-12-29	3ba21978cbd0		utf16le_to_utf8	12.221	ci: add job for selective amalgamation
2025-12-29	3ba21978cbd0		base64_encode	30.081	ci: add job for selective amalgamation
2025-12-29	3ba21978cbd0		base64_decode	38.601	ci: add job for selective amalgamation
2025-12-30	ead4d9c3cdad		validate_utf8	20.230	interop with std::text_encoding
2025-12-30	ead4d9c3cdad		validate_ascii	82.722	interop with std::text_encoding
2025-12-30	ead4d9c3cdad		validate_utf16le	68.752	interop with std::text_encoding
2025-12-30	ead4d9c3cdad		utf8_to_utf16le	6.821	interop with std::text_encoding
2025-12-30	ead4d9c3cdad		utf16le_to_utf8	12.249	interop with std::text_encoding
2025-12-30	ead4d9c3cdad		base64_encode	29.946	interop with std::text_encoding
2025-12-30	ead4d9c3cdad		base64_decode	38.586	interop with std::text_encoding
2025-12-31	4cb4e2eafa31		validate_utf8	20.258	oss-fuzz: Add unit testing build in oss-fuzz build script (#880)
2025-12-31	4cb4e2eafa31		validate_ascii	82.736	oss-fuzz: Add unit testing build in oss-fuzz build script (#880)
2025-12-31	4cb4e2eafa31		validate_utf16le	69.309	oss-fuzz: Add unit testing build in oss-fuzz build script (#880)
2025-12-31	4cb4e2eafa31		utf8_to_utf16le	6.845	oss-fuzz: Add unit testing build in oss-fuzz build script (#880)
2025-12-31	4cb4e2eafa31		utf16le_to_utf8	12.258	oss-fuzz: Add unit testing build in oss-fuzz build script (#880)
2025-12-31	4cb4e2eafa31		base64_encode	29.969	oss-fuzz: Add unit testing build in oss-fuzz build script (#880)
2025-12-31	4cb4e2eafa31		base64_decode	38.546	oss-fuzz: Add unit testing build in oss-fuzz build script (#880)
2026-01-01	448e32ca45bd		validate_utf8	20.224	Merge pull request #868 from simdutf/simdutf_is_constexpr
2026-01-01	448e32ca45bd		validate_ascii	82.641	Merge pull request #868 from simdutf/simdutf_is_constexpr
2026-01-01	448e32ca45bd		validate_utf16le	69.207	Merge pull request #868 from simdutf/simdutf_is_constexpr
2026-01-01	448e32ca45bd		utf8_to_utf16le	6.808	Merge pull request #868 from simdutf/simdutf_is_constexpr
2026-01-01	448e32ca45bd		utf16le_to_utf8	12.179	Merge pull request #868 from simdutf/simdutf_is_constexpr
2026-01-01	448e32ca45bd		base64_encode	29.991	Merge pull request #868 from simdutf/simdutf_is_constexpr
2026-01-01	448e32ca45bd		base64_decode	38.613	Merge pull request #868 from simdutf/simdutf_is_constexpr
2026-01-03	892bae63c6ab		validate_utf8	20.241	fixes the check_feature_macros script. (#889)
2026-01-03	892bae63c6ab		validate_ascii	82.645	fixes the check_feature_macros script. (#889)
2026-01-03	892bae63c6ab		validate_utf16le	69.408	fixes the check_feature_macros script. (#889)
2026-01-03	892bae63c6ab		utf8_to_utf16le	6.817	fixes the check_feature_macros script. (#889)
2026-01-03	892bae63c6ab		utf16le_to_utf8	12.254	fixes the check_feature_macros script. (#889)
2026-01-03	892bae63c6ab		base64_encode	30.070	fixes the check_feature_macros script. (#889)
2026-01-03	892bae63c6ab		base64_decode	38.447	fixes the check_feature_macros script. (#889)
2026-01-04	98d482f12b63		validate_utf8	20.252	polish the functions in encoding_types.h (#894)
2026-01-04	98d482f12b63		validate_ascii	82.693	polish the functions in encoding_types.h (#894)
2026-01-04	98d482f12b63		validate_utf16le	69.395	polish the functions in encoding_types.h (#894)
2026-01-04	98d482f12b63		utf8_to_utf16le	6.827	polish the functions in encoding_types.h (#894)
2026-01-04	98d482f12b63		utf16le_to_utf8	12.197	polish the functions in encoding_types.h (#894)
2026-01-04	98d482f12b63		base64_encode	29.981	polish the functions in encoding_types.h (#894)
2026-01-04	98d482f12b63		base64_decode	38.435	polish the functions in encoding_types.h (#894)
2026-01-05	d56ea3e42314		validate_utf8	20.224	Fix typos (#888)
2026-01-05	d56ea3e42314		validate_ascii	82.762	Fix typos (#888)
2026-01-05	d56ea3e42314		validate_utf16le	69.283	Fix typos (#888)
2026-01-05	d56ea3e42314		utf8_to_utf16le	6.797	Fix typos (#888)
2026-01-05	d56ea3e42314		utf16le_to_utf8	12.192	Fix typos (#888)
2026-01-05	d56ea3e42314		base64_encode	29.995	Fix typos (#888)
2026-01-05	d56ea3e42314		base64_decode	38.525	Fix typos (#888)
2026-01-06	c6ef84eaf8fa		validate_utf8	20.185	Merge pull request #900 from simdutf/check_typos
2026-01-06	c6ef84eaf8fa		validate_ascii	82.776	Merge pull request #900 from simdutf/check_typos
2026-01-06	c6ef84eaf8fa		validate_utf16le	68.482	Merge pull request #900 from simdutf/check_typos
2026-01-06	c6ef84eaf8fa		utf8_to_utf16le	6.793	Merge pull request #900 from simdutf/check_typos
2026-01-06	c6ef84eaf8fa		utf16le_to_utf8	12.197	Merge pull request #900 from simdutf/check_typos
2026-01-06	c6ef84eaf8fa		base64_encode	30.110	Merge pull request #900 from simdutf/check_typos
2026-01-06	c6ef84eaf8fa		base64_decode	38.679	Merge pull request #900 from simdutf/check_typos
2026-01-06	2542805947b0		validate_utf8	20.218	Add a C API (#897)
2026-01-06	2542805947b0		validate_ascii	82.754	Add a C API (#897)
2026-01-06	2542805947b0		validate_utf16le	69.224	Add a C API (#897)
2026-01-06	2542805947b0		utf8_to_utf16le	6.806	Add a C API (#897)
2026-01-06	2542805947b0		utf16le_to_utf8	12.162	Add a C API (#897)
2026-01-06	2542805947b0		base64_encode	29.993	Add a C API (#897)
2026-01-06	2542805947b0		base64_decode	38.635	Add a C API (#897)
2026-01-06	1555ed79acfa		validate_utf8	20.251	fix constexpr mistake in README.md
2026-01-06	1555ed79acfa		validate_ascii	82.645	fix constexpr mistake in README.md
2026-01-06	1555ed79acfa		validate_utf16le	69.405	fix constexpr mistake in README.md
2026-01-06	1555ed79acfa		utf8_to_utf16le	6.832	fix constexpr mistake in README.md
2026-01-06	1555ed79acfa		utf16le_to_utf8	12.166	fix constexpr mistake in README.md
2026-01-06	1555ed79acfa		base64_encode	30.106	fix constexpr mistake in README.md
2026-01-06	1555ed79acfa		base64_decode	38.558	fix constexpr mistake in README.md
2026-01-06	e55681ff63ef		validate_utf8	20.235	ci: fix amalgamation_demos.yml
2026-01-06	e55681ff63ef		validate_ascii	82.744	ci: fix amalgamation_demos.yml
2026-01-06	e55681ff63ef		validate_utf16le	69.402	ci: fix amalgamation_demos.yml
2026-01-06	e55681ff63ef		utf8_to_utf16le	6.824	ci: fix amalgamation_demos.yml
2026-01-06	e55681ff63ef		utf16le_to_utf8	12.076	ci: fix amalgamation_demos.yml
2026-01-06	e55681ff63ef		base64_encode	29.980	ci: fix amalgamation_demos.yml
2026-01-06	e55681ff63ef		base64_decode	38.564	ci: fix amalgamation_demos.yml
2026-01-10	16305c1ed42f		validate_utf8	20.230	ensure the override keyword is used everywhere
2026-01-10	16305c1ed42f		validate_ascii	82.751	ensure the override keyword is used everywhere
2026-01-10	16305c1ed42f		validate_utf16le	69.407	ensure the override keyword is used everywhere
2026-01-10	16305c1ed42f		utf8_to_utf16le	6.809	ensure the override keyword is used everywhere
2026-01-10	16305c1ed42f		utf16le_to_utf8	12.207	ensure the override keyword is used everywhere
2026-01-10	16305c1ed42f		base64_encode	30.013	ensure the override keyword is used everywhere
2026-01-10	16305c1ed42f		base64_decode	38.506	ensure the override keyword is used everywhere
2026-01-12	9d832c1cdd79		validate_utf8	20.193	verifies issue 911 (#913)
2026-01-12	9d832c1cdd79		validate_ascii	82.694	verifies issue 911 (#913)
2026-01-12	9d832c1cdd79		validate_utf16le	69.403	verifies issue 911 (#913)
2026-01-12	9d832c1cdd79		utf8_to_utf16le	6.804	verifies issue 911 (#913)
2026-01-12	9d832c1cdd79		utf16le_to_utf8	12.181	verifies issue 911 (#913)
2026-01-12	9d832c1cdd79		base64_encode	30.084	verifies issue 911 (#913)
2026-01-12	9d832c1cdd79		base64_decode	38.591	verifies issue 911 (#913)
2026-01-12	1a71fd474d6c		validate_utf8	20.227	Merge pull request #916 from simdutf/fuzz_convert_safe
2026-01-12	1a71fd474d6c		validate_ascii	82.640	Merge pull request #916 from simdutf/fuzz_convert_safe
2026-01-12	1a71fd474d6c		validate_utf16le	69.292	Merge pull request #916 from simdutf/fuzz_convert_safe
2026-01-12	1a71fd474d6c		utf8_to_utf16le	6.835	Merge pull request #916 from simdutf/fuzz_convert_safe
2026-01-12	1a71fd474d6c		utf16le_to_utf8	12.148	Merge pull request #916 from simdutf/fuzz_convert_safe
2026-01-12	1a71fd474d6c		base64_encode	30.090	Merge pull request #916 from simdutf/fuzz_convert_safe
2026-01-12	1a71fd474d6c		base64_decode	38.542	Merge pull request #916 from simdutf/fuzz_convert_safe
2026-01-12	c172256d39ba		validate_utf8	20.233	Fix heap-buffer-overflow in convert_utf16_to_utf8_safe (#912)
2026-01-12	c172256d39ba		validate_ascii	82.613	Fix heap-buffer-overflow in convert_utf16_to_utf8_safe (#912)
2026-01-12	c172256d39ba		validate_utf16le	69.387	Fix heap-buffer-overflow in convert_utf16_to_utf8_safe (#912)
2026-01-12	c172256d39ba		utf8_to_utf16le	6.823	Fix heap-buffer-overflow in convert_utf16_to_utf8_safe (#912)
2026-01-12	c172256d39ba		utf16le_to_utf8	12.183	Fix heap-buffer-overflow in convert_utf16_to_utf8_safe (#912)
2026-01-12	c172256d39ba		base64_encode	30.097	Fix heap-buffer-overflow in convert_utf16_to_utf8_safe (#912)
2026-01-12	c172256d39ba		base64_decode	38.492	Fix heap-buffer-overflow in convert_utf16_to_utf8_safe (#912)
2026-01-12	5ceb044a2c32		validate_utf8	20.251	fixing issue 914 (#915)
2026-01-12	5ceb044a2c32		validate_ascii	82.725	fixing issue 914 (#915)
2026-01-12	5ceb044a2c32		validate_utf16le	69.140	fixing issue 914 (#915)
2026-01-12	5ceb044a2c32		utf8_to_utf16le	6.822	fixing issue 914 (#915)
2026-01-12	5ceb044a2c32		utf16le_to_utf8	12.187	fixing issue 914 (#915)
2026-01-12	5ceb044a2c32		base64_encode	29.992	fixing issue 914 (#915)
2026-01-12	5ceb044a2c32		base64_decode	38.192	fixing issue 914 (#915)
2026-01-12	af81882e89d6		validate_utf8	20.252	v7.7.2
2026-01-12	af81882e89d6		validate_ascii	82.755	v7.7.2
2026-01-12	af81882e89d6		validate_utf16le	69.383	v7.7.2
2026-01-12	af81882e89d6		utf8_to_utf16le	6.809	v7.7.2
2026-01-12	af81882e89d6		utf16le_to_utf8	12.040	v7.7.2
2026-01-12	af81882e89d6		base64_encode	30.109	v7.7.2
2026-01-12	af81882e89d6		base64_decode	38.599	v7.7.2
2026-01-13	d15c4c7c0f08		validate_utf8	20.262	clang format
2026-01-13	d15c4c7c0f08		validate_ascii	82.646	clang format
2026-01-13	d15c4c7c0f08		validate_utf16le	69.408	clang format
2026-01-13	d15c4c7c0f08		utf8_to_utf16le	6.823	clang format
2026-01-13	d15c4c7c0f08		utf16le_to_utf8	12.211	clang format
2026-01-13	d15c4c7c0f08		base64_encode	29.937	clang format
2026-01-13	d15c4c7c0f08		base64_decode	38.250	clang format
2026-01-13	aa9f1251b202		validate_utf8	20.234	Release candidate 8.0.0 (#917)
2026-01-13	aa9f1251b202		validate_ascii	82.753	Release candidate 8.0.0 (#917)
2026-01-13	aa9f1251b202		validate_utf16le	69.137	Release candidate 8.0.0 (#917)
2026-01-13	aa9f1251b202		utf8_to_utf16le	6.829	Release candidate 8.0.0 (#917)
2026-01-13	aa9f1251b202		utf16le_to_utf8	12.191	Release candidate 8.0.0 (#917)
2026-01-13	aa9f1251b202		base64_encode	29.958	Release candidate 8.0.0 (#917)
2026-01-13	aa9f1251b202		base64_decode	38.500	Release candidate 8.0.0 (#917)
2026-01-13	cea4e528a06b		validate_utf8	20.239	add github link to github pages (#909)
2026-01-13	cea4e528a06b		validate_ascii	82.675	add github link to github pages (#909)
2026-01-13	cea4e528a06b		validate_utf16le	69.406	add github link to github pages (#909)
2026-01-13	cea4e528a06b		utf8_to_utf16le	6.812	add github link to github pages (#909)
2026-01-13	cea4e528a06b		utf16le_to_utf8	12.173	add github link to github pages (#909)
2026-01-13	cea4e528a06b		base64_encode	30.017	add github link to github pages (#909)
2026-01-13	cea4e528a06b		base64_decode	38.523	add github link to github pages (#909)
2026-01-13	0f771de34e25		validate_utf8	20.230	Update/optimize Loongson kernels (#885)
2026-01-13	0f771de34e25		validate_ascii	82.786	Update/optimize Loongson kernels (#885)
2026-01-13	0f771de34e25		validate_utf16le	69.387	Update/optimize Loongson kernels (#885)
2026-01-13	0f771de34e25		utf8_to_utf16le	6.834	Update/optimize Loongson kernels (#885)
2026-01-13	0f771de34e25		utf16le_to_utf8	12.163	Update/optimize Loongson kernels (#885)
2026-01-13	0f771de34e25		base64_encode	29.951	Update/optimize Loongson kernels (#885)
2026-01-13	0f771de34e25		base64_decode	38.641	Update/optimize Loongson kernels (#885)
2026-01-13	7f3757fba1b4	v8.0.0	validate_utf8	20.231	strengthen the safe_conversion fuzzer (#918)
2026-01-13	7f3757fba1b4	v8.0.0	validate_ascii	82.747	strengthen the safe_conversion fuzzer (#918)
2026-01-13	7f3757fba1b4	v8.0.0	validate_utf16le	69.394	strengthen the safe_conversion fuzzer (#918)
2026-01-13	7f3757fba1b4	v8.0.0	utf8_to_utf16le	6.791	strengthen the safe_conversion fuzzer (#918)
2026-01-13	7f3757fba1b4	v8.0.0	utf16le_to_utf8	12.206	strengthen the safe_conversion fuzzer (#918)
2026-01-13	7f3757fba1b4	v8.0.0	base64_encode	29.922	strengthen the safe_conversion fuzzer (#918)
2026-01-13	7f3757fba1b4	v8.0.0	base64_decode	38.520	strengthen the safe_conversion fuzzer (#918)
2026-01-15	2950a435ef85		validate_utf8	20.215	fixing issue 921 (#922)
2026-01-15	2950a435ef85		validate_ascii	82.758	fixing issue 921 (#922)
2026-01-15	2950a435ef85		validate_utf16le	69.411	fixing issue 921 (#922)
2026-01-15	2950a435ef85		utf8_to_utf16le	6.796	fixing issue 921 (#922)
2026-01-15	2950a435ef85		utf16le_to_utf8	12.223	fixing issue 921 (#922)
2026-01-15	2950a435ef85		base64_encode	29.887	fixing issue 921 (#922)
2026-01-15	2950a435ef85		base64_decode	38.365	fixing issue 921 (#922)
2026-01-15	bcfbae9fad23		validate_utf8	20.226	currently, our website does not get updated on a release (#919)
2026-01-15	bcfbae9fad23		validate_ascii	82.760	currently, our website does not get updated on a release (#919)
2026-01-15	bcfbae9fad23		validate_utf16le	69.379	currently, our website does not get updated on a release (#919)
2026-01-15	bcfbae9fad23		utf8_to_utf16le	6.830	currently, our website does not get updated on a release (#919)
2026-01-15	bcfbae9fad23		utf16le_to_utf8	12.202	currently, our website does not get updated on a release (#919)
2026-01-15	bcfbae9fad23		base64_encode	29.950	currently, our website does not get updated on a release (#919)
2026-01-15	bcfbae9fad23		base64_decode	38.426	currently, our website does not get updated on a release (#919)
2026-01-30	bd0412bf496a		validate_utf8	20.226	Faster amalgamation (#928)
2026-01-30	bd0412bf496a		validate_ascii	82.704	Faster amalgamation (#928)
2026-01-30	bd0412bf496a		validate_utf16le	69.381	Faster amalgamation (#928)
2026-01-30	bd0412bf496a		utf8_to_utf16le	6.827	Faster amalgamation (#928)
2026-01-30	bd0412bf496a		utf16le_to_utf8	12.190	Faster amalgamation (#928)
2026-01-30	bd0412bf496a		base64_encode	29.946	Faster amalgamation (#928)
2026-01-30	bd0412bf496a		base64_decode	38.616	Faster amalgamation (#928)
2026-01-31	ced5a8adbbd4		validate_utf8	20.218	adding short input benchmarks (#927)
2026-01-31	ced5a8adbbd4		validate_ascii	82.730	adding short input benchmarks (#927)
2026-01-31	ced5a8adbbd4		validate_utf16le	69.398	adding short input benchmarks (#927)
2026-01-31	ced5a8adbbd4		utf8_to_utf16le	6.821	adding short input benchmarks (#927)
2026-01-31	ced5a8adbbd4		utf16le_to_utf8	12.206	adding short input benchmarks (#927)
2026-01-31	ced5a8adbbd4		base64_encode	29.969	adding short input benchmarks (#927)
2026-01-31	ced5a8adbbd4		base64_decode	38.551	adding short input benchmarks (#927)
2026-02-05	ca278a72d5b8		validate_utf8	20.225	This adds 'override' annotation for RVV, lasx and lsx. (#931)
2026-02-05	ca278a72d5b8		validate_ascii	82.643	This adds 'override' annotation for RVV, lasx and lsx. (#931)
2026-02-05	ca278a72d5b8		validate_utf16le	69.384	This adds 'override' annotation for RVV, lasx and lsx. (#931)
2026-02-05	ca278a72d5b8		utf8_to_utf16le	6.835	This adds 'override' annotation for RVV, lasx and lsx. (#931)
2026-02-05	ca278a72d5b8		utf16le_to_utf8	12.156	This adds 'override' annotation for RVV, lasx and lsx. (#931)
2026-02-05	ca278a72d5b8		base64_encode	29.973	This adds 'override' annotation for RVV, lasx and lsx. (#931)
2026-02-05	ca278a72d5b8		base64_decode	38.599	This adds 'override' annotation for RVV, lasx and lsx. (#931)
2026-02-05	d9ae95d593ff		validate_utf8	20.249	adding Paul Driek under 'Reporting a Vulnerability' (#924)
2026-02-05	d9ae95d593ff		validate_ascii	82.736	adding Paul Driek under 'Reporting a Vulnerability' (#924)
2026-02-05	d9ae95d593ff		validate_utf16le	69.424	adding Paul Driek under 'Reporting a Vulnerability' (#924)
2026-02-05	d9ae95d593ff		utf8_to_utf16le	6.797	adding Paul Driek under 'Reporting a Vulnerability' (#924)
2026-02-05	d9ae95d593ff		utf16le_to_utf8	12.234	adding Paul Driek under 'Reporting a Vulnerability' (#924)
2026-02-05	d9ae95d593ff		base64_encode	29.927	adding Paul Driek under 'Reporting a Vulnerability' (#924)
2026-02-05	d9ae95d593ff		base64_decode	38.393	adding Paul Driek under 'Reporting a Vulnerability' (#924)
2026-02-06	9e72172c67f7		validate_utf8	20.249	inlining get_default_implementation and get_single_implementation (#932)
2026-02-06	9e72172c67f7		validate_ascii	82.745	inlining get_default_implementation and get_single_implementation (#932)
2026-02-06	9e72172c67f7		validate_utf16le	69.406	inlining get_default_implementation and get_single_implementation (#932)
2026-02-06	9e72172c67f7		utf8_to_utf16le	6.820	inlining get_default_implementation and get_single_implementation (#932)
2026-02-06	9e72172c67f7		utf16le_to_utf8	12.245	inlining get_default_implementation and get_single_implementation (#932)
2026-02-06	9e72172c67f7		base64_encode	29.995	inlining get_default_implementation and get_single_implementation (#932)
2026-02-06	9e72172c67f7		base64_decode	38.635	inlining get_default_implementation and get_single_implementation (#932)
2026-02-06	9b6645a91ae1		validate_utf8	20.250	improving the short bench: avoid optimization and add steps (#934)
2026-02-06	9b6645a91ae1		validate_ascii	82.747	improving the short bench: avoid optimization and add steps (#934)
2026-02-06	9b6645a91ae1		validate_utf16le	69.318	improving the short bench: avoid optimization and add steps (#934)
2026-02-06	9b6645a91ae1		utf8_to_utf16le	6.807	improving the short bench: avoid optimization and add steps (#934)
2026-02-06	9b6645a91ae1		utf16le_to_utf8	12.211	improving the short bench: avoid optimization and add steps (#934)
2026-02-06	9b6645a91ae1		base64_encode	29.977	improving the short bench: avoid optimization and add steps (#934)
2026-02-06	9b6645a91ae1		base64_decode	38.583	improving the short bench: avoid optimization and add steps (#934)
2026-02-06	97eb03dbfcb4		validate_utf8	20.229	actually benchmark simdutf::find (#933)
2026-02-06	97eb03dbfcb4		validate_ascii	82.763	actually benchmark simdutf::find (#933)
2026-02-06	97eb03dbfcb4		validate_utf16le	69.401	actually benchmark simdutf::find (#933)
2026-02-06	97eb03dbfcb4		utf8_to_utf16le	6.819	actually benchmark simdutf::find (#933)
2026-02-06	97eb03dbfcb4		utf16le_to_utf8	12.239	actually benchmark simdutf::find (#933)
2026-02-06	97eb03dbfcb4		base64_encode	29.962	actually benchmark simdutf::find (#933)
2026-02-06	97eb03dbfcb4		base64_decode	34.729	actually benchmark simdutf::find (#933)
2026-02-11	600a5c9222de		validate_utf8	20.251	add convert_utf16_to_utf8_with_replacement (#936)
2026-02-11	600a5c9222de		validate_ascii	82.749	add convert_utf16_to_utf8_with_replacement (#936)
2026-02-11	600a5c9222de		validate_utf16le	69.398	add convert_utf16_to_utf8_with_replacement (#936)
2026-02-11	600a5c9222de		utf8_to_utf16le	6.810	add convert_utf16_to_utf8_with_replacement (#936)
2026-02-11	600a5c9222de		utf16le_to_utf8	12.412	add convert_utf16_to_utf8_with_replacement (#936)
2026-02-11	600a5c9222de		base64_encode	29.966	add convert_utf16_to_utf8_with_replacement (#936)
2026-02-11	600a5c9222de		base64_decode	38.590	add convert_utf16_to_utf8_with_replacement (#936)
2026-02-12	65b574ae1dac		validate_utf8	20.244	Add simdutf_utf8_length_from_utf32 to C API (#937)
2026-02-12	65b574ae1dac		validate_ascii	82.699	Add simdutf_utf8_length_from_utf32 to C API (#937)
2026-02-12	65b574ae1dac		validate_utf16le	69.325	Add simdutf_utf8_length_from_utf32 to C API (#937)
2026-02-12	65b574ae1dac		utf8_to_utf16le	6.809	Add simdutf_utf8_length_from_utf32 to C API (#937)
2026-02-12	65b574ae1dac		utf16le_to_utf8	12.435	Add simdutf_utf8_length_from_utf32 to C API (#937)
2026-02-12	65b574ae1dac		base64_encode	29.948	Add simdutf_utf8_length_from_utf32 to C API (#937)
2026-02-12	65b574ae1dac		base64_decode	38.607	Add simdutf_utf8_length_from_utf32 to C API (#937)
2026-02-12	2cafb7dcbe0a		validate_utf8	20.265	more work in the C API
2026-02-12	2cafb7dcbe0a		validate_ascii	82.620	more work in the C API
2026-02-12	2cafb7dcbe0a		validate_utf16le	69.229	more work in the C API
2026-02-12	2cafb7dcbe0a		utf8_to_utf16le	6.820	more work in the C API
2026-02-12	2cafb7dcbe0a		utf16le_to_utf8	12.411	more work in the C API
2026-02-12	2cafb7dcbe0a		base64_encode	29.948	more work in the C API
2026-02-12	2cafb7dcbe0a		base64_decode	38.597	more work in the C API
2026-02-12	fc5f05c7f6d7		validate_utf8	20.263	lint
2026-02-12	fc5f05c7f6d7		validate_ascii	82.668	lint
2026-02-12	fc5f05c7f6d7		validate_utf16le	69.411	lint
2026-02-12	fc5f05c7f6d7		utf8_to_utf16le	6.821	lint
2026-02-12	fc5f05c7f6d7		utf16le_to_utf8	12.406	lint
2026-02-12	fc5f05c7f6d7		base64_encode	29.959	lint
2026-02-12	fc5f05c7f6d7		base64_decode	38.448	lint
2026-02-23	d546b5ba96d3		validate_utf8	20.276	add AI policy (#939)
2026-02-23	d546b5ba96d3		validate_ascii	82.736	add AI policy (#939)
2026-02-23	d546b5ba96d3		validate_utf16le	68.526	add AI policy (#939)
2026-02-23	d546b5ba96d3		utf8_to_utf16le	6.816	add AI policy (#939)
2026-02-23	d546b5ba96d3		utf16le_to_utf8	12.385	add AI policy (#939)
2026-02-23	d546b5ba96d3		base64_encode	29.952	add AI policy (#939)
2026-02-23	d546b5ba96d3		base64_decode	34.548	add AI policy (#939)
2026-02-28	6f5cefb87246		validate_utf8	20.265	add simdutf::binary_length_from_base64 (#887)
2026-02-28	6f5cefb87246		validate_ascii	82.759	add simdutf::binary_length_from_base64 (#887)
2026-02-28	6f5cefb87246		validate_utf16le	68.134	add simdutf::binary_length_from_base64 (#887)
2026-02-28	6f5cefb87246		utf8_to_utf16le	6.802	add simdutf::binary_length_from_base64 (#887)
2026-02-28	6f5cefb87246		utf16le_to_utf8	12.221	add simdutf::binary_length_from_base64 (#887)
2026-02-28	6f5cefb87246		base64_encode	29.937	add simdutf::binary_length_from_base64 (#887)
2026-02-28	6f5cefb87246		base64_decode	38.649	add simdutf::binary_length_from_base64 (#887)
2026-03-02	1b1c301e5068		validate_utf8	20.266	Update bug report template with support policy
2026-03-02	1b1c301e5068		validate_ascii	82.758	Update bug report template with support policy
2026-03-02	1b1c301e5068		validate_utf16le	68.276	Update bug report template with support policy
2026-03-02	1b1c301e5068		utf8_to_utf16le	6.842	Update bug report template with support policy
2026-03-02	1b1c301e5068		utf16le_to_utf8	12.398	Update bug report template with support policy
2026-03-02	1b1c301e5068		base64_encode	30.032	Update bug report template with support policy
2026-03-02	1b1c301e5068		base64_decode	38.663	Update bug report template with support policy
2026-03-05	a14c6ad21f3e		validate_utf8	20.262	add more constexpr to utf8_to_utf16.h (#943)
2026-03-05	a14c6ad21f3e		validate_ascii	82.741	add more constexpr to utf8_to_utf16.h (#943)
2026-03-05	a14c6ad21f3e		validate_utf16le	69.202	add more constexpr to utf8_to_utf16.h (#943)
2026-03-05	a14c6ad21f3e		utf8_to_utf16le	6.822	add more constexpr to utf8_to_utf16.h (#943)
2026-03-05	a14c6ad21f3e		utf16le_to_utf8	12.398	add more constexpr to utf8_to_utf16.h (#943)
2026-03-05	a14c6ad21f3e		base64_encode	29.922	add more constexpr to utf8_to_utf16.h (#943)
2026-03-05	a14c6ad21f3e		base64_decode	38.582	add more constexpr to utf8_to_utf16.h (#943)
2026-03-06	9bfb9be7cb1d		validate_utf8	20.204	Optimized binary_length_from_base64 functions for most kernels (#944)
2026-03-06	9bfb9be7cb1d		validate_ascii	82.764	Optimized binary_length_from_base64 functions for most kernels (#944)
2026-03-06	9bfb9be7cb1d		validate_utf16le	69.388	Optimized binary_length_from_base64 functions for most kernels (#944)
2026-03-06	9bfb9be7cb1d		utf8_to_utf16le	6.799	Optimized binary_length_from_base64 functions for most kernels (#944)
2026-03-06	9bfb9be7cb1d		utf16le_to_utf8	12.202	Optimized binary_length_from_base64 functions for most kernels (#944)
2026-03-06	9bfb9be7cb1d		base64_encode	30.081	Optimized binary_length_from_base64 functions for most kernels (#944)
2026-03-06	9bfb9be7cb1d		base64_decode	38.649	Optimized binary_length_from_base64 functions for most kernels (#944)
2026-03-06	24a06103ab5c	v8.1.0	validate_utf8	20.222	v8.1.0
2026-03-06	24a06103ab5c	v8.1.0	validate_ascii	82.754	v8.1.0
2026-03-06	24a06103ab5c	v8.1.0	validate_utf16le	69.295	v8.1.0
2026-03-06	24a06103ab5c	v8.1.0	utf8_to_utf16le	6.835	v8.1.0
2026-03-06	24a06103ab5c	v8.1.0	utf16le_to_utf8	12.387	v8.1.0
2026-03-06	24a06103ab5c	v8.1.0	base64_encode	30.019	v8.1.0
2026-03-06	24a06103ab5c	v8.1.0	base64_decode	38.534	v8.1.0
2026-03-12	cd7cfd13af34		validate_utf8	20.215	disabling loongson LASX runtime dispatching everywhere but GCC15+ (#945)
2026-03-12	cd7cfd13af34		validate_ascii	82.753	disabling loongson LASX runtime dispatching everywhere but GCC15+ (#945)
2026-03-12	cd7cfd13af34		validate_utf16le	69.393	disabling loongson LASX runtime dispatching everywhere but GCC15+ (#945)
2026-03-12	cd7cfd13af34		utf8_to_utf16le	6.806	disabling loongson LASX runtime dispatching everywhere but GCC15+ (#945)
2026-03-12	cd7cfd13af34		utf16le_to_utf8	12.398	disabling loongson LASX runtime dispatching everywhere but GCC15+ (#945)
2026-03-12	cd7cfd13af34		base64_encode	30.010	disabling loongson LASX runtime dispatching everywhere but GCC15+ (#945)
2026-03-12	cd7cfd13af34		base64_decode	38.552	disabling loongson LASX runtime dispatching everywhere but GCC15+ (#945)
2026-03-12	fd476229424b	v8.2.0	validate_utf8	20.215	v8.2.0
2026-03-12	fd476229424b	v8.2.0	validate_ascii	82.741	v8.2.0
2026-03-12	fd476229424b	v8.2.0	validate_utf16le	69.389	v8.2.0
2026-03-12	fd476229424b	v8.2.0	utf8_to_utf16le	6.794	v8.2.0
2026-03-12	fd476229424b	v8.2.0	utf16le_to_utf8	12.379	v8.2.0
2026-03-12	fd476229424b	v8.2.0	base64_encode	29.935	v8.2.0
2026-03-12	fd476229424b	v8.2.0	base64_decode	38.334	v8.2.0
2026-03-16	04a9b596de94		validate_utf8	20.214	Add fluentbit to the list of tools
2026-03-16	04a9b596de94		validate_ascii	82.760	Add fluentbit to the list of tools
2026-03-16	04a9b596de94		validate_utf16le	69.391	Add fluentbit to the list of tools
2026-03-16	04a9b596de94		utf8_to_utf16le	6.810	Add fluentbit to the list of tools
2026-03-16	04a9b596de94		utf16le_to_utf8	12.390	Add fluentbit to the list of tools
2026-03-16	04a9b596de94		base64_encode	27.658	Add fluentbit to the list of tools
2026-03-16	04a9b596de94		base64_decode	38.535	Add fluentbit to the list of tools
2026-03-29	db9c836594aa		validate_utf8	20.211	dropping CI tests for 32-bit msys (#954)
2026-03-29	db9c836594aa		validate_ascii	82.764	dropping CI tests for 32-bit msys (#954)
2026-03-29	db9c836594aa		validate_utf16le	69.397	dropping CI tests for 32-bit msys (#954)
2026-03-29	db9c836594aa		utf8_to_utf16le	6.783	dropping CI tests for 32-bit msys (#954)
2026-03-29	db9c836594aa		utf16le_to_utf8	12.395	dropping CI tests for 32-bit msys (#954)
2026-03-29	db9c836594aa		base64_encode	30.036	dropping CI tests for 32-bit msys (#954)
2026-03-29	db9c836594aa		base64_decode	38.598	dropping CI tests for 32-bit msys (#954)
2026-03-29	462c3af5fca9		validate_utf8	20.236	fixed two icelake issues: find with nulls, and mislabled base64 returns.
2026-03-29	462c3af5fca9		validate_ascii	82.741	fixed two icelake issues: find with nulls, and mislabled base64 returns.
2026-03-29	462c3af5fca9		validate_utf16le	69.397	fixed two icelake issues: find with nulls, and mislabled base64 returns.
2026-03-29	462c3af5fca9		utf8_to_utf16le	6.809	fixed two icelake issues: find with nulls, and mislabled base64 returns.
2026-03-29	462c3af5fca9		utf16le_to_utf8	12.194	fixed two icelake issues: find with nulls, and mislabled base64 returns.
2026-03-29	462c3af5fca9		base64_encode	30.136	fixed two icelake issues: find with nulls, and mislabled base64 returns.
2026-03-29	462c3af5fca9		base64_decode	38.527	fixed two icelake issues: find with nulls, and mislabled base64 returns.
2026-03-29	762d2de537bf		validate_utf8	20.201	Add boolean error flag to base64 decoding error return values across scalar, generic, and icelake implementations.
2026-03-29	762d2de537bf		validate_ascii	82.779	Add boolean error flag to base64 decoding error return values across scalar, generic, and icelake implementations.
2026-03-29	762d2de537bf		validate_utf16le	68.843	Add boolean error flag to base64 decoding error return values across scalar, generic, and icelake implementations.
2026-03-29	762d2de537bf		utf8_to_utf16le	6.804	Add boolean error flag to base64 decoding error return values across scalar, generic, and icelake implementations.
2026-03-29	762d2de537bf		utf16le_to_utf8	12.417	Add boolean error flag to base64 decoding error return values across scalar, generic, and icelake implementations.
2026-03-29	762d2de537bf		base64_encode	30.141	Add boolean error flag to base64 decoding error return values across scalar, generic, and icelake implementations.
2026-03-29	762d2de537bf		base64_decode	38.612	Add boolean error flag to base64 decoding error return values across scalar, generic, and icelake implementations.
2026-03-29	2f1ec6586a33		validate_utf8	20.232	Increase fuzzing test coverage (#948)
2026-03-29	2f1ec6586a33		validate_ascii	82.657	Increase fuzzing test coverage (#948)
2026-03-29	2f1ec6586a33		validate_utf16le	69.344	Increase fuzzing test coverage (#948)
2026-03-29	2f1ec6586a33		utf8_to_utf16le	6.830	Increase fuzzing test coverage (#948)
2026-03-29	2f1ec6586a33		utf16le_to_utf8	12.182	Increase fuzzing test coverage (#948)
2026-03-29	2f1ec6586a33		base64_encode	29.996	Increase fuzzing test coverage (#948)
2026-03-29	2f1ec6586a33		base64_decode	38.398	Increase fuzzing test coverage (#948)
2026-03-30	168ade20a4b3		validate_utf8	20.167	clang format
2026-03-30	168ade20a4b3		validate_ascii	82.682	clang format
2026-03-30	168ade20a4b3		validate_utf16le	68.600	clang format
2026-03-30	168ade20a4b3		utf8_to_utf16le	6.783	clang format
2026-03-30	168ade20a4b3		utf16le_to_utf8	12.371	clang format
2026-03-30	168ade20a4b3		base64_encode	29.978	clang format
2026-03-30	168ade20a4b3		base64_decode	38.471	clang format
2026-03-30	3b1495a15b0f		validate_utf8	20.231	fix ppc64 amalgamation issues #952
2026-03-30	3b1495a15b0f		validate_ascii	82.732	fix ppc64 amalgamation issues #952
2026-03-30	3b1495a15b0f		validate_utf16le	69.059	fix ppc64 amalgamation issues #952
2026-03-30	3b1495a15b0f		utf8_to_utf16le	6.791	fix ppc64 amalgamation issues #952
2026-03-30	3b1495a15b0f		utf16le_to_utf8	12.428	fix ppc64 amalgamation issues #952
2026-03-30	3b1495a15b0f		base64_encode	30.025	fix ppc64 amalgamation issues #952
2026-03-30	3b1495a15b0f		base64_decode	38.460	fix ppc64 amalgamation issues #952
2026-03-30	72c8d61c6f3e		validate_utf8	20.248	Add ghostty and uWebSockets to the README
2026-03-30	72c8d61c6f3e		validate_ascii	82.750	Add ghostty and uWebSockets to the README
2026-03-30	72c8d61c6f3e		validate_utf16le	69.340	Add ghostty and uWebSockets to the README
2026-03-30	72c8d61c6f3e		utf8_to_utf16le	6.819	Add ghostty and uWebSockets to the README
2026-03-30	72c8d61c6f3e		utf16le_to_utf8	12.398	Add ghostty and uWebSockets to the README
2026-03-30	72c8d61c6f3e		base64_encode	29.928	Add ghostty and uWebSockets to the README
2026-03-30	72c8d61c6f3e		base64_decode	38.384	Add ghostty and uWebSockets to the README
2026-04-01	df30c50ff8e5		validate_utf8	20.219	Better fastbase64 + man pages (#947)
2026-04-01	df30c50ff8e5		validate_ascii	82.773	Better fastbase64 + man pages (#947)
2026-04-01	df30c50ff8e5		validate_utf16le	69.243	Better fastbase64 + man pages (#947)
2026-04-01	df30c50ff8e5		utf8_to_utf16le	6.798	Better fastbase64 + man pages (#947)
2026-04-01	df30c50ff8e5		utf16le_to_utf8	12.416	Better fastbase64 + man pages (#947)
2026-04-01	df30c50ff8e5		base64_encode	30.115	Better fastbase64 + man pages (#947)
2026-04-01	df30c50ff8e5		base64_decode	38.577	Better fastbase64 + man pages (#947)
2026-04-01	82a8feb8b530		validate_utf8	20.207	always enabling the fastbase64 tests.
2026-04-01	82a8feb8b530		validate_ascii	82.635	always enabling the fastbase64 tests.
2026-04-01	82a8feb8b530		validate_utf16le	69.393	always enabling the fastbase64 tests.
2026-04-01	82a8feb8b530		utf8_to_utf16le	6.798	always enabling the fastbase64 tests.
2026-04-01	82a8feb8b530		utf16le_to_utf8	12.355	always enabling the fastbase64 tests.
2026-04-01	82a8feb8b530		base64_encode	30.041	always enabling the fastbase64 tests.
2026-04-01	82a8feb8b530		base64_decode	38.566	always enabling the fastbase64 tests.
2026-04-01	1ac2c2245ce9		validate_utf8	20.187	being more selective on where we test the tools
2026-04-01	1ac2c2245ce9		validate_ascii	82.769	being more selective on where we test the tools
2026-04-01	1ac2c2245ce9		validate_utf16le	69.398	being more selective on where we test the tools
2026-04-01	1ac2c2245ce9		utf8_to_utf16le	6.823	being more selective on where we test the tools
2026-04-01	1ac2c2245ce9		utf16le_to_utf8	12.408	being more selective on where we test the tools
2026-04-01	1ac2c2245ce9		base64_encode	30.003	being more selective on where we test the tools
2026-04-01	1ac2c2245ce9		base64_decode	38.511	being more selective on where we test the tools
2026-04-05	05c9a5300dbd		validate_utf8	20.157	allow end user to have base64 literals  (#956)
2026-04-05	05c9a5300dbd		validate_ascii	82.741	allow end user to have base64 literals  (#956)
2026-04-05	05c9a5300dbd		validate_utf16le	69.368	allow end user to have base64 literals  (#956)
2026-04-05	05c9a5300dbd		utf8_to_utf16le	6.836	allow end user to have base64 literals  (#956)
2026-04-05	05c9a5300dbd		utf16le_to_utf8	12.427	allow end user to have base64 literals  (#956)
2026-04-05	05c9a5300dbd		base64_encode	30.154	allow end user to have base64 literals  (#956)
2026-04-05	05c9a5300dbd		base64_decode	38.590	allow end user to have base64 literals  (#956)
2026-04-05	06258b2c046d		validate_utf8	20.230	extends our base64 public API (#955)
2026-04-05	06258b2c046d		validate_ascii	82.728	extends our base64 public API (#955)
2026-04-05	06258b2c046d		validate_utf16le	69.389	extends our base64 public API (#955)
2026-04-05	06258b2c046d		utf8_to_utf16le	6.824	extends our base64 public API (#955)
2026-04-05	06258b2c046d		utf16le_to_utf8	12.406	extends our base64 public API (#955)
2026-04-05	06258b2c046d		base64_encode	30.030	extends our base64 public API (#955)
2026-04-05	06258b2c046d		base64_decode	38.649	extends our base64 public API (#955)
2026-04-14	f9ecacb98e38		validate_utf8	20.240	reduce the size of our tools (#958)
2026-04-14	f9ecacb98e38		validate_ascii	82.737	reduce the size of our tools (#958)
2026-04-14	f9ecacb98e38		validate_utf16le	68.946	reduce the size of our tools (#958)
2026-04-14	f9ecacb98e38		utf8_to_utf16le	6.805	reduce the size of our tools (#958)
2026-04-14	f9ecacb98e38		utf16le_to_utf8	12.422	reduce the size of our tools (#958)
2026-04-14	f9ecacb98e38		base64_encode	30.030	reduce the size of our tools (#958)
2026-04-14	f9ecacb98e38		base64_decode	38.486	reduce the size of our tools (#958)
2026-04-15	77190c4b12d2		validate_utf8	20.231	instructions for benchmarks
2026-04-15	77190c4b12d2		validate_ascii	82.747	instructions for benchmarks
2026-04-15	77190c4b12d2		validate_utf16le	69.294	instructions for benchmarks
2026-04-15	77190c4b12d2		utf8_to_utf16le	6.796	instructions for benchmarks
2026-04-15	77190c4b12d2		utf16le_to_utf8	12.416	instructions for benchmarks
2026-04-15	77190c4b12d2		base64_encode	30.008	instructions for benchmarks
2026-04-15	77190c4b12d2		base64_decode	38.530	instructions for benchmarks
2026-04-15	545683b12601		validate_utf8	20.243	Add Benchmarks section to README
2026-04-15	545683b12601		validate_ascii	82.732	Add Benchmarks section to README
2026-04-15	545683b12601		validate_utf16le	67.992	Add Benchmarks section to README
2026-04-15	545683b12601		utf8_to_utf16le	6.828	Add Benchmarks section to README
2026-04-15	545683b12601		utf16le_to_utf8	12.372	Add Benchmarks section to README
2026-04-15	545683b12601		base64_encode	29.999	Add Benchmarks section to README
2026-04-15	545683b12601		base64_decode	38.608	Add Benchmarks section to README
2026-04-15	cfe3bfdf415f		validate_utf8	20.228	arm kernel should not define SIMDUTF_SIMD_HAS_BYTEMASK (#960)
2026-04-15	cfe3bfdf415f		validate_ascii	82.755	arm kernel should not define SIMDUTF_SIMD_HAS_BYTEMASK (#960)
2026-04-15	cfe3bfdf415f		validate_utf16le	69.344	arm kernel should not define SIMDUTF_SIMD_HAS_BYTEMASK (#960)
2026-04-15	cfe3bfdf415f		utf8_to_utf16le	6.784	arm kernel should not define SIMDUTF_SIMD_HAS_BYTEMASK (#960)
2026-04-15	cfe3bfdf415f		utf16le_to_utf8	12.402	arm kernel should not define SIMDUTF_SIMD_HAS_BYTEMASK (#960)
2026-04-15	cfe3bfdf415f		base64_encode	30.019	arm kernel should not define SIMDUTF_SIMD_HAS_BYTEMASK (#960)
2026-04-15	cfe3bfdf415f		base64_decode	38.611	arm kernel should not define SIMDUTF_SIMD_HAS_BYTEMASK (#960)
2026-04-21	5c0c0507d3d7		validate_utf8	20.201	simpler approach to removing the C++ lib dependency at runtime (#962)
2026-04-21	5c0c0507d3d7		validate_ascii	82.737	simpler approach to removing the C++ lib dependency at runtime (#962)
2026-04-21	5c0c0507d3d7		validate_utf16le	68.589	simpler approach to removing the C++ lib dependency at runtime (#962)
2026-04-21	5c0c0507d3d7		utf8_to_utf16le	6.829	simpler approach to removing the C++ lib dependency at runtime (#962)
2026-04-21	5c0c0507d3d7		utf16le_to_utf8	12.410	simpler approach to removing the C++ lib dependency at runtime (#962)
2026-04-21	5c0c0507d3d7		base64_encode	29.970	simpler approach to removing the C++ lib dependency at runtime (#962)
2026-04-21	5c0c0507d3d7		base64_decode	38.571	simpler approach to removing the C++ lib dependency at runtime (#962)
2026-04-21	ca7acbcea967	v9.0.0	validate_utf8	20.215	release 9.0.0
2026-04-21	ca7acbcea967	v9.0.0	validate_ascii	82.755	release 9.0.0
2026-04-21	ca7acbcea967	v9.0.0	validate_utf16le	68.646	release 9.0.0
2026-04-21	ca7acbcea967	v9.0.0	utf8_to_utf16le	6.844	release 9.0.0
2026-04-21	ca7acbcea967	v9.0.0	utf16le_to_utf8	12.370	release 9.0.0
2026-04-21	ca7acbcea967	v9.0.0	base64_encode	29.963	release 9.0.0
2026-04-21	ca7acbcea967	v9.0.0	base64_decode	38.426	release 9.0.0
2026-04-21	def23e6973f1		validate_utf8	20.182	Fix wording in thread safety section of README
2026-04-21	def23e6973f1		validate_ascii	82.739	Fix wording in thread safety section of README
2026-04-21	def23e6973f1		validate_utf16le	69.406	Fix wording in thread safety section of README
2026-04-21	def23e6973f1		utf8_to_utf16le	6.841	Fix wording in thread safety section of README
2026-04-21	def23e6973f1		utf16le_to_utf8	12.437	Fix wording in thread safety section of README
2026-04-21	def23e6973f1		base64_encode	29.970	Fix wording in thread safety section of README
2026-04-21	def23e6973f1		base64_decode	38.368	Fix wording in thread safety section of README
2026-04-24	da91b8651298		validate_utf8	20.224	fix minor issues in README.md
2026-04-24	da91b8651298		validate_ascii	82.763	fix minor issues in README.md
2026-04-24	da91b8651298		validate_utf16le	69.402	fix minor issues in README.md
2026-04-24	da91b8651298		utf8_to_utf16le	6.839	fix minor issues in README.md
2026-04-24	da91b8651298		utf16le_to_utf8	12.386	fix minor issues in README.md
2026-04-24	da91b8651298		base64_encode	29.970	fix minor issues in README.md
2026-04-24	da91b8651298		base64_decode	38.367	fix minor issues in README.md
2026-04-25	427a6f525f50		validate_utf8	20.240	update to github actions v6 (#968)
2026-04-25	427a6f525f50		validate_ascii	82.704	update to github actions v6 (#968)
2026-04-25	427a6f525f50		validate_utf16le	69.408	update to github actions v6 (#968)
2026-04-25	427a6f525f50		utf8_to_utf16le	6.838	update to github actions v6 (#968)
2026-04-25	427a6f525f50		utf16le_to_utf8	12.198	update to github actions v6 (#968)
2026-04-25	427a6f525f50		base64_encode	29.971	update to github actions v6 (#968)
2026-04-25	427a6f525f50		base64_decode	38.573	update to github actions v6 (#968)
2026-05-06	214f8ce96a1f		validate_utf8	20.218	scripts/add_function.py: fixes (#971)
2026-05-06	214f8ce96a1f		validate_ascii	82.738	scripts/add_function.py: fixes (#971)
2026-05-06	214f8ce96a1f		validate_utf16le	68.904	scripts/add_function.py: fixes (#971)
2026-05-06	214f8ce96a1f		utf8_to_utf16le	6.845	scripts/add_function.py: fixes (#971)
2026-05-06	214f8ce96a1f		utf16le_to_utf8	12.419	scripts/add_function.py: fixes (#971)
2026-05-06	214f8ce96a1f		base64_encode	29.960	scripts/add_function.py: fixes (#971)
2026-05-06	214f8ce96a1f		base64_decode	38.592	scripts/add_function.py: fixes (#971)
2026-05-07	aa5a4769082d		validate_utf8	20.221	workaround missing std::unreachable (#966)
2026-05-07	aa5a4769082d		validate_ascii	82.745	workaround missing std::unreachable (#966)
2026-05-07	aa5a4769082d		validate_utf16le	69.421	workaround missing std::unreachable (#966)
2026-05-07	aa5a4769082d		utf8_to_utf16le	6.819	workaround missing std::unreachable (#966)
2026-05-07	aa5a4769082d		utf16le_to_utf8	12.406	workaround missing std::unreachable (#966)
2026-05-07	aa5a4769082d		base64_encode	30.012	workaround missing std::unreachable (#966)
2026-05-07	aa5a4769082d		base64_decode	38.624	workaround missing std::unreachable (#966)
2026-05-07	b77e0dfdeca5		validate_utf8	20.205	update to cmake 3.18 everywhere (#967)
2026-05-07	b77e0dfdeca5		validate_ascii	82.728	update to cmake 3.18 everywhere (#967)
2026-05-07	b77e0dfdeca5		validate_utf16le	69.094	update to cmake 3.18 everywhere (#967)
2026-05-07	b77e0dfdeca5		utf8_to_utf16le	6.829	update to cmake 3.18 everywhere (#967)
2026-05-07	b77e0dfdeca5		utf16le_to_utf8	12.395	update to cmake 3.18 everywhere (#967)
2026-05-07	b77e0dfdeca5		base64_encode	29.859	update to cmake 3.18 everywhere (#967)
2026-05-07	b77e0dfdeca5		base64_decode	38.468	update to cmake 3.18 everywhere (#967)
2026-05-07	6d68675eaa76		validate_utf8	20.196	ci: add job compiling with gcc 16 (#973)
2026-05-07	6d68675eaa76		validate_ascii	82.602	ci: add job compiling with gcc 16 (#973)
2026-05-07	6d68675eaa76		validate_utf16le	69.389	ci: add job compiling with gcc 16 (#973)
2026-05-07	6d68675eaa76		utf8_to_utf16le	6.815	ci: add job compiling with gcc 16 (#973)
2026-05-07	6d68675eaa76		utf16le_to_utf8	12.429	ci: add job compiling with gcc 16 (#973)
2026-05-07	6d68675eaa76		base64_encode	29.962	ci: add job compiling with gcc 16 (#973)
2026-05-07	6d68675eaa76		base64_decode	38.595	ci: add job compiling with gcc 16 (#973)
2026-05-18	810559706c7f		validate_utf8	20.243	Remove redundant checks in scalar utf8 validation (#970)
2026-05-18	810559706c7f		validate_ascii	82.670	Remove redundant checks in scalar utf8 validation (#970)
2026-05-18	810559706c7f		validate_utf16le	69.391	Remove redundant checks in scalar utf8 validation (#970)
2026-05-18	810559706c7f		utf8_to_utf16le	6.855	Remove redundant checks in scalar utf8 validation (#970)
2026-05-18	810559706c7f		utf16le_to_utf8	12.409	Remove redundant checks in scalar utf8 validation (#970)
2026-05-18	810559706c7f		base64_encode	29.943	Remove redundant checks in scalar utf8 validation (#970)
2026-05-18	810559706c7f		base64_decode	38.508	Remove redundant checks in scalar utf8 validation (#970)
2026-05-18	bfaf8b22ef3c		validate_utf8	20.246	build with fil-c (#964)
2026-05-18	bfaf8b22ef3c		validate_ascii	82.753	build with fil-c (#964)
2026-05-18	bfaf8b22ef3c		validate_utf16le	69.413	build with fil-c (#964)
2026-05-18	bfaf8b22ef3c		utf8_to_utf16le	6.829	build with fil-c (#964)
2026-05-18	bfaf8b22ef3c		utf16le_to_utf8	12.434	build with fil-c (#964)
2026-05-18	bfaf8b22ef3c		base64_encode	29.971	build with fil-c (#964)
2026-05-18	bfaf8b22ef3c		base64_decode	37.828	build with fil-c (#964)
2026-05-18	e7f8f88a3c99		validate_utf8	20.243	test: strengthen conversion result coverage (#972)
2026-05-18	e7f8f88a3c99		validate_ascii	82.744	test: strengthen conversion result coverage (#972)
2026-05-18	e7f8f88a3c99		validate_utf16le	69.408	test: strengthen conversion result coverage (#972)
2026-05-18	e7f8f88a3c99		utf8_to_utf16le	6.816	test: strengthen conversion result coverage (#972)
2026-05-18	e7f8f88a3c99		utf16le_to_utf8	12.422	test: strengthen conversion result coverage (#972)
2026-05-18	e7f8f88a3c99		base64_encode	29.897	test: strengthen conversion result coverage (#972)
2026-05-18	e7f8f88a3c99		base64_decode	38.242	test: strengthen conversion result coverage (#972)
2026-05-18	32b936f3ddd7		validate_utf8	20.203	lint
2026-05-18	32b936f3ddd7		validate_ascii	82.746	lint
2026-05-18	32b936f3ddd7		validate_utf16le	69.383	lint
2026-05-18	32b936f3ddd7		utf8_to_utf16le	6.812	lint
2026-05-18	32b936f3ddd7		utf16le_to_utf8	12.392	lint
2026-05-18	32b936f3ddd7		base64_encode	29.929	lint
2026-05-18	32b936f3ddd7		base64_decode	38.437	lint
2026-05-19	6eb12b96f001		validate_utf8	20.184	add test where rewind causes integer underflow (#975)
2026-05-19	6eb12b96f001		validate_ascii	82.712	add test where rewind causes integer underflow (#975)
2026-05-19	6eb12b96f001		validate_utf16le	69.414	add test where rewind causes integer underflow (#975)
2026-05-19	6eb12b96f001		utf8_to_utf16le	6.830	add test where rewind causes integer underflow (#975)
2026-05-19	6eb12b96f001		utf16le_to_utf8	12.404	add test where rewind causes integer underflow (#975)
2026-05-19	6eb12b96f001		base64_encode	30.050	add test where rewind causes integer underflow (#975)
2026-05-19	6eb12b96f001		base64_decode	38.614	add test where rewind causes integer underflow (#975)
2026-05-22	4f426713aa55		validate_utf8	20.233	icelake: use unsigned shift base in utf16_to_latin1 tail mask (#976)
2026-05-22	4f426713aa55		validate_ascii	82.728	icelake: use unsigned shift base in utf16_to_latin1 tail mask (#976)
2026-05-22	4f426713aa55		validate_utf16le	69.237	icelake: use unsigned shift base in utf16_to_latin1 tail mask (#976)
2026-05-22	4f426713aa55		utf8_to_utf16le	6.829	icelake: use unsigned shift base in utf16_to_latin1 tail mask (#976)
2026-05-22	4f426713aa55		utf16le_to_utf8	12.422	icelake: use unsigned shift base in utf16_to_latin1 tail mask (#976)
2026-05-22	4f426713aa55		base64_encode	30.089	icelake: use unsigned shift base in utf16_to_latin1 tail mask (#976)
2026-05-22	4f426713aa55		base64_decode	38.635	icelake: use unsigned shift base in utf16_to_latin1 tail mask (#976)
2026-05-25	29c5f637b987		validate_utf8	20.214	icelake: use unsigned shift base in latin1_to_utf16 tail mask (#977)
2026-05-25	29c5f637b987		validate_ascii	82.748	icelake: use unsigned shift base in latin1_to_utf16 tail mask (#977)
2026-05-25	29c5f637b987		validate_utf16le	69.275	icelake: use unsigned shift base in latin1_to_utf16 tail mask (#977)
2026-05-25	29c5f637b987		utf8_to_utf16le	6.810	icelake: use unsigned shift base in latin1_to_utf16 tail mask (#977)
2026-05-25	29c5f637b987		utf16le_to_utf8	12.201	icelake: use unsigned shift base in latin1_to_utf16 tail mask (#977)
2026-05-25	29c5f637b987		base64_encode	30.104	icelake: use unsigned shift base in latin1_to_utf16 tail mask (#977)
2026-05-25	29c5f637b987		base64_decode	38.599	icelake: use unsigned shift base in latin1_to_utf16 tail mask (#977)
2026-05-25	7eff0ceb12bb		validate_utf8	20.245	fix doubled length in binary_length_from_base64 for char16 input (#978)
2026-05-25	7eff0ceb12bb		validate_ascii	82.730	fix doubled length in binary_length_from_base64 for char16 input (#978)
2026-05-25	7eff0ceb12bb		validate_utf16le	69.296	fix doubled length in binary_length_from_base64 for char16 input (#978)
2026-05-25	7eff0ceb12bb		utf8_to_utf16le	6.836	fix doubled length in binary_length_from_base64 for char16 input (#978)
2026-05-25	7eff0ceb12bb		utf16le_to_utf8	12.419	fix doubled length in binary_length_from_base64 for char16 input (#978)
2026-05-25	7eff0ceb12bb		base64_encode	29.990	fix doubled length in binary_length_from_base64 for char16 input (#978)
2026-05-25	7eff0ceb12bb		base64_decode	38.518	fix doubled length in binary_length_from_base64 for char16 input (#978)
2026-05-27	47265a48c6b5		validate_utf8	20.223	upgrading the web site (#980)
2026-05-27	47265a48c6b5		validate_ascii	82.758	upgrading the web site (#980)
2026-05-27	47265a48c6b5		validate_utf16le	69.243	upgrading the web site (#980)
2026-05-27	47265a48c6b5		utf8_to_utf16le	6.836	upgrading the web site (#980)
2026-05-27	47265a48c6b5		utf16le_to_utf8	12.415	upgrading the web site (#980)
2026-05-27	47265a48c6b5		base64_encode	30.113	upgrading the web site (#980)
2026-05-27	47265a48c6b5		base64_decode	38.634	upgrading the web site (#980)
2026-05-28	f2c96d21aded		validate_utf8	20.231	update to css
2026-05-28	f2c96d21aded		validate_ascii	82.697	update to css
2026-05-28	f2c96d21aded		validate_utf16le	68.968	update to css
2026-05-28	f2c96d21aded		utf8_to_utf16le	6.848	update to css
2026-05-28	f2c96d21aded		utf16le_to_utf8	12.412	update to css
2026-05-28	f2c96d21aded		base64_encode	29.940	update to css
2026-05-28	f2c96d21aded		base64_decode	38.687	update to css
2026-05-28	6cd1ccf17634		validate_utf8	20.239	more work improving documentation. restoring the comments in doxygen (otherwise the result is ugly/odd).
2026-05-28	6cd1ccf17634		validate_ascii	82.737	more work improving documentation. restoring the comments in doxygen (otherwise the result is ugly/odd).
2026-05-28	6cd1ccf17634		validate_utf16le	69.274	more work improving documentation. restoring the comments in doxygen (otherwise the result is ugly/odd).
2026-05-28	6cd1ccf17634		utf8_to_utf16le	6.849	more work improving documentation. restoring the comments in doxygen (otherwise the result is ugly/odd).
2026-05-28	6cd1ccf17634		utf16le_to_utf8	12.416	more work improving documentation. restoring the comments in doxygen (otherwise the result is ugly/odd).
2026-05-28	6cd1ccf17634		base64_encode	29.975	more work improving documentation. restoring the comments in doxygen (otherwise the result is ugly/odd).
2026-05-28	6cd1ccf17634		base64_decode	38.301	more work improving documentation. restoring the comments in doxygen (otherwise the result is ugly/odd).
2026-05-28	eecd5ffa487a		validate_utf8	20.207	tweak to the tables so that doxy recognizes them
2026-05-28	eecd5ffa487a		validate_ascii	82.758	tweak to the tables so that doxy recognizes them
2026-05-28	eecd5ffa487a		validate_utf16le	69.221	tweak to the tables so that doxy recognizes them
2026-05-28	eecd5ffa487a		utf8_to_utf16le	6.819	tweak to the tables so that doxy recognizes them
2026-05-28	eecd5ffa487a		utf16le_to_utf8	12.420	tweak to the tables so that doxy recognizes them
2026-05-28	eecd5ffa487a		base64_encode	29.964	tweak to the tables so that doxy recognizes them
2026-05-28	eecd5ffa487a		base64_decode	38.534	tweak to the tables so that doxy recognizes them
2026-05-28	7747efe4c137		validate_utf8	20.204	updating doxygen
2026-05-28	7747efe4c137		validate_ascii	82.744	updating doxygen
2026-05-28	7747efe4c137		validate_utf16le	69.324	updating doxygen
2026-05-28	7747efe4c137		utf8_to_utf16le	6.843	updating doxygen
2026-05-28	7747efe4c137		utf16le_to_utf8	12.426	updating doxygen
2026-05-28	7747efe4c137		base64_encode	30.112	updating doxygen
2026-05-28	7747efe4c137		base64_decode	38.233	updating doxygen
2026-05-28	32d2c46aa0b1		validate_utf8	20.238	fixes for the doc. (#983)
2026-05-28	32d2c46aa0b1		validate_ascii	82.764	fixes for the doc. (#983)
2026-05-28	32d2c46aa0b1		validate_utf16le	69.419	fixes for the doc. (#983)
2026-05-28	32d2c46aa0b1		utf8_to_utf16le	6.822	fixes for the doc. (#983)
2026-05-28	32d2c46aa0b1		utf16le_to_utf8	12.416	fixes for the doc. (#983)
2026-05-28	32d2c46aa0b1		base64_encode	30.068	fixes for the doc. (#983)
2026-05-28	32d2c46aa0b1		base64_decode	38.696	fixes for the doc. (#983)
2026-05-28	98ed57183477		validate_utf8	20.197	removing <algorithm> header (#979)
2026-05-28	98ed57183477		validate_ascii	82.759	removing <algorithm> header (#979)
2026-05-28	98ed57183477		validate_utf16le	69.326	removing <algorithm> header (#979)
2026-05-28	98ed57183477		utf8_to_utf16le	6.808	removing <algorithm> header (#979)
2026-05-28	98ed57183477		utf16le_to_utf8	12.370	removing <algorithm> header (#979)
2026-05-28	98ed57183477		base64_encode	29.936	removing <algorithm> header (#979)
2026-05-28	98ed57183477		base64_decode	38.530	removing <algorithm> header (#979)
2026-06-01	e13753c55f67		validate_utf8	20.236	scripts/add_function.py: Better #if detection (#985)
2026-06-01	e13753c55f67		validate_ascii	82.705	scripts/add_function.py: Better #if detection (#985)
2026-06-01	e13753c55f67		validate_utf16le	69.300	scripts/add_function.py: Better #if detection (#985)
2026-06-01	e13753c55f67		utf8_to_utf16le	6.801	scripts/add_function.py: Better #if detection (#985)
2026-06-01	e13753c55f67		utf16le_to_utf8	12.419	scripts/add_function.py: Better #if detection (#985)
2026-06-01	e13753c55f67		base64_encode	29.921	scripts/add_function.py: Better #if detection (#985)
2026-06-01	e13753c55f67		base64_decode	38.614	scripts/add_function.py: Better #if detection (#985)
2026-06-12	db48130f1d09		validate_utf8	20.230	fixing issue 989 (#991)
2026-06-12	db48130f1d09		validate_ascii	82.753	fixing issue 989 (#991)
2026-06-12	db48130f1d09		validate_utf16le	69.422	fixing issue 989 (#991)
2026-06-12	db48130f1d09		utf8_to_utf16le	6.827	fixing issue 989 (#991)
2026-06-12	db48130f1d09		utf16le_to_utf8	12.372	fixing issue 989 (#991)
2026-06-12	db48130f1d09		base64_encode	29.992	fixing issue 989 (#991)
2026-06-12	db48130f1d09		base64_decode	38.543	fixing issue 989 (#991)
2026-06-12	95700ff318e2		validate_utf8	20.245	updating visual studio (#992)
2026-06-12	95700ff318e2		validate_ascii	82.757	updating visual studio (#992)
2026-06-12	95700ff318e2		validate_utf16le	69.410	updating visual studio (#992)
2026-06-12	95700ff318e2		utf8_to_utf16le	6.839	updating visual studio (#992)
2026-06-12	95700ff318e2		utf16le_to_utf8	12.373	updating visual studio (#992)
2026-06-12	95700ff318e2		base64_encode	29.949	updating visual studio (#992)
2026-06-12	95700ff318e2		base64_decode	38.400	updating visual studio (#992)
2026-06-15	e232915caf9d		validate_utf8	20.227	fuzz: add binary_length_from_base64 coverage to base64 fuzzer (#987)
2026-06-15	e232915caf9d		validate_ascii	82.688	fuzz: add binary_length_from_base64 coverage to base64 fuzzer (#987)
2026-06-15	e232915caf9d		validate_utf16le	68.730	fuzz: add binary_length_from_base64 coverage to base64 fuzzer (#987)
2026-06-15	e232915caf9d		utf8_to_utf16le	6.825	fuzz: add binary_length_from_base64 coverage to base64 fuzzer (#987)
2026-06-15	e232915caf9d		utf16le_to_utf8	12.378	fuzz: add binary_length_from_base64 coverage to base64 fuzzer (#987)
2026-06-15	e232915caf9d		base64_encode	29.949	fuzz: add binary_length_from_base64 coverage to base64 fuzzer (#987)
2026-06-15	e232915caf9d		base64_decode	38.455	fuzz: add binary_length_from_base64 coverage to base64 fuzzer (#987)
2026-06-15	05ac9c47f58e		validate_utf8	20.204	upgrading our 'unused' macros + silence silly warnings on 3 functions (#993)
2026-06-15	05ac9c47f58e		validate_ascii	82.729	upgrading our 'unused' macros + silence silly warnings on 3 functions (#993)
2026-06-15	05ac9c47f58e		validate_utf16le	69.406	upgrading our 'unused' macros + silence silly warnings on 3 functions (#993)
2026-06-15	05ac9c47f58e		utf8_to_utf16le	6.866	upgrading our 'unused' macros + silence silly warnings on 3 functions (#993)
2026-06-15	05ac9c47f58e		utf16le_to_utf8	12.384	upgrading our 'unused' macros + silence silly warnings on 3 functions (#993)
2026-06-15	05ac9c47f58e		base64_encode	27.601	upgrading our 'unused' macros + silence silly warnings on 3 functions (#993)
2026-06-15	05ac9c47f58e		base64_decode	38.618	upgrading our 'unused' macros + silence silly warnings on 3 functions (#993)
2026-06-16	3468b1f704ca		validate_utf8	20.228	add another reference benchmark for base64 decoding.
2026-06-16	3468b1f704ca		validate_ascii	82.754	add another reference benchmark for base64 decoding.
2026-06-16	3468b1f704ca		validate_utf16le	69.404	add another reference benchmark for base64 decoding.
2026-06-16	3468b1f704ca		utf8_to_utf16le	6.854	add another reference benchmark for base64 decoding.
2026-06-16	3468b1f704ca		utf16le_to_utf8	12.404	add another reference benchmark for base64 decoding.
2026-06-16	3468b1f704ca		base64_encode	29.951	add another reference benchmark for base64 decoding.
2026-06-16	3468b1f704ca		base64_decode	38.594	add another reference benchmark for base64 decoding.
2026-06-23	282107c23196		validate_utf8	20.214	Merge pull request #995 from simdutf/erikcorry/oob-warnings
2026-06-23	282107c23196		validate_ascii	82.744	Merge pull request #995 from simdutf/erikcorry/oob-warnings
2026-06-23	282107c23196		validate_utf16le	69.397	Merge pull request #995 from simdutf/erikcorry/oob-warnings
2026-06-23	282107c23196		utf8_to_utf16le	6.856	Merge pull request #995 from simdutf/erikcorry/oob-warnings
2026-06-23	282107c23196		utf16le_to_utf8	12.349	Merge pull request #995 from simdutf/erikcorry/oob-warnings
2026-06-23	282107c23196		base64_encode	29.942	Merge pull request #995 from simdutf/erikcorry/oob-warnings
2026-06-23	282107c23196		base64_decode	38.598	Merge pull request #995 from simdutf/erikcorry/oob-warnings
2026-07-10	31fd2970aa84		validate_utf8	20.233	Remove stars section from README
2026-07-10	31fd2970aa84		validate_ascii	82.742	Remove stars section from README
2026-07-10	31fd2970aa84		validate_utf16le	69.291	Remove stars section from README
2026-07-10	31fd2970aa84		utf8_to_utf16le	6.847	Remove stars section from README
2026-07-10	31fd2970aa84		utf16le_to_utf8	12.410	Remove stars section from README
2026-07-10	31fd2970aa84		base64_encode	29.939	Remove stars section from README
2026-07-10	31fd2970aa84		base64_decode	38.478	Remove stars section from README
2026-07-10	38eede31b40e		validate_utf8	20.250	using __builtin_popcountll in the hope that it will pick up better (#997)
2026-07-10	38eede31b40e		validate_ascii	82.646	using __builtin_popcountll in the hope that it will pick up better (#997)
2026-07-10	38eede31b40e		validate_utf16le	69.400	using __builtin_popcountll in the hope that it will pick up better (#997)
2026-07-10	38eede31b40e		utf8_to_utf16le	6.841	using __builtin_popcountll in the hope that it will pick up better (#997)
2026-07-10	38eede31b40e		utf16le_to_utf8	12.418	using __builtin_popcountll in the hope that it will pick up better (#997)
2026-07-10	38eede31b40e		base64_encode	29.944	using __builtin_popcountll in the hope that it will pick up better (#997)
2026-07-10	38eede31b40e		base64_decode	38.429	using __builtin_popcountll in the hope that it will pick up better (#997)
2026-07-12	c04f2db9eee1		validate_utf8	20.178	add missing includes (#998)
2026-07-12	c04f2db9eee1		validate_ascii	78.030	add missing includes (#998)
2026-07-12	c04f2db9eee1		validate_utf16le	69.407	add missing includes (#998)
2026-07-12	c04f2db9eee1		utf8_to_utf16le	6.828	add missing includes (#998)
2026-07-12	c04f2db9eee1		utf16le_to_utf8	12.378	add missing includes (#998)
2026-07-12	c04f2db9eee1		base64_encode	29.948	add missing includes (#998)
2026-07-12	c04f2db9eee1		base64_decode	38.316	add missing includes (#998)
2026-07-13	a5c0dab1be3c		validate_utf8	20.206	Add RVV vectorized base64 encoding (#996)
2026-07-13	a5c0dab1be3c		validate_ascii	82.757	Add RVV vectorized base64 encoding (#996)
2026-07-13	a5c0dab1be3c		validate_utf16le	69.411	Add RVV vectorized base64 encoding (#996)
2026-07-13	a5c0dab1be3c		utf8_to_utf16le	6.816	Add RVV vectorized base64 encoding (#996)
2026-07-13	a5c0dab1be3c		utf16le_to_utf8	12.401	Add RVV vectorized base64 encoding (#996)
2026-07-13	a5c0dab1be3c		base64_encode	29.978	Add RVV vectorized base64 encoding (#996)
2026-07-13	a5c0dab1be3c		base64_decode	38.538	Add RVV vectorized base64 encoding (#996)
2026-07-17	1326c2e1606a		validate_utf8	20.194	arm64/base64: reuse scalar base64 tables for encoding (#1000)
2026-07-17	1326c2e1606a		validate_ascii	82.763	arm64/base64: reuse scalar base64 tables for encoding (#1000)
2026-07-17	1326c2e1606a		validate_utf16le	69.252	arm64/base64: reuse scalar base64 tables for encoding (#1000)
2026-07-17	1326c2e1606a		utf8_to_utf16le	6.818	arm64/base64: reuse scalar base64 tables for encoding (#1000)
2026-07-17	1326c2e1606a		utf16le_to_utf8	12.420	arm64/base64: reuse scalar base64 tables for encoding (#1000)
2026-07-17	1326c2e1606a		base64_encode	29.931	arm64/base64: reuse scalar base64 tables for encoding (#1000)
2026-07-17	1326c2e1606a		base64_decode	38.512	arm64/base64: reuse scalar base64 tables for encoding (#1000)
2026-07-20	3efc697e7c86		validate_utf8	20.220	arm64/base64: optimize insert_line_feed16 (#1001)
2026-07-20	3efc697e7c86		validate_ascii	82.743	arm64/base64: optimize insert_line_feed16 (#1001)
2026-07-20	3efc697e7c86		validate_utf16le	69.407	arm64/base64: optimize insert_line_feed16 (#1001)
2026-07-20	3efc697e7c86		utf8_to_utf16le	6.829	arm64/base64: optimize insert_line_feed16 (#1001)
2026-07-20	3efc697e7c86		utf16le_to_utf8	12.378	arm64/base64: optimize insert_line_feed16 (#1001)
2026-07-20	3efc697e7c86		base64_encode	29.844	arm64/base64: optimize insert_line_feed16 (#1001)
2026-07-20	3efc697e7c86		base64_decode	38.420	arm64/base64: optimize insert_line_feed16 (#1001)
2026-07-20	6f01358dd264		validate_utf8	20.244	icelake: use unsigned shift base in all remaining tail/mask expressions (#1004)
2026-07-20	6f01358dd264		validate_ascii	82.746	icelake: use unsigned shift base in all remaining tail/mask expressions (#1004)
2026-07-20	6f01358dd264		validate_utf16le	69.414	icelake: use unsigned shift base in all remaining tail/mask expressions (#1004)
2026-07-20	6f01358dd264		utf8_to_utf16le	6.811	icelake: use unsigned shift base in all remaining tail/mask expressions (#1004)
2026-07-20	6f01358dd264		utf16le_to_utf8	12.381	icelake: use unsigned shift base in all remaining tail/mask expressions (#1004)
2026-07-20	6f01358dd264		base64_encode	29.941	icelake: use unsigned shift base in all remaining tail/mask expressions (#1004)
2026-07-20	6f01358dd264		base64_decode	38.602	icelake: use unsigned shift base in all remaining tail/mask expressions (#1004)
2026-07-20	a607314a1d6e		validate_utf8	20.218	tools/fastbase64: fix size_t -> int conversion warning (#1005)
2026-07-20	a607314a1d6e		validate_ascii	82.733	tools/fastbase64: fix size_t -> int conversion warning (#1005)
2026-07-20	a607314a1d6e		validate_utf16le	69.406	tools/fastbase64: fix size_t -> int conversion warning (#1005)
2026-07-20	a607314a1d6e		utf8_to_utf16le	6.823	tools/fastbase64: fix size_t -> int conversion warning (#1005)
2026-07-20	a607314a1d6e		utf16le_to_utf8	12.417	tools/fastbase64: fix size_t -> int conversion warning (#1005)
2026-07-20	a607314a1d6e		base64_encode	29.900	tools/fastbase64: fix size_t -> int conversion warning (#1005)
2026-07-20	a607314a1d6e		base64_decode	38.431	tools/fastbase64: fix size_t -> int conversion warning (#1005)
2026-07-21	3838a0965bf8		validate_utf8	20.207	potential fix for vs issue (#1006)
2026-07-21	3838a0965bf8		validate_ascii	82.749	potential fix for vs issue (#1006)
2026-07-21	3838a0965bf8		validate_utf16le	69.430	potential fix for vs issue (#1006)
2026-07-21	3838a0965bf8		utf8_to_utf16le	6.841	potential fix for vs issue (#1006)
2026-07-21	3838a0965bf8		utf16le_to_utf8	12.380	potential fix for vs issue (#1006)
2026-07-21	3838a0965bf8		base64_encode	30.011	potential fix for vs issue (#1006)
2026-07-21	3838a0965bf8		base64_decode	38.639	potential fix for vs issue (#1006)
2026-07-21	6582ea62ce98		validate_utf8	20.242	adding optimization from PR 1001 to westmere and haswell (#1003)
2026-07-21	6582ea62ce98		validate_ascii	82.738	adding optimization from PR 1001 to westmere and haswell (#1003)
2026-07-21	6582ea62ce98		validate_utf16le	69.413	adding optimization from PR 1001 to westmere and haswell (#1003)
2026-07-21	6582ea62ce98		utf8_to_utf16le	6.882	adding optimization from PR 1001 to westmere and haswell (#1003)
2026-07-21	6582ea62ce98		utf16le_to_utf8	12.428	adding optimization from PR 1001 to westmere and haswell (#1003)
2026-07-21	6582ea62ce98		base64_encode	30.138	adding optimization from PR 1001 to westmere and haswell (#1003)
2026-07-21	6582ea62ce98		base64_decode	38.663	adding optimization from PR 1001 to westmere and haswell (#1003)
2026-07-23	8b94fbf88904		validate_utf8	20.234	include what you use - std::abort (#1007)
2026-07-23	8b94fbf88904		validate_ascii	82.631	include what you use - std::abort (#1007)
2026-07-23	8b94fbf88904		validate_utf16le	69.411	include what you use - std::abort (#1007)
2026-07-23	8b94fbf88904		utf8_to_utf16le	6.868	include what you use - std::abort (#1007)
2026-07-23	8b94fbf88904		utf16le_to_utf8	12.434	include what you use - std::abort (#1007)
2026-07-23	8b94fbf88904		base64_encode	30.136	include what you use - std::abort (#1007)
2026-07-23	8b94fbf88904		base64_decode	38.608	include what you use - std::abort (#1007)
2026-07-24	99ccd9cea596		validate_utf8	20.219	files using memcpy should include cstring
2026-07-24	99ccd9cea596		validate_ascii	82.730	files using memcpy should include cstring
2026-07-24	99ccd9cea596		validate_utf16le	69.383	files using memcpy should include cstring
2026-07-24	99ccd9cea596		utf8_to_utf16le	6.829	files using memcpy should include cstring
2026-07-24	99ccd9cea596		utf16le_to_utf8	12.423	files using memcpy should include cstring
2026-07-24	99ccd9cea596		base64_encode	30.158	files using memcpy should include cstring
2026-07-24	99ccd9cea596		base64_decode	38.646	files using memcpy should include cstring
2026-07-24	f542909a257b		validate_utf8	20.204	Avoid including algorithm just for std::min
2026-07-24	f542909a257b		validate_ascii	82.732	Avoid including algorithm just for std::min
2026-07-24	f542909a257b		validate_utf16le	69.411	Avoid including algorithm just for std::min
2026-07-24	f542909a257b		utf8_to_utf16le	6.841	Avoid including algorithm just for std::min
2026-07-24	f542909a257b		utf16le_to_utf8	12.400	Avoid including algorithm just for std::min
2026-07-24	f542909a257b		base64_encode	30.196	Avoid including algorithm just for std::min
2026-07-24	f542909a257b		base64_decode	38.543	Avoid including algorithm just for std::min
2026-07-24	bb2423e72b13		validate_utf8	20.183	Add CI job that builds and tests from an archive without git (#1002)
2026-07-24	bb2423e72b13		validate_ascii	82.722	Add CI job that builds and tests from an archive without git (#1002)
2026-07-24	bb2423e72b13		validate_utf16le	69.384	Add CI job that builds and tests from an archive without git (#1002)
2026-07-24	bb2423e72b13		utf8_to_utf16le	6.818	Add CI job that builds and tests from an archive without git (#1002)
2026-07-24	bb2423e72b13		utf16le_to_utf8	12.423	Add CI job that builds and tests from an archive without git (#1002)
2026-07-24	bb2423e72b13		base64_encode	30.165	Add CI job that builds and tests from an archive without git (#1002)
2026-07-24	bb2423e72b13		base64_decode	38.521	Add CI job that builds and tests from an archive without git (#1002)
2026-07-24	dec3aad192f4		validate_utf8	20.268	optimize the utf16 to utf8 transcoding. (#1011)
2026-07-24	dec3aad192f4		validate_ascii	82.746	optimize the utf16 to utf8 transcoding. (#1011)
2026-07-24	dec3aad192f4		validate_utf16le	69.380	optimize the utf16 to utf8 transcoding. (#1011)
2026-07-24	dec3aad192f4		utf8_to_utf16le	6.769	optimize the utf16 to utf8 transcoding. (#1011)
2026-07-24	dec3aad192f4		utf16le_to_utf8	12.183	optimize the utf16 to utf8 transcoding. (#1011)
2026-07-24	dec3aad192f4		base64_encode	30.211	optimize the utf16 to utf8 transcoding. (#1011)
2026-07-24	dec3aad192f4		base64_decode	38.614	optimize the utf16 to utf8 transcoding. (#1011)
2026-07-27	c7bef0ff14a1		validate_utf8	20.226	icelake/base64: optimized newline encoding for line_len < 64 (#1012)
2026-07-27	c7bef0ff14a1		validate_ascii	82.754	icelake/base64: optimized newline encoding for line_len < 64 (#1012)
2026-07-27	c7bef0ff14a1		validate_utf16le	69.406	icelake/base64: optimized newline encoding for line_len < 64 (#1012)
2026-07-27	c7bef0ff14a1		utf8_to_utf16le	6.804	icelake/base64: optimized newline encoding for line_len < 64 (#1012)
2026-07-27	c7bef0ff14a1		utf16le_to_utf8	12.245	icelake/base64: optimized newline encoding for line_len < 64 (#1012)
2026-07-27	c7bef0ff14a1		base64_encode	30.082	icelake/base64: optimized newline encoding for line_len < 64 (#1012)
2026-07-27	c7bef0ff14a1		base64_decode	38.526	icelake/base64: optimized newline encoding for line_len < 64 (#1012)
2026-07-27	611becc2a08c		validate_utf8	20.232	arm64: test comparison masks with shrn + fcmp instead of a reduction (#1013)
2026-07-27	611becc2a08c		validate_ascii	82.750	arm64: test comparison masks with shrn + fcmp instead of a reduction (#1013)
2026-07-27	611becc2a08c		validate_utf16le	69.409	arm64: test comparison masks with shrn + fcmp instead of a reduction (#1013)
2026-07-27	611becc2a08c		utf8_to_utf16le	6.794	arm64: test comparison masks with shrn + fcmp instead of a reduction (#1013)
2026-07-27	611becc2a08c		utf16le_to_utf8	12.208	arm64: test comparison masks with shrn + fcmp instead of a reduction (#1013)
2026-07-27	611becc2a08c		base64_encode	30.083	arm64: test comparison masks with shrn + fcmp instead of a reduction (#1013)
2026-07-27	611becc2a08c		base64_decode	38.602	arm64: test comparison masks with shrn + fcmp instead of a reduction (#1013)
2026-08-03	449f6b00ab55		validate_utf8	20.227	icelake/base64: Add SIMD tail for binary_length_from_base64 (#1015)
2026-08-03	449f6b00ab55		validate_ascii	82.629	icelake/base64: Add SIMD tail for binary_length_from_base64 (#1015)
2026-08-03	449f6b00ab55		validate_utf16le	69.400	icelake/base64: Add SIMD tail for binary_length_from_base64 (#1015)
2026-08-03	449f6b00ab55		utf8_to_utf16le	6.784	icelake/base64: Add SIMD tail for binary_length_from_base64 (#1015)
2026-08-03	449f6b00ab55		utf16le_to_utf8	12.049	icelake/base64: Add SIMD tail for binary_length_from_base64 (#1015)
2026-08-03	449f6b00ab55		base64_encode	30.111	icelake/base64: Add SIMD tail for binary_length_from_base64 (#1015)
2026-08-03	449f6b00ab55		base64_decode	38.668	icelake/base64: Add SIMD tail for binary_length_from_base64 (#1015)
2026-08-16	2c370a6f45be		validate_utf8	20.247	[doc] document the cost of _safe variants (#1020)
2026-08-16	2c370a6f45be		validate_ascii	82.757	[doc] document the cost of _safe variants (#1020)
2026-08-16	2c370a6f45be		validate_utf16le	69.406	[doc] document the cost of _safe variants (#1020)
2026-08-16	2c370a6f45be		utf8_to_utf16le	6.768	[doc] document the cost of _safe variants (#1020)
2026-08-16	2c370a6f45be		utf16le_to_utf8	12.227	[doc] document the cost of _safe variants (#1020)
2026-08-16	2c370a6f45be		base64_encode	30.142	[doc] document the cost of _safe variants (#1020)
2026-08-16	2c370a6f45be		base64_decode	38.471	[doc] document the cost of _safe variants (#1020)
2026-08-16	89d3b0b968bc		validate_utf8	20.242	Add convert_utf16_to_utf8_with_replacement to the C API (#1021)
2026-08-16	89d3b0b968bc		validate_ascii	82.744	Add convert_utf16_to_utf8_with_replacement to the C API (#1021)
2026-08-16	89d3b0b968bc		validate_utf16le	69.397	Add convert_utf16_to_utf8_with_replacement to the C API (#1021)
2026-08-16	89d3b0b968bc		utf8_to_utf16le	6.801	Add convert_utf16_to_utf8_with_replacement to the C API (#1021)
2026-08-16	89d3b0b968bc		utf16le_to_utf8	12.203	Add convert_utf16_to_utf8_with_replacement to the C API (#1021)
2026-08-16	89d3b0b968bc		base64_encode	30.096	Add convert_utf16_to_utf8_with_replacement to the C API (#1021)
2026-08-16	89d3b0b968bc		base64_decode	38.683	Add convert_utf16_to_utf8_with_replacement to the C API (#1021)
2026-08-18	b5d70d73a73a		validate_utf8	20.235	utf16_to_utf8: report bytes written on error, drop the utf8_length re-walk (#1022)
2026-08-18	b5d70d73a73a		validate_ascii	82.704	utf16_to_utf8: report bytes written on error, drop the utf8_length re-walk (#1022)
2026-08-18	b5d70d73a73a		validate_utf16le	69.321	utf16_to_utf8: report bytes written on error, drop the utf8_length re-walk (#1022)
2026-08-18	b5d70d73a73a		utf8_to_utf16le	6.773	utf16_to_utf8: report bytes written on error, drop the utf8_length re-walk (#1022)
2026-08-18	b5d70d73a73a		utf16le_to_utf8	12.193	utf16_to_utf8: report bytes written on error, drop the utf8_length re-walk (#1022)
2026-08-18	b5d70d73a73a		base64_encode	30.060	utf16_to_utf8: report bytes written on error, drop the utf8_length re-walk (#1022)
2026-08-18	b5d70d73a73a		base64_decode	38.616	utf16_to_utf8: report bytes written on error, drop the utf8_length re-walk (#1022)
2026-08-18	2d4e249dcfd9	v9.1.0	validate_utf8	20.265	version 9.1.0
2026-08-18	2d4e249dcfd9	v9.1.0	validate_ascii	82.754	version 9.1.0
2026-08-18	2d4e249dcfd9	v9.1.0	validate_utf16le	69.373	version 9.1.0
2026-08-18	2d4e249dcfd9	v9.1.0	utf8_to_utf16le	6.782	version 9.1.0
2026-08-18	2d4e249dcfd9	v9.1.0	utf16le_to_utf8	12.233	version 9.1.0
2026-08-18	2d4e249dcfd9	v9.1.0	base64_encode	30.059	version 9.1.0
2026-08-18	2d4e249dcfd9	v9.1.0	base64_decode	38.698	version 9.1.0
2026-08-19	1bf70ca8a6e7		validate_utf8	21.385	icelake: align the reads in validate_utf8 (#1023)
2026-08-19	1bf70ca8a6e7		validate_ascii	82.707	icelake: align the reads in validate_utf8 (#1023)
2026-08-19	1bf70ca8a6e7		validate_utf16le	69.386	icelake: align the reads in validate_utf8 (#1023)
2026-08-19	1bf70ca8a6e7		utf8_to_utf16le	6.725	icelake: align the reads in validate_utf8 (#1023)
2026-08-19	1bf70ca8a6e7		utf16le_to_utf8	12.443	icelake: align the reads in validate_utf8 (#1023)
2026-08-19	1bf70ca8a6e7		base64_encode	30.062	icelake: align the reads in validate_utf8 (#1023)
2026-08-19	1bf70ca8a6e7		base64_decode	38.497	icelake: align the reads in validate_utf8 (#1023)
2026-08-19	03f00527af36		validate_utf8	21.365	icelake: align and widen the ASCII validators (#1024)
2026-08-19	03f00527af36		validate_ascii	160.197	icelake: align and widen the ASCII validators (#1024)
2026-08-19	03f00527af36		validate_utf16le	69.413	icelake: align and widen the ASCII validators (#1024)
2026-08-19	03f00527af36		utf8_to_utf16le	6.817	icelake: align and widen the ASCII validators (#1024)
2026-08-19	03f00527af36		utf16le_to_utf8	12.271	icelake: align and widen the ASCII validators (#1024)
2026-08-19	03f00527af36		base64_encode	30.126	icelake: align and widen the ASCII validators (#1024)
2026-08-19	03f00527af36		base64_decode	38.719	icelake: align and widen the ASCII validators (#1024)
2026-08-19	1e9b375a8646		validate_utf8	21.318	icelake: align the reads and amortize the error check in validate_utf8_with_errors (#1025)
2026-08-19	1e9b375a8646		validate_ascii	160.187	icelake: align the reads and amortize the error check in validate_utf8_with_errors (#1025)
2026-08-19	1e9b375a8646		validate_utf16le	69.402	icelake: align the reads and amortize the error check in validate_utf8_with_errors (#1025)
2026-08-19	1e9b375a8646		utf8_to_utf16le	6.813	icelake: align the reads and amortize the error check in validate_utf8_with_errors (#1025)
2026-08-19	1e9b375a8646		utf16le_to_utf8	12.279	icelake: align the reads and amortize the error check in validate_utf8_with_errors (#1025)
2026-08-19	1e9b375a8646		base64_encode	30.103	icelake: align the reads and amortize the error check in validate_utf8_with_errors (#1025)
2026-08-19	1e9b375a8646		base64_decode	38.678	icelake: align the reads and amortize the error check in validate_utf8_with_errors (#1025)
2026-08-19	0de61d8cbf34		validate_utf8	21.378	icelake: align the reads in the UTF-16 validators (#1027)
2026-08-19	0de61d8cbf34		validate_ascii	159.846	icelake: align the reads in the UTF-16 validators (#1027)
2026-08-19	0de61d8cbf34		validate_utf16le	101.921	icelake: align the reads in the UTF-16 validators (#1027)
2026-08-19	0de61d8cbf34		utf8_to_utf16le	6.807	icelake: align the reads in the UTF-16 validators (#1027)
2026-08-19	0de61d8cbf34		utf16le_to_utf8	12.376	icelake: align the reads in the UTF-16 validators (#1027)
2026-08-19	0de61d8cbf34		base64_encode	30.156	icelake: align the reads in the UTF-16 validators (#1027)
2026-08-19	0de61d8cbf34		base64_decode	38.605	icelake: align the reads in the UTF-16 validators (#1027)
2026-08-19	d3bac9a23079		validate_utf8	21.329	icelake: align and widen the UTF-32 validators (#1026)
2026-08-19	d3bac9a23079		validate_ascii	159.929	icelake: align and widen the UTF-32 validators (#1026)
2026-08-19	d3bac9a23079		validate_utf16le	102.723	icelake: align and widen the UTF-32 validators (#1026)
2026-08-19	d3bac9a23079		utf8_to_utf16le	6.829	icelake: align and widen the UTF-32 validators (#1026)
2026-08-19	d3bac9a23079		utf16le_to_utf8	12.244	icelake: align and widen the UTF-32 validators (#1026)
2026-08-19	d3bac9a23079		base64_encode	30.097	icelake: align and widen the UTF-32 validators (#1026)
2026-08-19	d3bac9a23079		base64_decode	34.734	icelake: align and widen the UTF-32 validators (#1026)
2026-08-29	b91b70d7d7bf		validate_utf8	21.302	generate the C API wrappers in add_function.py (#1028)
2026-08-29	b91b70d7d7bf		validate_ascii	160.106	generate the C API wrappers in add_function.py (#1028)
2026-08-29	b91b70d7d7bf		validate_utf16le	102.643	generate the C API wrappers in add_function.py (#1028)
2026-08-29	b91b70d7d7bf		utf8_to_utf16le	6.858	generate the C API wrappers in add_function.py (#1028)
2026-08-29	b91b70d7d7bf		utf16le_to_utf8	12.225	generate the C API wrappers in add_function.py (#1028)
2026-08-29	b91b70d7d7bf		base64_encode	30.218	generate the C API wrappers in add_function.py (#1028)
2026-08-29	b91b70d7d7bf		base64_decode	38.619	generate the C API wrappers in add_function.py (#1028)
2026-09-03	188169018eb6		validate_utf8	21.349	Update references in README.md
2026-09-03	188169018eb6		validate_ascii	160.198	Update references in README.md
2026-09-03	188169018eb6		validate_utf16le	102.743	Update references in README.md
2026-09-03	188169018eb6		utf8_to_utf16le	6.846	Update references in README.md
2026-09-03	188169018eb6		utf16le_to_utf8	12.230	Update references in README.md
2026-09-03	188169018eb6		base64_encode	30.165	Update references in README.md
2026-09-03	188169018eb6		base64_decode	38.683	Update references in README.md
2026-09-05	993f64ea1288		validate_utf8	21.364	[no-ci] Documenting replacement (#1031)
2026-09-05	993f64ea1288		validate_ascii	159.893	[no-ci] Documenting replacement (#1031)
2026-09-05	993f64ea1288		validate_utf16le	102.981	[no-ci] Documenting replacement (#1031)
2026-09-05	993f64ea1288		utf8_to_utf16le	6.808	[no-ci] Documenting replacement (#1031)
2026-09-05	993f64ea1288		utf16le_to_utf8	12.214	[no-ci] Documenting replacement (#1031)
2026-09-05	993f64ea1288		base64_encode	30.152	[no-ci] Documenting replacement (#1031)
2026-09-05	993f64ea1288		base64_decode	38.662	[no-ci] Documenting replacement (#1031)
2026-09-05	573d42d7dcb2		validate_utf8	21.279	better guard for POWER (#1030)
2026-09-05	573d42d7dcb2		validate_ascii	160.074	better guard for POWER (#1030)
2026-09-05	573d42d7dcb2		validate_utf16le	102.380	better guard for POWER (#1030)
2026-09-05	573d42d7dcb2		utf8_to_utf16le	6.841	better guard for POWER (#1030)
2026-09-05	573d42d7dcb2		utf16le_to_utf8	12.235	better guard for POWER (#1030)
2026-09-05	573d42d7dcb2		base64_encode	30.063	better guard for POWER (#1030)
2026-09-05	573d42d7dcb2		base64_decode	38.548	better guard for POWER (#1030)
2026-09-05	e215f47dab12		validate_utf8	21.291	CI: install unversioned g++ in the Debian C++26 workflow
2026-09-05	e215f47dab12		validate_ascii	159.951	CI: install unversioned g++ in the Debian C++26 workflow
2026-09-05	e215f47dab12		validate_utf16le	102.511	CI: install unversioned g++ in the Debian C++26 workflow
2026-09-05	e215f47dab12		utf8_to_utf16le	6.830	CI: install unversioned g++ in the Debian C++26 workflow
2026-09-05	e215f47dab12		utf16le_to_utf8	12.233	CI: install unversioned g++ in the Debian C++26 workflow
2026-09-05	e215f47dab12		base64_encode	30.108	CI: install unversioned g++ in the Debian C++26 workflow
2026-09-05	e215f47dab12		base64_decode	38.520	CI: install unversioned g++ in the Debian C++26 workflow
2026-09-07	1f8ef080486c		validate_utf8	21.331	fix loongson bug in base64 decoding (#1033)
2026-09-07	1f8ef080486c		validate_ascii	160.147	fix loongson bug in base64 decoding (#1033)
2026-09-07	1f8ef080486c		validate_utf16le	103.331	fix loongson bug in base64 decoding (#1033)
2026-09-07	1f8ef080486c		utf8_to_utf16le	6.860	fix loongson bug in base64 decoding (#1033)
2026-09-07	1f8ef080486c		utf16le_to_utf8	12.254	fix loongson bug in base64 decoding (#1033)
2026-09-07	1f8ef080486c		base64_encode	30.149	fix loongson bug in base64 decoding (#1033)
2026-09-07	1f8ef080486c		base64_decode	38.359	fix loongson bug in base64 decoding (#1033)
2026-09-07	40a62e0617c2		validate_utf8	21.300	lasx: store exactly 24 bytes when decoding base64
2026-09-07	40a62e0617c2		validate_ascii	160.045	lasx: store exactly 24 bytes when decoding base64
2026-09-07	40a62e0617c2		validate_utf16le	101.728	lasx: store exactly 24 bytes when decoding base64
2026-09-07	40a62e0617c2		utf8_to_utf16le	6.825	lasx: store exactly 24 bytes when decoding base64
2026-09-07	40a62e0617c2		utf16le_to_utf8	12.222	lasx: store exactly 24 bytes when decoding base64
2026-09-07	40a62e0617c2		base64_encode	30.075	lasx: store exactly 24 bytes when decoding base64
2026-09-07	40a62e0617c2		base64_decode	38.679	lasx: store exactly 24 bytes when decoding base64
2026-09-07	9dd35adc5f2c	v9.1.1	validate_utf8	21.314	version 9.1.1
2026-09-07	9dd35adc5f2c	v9.1.1	validate_ascii	160.242	version 9.1.1
2026-09-07	9dd35adc5f2c	v9.1.1	validate_utf16le	102.204	version 9.1.1
2026-09-07	9dd35adc5f2c	v9.1.1	utf8_to_utf16le	6.825	version 9.1.1
2026-09-07	9dd35adc5f2c	v9.1.1	utf16le_to_utf8	12.238	version 9.1.1
2026-09-07	9dd35adc5f2c	v9.1.1	base64_encode	29.865	version 9.1.1
2026-09-07	9dd35adc5f2c	v9.1.1	base64_decode	38.597	version 9.1.1
2026-09-09	0019977ec4df		validate_utf8	21.325	benchmark_base64: amortize the performance-counter overhead
2026-09-09	0019977ec4df		validate_ascii	154.192	benchmark_base64: amortize the performance-counter overhead
2026-09-09	0019977ec4df		validate_utf16le	102.696	benchmark_base64: amortize the performance-counter overhead
2026-09-09	0019977ec4df		utf8_to_utf16le	6.857	benchmark_base64: amortize the performance-counter overhead
2026-09-09	0019977ec4df		utf16le_to_utf8	12.192	benchmark_base64: amortize the performance-counter overhead
2026-09-09	0019977ec4df		base64_encode	30.147	benchmark_base64: amortize the performance-counter overhead
2026-09-09	0019977ec4df		base64_decode	38.599	benchmark_base64: amortize the performance-counter overhead
2026-09-10	ebb7c7c97d23		validate_utf8	21.318	lasx: keep the wide store in the base64 decoding loop
2026-09-10	ebb7c7c97d23		validate_ascii	160.020	lasx: keep the wide store in the base64 decoding loop
2026-09-10	ebb7c7c97d23		validate_utf16le	102.770	lasx: keep the wide store in the base64 decoding loop
2026-09-10	ebb7c7c97d23		utf8_to_utf16le	6.812	lasx: keep the wide store in the base64 decoding loop
2026-09-10	ebb7c7c97d23		utf16le_to_utf8	12.284	lasx: keep the wide store in the base64 decoding loop
2026-09-10	ebb7c7c97d23		base64_encode	30.104	lasx: keep the wide store in the base64 decoding loop
2026-09-10	ebb7c7c97d23		base64_decode	38.604	lasx: keep the wide store in the base64 decoding loop
2026-09-10	aa2e446fabbb		validate_utf8	21.320	some optimizations.
2026-09-10	aa2e446fabbb		validate_ascii	160.202	some optimizations.
2026-09-10	aa2e446fabbb		validate_utf16le	102.323	some optimizations.
2026-09-10	aa2e446fabbb		utf8_to_utf16le	6.810	some optimizations.
2026-09-10	aa2e446fabbb		utf16le_to_utf8	12.253	some optimizations.
2026-09-10	aa2e446fabbb		base64_encode	30.018	some optimizations.
2026-09-10	aa2e446fabbb		base64_decode	45.345	some optimizations.
2026-09-10	9f87f25c6350		validate_utf8	21.304	icelake: fix out-of-bounds write in the base64 decoder
2026-09-10	9f87f25c6350		validate_ascii	160.290	icelake: fix out-of-bounds write in the base64 decoder
2026-09-10	9f87f25c6350		validate_utf16le	102.478	icelake: fix out-of-bounds write in the base64 decoder
2026-09-10	9f87f25c6350		utf8_to_utf16le	6.847	icelake: fix out-of-bounds write in the base64 decoder
2026-09-10	9f87f25c6350		utf16le_to_utf8	12.231	icelake: fix out-of-bounds write in the base64 decoder
2026-09-10	9f87f25c6350		base64_encode	30.144	icelake: fix out-of-bounds write in the base64 decoder
2026-09-10	9f87f25c6350		base64_decode	45.216	icelake: fix out-of-bounds write in the base64 decoder
2026-09-10	223827e5ffc2		validate_utf8	21.313	base64: fix null pointer arithmetic in haswell, and padding_error in arm64/lsx/lasx
2026-09-10	223827e5ffc2		validate_ascii	159.960	base64: fix null pointer arithmetic in haswell, and padding_error in arm64/lsx/lasx
2026-09-10	223827e5ffc2		validate_utf16le	101.287	base64: fix null pointer arithmetic in haswell, and padding_error in arm64/lsx/lasx
2026-09-10	223827e5ffc2		utf8_to_utf16le	6.840	base64: fix null pointer arithmetic in haswell, and padding_error in arm64/lsx/lasx
2026-09-10	223827e5ffc2		utf16le_to_utf8	12.211	base64: fix null pointer arithmetic in haswell, and padding_error in arm64/lsx/lasx
2026-09-10	223827e5ffc2		base64_encode	30.164	base64: fix null pointer arithmetic in haswell, and padding_error in arm64/lsx/lasx
2026-09-10	223827e5ffc2		base64_decode	45.256	base64: fix null pointer arithmetic in haswell, and padding_error in arm64/lsx/lasx
2026-09-10	be33cbe34b2d	v9.1.2	validate_utf8	21.316	patch 9.1.2 RC (#1034)
2026-09-10	be33cbe34b2d	v9.1.2	validate_ascii	160.229	patch 9.1.2 RC (#1034)
2026-09-10	be33cbe34b2d	v9.1.2	validate_utf16le	103.069	patch 9.1.2 RC (#1034)
2026-09-10	be33cbe34b2d	v9.1.2	utf8_to_utf16le	6.807	patch 9.1.2 RC (#1034)
2026-09-10	be33cbe34b2d	v9.1.2	utf16le_to_utf8	12.080	patch 9.1.2 RC (#1034)
2026-09-10	be33cbe34b2d	v9.1.2	base64_encode	30.187	patch 9.1.2 RC (#1034)
2026-09-10	be33cbe34b2d	v9.1.2	base64_decode	44.806	patch 9.1.2 RC (#1034)
2026-09-14	f40cd326c83a		validate_utf8	21.301	arm64: test comparison masks with vmaxvq_u32 instead of shrn+fcmp
2026-09-14	f40cd326c83a		validate_ascii	159.960	arm64: test comparison masks with vmaxvq_u32 instead of shrn+fcmp
2026-09-14	f40cd326c83a		validate_utf16le	102.288	arm64: test comparison masks with vmaxvq_u32 instead of shrn+fcmp
2026-09-14	f40cd326c83a		utf8_to_utf16le	6.817	arm64: test comparison masks with vmaxvq_u32 instead of shrn+fcmp
2026-09-14	f40cd326c83a		utf16le_to_utf8	12.228	arm64: test comparison masks with vmaxvq_u32 instead of shrn+fcmp
2026-09-14	f40cd326c83a		base64_encode	30.153	arm64: test comparison masks with vmaxvq_u32 instead of shrn+fcmp
2026-09-14	f40cd326c83a		base64_decode	42.283	arm64: test comparison masks with vmaxvq_u32 instead of shrn+fcmp
2026-09-15	c6a1e120fd1c		validate_utf8	21.345	add detailed results to safe UTF conversions (#1035)
2026-09-15	c6a1e120fd1c		validate_ascii	160.078	add detailed results to safe UTF conversions (#1035)
2026-09-15	c6a1e120fd1c		validate_utf16le	102.315	add detailed results to safe UTF conversions (#1035)
2026-09-15	c6a1e120fd1c		utf8_to_utf16le	6.811	add detailed results to safe UTF conversions (#1035)
2026-09-15	c6a1e120fd1c		utf16le_to_utf8	12.224	add detailed results to safe UTF conversions (#1035)
2026-09-15	c6a1e120fd1c		base64_encode	30.121	add detailed results to safe UTF conversions (#1035)
2026-09-15	c6a1e120fd1c		base64_decode	45.180	add detailed results to safe UTF conversions (#1035)
2026-09-15	92decf58b4fc		validate_utf8	21.337	add a manually triggered release workflow
2026-09-15	92decf58b4fc		validate_ascii	160.176	add a manually triggered release workflow
2026-09-15	92decf58b4fc		validate_utf16le	101.491	add a manually triggered release workflow
2026-09-15	92decf58b4fc		utf8_to_utf16le	6.816	add a manually triggered release workflow
2026-09-15	92decf58b4fc		utf16le_to_utf8	12.238	add a manually triggered release workflow
2026-09-15	92decf58b4fc		base64_encode	30.160	add a manually triggered release workflow
2026-09-15	92decf58b4fc		base64_decode	44.785	add a manually triggered release workflow
2026-09-15	8abc1d7a466b	v9.2.0	validate_utf8	21.285	Release v9.2.0
2026-09-15	8abc1d7a466b	v9.2.0	validate_ascii	97.146	Release v9.2.0
2026-09-15	8abc1d7a466b	v9.2.0	validate_utf16le	102.376	Release v9.2.0
2026-09-15	8abc1d7a466b	v9.2.0	utf8_to_utf16le	6.833	Release v9.2.0
2026-09-15	8abc1d7a466b	v9.2.0	utf16le_to_utf8	12.241	Release v9.2.0
2026-09-15	8abc1d7a466b	v9.2.0	base64_encode	30.142	Release v9.2.0
2026-09-15	8abc1d7a466b	v9.2.0	base64_decode	45.203	Release v9.2.0
2026-09-18	4dc738e7ea54		validate_utf8	21.309	westmere base64 encoder: replace compare + AND + OR with compare + SUB in the alphabet lookup (#1038)
2026-09-18	4dc738e7ea54		validate_ascii	160.221	westmere base64 encoder: replace compare + AND + OR with compare + SUB in the alphabet lookup (#1038)
2026-09-18	4dc738e7ea54		validate_utf16le	102.947	westmere base64 encoder: replace compare + AND + OR with compare + SUB in the alphabet lookup (#1038)
2026-09-18	4dc738e7ea54		utf8_to_utf16le	6.848	westmere base64 encoder: replace compare + AND + OR with compare + SUB in the alphabet lookup (#1038)
2026-09-18	4dc738e7ea54		utf16le_to_utf8	12.222	westmere base64 encoder: replace compare + AND + OR with compare + SUB in the alphabet lookup (#1038)
2026-09-18	4dc738e7ea54		base64_encode	30.115	westmere base64 encoder: replace compare + AND + OR with compare + SUB in the alphabet lookup (#1038)
2026-09-18	4dc738e7ea54		base64_decode	44.785	westmere base64 encoder: replace compare + AND + OR with compare + SUB in the alphabet lookup (#1038)
2026-09-18	a24159938ac7		validate_utf8	21.319	LoongArch base64 encoders: SIMD line feeds, overlapping loads (LASX), cheaper alphabet lookup (#1039)
2026-09-18	a24159938ac7		validate_ascii	160.259	LoongArch base64 encoders: SIMD line feeds, overlapping loads (LASX), cheaper alphabet lookup (#1039)
2026-09-18	a24159938ac7		validate_utf16le	102.676	LoongArch base64 encoders: SIMD line feeds, overlapping loads (LASX), cheaper alphabet lookup (#1039)
2026-09-18	a24159938ac7		utf8_to_utf16le	6.808	LoongArch base64 encoders: SIMD line feeds, overlapping loads (LASX), cheaper alphabet lookup (#1039)
2026-09-18	a24159938ac7		utf16le_to_utf8	12.237	LoongArch base64 encoders: SIMD line feeds, overlapping loads (LASX), cheaper alphabet lookup (#1039)
2026-09-18	a24159938ac7		base64_encode	30.126	LoongArch base64 encoders: SIMD line feeds, overlapping loads (LASX), cheaper alphabet lookup (#1039)
2026-09-18	a24159938ac7		base64_decode	45.147	LoongArch base64 encoders: SIMD line feeds, overlapping loads (LASX), cheaper alphabet lookup (#1039)
2026-09-18	fd9b6ce9d6ac		validate_utf8	21.320	base64 AVX2 - replace "compare + AND + OR" with "compare + SUB" / overlap operations (#1036)
2026-09-18	fd9b6ce9d6ac		validate_ascii	160.105	base64 AVX2 - replace "compare + AND + OR" with "compare + SUB" / overlap operations (#1036)
2026-09-18	fd9b6ce9d6ac		validate_utf16le	102.807	base64 AVX2 - replace "compare + AND + OR" with "compare + SUB" / overlap operations (#1036)
2026-09-18	fd9b6ce9d6ac		utf8_to_utf16le	6.814	base64 AVX2 - replace "compare + AND + OR" with "compare + SUB" / overlap operations (#1036)
2026-09-18	fd9b6ce9d6ac		utf16le_to_utf8	12.238	base64 AVX2 - replace "compare + AND + OR" with "compare + SUB" / overlap operations (#1036)
2026-09-18	fd9b6ce9d6ac		base64_encode	30.138	base64 AVX2 - replace "compare + AND + OR" with "compare + SUB" / overlap operations (#1036)
2026-09-18	fd9b6ce9d6ac		base64_decode	44.961	base64 AVX2 - replace "compare + AND + OR" with "compare + SUB" / overlap operations (#1036)
